system:index,SWIR2,SWIR2_1,SWIR2_10,SWIR2_11,SWIR2_12,SWIR2_13,SWIR2_14,SWIR2_15,SWIR2_16,SWIR2_17,SWIR2_18,SWIR2_19,SWIR2_2,SWIR2_20,SWIR2_21,SWIR2_22,SWIR2_23,SWIR2_24,SWIR2_25,SWIR2_26,SWIR2_27,SWIR2_28,SWIR2_29,SWIR2_3,SWIR2_30,SWIR2_31,SWIR2_32,SWIR2_4,SWIR2_5,SWIR2_6,SWIR2_7,SWIR2_8,SWIR2_9,.geo
00000000000000000000_0,48.0,49.5,32.5,38.0,36.0,54.0,35.0,37.0,39.0,61.0,55.5,43.0,85.0,33.5,33.5,81.0,50.5,39.5,45.0,62.0,102.0,41.0,68.0,49.0,22.0,20.0,57.0,30.5,21.0,51.0,83.0,137.5,-14.5,
00000000000000000001_0,38.0,47.0,29.5,39.0,61.0,54.0,64.5,50.5,34.5,62.0,46.0,49.0,172.0,22.0,59.0,51.0,29.0,40.0,47.0,53.0,111.5,37.0,66.0,52.0,25.0,17.0,29.5,25.0,22.0,41.0,84.0,98.0,16.5,
00000000000000000002_0,549.0,586.0,706.0,1090.0,932.0,903.0,922.0,969.0,940.5,945.5,1088.0,820.5,624.0,842.0,999.5,1079.0,1013.0,881.0,856.0,1044.0,955.0,1210.0,1071.0,728.0,899.0,1646.5,967.0,675.5,1163.0,959.0,1108.0,1175.5,901.0,
00000000000000000003_0,716.0,1254.0,994.5,748.0,913.0,1178.5,1143.0,1143.0,1035.0,903.0,884.0,822.0,817.0,821.0,999.0,1047.0,746.0,1294.0,907.0,1245.0,998.0,1030.5,1142.0,875.0,1165.0,935.0,1190.0,738.0,714.0,871.0,990.0,988.0,1070.0,
00000000000000000004_0,661.0,698.0,837.0,750.0,815.0,1020.0,905.0,922.0,863.0,618.0,659.0,704.0,685.0,707.0,750.0,882.5,723.0,798.0,801.0,938.0,802.0,969.5,969.0,725.0,1413.5,1019.0,853.0,664.5,629.0,635.0,1023.0,926.5,984.0,
00000000000000000005_0,1341.5,1197.0,1530.5,1211.5,1315.0,1775.0,1867.0,1681.0,1496.0,1283.0,1260.0,1200.0,1053.5,1063.0,1311.0,1487.0,1127.0,1019.0,1150.5,1195.5,1370.0,1766.0,1366.0,1102.0,1386.0,1382.0,1660.0,875.0,852.0,899.0,1291.0,1502.0,1483.5,
00000000000000000006_0,710.0,785.0,770.0,863.0,853.0,974.0,1002.5,1080.0,859.0,1074.5,894.0,919.0,985.5,731.0,951.0,1086.5,1156.0,885.5,1113.0,1736.0,1155.0,1122.0,1055.0,1067.0,969.5,988.5,1223.0,764.0,652.0,815.0,1011.0,1236.5,1151.5,
00000000000000000007_0,954.0,821.5,977.0,833.0,944.0,1068.0,1080.0,1084.5,1084.0,886.0,856.5,939.0,851.0,880.0,888.0,903.0,826.5,801.0,872.0,910.0,853.0,1025.0,975.0,1005.5,1052.0,1015.0,994.0,779.0,840.0,931.5,719.5,803.5,1024.0,
00000000000000000008_0,990.0,815.0,517.0,533.0,521.0,556.0,521.0,725.5,616.0,1220.0,1238.0,1110.0,917.5,1113.0,1016.0,1185.0,962.0,1054.0,1000.0,1004.0,1184.5,1378.0,1246.0,1132.0,1225.0,1444.5,1342.0,1102.0,902.0,707.0,805.0,673.0,578.0,
00000000000000000009_0,1147.0,1386.5,838.0,899.5,928.5,733.0,1015.0,1303.0,990.0,1189.0,1049.0,1103.0,1113.0,986.0,1241.5,1093.0,1338.5,1018.0,839.0,1107.5,1153.0,1442.0,1138.5,1409.0,1064.0,1176.0,1278.5,960.0,1635.0,1089.0,892.0,1145.5,1102.5,
0000000000000000000a_0,1539.0,1132.5,837.0,1282.0,1462.0,2270.0,1720.5,1834.0,1725.0,2195.0,1846.0,1907.0,1524.5,1761.5,1270.0,1364.0,1390.0,1320.0,1390.5,1545.0,1498.0,1608.5,1950.0,1334.0,1652.0,1614.0,1338.0,882.0,1851.5,1195.5,1127.5,1378.0,1249.0,
0000000000000000000b_0,1154.5,817.0,750.0,969.0,1055.5,1240.5,1066.0,1139.0,1159.5,1472.0,1359.0,1207.5,879.0,1389.0,1344.0,1272.0,1404.0,1057.0,916.0,1193.0,1213.5,1047.0,1327.5,726.0,1121.0,1082.5,1144.0,811.0,923.5,731.5,877.0,1066.0,831.0,
0000000000000000000c_0,1019.0,845.0,847.0,963.0,934.0,989.0,1027.0,1061.0,959.0,989.0,955.5,969.0,912.5,937.0,1129.0,972.0,1069.5,1004.0,835.0,986.0,1165.0,1394.0,1221.0,946.0,1026.5,1092.5,1213.5,911.0,823.0,943.0,842.0,806.0,856.0,
0000000000000000000d_0,1313.0,1290.0,847.0,1115.0,994.0,1060.5,993.5,998.5,929.0,1122.5,1191.0,1026.0,975.0,817.5,1076.0,988.0,1091.0,1021.0,1046.5,1416.0,1101.0,1385.5,1302.5,1066.0,1074.5,1136.0,1224.0,967.0,1295.5,948.5,1133.5,795.5,869.0,
0000000000000000000e_0,908.5,764.5,803.0,849.0,961.0,930.0,843.0,886.0,1045.0,876.5,993.5,950.0,834.0,979.0,996.0,1215.5,962.5,855.0,897.0,959.0,956.0,1187.5,948.0,951.0,922.0,812.0,1093.5,814.5,884.0,887.5,970.0,1079.0,861.5,
0000000000000000000f_0,874.0,839.0,853.0,1039.0,1044.5,1036.0,895.0,1286.0,878.0,1180.0,1093.0,965.0,1025.0,1798.0,1135.0,1059.0,1045.0,910.0,1053.0,1030.0,1061.0,1146.0,1209.0,913.0,876.0,1012.5,1097.0,536.5,582.5,669.0,1337.0,838.0,908.5,
00000000000000000010_0,1779.0,1301.0,1322.0,1426.0,1134.0,1246.0,1333.5,1120.5,951.0,1311.0,1300.5,1110.5,987.0,986.0,1519.0,1755.5,1333.0,1359.0,1322.0,1494.0,1649.5,1642.0,1476.0,1040.0,1253.0,1512.5,1514.0,961.0,1136.0,1139.5,1056.0,1044.0,1382.0,
00000000000000000011_0,1132.0,994.0,831.0,1148.0,921.5,933.0,863.0,985.0,772.0,1000.5,938.0,993.5,861.0,782.5,1282.0,1244.0,1053.0,1020.0,980.0,1103.5,1018.0,1327.0,1267.5,787.0,894.0,1021.0,1286.0,759.0,1042.0,808.0,995.5,979.0,1111.5,
00000000000000000012_0,1069.5,930.5,1154.0,1527.0,1567.5,1501.0,1443.5,1562.0,1014.0,1378.0,1471.0,1473.0,876.0,1337.5,1994.0,1834.0,1364.5,1195.5,1421.0,1113.0,1812.0,1761.0,1726.5,1471.0,1398.5,1137.0,1711.5,1134.0,1246.5,1451.0,1113.0,1065.0,1375.0,
00000000000000000013_0,1157.0,835.0,1244.5,1024.0,1158.5,1068.0,892.0,1111.0,996.0,1126.5,1001.0,1051.5,1137.0,1005.0,1284.5,1246.0,976.0,878.0,1015.0,1013.0,1270.5,1289.5,1312.0,916.5,1026.5,983.0,1103.0,770.5,1021.5,889.0,1055.5,886.0,1161.0,
00000000000000000014_0,1073.0,722.0,1426.0,916.0,1020.0,1076.0,891.5,966.0,958.0,1031.0,1060.5,1036.0,1076.0,959.0,1131.0,1165.5,1000.5,849.0,1033.5,947.0,1328.0,1412.0,1393.0,899.5,1071.0,1079.0,1176.0,714.5,1012.0,819.0,968.0,942.0,1202.0,
00000000000000000015_0,2187.0,1595.5,1930.0,1988.0,1812.0,1833.0,1913.0,1725.0,1656.5,1843.5,1950.5,1696.5,1446.0,1921.5,2205.0,2157.0,1686.0,1730.0,1831.0,1984.0,2198.0,2265.5,1966.0,1732.0,1841.0,2040.0,1950.0,1597.0,1508.0,1603.5,1557.0,1456.0,1798.0,
00000000000000000016_0,987.0,687.0,832.5,890.5,759.0,836.5,803.0,871.0,824.0,951.0,882.0,918.0,844.0,891.5,859.0,925.0,915.5,818.0,873.0,869.5,1044.5,940.0,966.0,1014.0,979.0,981.0,1024.5,819.0,631.0,873.0,804.0,943.0,809.0,
00000000000000000017_0,1045.0,734.0,791.0,876.0,869.0,915.5,840.0,946.5,777.0,900.0,856.0,900.0,808.0,783.5,805.5,914.0,855.0,719.0,909.0,1078.5,1123.0,961.0,979.5,804.0,942.0,936.0,928.0,746.5,732.0,751.5,788.0,881.0,891.0,
00000000000000000018_0,1283.0,917.0,1086.5,916.0,987.0,987.5,992.0,1005.0,802.0,1092.5,1250.0,961.0,1390.0,895.0,1015.0,1050.5,983.0,955.0,909.0,1088.5,1105.0,1138.0,1146.5,1341.0,919.5,1146.0,931.0,761.0,1064.5,1017.5,1184.0,1334.0,1262.5,
00000000000000000019_0,1194.5,1028.5,1127.0,1150.0,946.0,1195.0,884.0,1245.0,1049.0,1047.5,1238.0,1146.0,958.0,1112.0,1478.5,1270.0,1049.5,955.0,847.0,1270.0,1348.0,1278.0,1108.0,983.0,1039.0,1259.0,1019.0,863.0,996.0,1063.5,1048.0,1008.0,877.0,
0000000000000000001a_0,814.0,797.0,760.0,828.0,858.5,990.0,851.5,881.5,787.5,880.0,889.0,853.0,875.0,867.0,884.5,942.0,811.0,793.0,816.5,844.0,923.0,1147.0,861.0,769.0,931.5,995.0,909.0,652.0,825.5,871.0,910.0,804.0,853.5,
0000000000000000001b_0,1141.5,1137.0,956.0,1105.5,1106.0,1148.5,1387.0,1334.0,1303.0,964.0,1264.5,1206.0,1133.5,1067.0,1145.5,1055.0,1182.0,1513.5,686.0,1431.0,1046.0,1667.0,1637.0,1115.0,1339.0,1029.0,1144.0,800.0,1097.0,882.0,1249.0,1019.0,1405.5,
0000000000000000001c_0,1375.0,1130.0,960.5,1054.5,1011.0,1167.0,1013.0,1312.5,1164.5,1022.0,1179.5,916.0,1219.0,967.0,1227.0,1057.0,1051.5,1146.0,1101.0,1085.0,1196.5,1708.5,1164.0,1166.0,1356.5,1197.0,941.0,912.5,1248.0,1306.0,1704.0,1115.5,1215.5,
0000000000000000001d_0,1250.5,922.0,1200.5,1130.0,1109.5,1428.5,935.5,1353.0,1306.5,1076.0,1191.0,1014.5,965.0,1310.0,1425.5,1116.0,1196.0,1081.0,899.0,1210.0,1357.5,1042.0,1196.0,876.0,1106.0,925.5,1057.0,729.5,799.0,1195.0,1089.0,1360.0,1297.0,
0000000000000000001e_0,1428.0,1550.0,1300.0,1222.0,1284.0,1363.0,1333.5,1295.0,1520.0,1344.0,1456.0,1655.5,1496.0,1432.5,1627.0,1466.0,1619.0,1277.0,1041.0,1641.0,1137.5,1712.0,1527.5,1254.0,1554.0,1519.0,1837.0,915.5,1342.0,1328.0,1518.5,1236.0,1501.5,
0000000000000000001f_0,1661.5,1174.0,1282.0,1184.5,1212.0,1362.5,1379.0,1447.0,1532.0,1344.5,1403.0,1532.5,1364.5,1561.0,1647.0,1597.0,1802.0,1520.5,1368.0,1556.0,1550.0,2142.0,1857.0,1323.0,1754.5,1529.0,1617.0,1081.0,2143.0,948.0,1198.5,1018.0,1319.0,
00000000000000000020_0,1070.0,996.0,872.5,859.0,768.0,1124.0,807.5,917.0,926.0,938.5,894.0,1042.0,893.0,1011.0,1186.0,1138.5,1266.0,1091.0,854.0,1095.0,915.5,1177.0,802.0,1078.0,1500.0,1115.0,1022.0,908.0,974.0,779.0,1049.0,1087.0,1017.5,
00000000000000000021_0,1196.0,1064.0,951.0,758.0,677.5,1175.0,751.0,940.0,884.0,863.0,994.0,985.5,815.5,1023.0,1119.5,1409.5,1615.0,1131.0,782.0,1024.0,861.0,1137.0,941.0,1014.0,912.0,842.5,1000.0,965.5,1140.0,978.0,880.0,909.0,955.5,
00000000000000000022_0,1986.0,1629.0,1437.5,1283.0,873.0,1424.5,1341.0,1465.5,1459.5,1233.0,1234.5,1170.0,1371.0,1447.0,1751.0,1633.0,1439.0,1415.0,1274.0,1412.5,1267.0,1596.0,1041.0,1386.0,1273.0,1007.5,1376.0,1150.0,1537.0,1323.0,1204.5,1094.0,1182.5,
00000000000000000023_0,912.0,1169.0,1070.0,1019.0,993.0,1090.5,992.0,1161.5,1365.5,1350.0,1552.0,988.0,910.5,1041.0,1225.5,1169.0,997.5,899.5,1037.5,1125.0,1196.0,1038.0,1439.5,963.0,1397.0,1308.0,1425.5,872.5,877.0,899.0,1045.0,1360.0,1094.0,
00000000000000000024_0,956.0,895.5,827.0,787.5,792.0,1519.0,943.5,1405.0,919.0,1161.0,1060.0,1141.0,796.0,764.0,1086.0,1090.0,1022.0,898.0,899.5,1228.5,1039.0,1590.0,1264.0,979.0,1072.5,1186.5,1077.5,739.5,1012.0,994.5,1165.0,993.0,1245.5,
00000000000000000025_0,1045.0,1034.5,837.0,1017.0,961.5,1217.0,773.0,1273.0,1192.0,1160.0,1024.0,860.5,970.5,907.0,1144.0,1007.0,926.0,863.0,972.0,1385.0,1196.0,1667.0,1272.5,1046.0,1338.0,1150.0,1481.0,783.0,1024.0,927.0,1418.0,962.5,1029.5,
00000000000000000026_0,1054.0,1333.0,1282.0,1344.0,1108.0,1103.5,1006.0,1296.5,1296.0,1173.0,1109.0,1079.0,1193.5,1139.0,1161.0,1081.0,1398.0,1158.5,1041.0,1503.0,1295.0,1797.5,1068.0,1204.0,1229.5,1076.5,1107.0,689.0,1260.0,1023.0,1396.5,1239.5,1454.0,
00000000000000000027_0,1591.5,1329.5,1606.5,1465.5,1400.0,1541.0,1290.5,1697.0,1668.0,1168.0,1374.5,1814.0,1168.0,1227.0,1756.0,1725.0,1602.5,1110.0,1056.5,1435.0,1527.5,1926.0,1699.5,1425.0,1367.5,1193.0,1199.0,1023.0,1490.0,1441.0,1549.5,1513.5,1874.5,
00000000000000000028_0,1114.0,922.0,1117.0,1051.0,965.0,1160.5,1084.5,1110.0,1378.0,1025.0,996.5,985.0,863.0,1009.0,1144.0,1204.0,1209.0,816.0,1022.0,987.0,1121.5,1226.0,1030.0,922.0,1384.5,1202.0,1019.0,711.5,1015.0,1000.5,936.5,990.0,1375.0,
00000000000000000029_0,1084.0,797.0,933.0,771.5,951.5,1041.0,989.0,1073.5,894.0,865.0,1236.0,872.0,919.5,963.0,1197.5,944.5,964.0,1027.0,1040.0,1271.5,961.0,974.0,825.0,955.0,968.0,963.0,1083.0,1003.5,1053.0,794.0,1297.0,898.0,931.5,
0000000000000000002a_0,950.0,961.5,1039.0,929.0,831.0,1101.0,1079.0,1297.0,1090.0,1045.0,1578.0,1040.0,909.0,1226.0,1340.0,798.5,946.0,1076.5,973.0,1188.5,1290.0,1399.0,1011.5,1357.0,1231.5,1151.0,1128.0,1014.0,918.0,1054.0,1373.0,1022.0,1143.5,
0000000000000000002b_0,1620.0,925.5,936.0,830.5,770.0,1105.0,972.0,1424.0,1130.5,1301.5,1441.0,1365.5,801.0,1177.5,1333.5,1277.0,1433.0,1164.5,1061.0,1447.0,1563.0,1244.5,1256.5,916.5,1367.0,1369.0,1350.0,893.0,726.0,893.0,908.5,1200.0,939.5,
0000000000000000002c_0,1257.0,1059.0,887.0,864.0,823.5,1000.5,1112.0,1113.0,944.0,893.0,961.0,944.0,986.0,1047.5,1083.0,1062.0,1351.0,1006.0,743.0,1129.5,1153.0,1548.0,1101.0,1069.5,1047.0,872.5,1065.0,868.0,914.0,1042.5,1000.0,776.5,833.5,
0000000000000000002d_0,1003.5,925.0,583.0,1472.0,876.0,882.0,1028.0,979.0,930.0,1036.5,994.0,999.0,1021.0,1008.0,1009.0,1082.0,1279.0,1067.0,827.0,804.0,967.5,1173.0,895.5,878.5,777.0,839.0,987.5,700.0,963.0,890.0,819.0,764.0,1487.5,
0000000000000000002e_0,1057.5,800.0,802.0,913.0,926.5,905.5,927.0,910.0,1503.0,1121.5,1119.5,1007.0,875.5,1047.0,1053.0,1118.0,916.0,1019.0,944.0,1014.0,927.0,1244.5,1004.5,906.5,1026.0,887.0,789.0,770.5,906.0,805.5,907.0,942.0,818.5,
0000000000000000002f_0,1063.0,944.0,826.0,1092.0,1156.5,1521.5,955.5,1039.0,1119.5,1410.0,929.0,1215.0,912.5,1048.0,1075.0,1300.0,1122.0,1019.5,1106.5,1050.0,1157.0,1216.0,1200.0,907.0,942.0,1228.0,1169.5,735.5,688.0,739.0,953.0,824.5,838.0,
00000000000000000030_0,868.5,874.0,848.5,887.0,929.5,1009.0,947.5,1015.0,917.0,877.0,1018.0,969.5,854.0,941.0,1008.0,1160.0,836.5,907.0,896.0,1025.0,1006.0,1111.0,1004.0,860.0,938.0,955.5,984.5,776.0,917.0,919.5,952.0,1296.5,986.0,
00000000000000000031_0,984.0,864.0,849.5,809.0,848.0,975.0,935.0,1000.5,1006.0,956.0,1032.0,924.0,872.0,948.0,1091.0,967.0,995.5,888.0,804.5,1012.5,951.5,1023.5,939.5,927.5,840.0,948.0,1004.5,761.0,743.0,953.0,857.0,1148.0,966.0,
00000000000000000032_0,1035.0,690.0,920.5,1027.5,884.0,990.5,959.0,1083.0,1000.0,976.5,1002.0,1057.5,720.5,878.0,984.0,861.0,952.0,892.0,917.5,976.0,1001.0,1033.0,917.0,698.0,791.0,980.0,999.5,687.0,789.0,786.0,876.0,964.0,950.0,
00000000000000000033_0,2039.0,1571.0,1338.5,1196.5,1153.0,1280.0,1085.0,1454.5,1291.5,1531.0,1351.5,1382.0,1380.0,1405.5,1422.0,1426.0,1222.0,1182.0,1121.0,1658.0,1573.0,1483.0,1358.0,1375.0,1116.0,1380.0,1264.0,1083.0,1495.0,1211.0,1200.0,1136.0,1191.5,
00000000000000000034_0,928.5,921.0,802.0,897.0,882.0,955.5,815.0,939.0,845.0,938.0,935.5,963.0,876.5,972.5,910.0,1006.0,915.5,830.0,869.0,982.0,1049.5,1029.5,1103.0,864.0,961.0,1032.5,977.0,806.0,849.0,919.0,821.0,918.0,862.0,
00000000000000000035_0,1020.0,1027.0,780.0,920.0,915.0,919.0,971.5,1034.0,1042.0,948.5,1061.0,1103.0,956.5,999.5,1074.5,989.0,1047.5,928.0,856.5,925.5,979.0,1103.0,910.5,874.5,843.0,1033.5,978.0,908.5,821.0,824.0,854.5,876.0,897.0,
00000000000000000036_0,2242.5,1343.0,1006.0,935.0,959.5,1004.0,1075.0,1057.0,999.0,1149.0,1077.0,1038.0,1108.5,881.0,1051.0,948.0,984.0,953.0,817.0,848.0,1059.0,1296.5,902.0,976.0,876.0,1304.5,1108.5,776.5,1055.0,859.0,911.0,957.0,1112.0,
00000000000000000037_0,1870.0,1071.0,910.0,899.5,1003.0,968.5,964.0,1010.0,1000.0,1127.0,1011.5,996.0,1070.0,886.0,939.0,942.5,951.0,934.0,831.0,890.0,1048.0,1075.0,856.5,859.0,941.0,1025.0,815.0,806.0,1181.0,938.0,988.0,953.5,1102.0,
00000000000000000038_0,49.0,60.0,100.0,61.0,90.0,38.5,71.0,26.0,30.5,55.5,77.5,21.5,44.0,36.0,72.0,49.5,66.5,43.0,25.0,52.0,33.5,33.0,55.5,69.0,34.0,22.0,38.5,66.0,24.0,46.0,46.0,170.0,42.0,
00000000000000000039_0,63.0,47.0,44.0,63.0,61.0,64.5,77.5,32.0,34.0,55.5,29.0,46.5,79.0,34.5,35.0,59.5,28.0,35.0,23.5,34.0,80.0,32.0,58.5,45.0,35.5,23.5,43.0,22.0,24.0,15.5,134.0,222.0,46.5,
0000000000000000003a_0,37.0,55.0,60.5,76.0,18.0,56.0,53.0,9.0,36.0,60.5,38.0,49.0,79.0,71.0,62.0,58.0,44.0,33.0,60.0,33.0,33.0,34.0,44.0,54.5,30.0,23.0,45.0,96.0,21.0,46.5,83.0,138.0,-12.0,
0000000000000000003b_0,34.0,22.0,42.0,47.5,73.0,70.0,71.0,27.5,27.5,50.5,47.0,60.0,73.5,57.0,56.5,61.5,26.5,35.0,48.0,39.0,22.0,69.0,54.5,83.0,46.0,17.5,30.0,36.0,23.0,51.0,83.0,254.0,50.0,
0000000000000000003c_0,49.5,71.0,85.0,48.5,56.0,35.0,56.5,34.0,51.0,61.0,61.0,45.0,80.5,61.0,48.0,53.0,32.0,35.0,30.0,50.0,139.0,41.0,52.0,56.0,23.0,20.0,32.5,-12.0,21.0,41.0,84.0,251.5,22.0,
0000000000000000003d_0,92.0,44.5,61.5,82.0,73.0,84.5,32.0,31.0,41.5,78.5,61.5,71.0,53.5,44.5,22.0,56.0,-7.0,21.0,28.5,43.0,44.0,34.0,45.0,47.0,29.0,20.0,45.0,-12.0,23.0,51.0,47.0,273.0,33.0,
0000000000000000003e_0,-15.0,78.5,34.0,69.5,58.0,54.0,31.0,37.0,60.5,59.0,56.0,62.0,172.0,73.5,28.0,77.5,33.5,46.5,56.0,53.5,103.0,41.0,55.0,54.5,31.0,17.0,34.0,25.0,54.0,65.0,84.0,95.0,45.5,
00000000000000000040_0,1016.0,1087.0,1034.0,797.0,742.0,944.0,902.5,1033.0,1003.0,905.0,1200.0,1036.5,1057.0,1011.0,1279.0,1092.0,1052.0,878.0,943.5,1126.0,1476.5,1183.5,1079.0,1039.5,1014.0,832.5,1257.0,903.0,818.0,1173.0,1004.0,771.0,1156.5,
00000000000000000041_0,1073.5,1147.5,810.0,797.0,772.0,1150.0,926.5,1185.0,996.0,919.5,1267.0,1245.0,798.0,1098.0,1066.0,1047.0,1046.0,936.0,869.0,1140.0,1114.0,1353.0,1052.0,879.0,913.5,754.0,1028.0,866.0,845.0,994.0,1057.0,975.0,1019.0,
00000000000000000042_0,1420.0,962.0,1035.0,1001.0,996.0,1208.0,1003.0,1639.0,1057.0,785.0,785.0,1525.0,1092.5,1321.5,1137.5,1430.0,1097.5,1006.0,958.5,1230.0,1019.0,1387.5,1002.5,1120.5,941.5,871.0,928.0,1989.0,2198.0,868.5,1252.0,978.0,1256.0,
00000000000000000043_0,1733.0,1143.0,1666.5,1508.0,1236.0,1237.0,996.0,1375.0,1378.5,953.0,1032.0,1151.0,2039.0,1327.0,1121.0,1115.5,1104.5,999.0,1006.0,1462.5,1489.5,1547.0,1495.0,1363.0,1471.5,1190.5,1226.0,904.5,1066.0,1597.5,1672.0,1539.5,1405.5,
00000000000000000044_0,1390.0,1008.5,1344.0,1295.5,1049.0,1141.5,984.0,1284.0,1210.0,898.0,955.0,1152.0,1377.0,1222.0,1169.0,1110.0,1173.0,995.0,900.5,1388.0,1387.0,1570.0,1482.5,1284.0,1229.0,1103.5,1309.0,855.0,1209.5,1134.5,1673.0,1046.0,1362.0,
00000000000000000045_0,1392.0,914.5,1055.0,1120.0,979.5,1007.0,960.0,1502.5,943.0,989.5,1151.0,1094.0,1462.0,1062.5,1119.0,1276.0,976.0,770.0,1039.5,1347.0,1263.0,1662.0,1078.5,904.0,1382.0,1261.0,1735.5,1026.0,1453.5,976.0,1307.0,1168.0,994.5,
00000000000000000046_0,1155.5,1421.0,1105.0,1141.0,885.0,1301.0,1219.0,1526.0,999.0,1189.5,1233.0,1154.0,1672.0,1201.0,1354.0,1864.0,1122.5,925.0,1042.0,1473.0,1028.0,1278.0,1397.0,1000.5,1494.0,1160.0,1361.0,745.0,1710.5,1380.0,1466.0,1145.0,1075.5,
00000000000000000047_0,724.5,583.0,680.5,805.0,715.0,802.0,821.0,813.5,718.0,725.0,803.0,798.5,624.0,758.0,738.0,764.0,787.0,659.0,730.0,721.0,852.5,914.0,918.0,607.0,818.0,769.0,897.0,615.0,778.5,615.0,831.0,669.0,897.5,
00000000000000000048_0,567.5,559.0,672.0,523.0,563.0,841.0,623.5,882.0,788.0,735.0,778.0,745.0,581.0,710.0,733.0,851.5,775.0,755.0,658.0,797.0,868.0,914.0,805.0,614.0,825.0,916.0,982.0,665.5,761.0,628.0,986.0,816.0,854.5,
00000000000000000049_0,1074.0,936.0,874.5,1025.5,999.0,1045.5,919.5,1138.0,1142.0,912.0,1177.0,984.0,1006.0,1021.0,986.0,1027.0,1010.5,920.0,1021.0,1224.0,1111.0,1438.0,935.0,1006.0,1120.0,1179.0,1161.0,908.5,1139.0,1052.0,1124.0,1001.5,862.0,
0000000000000000004a_0,1109.0,912.0,907.0,1004.0,1171.0,972.0,924.5,1255.5,1075.5,980.5,1155.0,984.0,799.0,997.0,1093.0,1100.0,991.0,932.0,1042.0,1108.5,1097.0,1088.0,1136.0,1067.0,1255.0,1248.0,1177.0,991.0,1072.0,1060.0,1091.0,1096.0,879.0,
0000000000000000004b_0,643.0,959.5,1033.0,1174.0,1284.0,1019.5,998.0,1248.5,1008.0,1350.0,1199.0,1163.5,1060.0,1113.0,1110.0,1134.0,1048.0,910.0,917.0,1352.0,1221.0,1205.0,1064.0,986.0,1121.0,1123.0,965.0,910.0,966.5,1072.0,1137.0,1200.5,1097.0,
0000000000000000004c_0,1204.0,935.5,871.0,1000.0,1139.5,1088.0,900.0,1197.0,1072.0,1025.5,1293.0,917.0,912.0,864.5,1123.0,1145.5,912.0,913.0,930.0,1115.0,1050.0,1112.5,1232.5,982.0,1067.0,1295.0,1085.0,1029.5,1386.0,1032.0,985.5,1112.0,1005.0,
0000000000000000004d_0,1096.5,946.0,868.0,1005.5,1113.5,1127.5,988.5,1231.5,949.0,1071.0,1079.0,1010.0,809.5,948.0,1080.0,1248.0,884.5,947.5,949.0,1144.0,1361.0,1210.5,1271.5,1130.5,1127.5,1254.5,1126.0,865.5,982.0,1025.0,1054.5,1070.0,1002.5,
0000000000000000004e_0,914.5,882.0,810.0,1003.0,909.5,939.0,956.0,1074.5,955.0,974.0,1109.0,964.5,917.0,956.0,1049.0,1119.0,908.0,978.0,867.0,1018.0,1114.0,944.0,1131.0,968.0,1093.0,1108.0,1040.0,824.5,956.0,969.0,961.5,1039.5,915.0,
0000000000000000004f_0,927.0,844.0,809.5,956.0,928.0,1042.5,941.5,1081.0,933.0,983.5,1065.0,1027.0,884.0,899.0,1024.0,1231.0,1080.0,900.5,880.0,1098.5,907.0,1002.0,1108.5,969.0,980.0,1105.0,947.5,810.5,904.0,937.5,958.0,980.0,911.0,
00000000000000000050_0,1163.5,892.0,808.0,1066.0,1137.0,1067.0,914.5,1039.0,889.5,1100.0,1221.0,1106.5,847.5,958.0,1254.0,1139.0,1102.0,1053.0,957.5,1047.0,1063.5,1154.0,1241.0,915.0,1046.0,1201.0,949.5,980.0,1325.0,1249.5,1025.5,969.0,952.5,
00000000000000000051_0,962.0,918.0,828.0,944.5,933.0,985.0,946.5,1169.0,935.0,809.0,865.0,1026.0,907.0,968.0,1023.5,1237.0,1128.0,1114.0,1401.0,1259.0,1268.0,1191.5,1120.5,1024.0,1010.0,996.0,1035.5,889.0,1043.0,1016.5,1008.0,1078.0,855.0,
00000000000000000052_0,964.0,847.0,877.5,948.0,945.0,958.0,911.0,1078.0,960.0,886.5,1149.0,980.0,886.0,847.0,1001.0,1137.5,1033.0,1064.5,987.5,1117.0,1169.5,1525.0,1322.0,974.0,1243.0,1066.0,1005.0,857.5,1022.0,886.0,867.5,1026.5,860.0,
00000000000000000053_0,1253.0,844.0,910.0,977.0,989.0,1029.0,928.5,1051.0,1058.0,763.0,1052.0,878.5,833.0,997.0,1096.0,1149.0,1027.5,1050.0,966.5,1263.5,1151.0,1267.0,1167.5,986.0,1098.0,1121.0,1058.5,804.0,1073.0,1026.0,875.5,1143.0,991.5,
00000000000000000054_0,1038.0,879.0,970.0,1003.0,1001.0,1049.0,905.0,1104.0,1211.0,1296.0,1181.0,1102.0,927.0,961.5,1095.0,1270.0,1054.0,999.5,972.0,883.5,894.0,1105.0,1089.0,952.0,1004.0,1027.5,1045.5,852.0,1139.0,1048.0,1051.0,1102.0,1060.5,
00000000000000000055_0,1614.0,1165.0,1319.0,1391.0,1231.0,1437.5,1219.5,1558.0,1405.0,1155.0,1169.0,1110.0,1163.0,1272.0,1586.0,1510.5,1134.0,904.0,972.0,934.0,1496.5,1168.0,1574.0,1237.0,1417.0,1378.0,1316.0,1059.5,1098.0,1081.5,1383.0,1154.5,1196.0,
00000000000000000056_0,1615.0,1244.5,1367.0,1578.0,1351.0,1497.5,1184.0,1605.0,1389.0,1169.0,1350.5,1204.0,1127.0,1338.0,1356.0,1413.0,1116.0,1065.0,1144.0,1104.5,1583.0,1218.0,1536.0,1134.0,1482.0,1412.0,1334.0,976.0,1240.0,1121.5,1420.0,1294.0,1587.0,
00000000000000000057_0,1519.0,1416.0,1777.0,2017.0,1529.0,1689.0,1587.0,2026.0,1837.0,1869.0,1609.0,1605.5,1725.0,1636.0,1487.0,1760.5,1592.0,1372.0,1336.0,1402.0,2154.0,1861.0,2055.0,1550.0,1936.5,1720.0,1836.5,1117.0,1576.0,1347.5,1530.0,1842.5,2096.0,
00000000000000000058_0,1463.0,1177.0,1325.5,1505.0,1334.0,1443.0,1335.0,1619.0,1673.0,1688.5,1546.0,1231.0,1149.5,1351.0,1597.0,1510.0,1270.5,1182.5,993.5,1148.0,1952.5,1803.0,1580.0,1187.0,1492.5,1718.0,1506.0,985.0,1078.0,1132.5,978.0,1037.0,1353.0,
00000000000000000059_0,983.0,1095.5,1331.0,1839.0,1229.0,1171.0,1243.0,1607.0,1486.0,1440.5,1372.0,1381.0,1325.0,1193.0,1228.5,1307.0,1256.0,996.0,925.0,1190.0,1685.5,1326.0,1359.0,1231.0,1363.0,1190.5,1523.0,921.0,1197.0,1365.0,1309.0,1275.0,1743.0,
0000000000000000005a_0,1233.5,1129.0,1108.0,1240.5,1097.0,1629.0,1462.0,1554.5,1223.0,1406.0,1411.0,1204.0,1027.5,1120.0,1364.0,1947.0,1242.0,1321.5,1323.0,1818.0,1656.5,1689.0,1687.5,1286.0,1385.0,1597.0,1431.5,1069.0,1193.0,1431.0,1328.0,908.5,1281.5,
0000000000000000005b_0,1487.5,1043.0,730.0,923.0,1061.0,1072.5,1145.5,1247.0,1223.0,1066.5,1159.5,1085.0,858.0,1062.0,1159.5,1243.0,1186.5,1213.0,1431.0,1648.0,1369.0,1704.0,1533.0,840.0,1405.0,1523.5,1442.0,620.0,965.5,904.0,1051.5,894.5,1133.0,
0000000000000000005c_0,946.0,731.0,911.0,906.0,999.0,1015.0,872.0,1099.0,1007.0,800.0,1153.0,1040.5,623.0,874.0,936.0,1159.5,860.0,896.0,935.0,982.0,825.0,1047.0,1061.0,819.0,865.0,935.0,1013.0,811.5,851.0,734.5,892.0,911.0,883.0,
0000000000000000005d_0,1713.5,1377.0,1422.0,1331.0,1412.0,1678.0,1549.0,1682.0,1346.0,1556.5,1291.0,1469.0,1106.5,1277.0,1608.0,1954.5,1268.5,1533.5,1551.5,1845.0,1537.0,1824.0,1749.5,1369.0,1428.0,1893.5,1530.0,1219.0,1318.0,1530.5,1414.0,1073.0,1488.0,
0000000000000000005e_0,1140.5,1242.5,1053.5,1206.0,1038.5,1217.0,1068.0,1442.0,1034.0,1149.0,1212.0,1344.5,1085.0,1226.5,1677.0,1553.0,1314.0,1210.0,1216.5,1548.5,1679.0,1693.5,1475.0,1094.0,1334.5,1503.5,1498.0,866.0,1106.0,952.5,1215.0,1026.0,1151.0,
0000000000000000005f_0,1402.5,1291.5,1265.5,1321.5,1110.0,1352.0,1537.0,1810.5,1300.5,1433.0,1493.5,1632.0,1328.0,1348.0,1701.0,1794.0,1406.0,1450.5,1405.5,1678.0,1812.5,1889.0,1677.5,1303.0,1488.0,1627.0,1654.0,1009.0,1366.0,1141.0,1205.0,1180.5,1329.5,
00000000000000000060_0,1481.0,1025.0,908.0,1037.0,1109.0,1231.0,1108.0,1648.5,1174.0,1246.5,1297.0,1008.0,883.0,955.5,1213.0,1319.5,1212.0,1121.0,966.5,1352.0,1083.0,1376.0,1278.5,1101.0,1323.0,1323.0,877.0,838.0,1182.0,928.5,1022.0,914.0,990.0,
00000000000000000061_0,1552.5,1465.0,1533.0,1775.0,1954.0,1893.0,1274.5,2140.0,1928.0,1773.5,1941.0,1774.5,1622.0,1761.5,1977.5,1829.0,2023.0,2011.0,1891.0,1745.0,1879.5,2237.5,2049.0,1753.0,2000.0,1852.0,2074.0,1354.0,1660.5,1943.0,1779.0,1637.5,1701.0,
00000000000000000062_0,1318.0,1446.0,1561.0,1615.0,1875.0,1984.0,1272.0,2006.5,1936.0,1789.0,1966.0,1914.5,1567.0,1706.0,1847.5,1939.0,1814.0,1971.5,1778.0,1803.5,1802.0,2142.0,2206.0,1949.0,2060.0,1946.0,2193.0,1239.5,1750.0,1644.0,1743.0,1965.0,1682.5,
00000000000000000063_0,840.0,973.0,664.0,718.0,1022.5,1198.0,980.0,1147.5,908.0,1028.0,897.0,876.0,731.5,669.0,810.0,1053.5,1138.0,950.0,931.0,981.0,1146.0,1192.0,1167.0,734.0,1117.0,1011.0,1063.0,819.0,949.5,781.5,1130.5,952.0,890.0,
00000000000000000064_0,1378.0,1139.0,901.0,1058.0,1334.0,1343.0,820.5,1544.0,1264.5,1137.0,1455.0,1314.0,951.0,1123.0,1135.0,1284.0,1457.0,1348.0,1104.0,1293.5,1330.0,1402.0,1381.0,1221.0,1407.5,1342.0,987.0,1012.0,1202.5,1113.5,1088.0,840.0,1055.5,
00000000000000000065_0,2048.0,2031.5,1628.0,1856.0,1936.5,1994.0,1459.0,2155.0,1678.0,1500.0,2061.0,1732.0,1601.0,1472.0,1321.0,1570.5,1700.0,1784.0,1532.0,1718.0,1705.0,1722.0,1814.5,1881.0,1793.0,1467.5,1776.0,1713.0,2039.0,2013.0,1904.0,1487.5,1884.0,
00000000000000000066_0,2071.0,1648.0,1578.0,1805.0,1972.0,1810.0,1253.0,2104.0,1800.0,1370.5,2206.0,2067.0,1474.0,1689.0,1590.5,1902.0,1925.0,1746.5,1672.5,1668.0,1557.0,1914.5,1868.0,1886.0,1879.0,1495.5,1386.0,1570.0,1620.0,1779.0,1603.0,1351.0,1900.0,
00000000000000000067_0,1230.0,1043.0,1247.0,1314.0,1293.0,1194.0,1159.0,1417.0,1154.0,1110.0,1113.0,912.0,878.0,1350.5,1213.0,1158.0,1590.0,1002.5,974.0,1343.0,1250.0,1389.0,1221.5,1286.0,1390.5,1442.0,1448.0,1118.0,1361.5,1070.0,1404.5,1530.5,1249.0,
00000000000000000068_0,1080.0,736.0,971.0,1167.5,1110.0,1020.0,733.0,1341.0,1250.0,978.0,1189.0,1046.0,642.5,986.5,1261.5,944.5,1221.0,1018.0,853.0,1277.0,1046.0,1581.0,1084.0,988.0,766.5,1358.0,1317.0,932.0,1054.5,1036.0,1145.5,1143.5,1071.0,
00000000000000000069_0,1057.0,762.0,1052.0,1126.0,1172.5,1101.0,867.0,1732.5,1120.0,1015.0,1315.5,912.0,634.0,963.0,1546.0,1078.5,1382.5,1254.5,882.5,1254.0,1218.0,1566.0,1139.5,953.0,743.0,1364.0,1352.0,863.0,1141.0,992.0,1127.0,1214.0,1071.0,
0000000000000000006a_0,1975.0,2044.0,2682.0,1800.0,1383.0,1674.0,1641.0,1893.5,1620.0,1409.0,1726.0,1661.0,985.0,1882.0,2209.0,2112.0,1888.0,1610.0,1701.0,1887.0,1745.0,1491.0,1524.0,1615.0,1468.5,1119.5,1197.0,1123.0,1321.0,2082.0,1764.0,1201.0,1539.0,
0000000000000000006b_0,1758.0,1690.5,1154.0,1271.0,1368.5,1669.0,1468.0,1565.5,1195.0,1424.0,1331.0,1075.0,1449.0,1341.0,1443.5,1290.0,1177.0,895.0,1232.0,1448.0,1202.0,1499.5,1090.5,1787.5,993.0,919.0,1056.0,1391.0,1716.0,1604.0,1082.0,1564.0,1650.5,
0000000000000000006c_0,1559.0,1443.0,1624.0,1663.5,1152.0,1945.0,1861.5,2079.0,1381.5,1424.0,1367.5,1624.5,1578.0,1489.5,2037.5,1616.5,1605.0,1507.5,1449.0,2179.0,1851.0,1983.5,1438.0,1623.0,1645.0,1642.0,1289.0,1389.0,1313.0,1496.0,1601.5,1810.0,1353.0,
0000000000000000006d_0,1194.0,1146.5,1338.5,1085.0,1081.0,1328.5,1198.5,1303.0,1141.0,903.0,1157.5,844.5,918.0,975.0,2016.5,1834.0,1796.0,1662.0,1577.0,1578.5,1572.5,1668.0,1447.5,1253.5,1618.5,1257.0,1604.0,904.0,1117.0,1318.0,1377.0,1628.0,1396.0,
0000000000000000006e_0,1258.0,1250.0,1219.0,1077.5,1005.0,1462.5,1355.0,1320.0,1208.0,1075.0,1240.5,1404.5,979.0,1363.0,1703.0,1663.0,1327.0,1120.0,1082.0,1241.5,1448.0,1601.0,1372.0,1163.0,1375.5,1353.0,1503.0,903.0,1493.0,1277.5,1344.0,1811.0,1197.5,
00000000000000000071_0,2105.0,1639.0,1154.0,1227.5,891.0,1352.0,1105.0,1299.0,1713.0,1722.5,1269.5,1200.5,1223.0,1243.0,1349.5,1218.0,1099.0,1032.0,941.0,1243.0,1602.0,1454.0,1317.0,1270.0,1114.0,1162.0,1573.0,965.0,1015.0,1084.0,1212.0,1385.0,1151.0,
00000000000000000074_0,1012.0,852.0,751.0,827.0,712.0,907.5,922.0,1114.0,1274.0,785.0,1130.0,969.0,754.5,995.0,906.0,1066.0,1080.5,945.0,989.0,804.0,892.0,842.0,998.5,936.0,901.0,855.0,985.0,849.0,847.0,928.0,920.5,1016.0,895.5,
00000000000000000075_0,1011.0,1089.0,1150.0,1001.5,1042.0,1106.5,1114.0,1465.0,1452.0,1178.0,1020.0,1026.0,991.0,957.0,1120.5,1001.0,848.0,858.0,911.5,1168.0,1088.0,1319.0,1276.0,1056.0,1101.0,1157.0,1198.5,779.0,1014.0,1214.5,1391.5,1083.0,1297.0,
00000000000000000076_0,980.0,965.0,1219.0,931.0,856.0,1120.5,1137.0,1099.0,1111.0,1026.0,777.0,1028.0,903.5,806.0,1422.0,1045.0,1064.0,850.0,1243.0,1086.0,1194.0,1860.0,1682.0,929.0,1395.0,797.5,1318.5,852.5,1143.0,1216.0,1134.5,1113.5,1317.0,
00000000000000000077_0,797.0,1031.0,1149.0,953.0,1326.0,1043.0,1097.5,1280.5,1334.0,1023.0,1187.0,992.5,915.0,930.0,1203.5,1156.0,968.0,975.0,865.0,1330.0,1023.0,1288.5,1138.0,1163.0,1247.0,1104.0,1417.0,885.5,970.0,1023.0,1530.5,1280.0,1003.5,
00000000000000000078_0,1658.0,1250.0,1471.0,1337.0,1219.0,1267.0,1067.0,1422.0,1210.0,1204.0,1094.0,1330.0,1073.0,1609.5,1475.5,1326.0,1744.0,1501.0,788.0,1315.5,1230.0,1714.5,1461.0,1423.0,1419.0,1608.0,1610.5,1020.5,1346.0,1088.0,1514.0,1035.0,1582.0,
00000000000000000079_0,830.0,1052.0,798.0,661.0,982.5,1147.0,921.0,1218.0,1150.5,973.0,1046.0,996.0,925.0,809.0,1028.5,1042.5,1107.5,876.0,992.0,1190.0,1181.0,1617.0,1093.0,1307.0,1165.0,872.0,1031.0,875.0,1231.0,984.0,1115.0,961.5,1292.0,
0000000000000000007a_0,1689.0,1294.0,1457.0,1265.0,1353.5,1789.0,1398.0,1743.0,1915.5,1306.0,1672.0,1635.0,979.0,1341.0,1441.0,1433.5,1623.0,1363.0,951.0,1537.5,1128.0,2223.0,1597.0,1532.0,1547.0,1257.0,1590.0,1184.5,1275.0,1304.5,1316.0,1218.0,1474.5,
0000000000000000007b_0,1099.0,1169.0,977.0,873.0,992.0,762.0,989.5,1676.0,1423.0,1080.5,1307.0,919.0,996.0,886.5,1191.0,1065.0,1137.0,938.0,1216.0,1496.0,1176.5,1126.0,2012.5,1229.0,1133.5,983.5,1343.0,782.0,1102.0,885.0,1151.0,1083.0,1241.5,
0000000000000000007c_0,1194.0,1082.0,957.0,797.0,906.5,931.5,885.0,1310.0,1135.0,809.5,943.0,1137.5,916.5,1144.5,1392.0,1089.0,1118.0,954.0,1028.0,1392.5,1029.0,1186.0,1400.0,1007.0,994.0,802.0,1427.0,721.0,1022.0,1054.0,743.0,992.0,1108.0,
0000000000000000007d_0,937.0,1073.5,796.0,775.5,880.0,939.0,807.0,1055.0,1022.0,935.0,1106.0,996.0,845.0,928.0,906.0,1081.0,1081.0,876.0,962.0,1606.0,1072.0,1111.0,989.0,997.0,1406.0,944.5,1027.0,857.0,1012.0,881.0,2471.5,870.0,886.0,
0000000000000000007e_0,1188.0,958.5,701.0,752.0,847.5,834.0,737.0,1162.0,1018.0,923.0,1025.5,842.0,886.0,824.0,1063.0,951.0,1686.0,825.0,578.0,1231.5,1049.5,1595.5,1315.0,951.0,776.0,1157.0,1177.0,853.0,1307.0,899.0,1449.0,929.5,1007.0,
0000000000000000007f_0,1857.0,1787.0,2100.0,1335.0,1504.0,1802.0,1791.0,1789.0,1951.0,1785.0,1919.0,2008.0,1607.5,1860.0,2055.0,1791.0,1814.5,1690.0,1537.0,1740.0,1702.0,1971.5,1783.0,1607.0,1980.5,1818.0,1938.5,1263.5,1925.0,1463.0,1756.0,1482.0,1812.0,
00000000000000000080_0,950.0,814.0,1149.0,942.5,1174.0,1077.0,1184.5,1219.0,1260.5,1063.0,1237.5,1073.0,738.5,905.5,1206.0,1389.5,1122.0,858.0,1091.0,1682.0,1131.0,1512.5,1523.0,979.0,1325.5,1090.0,1404.5,799.0,984.0,1196.5,1197.0,961.0,1265.5,
00000000000000000081_0,1377.0,1934.0,896.0,970.0,1298.5,1123.0,984.0,1147.0,1157.0,1054.0,1087.0,1056.0,978.0,998.5,1296.0,1337.0,1014.0,898.0,1071.0,1777.0,851.0,1779.5,1685.0,943.0,1329.0,1343.5,1395.0,581.0,874.0,900.0,584.0,1098.0,1047.0,
00000000000000000082_0,1627.0,2245.0,1296.5,1276.0,1452.0,1472.5,1373.0,1721.5,1948.0,1459.0,1531.0,1483.0,1502.5,1449.5,1635.0,1813.5,1408.0,1268.0,1248.5,1764.0,1682.0,1651.0,1722.0,1690.0,1902.0,1459.5,1728.0,1501.5,1847.0,1410.0,1362.5,1378.5,1732.5,
00000000000000000083_0,1069.0,1719.0,1119.5,954.0,1109.0,1279.0,913.5,1475.0,1696.0,1230.0,1225.5,1053.0,999.0,1047.0,1157.0,1344.0,1245.0,1028.0,1193.0,1318.5,1245.0,1496.0,1476.0,1365.5,1327.0,1264.0,1470.5,1159.0,1723.0,1112.0,999.0,1093.5,1395.5,
00000000000000000084_0,2118.0,2087.0,1355.5,1316.0,1202.5,1167.0,1408.0,1643.0,1382.0,1463.0,1398.0,1404.0,1556.0,1256.0,1212.5,1355.0,1580.5,1271.5,1146.0,1351.0,1203.0,1952.5,1404.0,1362.0,1488.0,1338.0,1345.0,1201.0,1394.0,1059.0,1191.0,1265.0,1373.0,
00000000000000000085_0,2031.0,1897.5,1093.0,1216.0,1168.0,1366.0,1152.5,1537.0,1248.5,1418.0,1209.5,1233.0,1447.0,1361.0,1098.0,1260.0,1751.0,1181.5,1119.5,1358.0,1439.0,1847.0,1440.0,1461.0,1447.0,1253.5,1373.5,1218.0,1455.0,1059.0,1158.0,1119.0,1388.5,
00000000000000000086_0,1690.0,1110.5,1092.0,1195.5,1762.0,1105.0,1051.0,1343.0,1212.5,1180.5,1098.0,1171.5,775.0,1207.0,1457.0,1247.0,1346.0,1326.5,898.0,1036.0,1842.5,1925.0,2090.0,857.0,2020.0,1476.0,2409.5,804.0,936.0,985.0,1309.0,1327.0,1017.0,
00000000000000000087_0,1200.0,877.0,778.5,899.0,797.5,1207.0,1000.0,1229.0,1023.0,728.0,1352.5,985.0,872.0,949.0,980.5,1032.0,1074.0,888.0,987.0,1136.5,1020.0,1279.5,1538.0,1264.0,1272.0,1024.0,1511.0,811.0,1263.0,753.0,846.0,940.0,1364.0,
00000000000000000088_0,1367.0,1011.5,1071.0,1034.0,776.5,1450.5,1180.5,1519.0,1151.5,930.0,1193.5,1039.0,969.0,885.0,962.0,1084.0,909.0,938.0,1270.0,1153.0,1232.5,1237.0,1577.0,1291.0,1387.0,1075.5,1483.5,852.0,1395.0,1026.0,1087.0,1028.0,1474.5,
00000000000000000089_0,813.0,639.0,729.0,720.0,693.0,759.0,684.5,781.0,713.0,778.0,722.5,801.0,799.5,733.0,671.0,740.0,821.0,622.0,585.5,726.0,812.5,868.0,827.5,797.0,966.0,1161.0,891.5,767.5,832.0,818.0,1087.0,991.0,928.5,
0000000000000000008a_0,796.5,775.0,853.0,713.0,732.0,803.0,880.0,884.0,797.5,977.0,715.0,676.0,795.0,768.0,779.5,785.0,743.0,694.5,640.5,760.0,814.5,938.0,830.5,885.0,1019.0,814.0,831.5,687.0,949.0,763.5,1195.0,970.0,963.5,
0000000000000000008b_0,2308.0,1997.0,1444.5,1348.0,1340.0,1738.0,1473.0,1673.0,1682.0,1354.0,1556.0,1034.0,1415.5,1306.0,1853.5,1155.0,763.0,810.5,1030.0,2234.5,1528.0,1264.0,1717.0,1905.0,1799.0,1509.0,2104.0,1780.0,1869.0,1250.0,1409.0,1274.0,1032.0,
0000000000000000008c_0,1255.0,1638.0,1554.0,1321.0,1610.0,1888.0,1176.0,1786.0,1841.5,1156.0,1376.0,1510.0,999.0,1202.0,1581.0,1702.0,1594.0,1243.0,1026.0,1865.0,1451.0,1283.0,1474.0,1056.0,1557.0,1300.0,1833.0,922.0,1182.0,1021.5,1511.0,1305.0,1624.0,
0000000000000000008d_0,1262.0,1586.0,1541.5,1102.5,1168.0,1713.0,1629.0,2236.0,1728.5,939.0,1214.5,1490.0,1138.0,1415.0,1684.0,1540.0,1358.0,1177.0,1417.0,1529.0,1205.5,1201.0,1487.0,1020.0,1397.0,1171.0,1786.5,1381.0,992.0,1823.0,1665.0,2053.5,1381.0,
0000000000000000008e_0,1616.5,1716.0,1194.0,1034.5,1168.0,1411.0,1534.0,1973.0,1624.0,1002.5,1413.5,1466.0,1285.0,1530.0,1725.5,1871.0,1579.5,1262.0,1394.0,1773.0,1396.0,1247.5,1270.0,1035.0,1438.0,1325.0,1951.0,1310.0,1207.0,980.0,1207.0,1227.0,1343.5,
0000000000000000008f_0,923.0,1605.0,1024.0,961.0,999.0,1715.0,1023.0,914.0,1941.0,1069.0,1570.5,901.0,802.5,980.5,1069.0,881.0,1130.0,830.0,922.0,1078.0,910.0,924.5,1048.0,1003.0,875.0,1632.5,1240.0,853.0,1435.0,779.0,875.0,1055.0,879.5,
00000000000000000090_0,651.0,1966.0,990.0,948.0,1007.0,1065.0,1107.0,1059.0,1258.0,906.0,964.0,908.5,1196.0,1360.0,1181.0,858.0,891.5,865.5,832.0,1086.5,1078.0,814.5,946.0,855.5,1313.0,951.5,1002.0,1158.0,906.0,1028.0,849.0,879.0,1000.0,
00000000000000000091_0,31.0,77.5,33.0,31.0,23.0,39.0,24.0,39.0,34.0,37.5,70.0,36.0,45.0,44.0,68.0,50.0,58.0,45.5,26.0,43.0,26.0,36.0,52.0,51.5,27.0,19.5,56.0,51.0,23.0,61.0,81.0,220.5,15.0,
00000000000000000092_0,31.0,34.0,44.0,20.5,60.0,69.0,71.5,27.0,44.5,68.5,86.0,62.0,71.0,29.5,34.5,33.0,32.0,35.0,32.5,43.0,33.0,33.0,58.0,55.0,28.0,24.0,44.0,36.0,55.0,46.0,81.0,188.5,52.5,
00000000000000000093_0,60.0,70.0,89.5,32.5,73.0,26.0,37.0,17.0,44.0,55.5,89.0,33.0,21.0,55.0,85.0,31.0,28.0,21.0,28.5,24.5,23.0,31.0,58.0,48.0,38.5,25.0,43.0,22.0,23.0,54.0,84.0,156.5,21.5,
00000000000000000094_0,60.0,83.0,71.0,68.5,23.0,30.5,64.0,28.0,51.0,61.0,46.0,37.0,54.5,90.0,30.0,46.0,29.0,27.5,38.0,39.5,42.0,78.0,53.5,31.5,28.0,18.5,30.0,36.0,23.0,53.5,83.0,160.0,-12.0,
00000000000000000095_0,38.0,91.5,79.0,43.0,36.0,84.5,56.5,38.0,48.5,61.5,85.0,35.0,-14.0,30.5,39.5,49.5,22.0,25.5,23.5,57.0,45.0,32.0,59.0,85.5,38.0,24.0,34.0,26.0,17.0,61.5,83.0,222.0,22.5,
00000000000000000096_0,1448.0,1591.0,1129.0,1109.0,1568.0,1219.0,1059.0,1649.0,1734.0,1306.0,1123.0,1103.0,1111.0,971.0,1697.5,1643.0,1642.0,1405.0,997.0,1767.0,1112.5,1830.5,1413.5,1381.0,2005.0,1007.0,1201.5,986.0,1667.0,1526.0,1425.0,1537.0,1459.5,
00000000000000000097_0,1449.0,1564.0,1570.0,1284.0,1529.0,1814.5,1131.0,1942.5,1976.0,1653.0,2079.0,1649.5,1274.0,1472.0,1905.0,1836.0,1747.0,1542.0,1296.0,1729.0,1640.0,1929.0,1551.0,1909.0,1586.0,1422.0,1539.5,1559.0,1946.0,1502.5,1753.5,1805.0,1953.0,
00000000000000000098_0,1385.5,1414.0,1359.0,1223.0,1225.0,1268.0,1181.5,1432.0,1586.0,1253.0,1180.0,1138.0,1218.0,984.0,1055.0,1316.0,1244.0,1033.0,1076.5,1444.0,1633.5,1752.5,1243.0,1493.0,2026.0,1353.0,1465.0,1271.0,1618.5,1527.0,1558.0,1686.0,1485.0,
00000000000000000099_0,1481.0,1599.0,1359.0,1353.0,1285.0,1482.5,1300.5,1770.5,1686.0,1508.0,1720.0,1432.5,1358.0,1331.5,1207.0,1366.0,1553.0,1385.0,1333.0,1781.0,1737.0,1822.0,1698.5,1674.0,2112.0,1524.0,1618.5,1282.0,1769.5,1770.0,1536.5,1722.0,1829.0,
0000000000000000009a_0,1080.0,1483.0,1030.0,883.0,1012.0,1270.0,1111.5,1442.0,1384.0,1086.0,1073.0,1087.0,1097.0,1011.0,1791.0,1752.0,1615.5,1586.0,1488.0,1944.0,1909.0,2121.5,1666.0,1736.0,1840.0,1598.0,1786.0,1638.0,1839.0,1055.5,1361.0,1566.0,1879.0,
0000000000000000009b_0,1020.0,1269.0,1238.0,1077.0,1575.0,1296.0,954.5,1988.0,1420.0,1135.5,1330.5,913.0,1057.5,842.0,1829.5,1887.0,1221.0,1467.0,1297.0,1623.5,1504.5,1895.5,1269.5,1388.0,1782.0,1056.5,1147.5,1125.0,1505.5,1216.0,1415.0,1207.0,1478.0,
0000000000000000009c_0,1483.0,1164.0,1163.0,1331.5,1399.0,1493.0,1388.5,1653.0,1325.5,1587.5,1392.0,1295.5,1315.0,1227.5,1417.0,1446.0,1543.0,1327.0,1234.0,1359.0,1749.0,1831.0,1451.5,1122.5,1566.0,1030.0,1241.0,928.0,1624.5,1321.0,1519.0,1298.5,1892.0,
0000000000000000009d_0,923.0,801.0,598.0,901.5,885.0,872.0,960.0,1168.5,943.0,1009.0,883.5,844.0,922.0,863.0,946.0,962.0,867.0,897.0,902.5,904.0,1227.5,1190.5,1128.0,840.5,1268.0,838.5,998.0,646.5,1100.0,820.5,1116.5,929.0,1238.5,
0000000000000000009e_0,1967.0,1350.5,1531.0,1425.0,1497.5,1537.0,1682.0,1706.5,1456.5,1424.0,1618.0,1480.0,1186.0,1374.0,1762.5,1468.5,1351.0,1479.0,1488.0,1743.0,1743.0,1649.0,1521.0,1149.5,1769.0,1281.5,1296.5,978.0,1553.0,1511.0,1578.5,1451.0,1742.0,
0000000000000000009f_0,951.5,904.0,857.0,1260.5,1072.0,1142.0,1007.0,1169.0,1070.0,1062.5,1036.0,1129.0,1062.0,983.0,827.5,1099.0,1053.5,878.0,820.0,1189.0,1408.5,1247.0,1536.0,1371.0,1545.0,1374.5,1687.5,737.0,1527.0,1068.0,1519.0,1356.0,1457.5,
000000000000000000a0_0,1208.5,921.0,1070.0,1101.0,1052.0,1375.5,1183.0,1581.5,1094.5,977.0,1021.5,1040.0,807.5,1322.0,1022.0,1340.0,1366.0,1049.0,754.0,1194.5,1546.0,1718.0,1745.0,1380.0,1557.0,1992.0,1842.5,882.5,1344.0,996.5,1446.0,1420.0,1344.5,
000000000000000000a1_0,1549.5,1282.5,1573.0,1564.0,1476.0,1734.0,1601.0,1789.0,1369.0,1199.0,1218.0,1322.0,1529.0,2018.0,1271.0,1633.0,1654.0,1365.5,967.0,1543.0,2062.0,2102.0,2107.5,1837.0,1954.5,2298.0,2195.5,1380.0,2217.0,1931.0,1931.5,1571.0,1717.5,
000000000000000000a2_0,1070.0,1392.5,1247.0,1311.0,1433.0,1215.0,1277.0,1310.0,1184.0,1114.0,1182.0,1189.5,1200.0,1230.0,1024.5,1486.0,1288.0,905.0,847.0,1253.0,1728.5,1738.5,1795.5,1372.0,1932.0,1945.5,1922.5,979.5,1754.0,1345.5,1879.0,1527.0,1542.0,
000000000000000000a3_0,1230.5,1187.0,771.0,1064.5,1158.0,1020.0,815.0,1328.0,1109.0,1050.0,1161.0,1039.0,860.5,816.0,963.5,1057.0,1442.5,921.0,1215.0,1162.0,1083.0,1425.0,990.0,1119.0,1239.0,1428.0,1244.0,692.0,1566.0,1372.0,1053.5,1012.0,1122.0,
000000000000000000a4_0,1039.0,1077.0,973.5,1021.0,1109.0,1086.5,957.5,1479.0,1623.0,1131.0,1212.0,981.0,815.0,1024.0,1073.5,1609.0,1545.0,1377.0,854.0,1065.5,1304.0,1695.5,1183.0,969.5,1168.0,1308.0,1407.0,817.0,1210.5,1025.0,1569.0,1181.5,1157.0,
000000000000000000a5_0,1250.5,974.0,850.5,1019.5,990.0,973.5,934.0,1434.0,1379.0,995.0,1393.0,968.5,688.0,945.0,1083.0,1455.0,1558.5,1378.0,820.0,1057.0,1523.0,1696.0,1335.0,751.0,1340.0,1238.5,1340.0,632.0,1128.0,892.0,1101.5,1130.5,966.0,
000000000000000000a6_0,628.5,784.0,1439.5,876.0,948.0,1056.0,919.0,1524.0,1324.0,1039.0,1148.0,1002.0,1233.0,869.0,972.5,1247.5,1426.0,1141.0,676.0,1025.0,1223.0,1312.0,1253.5,1293.5,1373.0,1144.5,1155.0,860.0,1072.0,1142.5,1016.0,951.0,1157.0,
000000000000000000a7_0,2011.0,1536.5,1626.5,1472.0,1283.5,1823.0,1473.0,1895.0,1756.0,1386.0,1534.5,1539.0,1378.0,1311.0,1614.0,1705.0,1829.0,1529.0,1361.5,1390.0,1711.0,1898.0,1940.0,1553.5,1527.0,1513.0,1954.5,1396.0,1552.0,1639.0,1491.0,1386.5,1681.0,
000000000000000000a8_0,1183.0,866.0,725.0,901.0,1583.0,1029.5,965.5,1428.0,2504.0,1048.0,1215.5,1110.5,806.0,1060.0,1195.5,1317.0,1178.0,1131.0,1009.0,1129.5,1113.0,1091.0,1167.0,1202.0,1378.0,1120.5,1212.0,873.0,999.0,963.0,1083.0,988.0,960.0,
000000000000000000a9_0,917.0,805.0,844.0,993.0,1047.0,1079.0,1134.0,1266.5,1350.0,1255.0,1185.0,965.5,934.0,987.0,1098.0,1341.5,1117.0,1075.0,893.5,1208.0,1098.5,882.0,1172.0,988.0,1193.0,1375.0,1397.0,1837.0,1381.0,1349.5,1370.0,1199.5,1072.0,
000000000000000000aa_0,1703.0,1162.5,1197.0,1482.0,1388.0,1601.5,1458.0,1409.5,1642.0,1993.0,1753.0,1527.0,1456.0,1543.0,1366.0,1517.0,992.0,1112.0,1088.0,1494.0,1656.0,1821.0,1402.0,1535.0,1368.0,1204.0,1137.5,1217.0,1445.0,1427.5,1531.0,1616.0,1630.0,
000000000000000000ab_0,1333.0,1442.0,1295.0,1454.5,1310.0,1510.0,1531.0,1591.0,1412.0,1676.0,1622.5,1838.5,1453.0,1585.0,1338.0,1497.5,1092.0,1177.0,1200.5,1638.0,1765.0,1623.5,1598.0,1854.0,1319.0,1046.0,1337.5,1353.0,1856.0,1518.0,1668.5,1989.0,1715.0,
000000000000000000ac_0,854.5,1282.0,846.5,1342.0,1409.5,1118.0,1172.5,1434.0,1286.0,1456.0,1281.5,1142.5,905.0,988.0,1344.0,1145.0,1060.5,917.0,1220.0,1349.5,1405.0,1178.0,1147.5,1626.5,1275.5,1224.0,1413.5,1294.0,1363.5,1404.0,1275.0,1342.0,1434.5,
000000000000000000ad_0,998.5,1372.0,957.5,1367.5,1566.0,1326.0,1588.5,1623.0,1411.0,1803.0,1440.0,1272.0,1178.0,1542.0,1660.0,1523.0,1460.0,1452.0,1443.0,1598.0,1585.5,1567.0,1532.0,1559.0,1612.0,1596.5,1605.0,1260.0,1894.0,1544.0,1306.0,1450.0,1725.5,
000000000000000000ae_0,1302.5,1110.0,805.0,833.5,1049.0,959.0,1017.0,1309.0,1162.0,1164.0,990.0,878.5,962.0,886.0,1121.0,981.5,983.0,1021.0,896.0,1144.5,1002.5,1189.0,1135.0,1051.5,938.0,1275.0,1271.5,966.0,1258.5,1003.0,1212.0,1117.0,972.5,
000000000000000000af_0,861.0,1022.0,702.0,810.5,824.0,1198.5,967.0,861.5,1597.0,940.0,1053.5,924.0,949.5,897.5,932.5,918.5,942.5,789.0,896.0,1071.5,842.5,976.5,897.0,885.0,1010.0,910.0,1374.5,858.0,1156.0,924.0,954.0,1024.0,943.0,
000000000000000000b0_0,1468.0,976.0,857.0,1037.0,1188.5,1323.0,960.5,1496.0,1372.0,1157.5,1245.0,971.0,1091.0,867.5,1186.0,1571.0,1387.5,1378.5,1246.0,1417.5,1386.0,1411.0,1260.0,1262.5,1399.0,1366.5,1445.0,967.0,1339.5,1051.0,1305.0,1476.0,1064.5,
000000000000000000b1_0,1319.0,1236.0,833.5,1026.0,1372.0,1186.0,989.0,1393.0,1270.0,1286.5,1195.0,1169.0,1141.0,803.0,1118.0,1361.5,1185.0,1221.0,1158.0,1342.5,1300.0,1508.0,1319.0,1149.0,1317.5,1313.0,1432.0,798.0,1288.5,890.0,1378.0,1405.0,1165.0,
000000000000000000b2_0,1047.0,982.0,926.0,967.5,1166.5,1156.0,907.0,1482.0,1384.5,1059.5,1184.5,974.5,1045.0,946.0,1182.0,1389.0,1059.5,1105.0,1240.0,1199.0,1193.0,1301.0,1247.0,1034.5,1227.0,1335.0,1379.0,866.0,1359.5,871.0,1252.5,1333.0,983.5,
000000000000000000b3_0,1136.0,906.0,771.5,888.0,1083.0,1064.5,828.0,1213.0,1053.0,1089.5,1209.5,1015.0,994.0,845.0,905.0,1033.0,956.0,966.0,889.5,1058.0,892.0,1272.0,1141.0,922.0,1169.0,1110.0,1137.0,724.0,1049.0,879.5,1030.5,1027.0,821.0,
000000000000000000b4_0,1466.0,1096.0,839.0,826.0,1277.0,1160.0,1105.5,1157.5,1125.5,1355.0,1412.0,1369.0,1627.5,1055.0,1245.0,1229.0,1385.0,1357.0,782.0,1191.0,1080.0,1644.0,1348.0,1361.5,1342.0,963.0,1281.5,1317.0,1404.0,1052.0,1280.5,1359.0,931.5,
000000000000000000b5_0,1327.0,1066.0,903.5,1455.0,1707.0,1692.5,1459.0,1886.0,1707.0,1480.0,1447.0,1800.5,1136.0,1801.0,2154.5,1372.0,1127.0,1146.0,979.0,1278.0,1626.5,1811.5,1256.0,1135.0,1655.0,1030.0,1703.0,1264.0,1878.5,1114.0,1817.5,1700.0,1399.5,
000000000000000000b6_0,717.0,671.5,743.0,758.5,820.5,966.5,899.0,957.5,838.5,1123.0,901.0,969.0,655.0,913.0,1179.0,1455.0,1260.5,837.5,949.0,988.0,1162.5,1518.0,1415.0,758.0,1382.0,1164.0,1080.0,995.0,1085.5,757.0,878.0,947.0,955.5,
000000000000000000b7_0,996.0,1153.0,1013.0,1223.0,1228.0,1159.0,1110.0,1291.5,1092.0,1174.0,860.0,1039.0,831.5,979.0,1081.5,1076.0,1092.0,1116.0,1008.0,1175.0,1183.0,1492.0,1388.5,1052.5,1242.0,1324.0,1497.0,995.0,1487.5,1089.0,1379.0,1473.0,1133.0,
000000000000000000b8_0,1767.0,1394.5,1335.5,1235.0,1235.0,1343.5,1392.0,1444.5,1524.0,1386.0,1235.0,1241.0,1326.0,1220.0,2149.5,2044.0,1327.0,1404.0,1401.5,1638.5,1218.0,1859.0,2115.5,1353.0,2311.0,1511.0,1375.0,1680.0,1674.0,1434.0,1438.5,1309.0,1308.0,
000000000000000000b9_0,1714.0,1308.0,1258.0,1067.0,1140.5,1163.0,1096.0,1254.0,1446.0,1293.0,1248.0,1238.0,1206.0,1061.0,1851.0,1769.0,1389.0,1569.0,1611.0,1558.5,1614.5,1736.0,1923.0,1287.0,1989.0,1607.0,1827.0,1201.0,1359.0,1309.0,1184.5,1258.0,1162.0,
000000000000000000ba_0,1009.5,1026.0,933.5,930.0,948.0,1098.0,924.0,1143.0,892.0,1023.5,932.0,1009.5,946.0,940.0,1076.5,1096.0,1090.0,993.0,926.0,914.5,1005.0,1458.0,1155.0,1034.0,1136.0,1037.0,1159.0,1072.0,1154.5,908.0,1075.5,933.0,973.5,
000000000000000000bb_0,1087.0,1029.0,1040.0,1128.0,1107.0,1236.0,1029.0,1712.5,1097.5,1266.0,1333.0,1413.0,1415.0,1200.5,1395.5,1700.0,1575.0,1353.0,1228.5,1306.0,1410.0,1944.5,1652.0,1749.0,1461.5,1336.0,1489.0,1517.0,1513.0,1114.5,1272.0,1124.0,1099.5,
000000000000000000bc_0,60.0,66.0,44.0,58.0,18.0,84.0,36.0,29.0,30.0,25.5,86.0,49.0,62.0,27.0,36.0,29.0,59.0,39.0,24.0,54.0,46.0,33.0,55.5,20.0,33.0,25.0,45.0,60.5,21.0,53.5,134.0,137.5,36.5,
000000000000000000bd_0,31.0,16.5,50.5,53.5,61.0,72.5,45.0,36.0,45.5,61.5,75.0,38.5,58.0,53.0,32.5,28.0,28.0,51.0,26.0,47.5,44.0,157.0,50.0,54.0,37.0,21.0,33.5,59.0,43.5,59.5,134.0,207.5,32.5,
000000000000000000be_0,1242.0,983.0,905.0,1017.0,1059.0,1039.0,1077.0,1288.0,1306.0,1051.0,858.0,968.0,1225.0,923.0,910.0,1264.0,666.0,985.0,751.0,912.0,1025.0,1287.0,1079.0,1376.5,1247.5,718.5,1159.0,856.0,1245.0,1403.0,955.5,1222.0,1088.0,
000000000000000000bf_0,1399.5,1127.0,1053.5,1058.0,1051.0,1035.0,1107.0,1531.0,1388.0,1135.5,1186.0,1223.5,900.5,1055.0,1276.0,1356.5,1229.5,955.0,1069.0,1031.0,1124.5,1336.0,1151.5,1097.5,1055.0,1090.0,1081.0,952.5,1105.0,976.0,1065.5,1187.0,1004.0,
000000000000000000c0_0,1482.0,1337.0,1167.0,1338.5,1230.0,1332.0,1294.0,1809.0,1769.0,1477.0,1391.0,1119.0,1316.5,1129.5,1351.0,1509.0,1167.0,1234.0,1091.0,1368.0,1385.5,1277.0,1416.0,1683.5,1556.0,1310.0,1433.5,1411.0,1791.0,1349.0,1307.0,1379.0,1856.0,
000000000000000000c1_0,876.0,1033.0,856.0,1203.5,1050.0,1084.5,1155.5,1083.0,1026.0,1059.0,1031.0,1011.0,972.0,976.0,914.0,1103.0,1051.0,994.5,820.0,1023.0,1085.0,1156.0,1096.0,1033.0,978.5,1047.5,934.0,944.5,789.0,947.0,1087.0,962.5,980.5,
000000000000000000c2_0,884.5,1014.0,698.5,1138.5,941.0,991.0,1160.0,1199.0,902.5,1116.0,977.0,1077.0,797.0,959.0,1005.0,958.0,1173.5,1021.0,1132.0,1084.5,1033.0,1167.0,1008.0,1214.0,881.0,1000.5,1103.0,809.0,859.0,910.0,977.5,888.0,1037.0,
000000000000000000c3_0,1067.0,825.0,847.0,1075.0,996.0,1098.0,1099.0,1266.5,882.0,1273.0,1053.0,1033.0,874.0,1074.5,1080.0,1029.0,1188.0,1100.0,842.5,1082.0,944.0,1149.5,1186.0,917.0,954.5,957.0,888.0,834.0,1030.5,976.5,986.0,903.5,905.0,
000000000000000000c4_0,1272.0,870.5,1123.0,912.0,1041.0,1003.0,1115.0,1131.0,899.0,1028.0,1124.5,939.0,754.0,855.0,935.0,968.0,958.0,1126.0,1056.0,1850.5,1210.0,897.0,1463.0,1126.0,1192.5,1268.5,1143.0,819.0,1222.0,942.0,886.5,917.5,918.5,
000000000000000000c5_0,1022.0,946.0,863.0,910.0,830.0,959.0,1044.5,1180.0,952.0,975.0,882.0,888.5,921.0,942.5,912.0,1011.0,1071.0,1021.0,1108.0,1280.0,932.0,936.0,1127.0,986.0,900.0,1091.0,1010.5,860.0,1071.0,907.5,1094.0,951.0,791.5,
000000000000000000c6_0,1067.0,841.5,844.0,1010.0,1000.0,959.0,939.5,1151.0,928.0,1201.0,1155.0,944.0,872.0,1038.0,1184.0,1145.5,892.0,1087.5,1057.0,1183.0,916.0,1017.0,1352.0,954.0,1022.0,987.0,943.0,959.0,1269.0,836.0,990.5,1090.0,950.5,
000000000000000000c7_0,1022.0,808.0,842.0,1051.0,994.0,1002.0,991.0,1146.0,936.0,1008.0,898.0,922.0,813.0,981.5,1012.5,1045.0,992.0,997.0,902.0,988.0,890.0,1157.0,979.0,1068.0,852.0,955.0,986.0,870.0,1016.0,795.0,1003.0,982.0,974.5,
000000000000000000c8_0,1406.5,977.0,949.0,1025.5,1682.0,1090.0,1033.0,1481.0,1016.0,1125.0,1150.0,1036.0,836.0,1187.5,1160.0,1032.0,1088.0,1132.5,791.5,1068.0,1034.0,1273.5,1398.0,986.0,993.0,1052.5,948.0,958.0,1503.0,898.0,1185.0,1430.5,1317.5,
000000000000000000c9_0,1005.5,975.0,857.0,1030.5,1054.0,1112.0,1038.5,1249.5,1061.0,1205.0,1072.5,1106.5,874.0,986.0,1108.0,1152.0,990.0,957.5,955.0,1011.5,929.0,1137.0,1021.5,992.0,981.5,1014.0,893.5,1056.0,1022.0,1046.5,1113.0,963.5,914.0,
000000000000000000ca_0,1101.0,977.0,908.0,1124.0,1112.0,1346.0,991.0,1128.0,969.5,1164.5,1352.0,1204.0,962.0,1088.5,1083.0,1212.0,1332.0,856.5,944.5,928.0,1170.0,1260.0,1154.5,1180.0,846.0,1010.0,931.5,1030.0,1943.0,985.0,1217.0,1049.0,1086.5,
000000000000000000cb_0,812.5,858.0,771.0,1146.0,989.0,1295.0,1297.0,1764.5,1156.0,1335.5,1060.0,1033.5,744.0,1007.5,1029.0,1171.0,1162.0,985.0,1021.5,1036.0,891.0,1143.0,1046.0,766.0,1002.5,1322.0,952.0,751.0,871.0,731.5,724.0,943.0,902.0,
000000000000000000cc_0,877.0,898.5,844.0,939.0,1052.0,1119.0,1047.0,1218.0,972.0,1072.0,952.0,965.0,901.0,925.0,1090.5,979.0,953.5,853.0,853.5,953.0,954.0,1143.5,1019.0,912.0,967.0,1032.0,945.0,819.0,942.0,942.0,1031.0,895.0,902.0,
000000000000000000cd_0,676.5,640.0,771.5,888.5,801.5,1123.0,1058.0,1187.0,911.5,1026.5,998.0,971.0,730.5,920.5,888.0,970.0,1063.0,986.0,997.5,962.5,776.5,1381.0,1249.5,864.0,960.0,1116.0,1115.0,871.0,1364.0,809.0,908.0,1123.5,1017.0,
000000000000000000ce_0,760.0,1361.0,704.0,709.0,999.5,1085.0,983.5,999.0,959.0,1018.5,985.5,977.0,1658.0,958.0,868.0,904.0,1103.0,879.0,871.5,876.5,807.0,1292.0,1167.5,960.0,878.5,1268.0,1130.0,795.0,927.0,714.0,1040.0,850.5,814.5,
000000000000000000cf_0,574.0,1198.0,968.0,1143.5,1006.5,992.0,1142.0,1374.0,1204.0,865.0,1245.0,929.0,1112.0,980.5,956.0,1293.5,981.0,1015.0,1017.0,1096.5,1102.0,1145.5,1034.0,1224.0,1000.0,998.0,845.0,976.0,1221.5,963.0,1281.0,1191.0,1272.0,
000000000000000000d0_0,827.0,1294.0,506.0,741.0,888.0,816.0,835.5,1310.5,1095.0,988.0,949.0,872.0,1479.5,911.0,1011.0,968.0,1222.0,1100.0,911.5,842.0,813.0,1759.0,989.0,1093.0,893.0,817.0,1305.5,690.0,1284.5,729.5,802.0,869.0,698.0,
000000000000000000d1_0,438.5,923.0,1163.0,1065.0,1338.5,1193.0,1321.0,1925.0,1688.5,1577.0,1439.0,1256.0,1726.0,922.0,882.5,1224.0,1166.0,1021.0,1063.0,962.0,1159.5,1247.0,1175.0,1206.0,909.0,1311.0,981.5,1155.0,2087.5,825.0,1100.0,1467.0,1276.0,
000000000000000000d2_0,593.0,732.0,1034.0,872.0,1247.0,1245.0,1275.0,1927.5,1262.0,1686.5,1379.0,1261.0,1810.0,851.0,1051.0,1278.0,1351.0,986.0,1010.5,869.0,1278.5,1347.0,1144.0,864.5,949.0,1331.0,962.0,1170.0,2062.0,941.5,1091.0,1445.0,1278.0,
000000000000000000d3_0,1265.0,922.5,718.0,764.0,743.5,854.5,867.0,821.5,782.0,896.5,886.0,919.0,842.0,918.0,935.0,939.0,922.5,879.0,891.0,803.5,802.0,930.0,948.5,891.0,826.0,925.0,851.0,604.5,703.0,851.0,848.0,855.0,786.0,
000000000000000000d4_0,893.0,846.5,819.5,915.5,841.5,858.5,941.0,980.5,875.0,902.0,1058.0,961.0,753.5,958.5,894.0,908.0,1049.0,912.0,868.5,883.0,844.0,912.0,1011.0,909.0,868.0,951.0,918.0,771.0,848.0,871.0,815.0,840.0,906.0,
000000000000000000d5_0,805.0,729.0,801.5,847.0,747.0,865.0,1515.5,1488.5,1369.0,1525.0,1825.5,1587.0,778.5,1417.0,1630.0,1377.0,1680.5,1436.0,1906.0,2284.0,1407.0,1669.0,1453.0,808.5,1659.5,1417.5,1414.0,615.5,754.0,725.0,779.0,803.0,786.0,
000000000000000000d6_0,1066.0,947.5,847.0,948.0,743.5,1024.0,1058.0,1320.0,2362.0,1647.0,1914.0,1832.5,1036.0,1655.0,1667.0,1663.0,1208.0,1250.5,1033.0,1082.0,1100.0,1076.0,1232.0,909.0,1252.5,1054.5,1930.0,859.5,862.0,871.0,766.0,881.0,1061.0,
000000000000000000d7_0,2280.0,1225.0,830.5,919.0,845.5,840.0,865.0,835.0,912.0,912.0,897.0,847.0,993.0,797.0,803.0,840.0,822.0,859.0,847.0,904.0,904.0,856.0,878.0,1065.0,878.5,1012.0,885.5,1016.0,1122.0,756.0,891.5,824.5,1184.5,
000000000000000000d8_0,1757.0,1021.5,971.0,998.5,1053.0,1081.0,1099.0,1041.0,1084.0,1043.0,1047.0,1000.5,953.0,996.5,977.0,921.0,1008.5,954.0,895.0,902.0,908.0,1257.0,974.0,981.0,890.0,1138.0,1000.0,1021.0,1338.0,809.0,988.0,906.0,1096.5,
000000000000000000d9_0,1095.0,753.0,714.5,847.5,846.0,935.5,868.0,916.0,738.5,977.0,957.0,878.5,990.0,904.0,865.0,971.0,855.0,892.0,825.0,877.5,980.5,1044.0,939.5,939.0,830.0,1125.5,1035.5,675.0,743.0,843.0,916.0,910.0,824.5,
000000000000000000da_0,1142.0,1040.5,898.0,844.0,985.5,1124.0,1024.0,1181.5,1055.0,972.0,849.0,1137.0,985.0,1068.0,1519.0,1428.0,1098.5,866.0,864.0,948.5,1225.5,1430.0,1122.0,943.0,902.0,1152.0,1164.5,732.0,915.0,812.0,799.0,858.0,1126.0,
000000000000000000db_0,976.5,733.0,828.0,872.5,886.5,735.0,915.0,889.5,1065.0,997.0,1050.0,817.0,736.5,899.0,954.0,1062.5,898.0,813.5,946.0,1134.0,1029.5,1259.0,938.0,802.5,788.0,1215.0,1032.0,687.0,845.5,814.0,869.5,981.0,896.5,
000000000000000000dc_0,1078.0,935.5,772.0,889.5,897.0,1025.5,1158.0,1028.0,1058.0,891.0,994.0,1019.5,837.0,1078.0,1059.5,1008.5,1034.0,929.5,1032.0,869.0,833.5,1055.0,726.0,830.0,803.0,1155.0,945.0,1049.5,1039.0,898.0,1026.0,1096.5,937.0,
000000000000000000dd_0,1509.0,1371.0,1299.5,1363.0,1261.0,1463.0,1566.5,1372.0,1364.0,1640.0,1318.0,1460.0,1518.5,1534.0,1523.0,1640.5,1572.0,1490.0,1590.0,1705.5,1503.0,1550.5,1542.0,1461.0,1279.0,1307.0,1248.0,1212.0,1272.0,1539.5,1569.0,1464.0,1510.0,
000000000000000000de_0,1629.0,1302.0,1216.0,1241.0,1234.5,1242.0,1466.5,1121.5,1070.0,1306.0,872.0,1244.0,1480.0,1444.0,1217.5,1372.0,1506.0,1310.0,1238.0,1428.0,1238.0,1437.0,1247.0,1231.0,910.5,1027.0,1220.5,1131.0,1041.5,1300.0,1481.0,1283.0,1319.0,
000000000000000000df_0,1044.0,769.5,758.0,963.0,961.5,1318.0,803.5,1071.0,942.0,957.0,1086.0,962.0,828.0,888.0,1016.5,1007.0,953.5,954.0,959.0,927.0,1002.0,1143.5,969.0,815.5,883.5,1010.0,997.0,826.0,926.5,746.0,1055.0,852.0,924.0,
000000000000000000e0_0,2185.0,1777.0,2080.0,2070.0,1697.5,1857.0,1748.0,1855.0,1715.0,1677.0,1820.0,1558.0,1585.0,1686.5,1695.0,1848.0,1645.0,1612.0,1787.0,1783.0,1951.5,1866.0,1825.0,1753.5,1889.0,1894.0,1608.0,1668.0,1425.0,1854.0,1690.0,1484.0,1689.5,
000000000000000000e1_0,2184.0,1553.5,2037.0,1909.0,1667.0,1852.5,1629.0,1664.0,1612.0,1552.0,1833.0,1483.5,1440.0,1526.0,1862.5,1959.5,1710.0,1677.0,1898.0,1806.0,2209.0,1988.5,1919.0,1612.5,1825.0,1841.0,1830.0,1142.5,1341.5,1707.0,1645.0,1410.0,2082.0,
000000000000000000e2_0,1566.5,1267.0,1460.0,1410.0,1287.5,1729.0,1467.0,1380.0,1432.0,1504.0,1485.0,1850.0,1312.0,1823.5,2141.0,1997.0,1744.0,1622.0,1865.0,1882.0,2031.0,2025.0,1974.0,1107.0,1707.0,1930.0,1907.0,1020.5,1076.0,1212.0,1373.0,1197.0,1527.0,
000000000000000000e3_0,2247.5,1580.0,1433.5,1459.0,1509.0,1307.5,1126.0,905.0,1447.0,1781.0,1910.0,1553.0,1497.5,1674.0,2000.0,2073.0,1722.5,1541.5,1495.0,1605.5,1640.0,1748.0,1828.0,1692.0,1287.0,995.0,1353.5,1635.5,1737.0,1727.0,1686.0,1588.0,1391.0,
000000000000000000e4_0,2196.0,1436.0,1629.0,1648.5,1875.0,1331.0,1330.0,1062.5,2053.0,1751.5,1848.0,1592.5,1283.0,1581.0,2151.0,1937.5,1707.0,1629.0,1416.5,1553.0,1533.0,1794.0,1923.0,1472.5,1548.0,1326.0,1543.0,1320.5,1424.0,1709.0,1733.5,1398.5,1374.5,
000000000000000000e5_0,2159.0,1649.5,1960.0,1646.0,1720.5,2030.0,1704.5,1448.5,1586.0,1852.5,2084.0,2078.0,1763.5,2014.0,2248.0,2404.0,1832.5,1959.0,1915.5,1783.5,1669.0,2090.5,2078.5,1606.0,1969.5,2098.0,1866.0,1671.0,1733.0,1474.5,1687.0,2011.0,1928.0,
000000000000000000e6_0,921.0,805.0,723.5,787.0,667.0,874.5,775.0,824.0,799.0,818.0,798.0,856.5,785.0,832.0,921.0,985.5,818.0,932.0,833.0,863.0,806.0,987.0,889.0,905.5,914.5,722.0,811.5,771.5,690.0,833.5,971.0,771.0,698.0,
000000000000000000e7_0,1259.0,1061.0,1053.0,941.5,931.0,1102.0,1084.0,1084.0,884.0,943.0,932.0,966.0,815.5,971.0,1028.0,1030.0,845.0,955.0,924.5,1052.0,1075.0,1130.5,954.0,1359.0,985.0,824.0,1028.0,807.0,996.0,971.5,1192.5,1016.0,940.5,
000000000000000000e8_0,1049.0,1062.0,817.5,926.0,743.0,933.0,947.0,1068.0,958.0,941.0,982.0,975.0,907.0,996.5,1287.0,1407.0,1102.0,927.5,971.0,1129.5,907.5,1049.0,917.0,939.0,983.0,783.0,859.0,858.0,846.0,806.0,968.5,933.0,906.5,
000000000000000000e9_0,1788.0,1503.0,954.0,1138.0,1013.0,1298.5,1377.0,1506.0,1336.0,1256.0,1481.0,1188.0,1117.0,1411.5,1319.0,1165.0,1065.5,1303.0,1230.0,1529.0,1226.0,1511.0,1220.0,1313.0,1540.0,945.0,1188.0,947.0,1068.0,1149.0,1499.0,1223.0,1270.5,
000000000000000000ea_0,1013.0,1106.5,1679.0,1404.0,1078.0,2005.0,1691.0,1577.0,1670.0,1650.0,1413.5,1307.0,741.0,1303.0,1618.0,1318.0,1446.0,1438.5,1077.0,1900.0,1801.5,1945.5,1420.0,1266.0,1770.5,1334.5,1759.0,920.0,924.0,1193.0,1419.0,1624.0,1171.0,
000000000000000000eb_0,848.0,849.0,826.5,765.0,1181.5,735.0,862.0,927.0,1238.0,1007.0,929.0,880.5,706.0,894.0,959.0,920.0,890.0,862.5,859.0,830.5,824.0,1204.0,860.0,864.5,1066.5,1046.5,1078.5,693.0,1137.0,906.0,902.0,806.0,845.5,
000000000000000000ec_0,1141.0,846.0,714.0,878.0,938.0,1255.5,882.5,901.0,1035.5,837.0,1246.0,875.0,786.0,942.0,960.0,971.0,952.0,868.0,960.0,956.5,852.0,1064.0,1029.0,843.5,860.0,916.0,868.5,732.5,872.5,1020.0,894.0,1005.0,782.0,
000000000000000000ed_0,869.5,871.0,701.5,826.0,881.5,833.0,647.5,1344.0,870.5,792.0,1740.0,840.5,794.0,1104.5,901.0,1085.0,933.5,912.0,876.0,953.5,853.0,1491.0,1164.0,822.0,974.0,990.0,890.0,690.0,853.0,780.5,710.0,748.0,824.0,
000000000000000000ee_0,950.0,871.0,756.5,918.5,831.0,1096.0,1034.0,1002.0,910.0,1047.0,991.0,861.0,880.0,891.0,1100.0,991.5,812.5,810.0,1147.0,800.5,926.0,1454.0,1005.0,907.0,999.5,953.0,1021.0,809.0,805.0,935.0,1016.0,918.0,893.0,
000000000000000000ef_0,1061.0,893.5,855.0,913.0,904.5,1019.0,931.0,858.0,817.0,979.0,957.5,981.0,989.0,892.0,1108.0,1034.5,949.0,826.0,909.0,977.0,1058.0,1020.0,950.0,796.0,899.0,1044.0,946.0,862.0,979.0,844.0,949.0,873.5,943.0,
000000000000000000f0_0,1105.0,782.0,1006.5,1102.0,912.0,1043.0,1066.5,878.5,1052.5,1266.0,1096.0,1106.0,802.5,1054.5,1117.0,1115.5,1109.0,1236.0,1108.5,1011.0,1130.0,1263.5,1077.5,850.0,999.0,1056.0,1098.5,780.0,1400.0,946.0,917.0,992.0,1052.0,
000000000000000000f1_0,1015.0,898.0,762.0,878.0,935.0,874.0,957.0,893.0,838.0,834.0,1003.0,861.0,922.0,956.0,947.0,883.0,923.5,919.0,899.0,921.0,896.0,1341.5,916.5,973.0,1025.5,1292.5,1025.5,915.0,1041.5,814.0,1008.0,941.0,953.5,
000000000000000000f2_0,1008.0,800.0,1073.5,937.0,853.0,921.5,846.5,904.0,937.0,1118.0,1075.5,821.0,842.0,874.0,1063.5,875.0,839.0,858.0,832.0,947.5,876.0,1072.0,921.0,600.0,810.0,843.5,833.5,599.0,1010.0,983.0,879.0,825.0,908.5,
000000000000000000f3_0,955.0,676.0,802.0,965.0,879.0,973.5,1023.0,1007.0,887.0,980.0,1048.5,968.5,750.0,854.0,984.5,1048.0,927.5,820.0,892.5,978.0,929.0,907.5,852.0,948.0,931.5,1026.5,1057.0,821.0,1116.0,919.5,803.0,848.0,913.0,
000000000000000000f4_0,949.5,805.5,784.0,1142.5,876.0,919.0,825.5,892.0,960.0,922.5,868.0,854.0,705.0,937.0,980.5,823.0,812.0,902.5,794.0,712.0,760.0,825.0,834.0,641.0,708.5,801.0,856.0,601.0,719.0,788.0,779.0,1576.0,871.5,
000000000000000000f5_0,1133.0,984.0,741.0,879.0,843.0,817.0,870.0,935.5,879.0,746.5,1032.0,803.0,929.5,824.0,821.0,752.5,944.0,732.0,701.0,824.0,612.0,782.5,804.0,909.0,722.0,813.0,842.0,818.0,779.0,776.0,789.0,824.5,776.0,
000000000000000000f6_0,988.0,1001.5,696.0,901.5,772.5,794.0,867.0,850.0,773.0,752.0,986.0,799.0,829.0,808.0,886.0,770.0,1016.0,763.0,683.0,836.5,806.0,782.0,872.5,878.0,775.0,754.5,906.0,711.5,724.0,779.0,736.0,806.0,804.0,
000000000000000000f7_0,1159.5,971.0,825.0,944.5,837.0,978.0,897.5,1736.0,1976.5,1443.0,1449.0,1456.0,994.0,1626.5,1518.0,1950.0,1619.0,1219.5,1415.0,1441.0,1439.0,1827.5,1394.5,976.0,1690.0,1845.0,1308.5,860.0,860.0,846.5,797.0,915.0,884.0,
000000000000000000f8_0,1315.0,1021.5,826.5,922.5,802.0,854.5,910.0,1370.0,1712.0,1634.0,1972.0,1353.0,975.5,1582.0,1664.0,1597.0,1932.0,1398.0,1419.0,1477.0,1384.0,1411.5,1670.0,943.0,1666.5,1867.0,1574.0,874.0,825.0,767.5,870.0,1003.0,905.0,
000000000000000000f9_0,923.0,841.0,809.5,777.0,775.0,900.0,865.0,1001.0,853.5,1053.0,1197.0,1034.0,848.0,925.0,942.0,1079.5,979.0,884.0,943.0,1016.5,894.0,1612.5,1309.0,906.0,968.0,1292.0,1271.0,869.5,807.0,991.0,871.5,883.0,871.5,
000000000000000000fa_0,923.0,688.0,724.0,800.0,715.0,936.0,863.0,926.0,722.0,1096.0,988.5,888.5,760.5,814.0,992.0,897.5,990.5,991.0,911.0,1069.0,980.0,1283.0,1176.0,915.0,1001.0,1133.0,1040.5,586.0,669.0,925.0,1164.5,982.0,1012.5,
000000000000000000fb_0,1105.0,725.5,771.0,833.0,775.0,1008.0,898.0,911.0,767.5,1076.0,1017.5,976.5,928.0,980.0,963.0,986.0,952.5,910.0,1038.0,1043.0,940.0,1098.5,1416.0,991.0,888.0,1116.0,1053.5,682.0,689.5,1176.5,1133.0,951.0,969.5,
000000000000000000fc_0,1004.0,847.0,851.0,1012.0,997.0,958.5,986.0,925.0,1049.5,988.0,933.0,929.0,836.0,949.0,914.0,1073.5,920.5,916.0,815.5,981.0,1022.0,1094.5,1009.0,899.5,895.0,963.0,1013.0,794.0,998.0,680.0,859.0,938.0,958.0,
000000000000000000fd_0,959.5,870.5,846.5,1087.5,1025.0,980.0,1059.0,1057.0,1091.0,1221.0,1235.0,977.5,919.0,884.0,923.5,931.0,891.0,951.0,1006.5,1062.0,1104.5,1024.0,972.5,1072.5,878.0,1033.0,1114.0,804.0,1069.0,911.0,1006.5,909.0,852.0,
000000000000000000fe_0,1020.0,831.5,832.5,869.0,846.0,850.0,885.0,854.5,908.5,909.0,906.0,898.5,838.0,894.0,877.0,1053.5,888.0,875.0,832.0,993.0,892.5,1154.5,968.5,1001.0,937.5,1047.5,938.0,787.0,998.0,752.0,1030.5,937.5,804.5,
000000000000000000ff_0,47.5,53.0,-17.0,69.5,92.0,76.0,53.0,32.0,60.5,62.0,68.5,46.0,50.5,16.0,34.0,56.0,73.0,36.0,23.0,43.0,31.0,37.0,61.0,55.5,29.0,24.0,35.0,30.0,57.0,29.5,83.0,169.5,32.5,
00000000000000000100_0,49.0,40.5,88.5,69.5,88.0,26.0,78.0,36.5,36.0,61.0,46.0,69.0,73.0,35.0,36.0,40.0,19.5,47.0,30.0,52.0,33.0,161.0,63.0,35.0,21.0,27.5,40.5,37.0,38.5,47.0,46.0,157.0,46.5,
