system:index,NDVI,NDVI_1,NDVI_10,NDVI_11,NDVI_12,NDVI_13,NDVI_14,NDVI_15,NDVI_16,NDVI_17,NDVI_18,NDVI_19,NDVI_2,NDVI_20,NDVI_21,NDVI_22,NDVI_23,NDVI_24,NDVI_25,NDVI_26,NDVI_27,NDVI_28,NDVI_29,NDVI_3,NDVI_30,NDVI_31,NDVI_32,NDVI_4,NDVI_5,NDVI_6,NDVI_7,NDVI_8,NDVI_9,.geo
00000000000000000000_0,0.21712539,-0.048032228,0.067669176,-0.14225942,-0.13606341,-0.14829932,-0.19670847,-0.09949749,-0.11415525,-0.20094937,-0.116612375,-0.17931937,0.11935683,-0.25860548,0.11306703,-0.011494253,-0.070454545,-0.11850768,0.093361,-0.3338633,0.1389313,-0.1281106,-0.08494209,-0.22675025,-0.030973451,0.053304903,0.15038419,-0.19201726,-0.047021944,-0.018203884,0.08704454,0.030750308,0.10891089,
00000000000000000001_0,0.7341326,0.6289996,-0.02688728,-0.24384788,-0.1764706,-0.16158192,-0.20872541,-0.0137551585,-0.07284768,0.04869762,-0.2646048,-0.016850669,0.6617461,-0.20728442,-0.24978831,-0.11444921,-0.3576208,-0.11841469,0.0685458,-0.33333334,0.18082789,-0.07317073,0.028697573,-0.15656565,-0.037815128,0.21764706,0.05361305,-0.24824685,0.084842704,-0.042457093,0.15427114,-0.055837564,0.1657754,
00000000000000000002_0,0.8717169,0.8420479,0.77798295,0.78975224,0.7686551,0.74831265,0.7679216,0.8099063,0.831554,0.8072289,0.74702513,0.8089324,0.8535047,0.82253295,0.8105046,0.79945946,0.7542707,0.76169,0.8082856,0.78219354,0.7907912,0.78159446,0.86092025,0.8644002,0.87293804,0.87727034,0.89133155,0.8511961,0.75276244,0.7723951,0.67187136,0.7141352,0.7552808,
00000000000000000003_0,0.8116329,0.83710617,0.77022797,0.89373165,0.7851536,0.80012137,0.7950617,0.97683215,0.8509633,0.8413083,0.8499601,0.8507859,0.8555791,0.78917813,0.8308481,0.8159768,0.83374083,0.8357193,0.81723106,0.8098625,0.8580837,0.7964847,0.80985606,0.8316306,0.78390545,0.8640227,0.7839577,0.81056964,0.80197567,0.8372093,0.7092018,0.7554033,0.71344364,
00000000000000000004_0,0.83008426,0.8172691,0.74812126,0.88185656,0.796875,0.7180133,0.84110373,0.7948304,0.8117754,0.7681492,0.8087765,0.83672565,0.83969116,0.85294724,0.79978096,0.8348435,0.8782905,0.81004566,0.8306644,0.8326512,0.83427876,0.87976694,0.86852664,0.83869463,0.89512557,0.8736559,0.88898164,0.8456868,0.84618926,0.84468573,0.6969562,0.7877859,0.7560563,
00000000000000000005_0,0.7249351,0.7091541,0.6258741,0.7202437,0.6875,0.6281772,0.6115601,0.70149255,0.7386181,0.7705915,0.75365853,0.7368421,0.75438595,0.7332977,0.71824104,0.66119576,0.71020406,0.7464006,0.69567627,0.75991756,0.73951435,0.6799647,0.78257805,0.72135204,0.7889655,0.7610501,0.75636035,0.7516833,0.7234042,0.7267668,0.67692775,0.58190405,0.732899,
00000000000000000006_0,0.8178972,0.8111624,0.7886978,0.7942782,0.7800809,0.73016983,0.7468956,0.8227848,0.8084989,0.7746694,0.7961216,0.7899618,0.754394,0.8410864,0.822807,0.8178719,0.837336,0.82994366,0.7701605,0.80309355,0.748701,0.8094804,0.803507,0.7929257,0.81395346,0.8532564,0.86991525,0.79387033,0.7817837,0.7975389,0.72905725,0.7405281,0.78009826,
00000000000000000007_0,0.7914875,0.8180012,0.75537264,0.9031142,0.8229747,0.7359982,0.8577814,0.85141903,0.83848673,0.8366316,0.8288487,0.8659428,0.8679278,0.84006053,0.81414646,0.8681672,0.85907,0.8617833,0.81051177,0.8089142,0.8753793,0.84332794,0.86669344,0.7596588,0.86190754,0.85348564,0.88899344,0.7719945,0.8007261,0.7765288,0.78116345,0.80237156,0.75843257,
00000000000000000008_0,0.79478955,0.7868421,0.82321185,0.8227535,0.7725402,0.7933302,0.8130624,0.84648716,0.8488665,0.8401697,0.84816754,0.6979995,0.75278336,0.7905912,0.77787995,0.76995796,0.7539385,0.70740837,0.84386235,0.8116524,0.70473224,0.7543453,0.81031615,0.76363224,0.8363352,0.89560586,0.89073634,0.7038662,0.738083,0.7762543,0.66032785,0.74539876,0.79403794,
00000000000000000009_0,0.7936508,0.7007278,0.7677841,0.81212527,0.7694035,0.85753053,0.784487,0.70414203,0.74484736,0.75700474,0.7821883,0.7268315,0.7800388,0.76473063,0.7984427,0.7511795,0.71696234,0.833816,0.79711586,0.8071088,0.7679803,0.7081666,0.83118254,0.696076,0.8842808,0.79835016,0.80792683,0.7788059,0.6918193,0.72302467,0.6667583,0.76915324,0.78600115,
0000000000000000000a_0,0.82408816,0.7659715,0.7794718,0.6541096,0.621285,0.71048254,0.70619816,0.75573725,0.66042227,0.49825174,0.64626867,0.5976085,0.72923875,0.7075994,0.68362135,0.6611221,0.70464134,0.67832166,0.6903189,0.71343124,0.6546205,0.6412151,0.67790264,0.7040514,0.67955804,0.7548111,0.7756318,0.7616823,0.55625325,0.6632353,0.6644803,0.6156391,0.6331738,
0000000000000000000b_0,0.7882883,0.77133757,0.7436823,0.748248,0.71845275,0.6479347,0.75250226,0.7408506,0.7003541,0.7045546,0.7041229,0.71906006,0.7938084,0.783894,0.73423535,0.70623744,0.74464905,0.7149969,0.75415087,0.7891499,0.7403664,0.77228963,0.8306878,0.78399056,0.80126965,0.84069514,0.79027194,0.7463642,0.7845472,0.74582624,0.6952978,0.71904,0.7332543,
0000000000000000000c_0,0.76039803,0.7624919,0.7101702,0.68892115,0.7320841,0.7542977,0.7641243,0.83308494,0.7743097,0.8367165,0.8828009,0.7637838,0.7501083,0.77314156,0.72220844,0.754855,0.78989494,0.82172453,0.823979,0.82551396,0.787084,0.7332285,0.7851768,0.73080194,0.8698603,0.8691447,0.79718727,0.7565311,0.77171844,0.75396085,0.70084566,0.7957329,0.7272509,
0000000000000000000d_0,0.85611176,0.7361652,0.814254,0.7479143,0.7485955,0.73411185,0.8491319,0.9072925,0.8517989,0.8267223,0.8405229,0.8301126,0.808391,0.8783605,0.8183398,0.86853635,0.8282411,0.8403576,0.8668219,0.8956758,0.863786,0.8584906,0.84193146,0.8066206,0.9179526,0.8996183,0.8767545,0.7564811,0.80238146,0.75244755,0.7616146,0.77502525,0.74799436,
0000000000000000000e_0,0.80358976,0.79498523,0.7305729,0.7495353,0.72024417,0.7485571,0.757139,0.7982456,0.8098361,0.8399113,0.7952236,0.75080734,0.74358976,0.75510204,0.7572128,0.76433843,0.7555158,0.7780155,0.7601432,0.7634706,0.761201,0.72171426,0.81589234,0.7687042,0.8382914,0.8453691,0.80959064,0.7326027,0.70984215,0.7162494,0.6543389,0.73499566,0.75410676,
0000000000000000000f_0,0.8516908,0.8127957,0.8302613,0.8161087,0.8440971,0.8498477,0.88119227,0.8498717,0.86668956,0.862659,0.8548926,0.8440872,0.7332063,0.80327183,0.85194325,0.7458071,0.8432627,0.82553566,0.8129847,0.79980934,0.77916664,0.74655014,0.82518756,0.7948718,0.871371,0.8464852,0.80847067,0.8530702,0.7937274,0.8068182,0.6893504,0.8306362,0.7880668,
00000000000000000010_0,0.67187864,0.6959847,0.6351241,0.67595977,0.77992564,0.7171407,0.6756757,0.7099903,0.7516048,0.7357419,0.7387128,0.82140106,0.7543782,0.76984704,0.74443084,0.7125642,0.6737955,0.73930305,0.6881745,0.70809674,0.7428717,0.7058824,0.7983471,0.69447577,0.82876384,0.8146902,0.7797901,0.7143571,0.6724342,0.7857794,0.6299616,0.7162511,0.751128,
00000000000000000011_0,0.7547937,0.7715708,0.69496024,0.69186187,0.6828644,0.7200727,0.7369715,0.72621304,0.86283386,0.73877746,0.80118465,0.75956905,0.76054096,0.80366915,0.74479,0.7383562,0.7470804,0.74462485,0.7449414,0.7219633,0.79718816,0.7642487,0.8643533,0.7395038,0.8151042,0.8364486,0.7878412,0.78920573,0.73010963,0.8318064,0.6917754,0.78238344,0.81823707,
00000000000000000012_0,0.8455676,0.8484047,0.80370045,0.7312867,0.652568,0.70148677,0.7140482,0.7328565,0.8633361,0.8059109,0.851583,0.77935106,0.8358209,0.7618784,0.73942345,0.7490257,0.7073383,0.80790544,0.7923367,0.84641206,0.7524371,0.7251392,0.7672943,0.739825,0.8542618,0.8248963,0.82521653,0.77001673,0.8347363,0.79789335,0.7695078,0.78539586,0.81505793,
00000000000000000013_0,0.78822094,0.79786444,0.84815526,0.81697553,0.8087548,0.7609951,0.79300433,0.80124223,0.7665867,0.7825421,0.7946847,0.8186877,0.75005174,0.7602871,0.8130608,0.76480913,0.77000964,0.8018253,0.79051274,0.82193875,0.7615304,0.7529215,0.7592632,0.7989006,0.82092196,0.89040416,0.8544194,0.8034791,0.73539287,0.79690266,0.73932695,0.80600816,0.80946743,
00000000000000000014_0,0.7906471,0.80188155,0.812061,0.82030547,0.7863939,0.7243976,0.77883697,0.7837838,0.7533802,0.75375223,0.78681177,0.8084875,0.7501764,0.77117646,0.7985782,0.7561331,0.7582726,0.79275906,0.7762788,0.8204404,0.73440087,0.752,0.79605097,0.78703284,0.8347066,0.88159204,0.82939833,0.8064516,0.71859026,0.7932432,0.7145219,0.8241142,0.816898,
00000000000000000015_0,0.6922146,0.6975969,0.6202975,0.6821009,0.6692133,0.7353188,0.6680906,0.7395902,0.80401605,0.7208897,0.7705844,0.7542662,0.7182064,0.6885752,0.7479554,0.6321751,0.76981544,0.69961435,0.67459106,0.72389096,0.6532905,0.6068937,0.7222836,0.6951356,0.71796393,0.7211009,0.6739553,0.69768924,0.7306049,0.7560409,0.70346737,0.68479466,0.67551625,
00000000000000000016_0,0.80789477,0.8264661,0.8321706,0.7691952,0.80335945,0.76460135,0.8213198,0.8267065,0.82139736,0.8056599,0.85698223,0.8020391,0.7750894,0.79113925,0.798134,0.83344966,0.79874545,0.81107956,0.81197304,0.8462582,0.8351875,0.8525832,0.88640815,0.78529876,0.8349477,0.8832725,0.8645589,0.77669287,0.8052712,0.701888,0.74647886,0.7544236,0.7849944,
00000000000000000017_0,0.73367065,0.74170935,0.7650933,0.7607084,0.7605019,0.7845241,0.8093467,0.7829591,0.80236745,0.80333954,0.7868048,0.80349344,0.68999386,0.8079815,0.7840472,0.8155989,0.7893551,0.8166189,0.8046238,0.8367494,0.7888379,0.810368,0.85027987,0.7507082,0.8444662,0.87360257,0.86490124,0.7382403,0.73114175,0.7452188,0.724876,0.78270763,0.73705834,
00000000000000000018_0,0.7394655,0.8112713,0.7641883,0.79402137,0.83090144,0.8441612,0.8191142,0.80487806,0.8197525,0.79683757,0.7586951,0.8716335,0.7953697,0.8017178,0.8030337,0.7957677,0.76229906,0.7578586,0.85925925,0.7514591,0.8168636,0.74703,0.80014205,0.82483476,0.867556,0.903801,0.8552663,0.8096912,0.78860784,0.7875895,0.7856358,0.72353673,0.7772795,
00000000000000000019_0,0.7273263,0.6744976,0.66820884,0.71859986,0.74557596,0.7003357,0.7254445,0.7233369,0.7312035,0.72626114,0.79821956,0.74224496,0.69328547,0.7623646,0.744192,0.77385724,0.76967096,0.7398583,0.75327635,0.79234976,0.70638406,0.6758621,0.8155368,0.7290125,0.79691076,0.757817,0.8049732,0.69665515,0.73822254,0.6896047,0.67529666,0.7281553,0.73171717,
0000000000000000001a_0,0.7884278,0.7444106,0.7578592,0.77152824,0.7660324,0.765685,0.83104724,0.80108935,0.8057191,0.8525011,0.89461714,0.8321303,0.7683653,0.8242998,0.8585817,0.8234489,0.84426576,0.86150795,0.89034134,0.81294966,0.80965793,0.769843,0.84840083,0.7789934,0.8841574,0.79044354,0.826455,0.80641186,0.8581907,0.8178006,0.7474699,0.7914475,0.8223181,
0000000000000000001b_0,0.77618825,0.66252416,0.73763007,0.73173124,0.78502697,0.7241594,0.7171389,0.7245601,0.73992676,0.7552591,0.666001,0.7028133,0.73692155,0.73084015,0.78827035,0.7848317,0.7383592,0.84612113,0.8482421,0.7507599,0.6460627,0.7273412,0.8097537,0.6745171,0.7781336,0.77938247,0.76630795,0.75096846,0.6535219,0.66561013,0.6487685,0.7319035,0.6539559,
0000000000000000001c_0,0.6780295,0.74901414,0.7254697,0.7144259,0.7278168,0.5957979,0.6978603,0.6858699,0.6934046,0.7336273,0.7485938,0.7863105,0.6490622,0.7977716,0.7604573,0.7320044,0.79267013,0.72444445,0.7778332,0.8284257,0.80316436,0.7767249,0.7987013,0.6950605,0.839926,0.8248558,0.79591835,0.71045715,0.6680455,0.5973333,0.5268774,0.6287897,0.7121824,
0000000000000000001d_0,0.7175937,0.71050406,0.6442757,0.68378764,0.72782433,0.7714286,0.75461936,0.6436562,0.68496734,0.67316514,0.7744558,0.74164927,0.6802183,0.6820827,0.6776699,0.70051634,0.6685212,0.6356083,0.7413459,0.70887077,0.6282924,0.70017153,0.68892115,0.69539076,0.75877476,0.71139807,0.72877467,0.7366548,0.73897433,0.65803367,0.55518764,0.61381626,0.62198925,
0000000000000000001e_0,0.65565705,0.6669946,0.70738506,0.7243607,0.66798615,0.7117904,0.6780201,0.7180705,0.7227476,0.6697687,0.7541147,0.646332,0.64492756,0.7062871,0.7435537,0.69771814,0.7277649,0.7282148,0.82820565,0.80366135,0.8051356,0.7113089,0.76841676,0.65522176,0.7736185,0.7515528,0.78854257,0.6802686,0.5625731,0.5722669,0.5288991,0.5783593,0.62103397,
0000000000000000001f_0,0.62739486,0.7517812,0.67412585,0.66831195,0.764263,0.5894428,0.7090295,0.7410262,0.72961015,0.70185226,0.7248781,0.66093475,0.71497977,0.6261168,0.6843083,0.7192389,0.60996443,0.63867325,0.75814563,0.7251303,0.664611,0.59637964,0.71740556,0.66866636,0.78527856,0.7345887,0.7576254,0.7077647,0.7713493,0.7625205,0.5511335,0.6341108,0.6405088,
00000000000000000020_0,0.7855467,0.746449,0.7371703,0.77526504,0.81858903,0.69476205,0.8060555,0.8162696,0.7710706,0.7816417,0.80704916,0.78077316,0.7679334,0.7302726,0.7421959,0.73169124,0.7883991,0.83621114,0.8429891,0.77437085,0.81503516,0.7688312,0.85650533,0.7479231,0.77772313,0.84078753,0.8177666,0.7433568,0.708535,0.75507444,0.6674135,0.7353442,0.7227546,
00000000000000000021_0,0.7294172,0.70349807,0.73607814,0.74695975,0.80154705,0.6381,0.7673536,0.8125881,0.78018755,0.7712512,0.8155147,0.75829387,0.75663495,0.7257201,0.7124787,0.6841118,0.7883991,0.8028541,0.8208556,0.7480403,0.70311,0.7456399,0.82660204,0.70061636,0.8538697,0.83180827,0.7866144,0.7163677,0.6461777,0.7019833,0.6917315,0.6915087,0.7353009,
00000000000000000022_0,0.6861942,0.6525728,0.6485035,0.69378227,0.7316708,0.60238355,0.6669127,0.730659,0.705992,0.7027523,0.72756696,0.78656757,0.6762249,0.68383014,0.7361154,0.76311713,0.73597986,0.7671443,0.7943161,0.84807825,0.7691589,0.7578808,0.8420771,0.6834638,0.7512326,0.8034126,0.81272167,0.67150724,0.65461075,0.6060398,0.55723995,0.6230243,0.58687544,
00000000000000000023_0,0.7761284,0.6580189,0.7477185,0.7582697,0.72000855,0.7245559,0.7989097,0.84690714,0.8428818,0.73776823,0.85217685,0.7487748,0.7898357,0.83218706,0.77561635,0.7931359,0.7534372,0.8313156,0.81533456,0.8240139,0.7362972,0.7915254,0.8726703,0.7958484,0.83507645,0.8278491,0.78544915,0.77493817,0.76419574,0.77190274,0.71654165,0.5471358,0.7063181,
00000000000000000024_0,0.7253937,0.69531995,0.70493406,0.73599005,0.6992966,0.4114346,0.7854529,0.75570774,0.6973134,0.72627735,0.81365114,0.76270324,0.7137045,0.7434796,0.7551396,0.7381351,0.7170281,0.7175481,0.74351746,0.80263156,0.7685185,0.7424406,0.78347325,0.7090544,0.8342743,0.8603318,0.80148464,0.7285089,0.6503198,0.6619568,0.6438487,0.615566,0.7724504,
00000000000000000025_0,0.64259666,0.652714,0.6532399,0.6063717,0.66425705,0.6048208,0.75030184,0.7019231,0.62099123,0.6138444,0.67211413,0.63785446,0.62745655,0.64908856,0.64166665,0.6330374,0.69973546,0.6405882,0.6516624,0.51028806,0.49389946,0.5410509,0.653603,0.60198224,0.5582106,0.6669538,0.6547486,0.65139663,0.5688388,0.6074817,0.5361521,0.62624377,0.6150072,
00000000000000000026_0,0.83091587,0.642999,0.7119785,0.7520179,0.81609756,0.7064622,0.83767873,0.7354871,0.64849836,0.73035437,0.7105462,0.82715434,0.7238548,0.7725857,0.72876924,0.73420316,0.77833986,0.8072177,0.8407767,0.7576327,0.8015625,0.7009009,0.81405133,0.77744037,0.8310443,0.8077601,0.8017479,0.7854959,0.75686884,0.73709834,0.69424134,0.6139423,0.6819728,
00000000000000000027_0,0.76340187,0.737365,0.6419639,0.70619005,0.7133392,0.644992,0.7172642,0.701576,0.6477672,0.73589164,0.76101243,0.66961277,0.70899075,0.797254,0.74082816,0.7448747,0.72761,0.7394767,0.7722234,0.66571796,0.7215766,0.5757343,0.78550416,0.7683051,0.7555355,0.77729064,0.6710934,0.756768,0.66385436,0.61476994,0.5859938,0.60430896,0.5512931,
00000000000000000028_0,0.78277314,0.7773585,0.73648477,0.708935,0.7494919,0.76315147,0.7784679,0.7994918,0.7864914,0.7994063,0.7626712,0.77909803,0.77758044,0.7489855,0.8276553,0.7876327,0.7894737,0.81753355,0.7599646,0.7834244,0.7469763,0.796585,0.8209026,0.7777778,0.8185347,0.7988584,0.77884847,0.80067897,0.7640629,0.66504514,0.63212717,0.56772333,0.6839533,
00000000000000000029_0,0.79319257,0.83109176,0.76784825,0.8012766,0.8255264,0.7,0.7434196,0.84273654,0.8116095,0.8269277,0.7705088,0.7868235,0.77246314,0.80046946,0.80086225,0.82538587,0.73459524,0.7631225,0.7910521,0.798351,0.8169524,0.84901613,0.8325169,0.7507469,0.8271605,0.84425724,0.8185126,0.7982005,0.7837268,0.7556322,0.57559013,0.7490174,0.7705495,
0000000000000000002a_0,0.70824,0.69891274,0.7123711,0.6948001,0.7160362,0.6029793,0.6666667,0.6996095,0.7302205,0.73660713,0.61867934,0.6894753,0.72335184,0.70169294,0.7117368,0.8299412,0.75044775,0.68911624,0.72635937,0.67997843,0.72382826,0.71163803,0.79459214,0.65006226,0.7989081,0.81389576,0.7841615,0.71903574,0.70780593,0.5954915,0.5378853,0.6464516,0.6752464,
0000000000000000002b_0,0.7809357,0.806264,0.7057718,0.704065,0.71541727,0.6416185,0.79244465,0.82721573,0.779498,0.7203065,0.5713585,0.6389649,0.75858366,0.6850034,0.664613,0.6944508,0.5969089,0.7083941,0.68728954,0.69450605,0.66815037,0.69375,0.7303322,0.70181435,0.7155226,0.7144536,0.7126873,0.74593496,0.738657,0.71358746,0.61602134,0.5427574,0.7521127,
0000000000000000002c_0,0.76878613,0.81683284,0.7623176,0.8143712,0.80215985,0.79268557,0.7605178,0.8211382,0.8137232,0.79648954,0.8182628,0.83506525,0.77389514,0.83869654,0.8003243,0.81560284,0.82189107,0.7905717,0.84927404,0.7747852,0.77366257,0.70280373,0.84912825,0.7991665,0.8324194,0.85416156,0.84513366,0.7884462,0.79351395,0.7693341,0.6765133,0.7170695,0.80389744,
0000000000000000002d_0,0.6968203,0.7767221,0.9082497,0.76575077,0.7675303,0.85578096,0.8120617,0.8039216,0.83227026,0.82839316,0.8151529,0.8223967,0.7443946,0.8169756,0.8660247,0.836116,0.7785515,0.8122167,0.89294213,0.88487935,0.80372804,0.73134327,0.8434269,0.74846476,0.85291165,0.8666342,0.8334694,0.77131075,0.78654855,0.7721622,0.84998024,0.8428,0.76693374,
0000000000000000002e_0,0.7127574,0.7818182,0.7671162,0.7638279,0.75346196,0.74627537,0.7801311,0.773494,0.7780464,0.8218641,0.812675,0.8116315,0.78684324,0.79737335,0.73843247,0.7800304,0.7773019,0.7318952,0.74819535,0.76335496,0.7844981,0.74435335,0.8268467,0.77422005,0.8214029,0.84576356,0.84541255,0.7397448,0.7734724,0.7645416,0.7111517,0.709607,0.7405123,
0000000000000000002f_0,0.7159213,0.76653385,0.76083916,0.67191344,0.68162495,0.71456075,0.7732342,0.83794683,0.8130031,0.823507,0.81707585,0.7520492,0.74428636,0.71330434,0.68273187,0.82464457,0.73544973,0.7733967,0.769931,0.76014674,0.79506063,0.78569096,0.82880163,0.7489642,0.88180465,0.8370959,0.7742962,0.82867414,0.79377013,0.7237237,0.77059096,0.7663599,0.7528958,
00000000000000000030_0,0.7832563,0.72309357,0.74924886,0.7486779,0.746308,0.7102074,0.717037,0.7809165,0.74731183,0.8388262,0.76009226,0.7164136,0.7101025,0.7563878,0.7358764,0.7288227,0.72782135,0.73849374,0.7790459,0.78935254,0.76217324,0.74305815,0.8235422,0.7530239,0.82265747,0.8240067,0.803564,0.79599744,0.7495073,0.73131675,0.64398146,0.683999,0.79639715,
00000000000000000031_0,0.7657757,0.7682306,0.75711036,0.7838246,0.7555606,0.7107934,0.79148936,0.7744926,0.8439086,0.97572815,0.8277662,0.7873351,0.77217555,0.80410147,0.8312611,0.8072289,0.8109266,0.79127043,0.8176502,0.7966378,0.82503194,0.74986494,0.8390686,0.8043981,0.8746923,0.84742695,0.81855774,0.78965604,0.7828362,0.7652672,0.7077778,0.73965174,0.74001527,
00000000000000000032_0,0.80600333,0.798532,0.70639974,0.7249208,0.7381351,0.7056,0.7587675,0.7729777,0.7608932,0.82669383,0.8095507,0.7443256,0.7523471,0.84159255,0.8114444,0.7674695,0.74435633,0.7399562,0.71317595,0.77011496,0.749692,0.796807,0.79826176,0.8089316,0.8663377,0.7755224,0.7865838,0.7838765,0.7337587,0.73472834,0.7124375,0.70225817,0.7517241,
00000000000000000033_0,0.66049135,0.6851771,0.7929189,0.8041053,0.78060865,0.7701809,0.7960593,0.7950612,0.7770914,0.7655512,0.88406444,0.8021062,0.74294144,0.86680853,0.7776074,0.86789364,0.82889736,0.8164818,0.8020782,0.8121469,0.7650494,0.77434313,0.8348548,0.78483903,0.8531868,0.81034094,0.88169825,0.79971904,0.78841025,0.7880873,0.7618859,0.8216182,0.78044283,
00000000000000000034_0,0.81446654,0.78814155,0.7693827,0.82084817,0.7413313,0.7141256,0.83741933,0.82606477,0.8099569,0.7759778,0.79352033,0.7496689,0.75589335,0.8191259,0.77349067,0.8160322,0.7970041,0.7866185,0.7743673,0.7876827,0.7700748,0.81376374,0.7605753,0.7681796,0.82890624,0.8485106,0.8494118,0.76427484,0.75645125,0.7307692,0.7193062,0.72962314,0.83949095,
00000000000000000035_0,0.78289473,0.74618196,0.7715232,0.8772982,0.76985586,0.75019115,0.79695433,0.81871974,0.8150134,1.010429,0.8129079,0.76833975,0.7129589,0.7692308,0.77545285,0.8147594,0.773601,0.80646515,0.824924,0.79953104,0.82715577,0.88633376,0.86718893,0.74123114,0.8676708,0.82093894,0.8760965,0.75384617,0.7882465,0.76249355,0.7095694,0.7301515,0.755864,
00000000000000000036_0,0.5583951,0.8763174,0.7830189,0.9082409,0.7471555,0.7745209,0.75225806,0.779888,0.82445395,0.75335264,0.7883008,0.8166344,0.7852383,0.8259481,0.80053395,0.85704917,0.7546723,0.83873683,0.84172946,0.84615386,0.80188483,0.7869613,0.84667116,0.8520456,0.8935029,0.83584654,0.8530279,0.780589,0.83534575,0.87116456,0.76220614,0.7526387,0.8007203,
00000000000000000037_0,0.83577156,0.8575627,0.75458324,0.8897638,0.7163876,0.77299774,0.76649106,0.7679097,0.8027177,0.7913204,0.7941866,0.76891106,0.7925926,0.8464665,0.8364279,0.85315585,0.82161635,0.86014277,0.79520583,0.8488569,0.79356223,0.8031409,0.87077826,0.82621396,0.8508588,0.8578999,0.87629706,0.8298064,0.7083333,0.88112164,0.67477715,0.6834862,0.7624592,
00000000000000000038_0,0.0974359,-0.09988606,-0.15504979,-0.1919192,-0.04373178,-0.15076073,-0.23088744,-0.031733118,-0.13482216,-0.2838013,-0.08254398,-0.14555468,0.06703524,-0.16996047,0.7374414,-0.05913272,-0.16859345,-0.102841675,-0.1611842,-0.03273933,-0.032608695,-0.22923589,-0.10227273,0.35062894,-0.04384724,0.15306123,0.05773672,-0.2552204,-0.030837005,-0.1268116,0.08324975,0.022457067,0.10739437,
00000000000000000039_0,0.049281314,0.06273764,-0.067017086,0.059576564,-0.19741936,-0.18994413,-0.20663069,0.035812672,-0.17197452,-0.29348797,-0.104179665,-0.22252375,0.09425939,-0.20792079,-0.21428572,-0.11313868,-0.16915663,-0.102841675,-0.22952586,-0.35054347,-0.034234233,-0.19171917,-0.11494253,-0.178,-0.049928673,0.09943182,-0.022869023,-0.3804945,-0.111561865,-0.09027169,0.20625466,0.026,0.1438298,
0000000000000000003a_0,0.0974359,0.7734375,-0.06596306,-0.16314454,-0.028,-0.2631579,-0.215478,-0.2196319,-0.115996964,-0.27248794,-0.10473815,-0.036925394,0.0945674,-0.10869061,-0.21070693,-0.14407988,-0.09214595,-0.11796982,-0.14285715,-0.07736389,0.030646993,-0.18074866,-0.12062257,-0.20465568,-0.06616729,0.07512521,-0.045751635,-0.25345623,-0.0074626864,-0.10242086,0.044179793,0.021052632,-0.17565218,
0000000000000000003b_0,0.10041841,0.005132592,-0.034406215,-0.14105263,-0.1143201,-0.23523717,0.018335683,-0.22113022,-0.18117978,-0.30014026,-0.19821163,-0.12886597,0.23039216,-0.16968912,-0.2106703,-0.096736595,-0.112316035,-0.06835443,-0.3452493,-0.080600336,-0.1169687,-0.1724138,-0.15767635,-0.0691334,0.5149157,-0.033766232,-0.068432674,-0.25345623,-0.07986111,-0.12704174,0.13001911,0.07884288,0.33678755,
0000000000000000003c_0,0.119282514,-0.03624161,0.39812332,-0.23409836,-0.20864865,-0.23620933,-0.2224736,-0.00729927,-0.13096038,-0.29881036,-0.21904762,0.09380531,0.54387414,-0.2084063,-0.21987578,-0.16689466,-0.16029823,-0.029428095,-0.29294756,-0.3887606,-0.1169687,-0.18065153,-0.14285715,-0.14435695,-0.040780142,-0.081232496,-0.07174888,-0.25115207,-0.080139376,-0.14991182,0.08559919,0.15606,0.260788,
0000000000000000003d_0,0.40331492,-0.112068966,-0.12109863,-0.080316745,-0.09032944,-0.26118627,-0.22899885,-0.017569546,-0.17170112,-0.26928675,-0.23802282,-0.15093273,0.2495831,-0.23699422,-0.32102564,-0.11335012,-0.17354086,-0.11882998,-0.17741935,-0.16965227,-0.103526734,-0.025404157,-0.12273642,-0.14978904,0.003944773,-0.07255521,0.083333336,-0.3482032,0.008,-0.14202899,0.09398933,0.043410853,0.23763336,
0000000000000000003e_0,0.11901082,0.6686205,-0.06373862,-0.29402637,-0.11374407,-0.16826923,-0.1694382,0.035110533,-0.07284768,-0.15414259,0.1095679,-0.10327456,0.69656104,-0.14651811,-0.16891892,0.004892368,-0.10604559,-0.12601821,-0.17368421,-0.33131617,0.08925082,-0.07057257,0.011952192,-0.12205567,0.39215687,0.3079179,0.06373627,-0.2038835,0.08458865,0.035258815,0.47752333,0.073015876,0.13541667,
00000000000000000040_0,0.73448277,0.7599616,0.69953054,0.78588927,0.77589405,0.7597789,0.78367347,0.79951745,0.8829119,0.81448233,0.7056196,0.75596815,0.6974416,0.7958196,0.80224836,0.7969292,0.7453266,0.7804672,0.7862395,0.8118327,0.7322229,0.7882353,0.8330543,0.72103906,0.8470638,0.85404974,0.8546069,0.76218235,0.8003,0.74917203,0.68754756,0.70701516,0.75769234,
00000000000000000041_0,0.775982,0.71686435,0.761361,0.8007647,0.8138425,0.67340225,0.72696674,0.7533191,0.78125733,0.78710514,0.700842,0.68503934,0.85136694,0.7779221,0.7630312,0.76377577,0.7053448,0.76160604,0.8116735,0.73874754,0.7662171,0.8072763,0.80809665,0.7640604,0.8526982,0.8920877,0.8098443,0.7536157,0.755483,0.7000247,0.63805103,0.7129791,0.779165,
00000000000000000042_0,0.6175484,0.7379953,0.6939467,0.76363635,0.79025424,0.66071856,0.80396193,0.8401835,0.83779764,0.82715404,0.8208524,0.8211946,0.6739185,0.77831095,0.7459315,0.7276038,0.7473634,0.8117647,0.84551233,0.7976905,0.7904719,0.6981953,0.8135359,0.7889447,0.8278469,0.84206915,0.84419715,0.5964176,0.42388758,0.7022668,0.60685885,0.65112424,0.7166315,
00000000000000000043_0,0.72243184,0.7975881,0.6430155,0.6521564,0.718077,0.7224265,0.75895375,0.7412156,0.71952754,0.7486815,0.80715394,0.7796879,0.64838314,0.7519416,0.7888454,0.80426323,0.79380137,0.76415515,0.82011014,0.84479326,0.6968912,0.69008267,0.72795033,0.65156794,0.79358715,0.75956494,0.859567,0.75814176,0.63329905,0.6597386,0.5342146,0.65011996,0.76642615,
00000000000000000044_0,0.7237937,0.8143167,0.5851319,0.6215969,0.72943634,0.73228645,0.74923974,0.76944375,0.7591802,0.7582117,0.80576783,0.7624867,0.69252414,0.7498142,0.72622263,0.78307444,0.8596211,0.7114094,0.8239552,0.8004328,0.6901332,0.6734481,0.74078655,0.6473514,0.78136927,0.7847813,0.84250516,0.75061727,0.63460237,0.6290954,0.57888865,0.6503559,0.7550523,
00000000000000000045_0,0.7668868,0.815914,0.6282615,0.7698362,0.72392946,0.7441449,0.77914613,0.73934835,0.76767397,0.76504415,0.8452381,0.76996,0.7404022,0.8533843,0.81551766,0.74445564,1.155811,0.8210707,0.8214936,0.8433975,0.8187404,0.75842124,0.87531483,0.85339063,0.8810484,0.7776863,0.87132275,0.7517127,0.5983351,0.7777778,0.6428975,0.6283353,0.7625679,
00000000000000000046_0,0.81477,0.8363712,0.7239935,0.72933275,0.76940036,0.631787,0.7284768,0.8102341,0.7578231,0.791343,0.80374014,0.86933696,0.71841156,0.76790124,0.8742433,0.8160074,0.86538464,0.85361874,0.8688053,0.85316753,0.85389173,0.8061756,0.82408166,0.8440487,0.7500533,0.8990991,0.8269231,0.81746364,0.6070405,0.70642614,0.6051613,0.6353183,0.7966922,
00000000000000000047_0,0.74492913,0.7153611,0.6504425,0.65895754,0.63558996,0.69477636,0.6463158,0.7185897,0.7839976,0.7608629,0.7396557,0.762365,0.72078216,0.74497485,0.7418767,0.73367697,0.7477863,0.76009643,0.78466356,0.7484103,0.7285106,0.773785,0.73627144,0.72432286,0.756591,0.7627119,0.7565892,0.7037442,0.6839594,0.73267734,0.6035389,0.6541538,0.637687,
00000000000000000048_0,0.7257933,0.7394775,0.77621484,0.7167139,0.7289513,0.75482404,0.71815944,0.84576696,0.6991558,0.7654088,0.7410573,0.7435746,0.70742935,0.7387387,0.7527294,0.72330654,0.74164045,0.7710316,0.8005654,0.7689186,0.7504094,0.801113,0.8080077,0.6682594,0.7926742,0.7946806,0.76838505,0.64504284,0.6552911,0.69949174,0.67072827,0.6231721,0.73319757,
00000000000000000049_0,0.7343986,0.7487923,0.7375717,0.6693321,0.7657738,0.76670295,0.74438685,0.7654723,0.82843256,0.82759285,0.8363999,0.7601774,0.66744405,0.7218845,0.802912,0.8085304,0.79923373,0.8267428,0.78926635,0.82846457,0.8318063,0.7720783,0.90415704,0.73663795,0.80720836,0.78216004,0.800182,0.7214217,0.7230341,0.73722625,0.6121529,0.7531836,0.7461665,
0000000000000000004a_0,0.74112505,0.7186312,0.71400875,0.72705543,0.6652031,0.7464466,0.76394755,0.7780441,0.7771907,0.8440208,0.7720234,0.78434783,0.8032579,0.77925456,0.7861439,0.82709736,0.84248704,0.8229965,0.76042455,0.80931586,0.78492606,0.75037974,0.9142857,0.70494664,0.81113696,0.7651367,0.77978134,0.7243402,0.7568988,0.69317347,0.58066106,0.74943167,0.7231086,
0000000000000000004b_0,0.8779911,0.8330357,0.67537826,0.71347916,0.75510204,0.8326693,0.8069553,0.7639961,0.7549523,0.84599763,0.8576434,0.68740135,0.6818182,0.70309275,0.6747673,0.7355701,0.70295894,0.7396976,0.7473287,0.70677644,0.7617057,0.7902942,0.83018017,0.74301976,0.8354358,0.81702125,0.8403949,0.6819194,0.69298655,0.701566,0.62519443,0.7632458,0.6607965,
0000000000000000004c_0,0.81896,0.7760428,0.7493723,0.7089033,0.757953,0.75695735,0.7667918,0.7760997,0.7647354,0.8542901,0.7905405,0.7828543,0.72160304,0.77512395,0.7661155,0.8139645,0.7892431,0.7878338,0.7936932,0.7955032,0.8273592,0.8253061,0.8059188,0.7584816,0.801172,0.7928457,0.8401026,0.702765,0.7866777,0.7660079,0.66843426,0.71402216,0.7410314,
0000000000000000004d_0,0.72858405,0.7430556,0.78523797,0.70210683,0.7207088,0.73422563,0.7406671,0.78751934,0.82377875,0.7907668,0.8276481,0.7578752,0.80540156,0.77436554,0.80551964,0.7876696,0.8188188,0.8446647,0.8143991,0.82561177,0.8772285,0.81675273,0.74877423,0.72061855,0.7968015,0.85568386,0.8562266,0.73156416,0.672209,0.63420427,0.64951456,0.6954207,0.7248062,
0000000000000000004e_0,0.76874846,0.7786358,0.76816213,0.7418033,0.75504106,0.7688061,0.75072855,0.80789024,0.80108577,0.8428225,0.8398429,0.7616968,0.76995206,0.78743345,0.81611705,0.8135175,0.8145943,0.825839,0.8415502,0.82351583,0.87990487,0.8268522,0.80784905,0.7379486,0.80558765,0.87461203,0.92907804,0.7223604,0.78975385,0.70462173,0.69664985,0.74220073,0.79814583,
0000000000000000004f_0,0.7626635,0.7265441,0.78758246,0.7411927,0.74845976,0.76638544,0.7973223,0.7890425,0.8605435,0.8190153,0.8581907,0.80339867,0.7413092,0.80154145,0.7972307,0.82482725,0.7629658,0.8175355,0.8204947,0.8222335,0.84110117,0.81512237,0.76494294,0.7381687,0.81071943,0.86162317,0.87996346,0.76834863,0.7266557,0.70454544,0.65007323,0.7579307,0.81269556,
00000000000000000050_0,0.84896755,0.7990733,0.7202862,0.7068172,0.77297044,0.752779,0.79454833,0.84392154,0.82076055,0.79051876,0.79708827,0.7221771,0.79580575,0.7598761,0.8030729,0.7819036,0.8164162,0.79024667,0.8423304,0.8509647,0.8586258,0.8085781,0.7986371,0.84207445,0.8157842,0.8288416,0.84980774,0.7302923,0.7822495,0.72865677,0.7248062,0.72890997,0.73735154,
00000000000000000051_0,0.8202247,0.7038753,0.727881,0.76010907,0.7666195,0.79429734,0.7438072,0.76869214,0.82544184,0.86116785,0.83035123,0.7631714,0.70610946,0.8204119,0.78333336,0.832293,0.7483948,0.73728436,0.5647611,0.82718605,0.73694545,0.72535557,0.80778635,0.6949851,0.81449026,0.8475722,0.8725115,0.7287915,0.7254142,0.6824966,0.64728534,0.7464213,0.74226063,
00000000000000000052_0,0.8462155,0.7685224,0.7490413,0.7552706,0.7426364,0.7582605,0.7608547,0.8030593,0.811235,0.8421881,0.8111476,0.8024835,0.75603867,0.8091168,0.7906977,0.73342973,0.78272444,0.78272605,0.80766517,0.7508685,0.7720964,0.5804922,0.8464912,0.7434334,0.793722,0.8295182,0.82553023,0.7821904,0.72815984,0.7298865,0.69854283,0.77427304,0.73389554,
00000000000000000053_0,0.78840846,0.7942605,0.757306,0.73880744,0.7743103,0.7923126,0.76916337,0.8126766,0.7846766,0.8762617,0.8639152,0.8252557,0.765978,0.728773,0.7979496,0.84017277,0.77186126,0.80060667,0.8501574,0.8751312,0.84209317,0.6752096,0.8113022,0.7158166,0.83209026,0.76196927,0.7853403,0.7547451,0.66459924,0.69578576,0.6714998,0.7510898,0.7386465,
00000000000000000054_0,0.7787908,0.740687,0.7344619,0.72061175,0.774313,0.75448275,0.81324744,0.80799145,0.77012074,0.81832206,0.78872937,0.77698743,0.74428064,0.7996297,0.80900246,0.7626303,0.76408803,0.7915937,0.8382627,0.8720033,0.82041174,0.75998163,0.78559464,0.75929886,0.8581165,0.9068873,0.87123233,0.7923251,0.77335596,0.7558733,0.7332197,0.7935103,0.7344701,
00000000000000000055_0,0.62403613,0.655214,0.5532934,0.567353,0.6481836,0.6141439,0.60410726,0.60311043,0.6181761,0.7169576,0.71742356,0.71878356,0.61917305,0.68418014,0.68840396,0.671875,0.75974375,0.7533227,0.6716662,0.78498137,0.59435076,0.70570236,0.66332275,0.65898347,0.70354575,0.71236086,0.7073648,0.6484418,0.61176133,0.6501529,0.562744,0.6419165,0.5737101,
00000000000000000056_0,0.6825303,0.6642463,0.5511426,0.56048214,0.68915105,0.601968,0.6257638,0.6401099,0.675,0.7270327,0.69234747,0.70176375,0.6796628,0.6891596,0.70076334,0.7092744,0.7848071,0.7587779,0.748592,0.82054675,0.62633455,0.762598,0.7131799,0.7590851,0.7577958,0.79889,0.760865,0.7195663,0.66,0.7251131,0.58211255,0.74271154,0.61897475,
00000000000000000057_0,0.6345726,0.5960265,0.47004607,0.4239766,0.48985344,0.56901747,0.5474531,0.46059334,0.5153188,0.5584491,0.54187745,0.52577317,0.48679033,0.5686065,0.69121814,0.58266747,0.5819398,0.59797865,0.6445302,0.6877947,0.47919536,0.5011292,0.5834186,0.646705,0.5699722,0.56832373,0.57809156,0.6014844,0.5900178,0.62206,0.48278353,0.45289564,0.46586043,
00000000000000000058_0,0.5691465,0.6596251,0.5933941,0.49069285,0.5823178,0.63625115,0.60467446,0.60653716,0.51670647,0.67026377,0.69967866,0.67243826,0.5932578,0.6067383,0.59661835,0.6544715,0.62655365,0.70931375,0.7106918,0.7332657,0.5635041,0.63245595,0.6582788,0.654164,0.67091477,0.6426991,0.6259434,0.6942127,0.59877574,0.6447205,0.7127216,0.7270977,0.5109005,
00000000000000000059_0,0.6823492,0.6702036,0.6228976,0.46452272,0.59477866,0.6367021,0.6165147,0.59664774,0.573342,0.6383257,0.6476578,0.6400634,0.5779699,0.6276508,0.630227,0.67795634,0.6486241,0.7019718,0.71878517,0.75822455,0.5707447,0.7601833,0.7164812,0.6783723,0.715224,0.73663366,0.70806587,0.6847468,0.70574844,0.67072296,0.7021109,0.7523096,0.5173778,
0000000000000000005a_0,0.6539666,0.64897716,0.6193369,0.6775341,0.66426367,0.646634,0.6825112,0.68851393,0.7182609,0.69960475,0.75254816,0.6866841,0.68446213,0.6932811,0.7020958,0.68688846,0.6936679,0.6718598,0.69392586,0.78543353,0.5997161,0.6814203,0.74642855,0.7110637,0.7985685,0.7780966,1.2866635,0.67397624,0.6334601,0.61797136,0.5959526,0.7244998,0.6295703,
0000000000000000005b_0,0.66152817,0.6679012,0.64351463,0.66389465,0.6659467,0.64727014,0.63417476,0.68952525,0.63390315,0.6625181,0.6701987,0.6676074,0.668568,0.681026,0.6732796,0.6836567,0.6868167,0.7520839,0.6659878,0.7346314,0.70613563,0.6715201,0.68994975,0.7358491,1.0013655,0.78344977,0.6875329,0.67303944,0.6803529,0.64638656,0.56363636,0.65667164,0.6815809,
0000000000000000005c_0,0.79713535,0.74805266,0.71853787,0.7558513,0.7452782,0.7965024,0.76389503,0.80204463,0.7520938,0.861489,0.80339634,0.70256126,0.7485938,0.7599525,0.8223862,0.82865655,0.7721218,0.8086633,0.76876515,0.7817048,0.76690394,0.7390287,0.83507854,0.7593656,0.89364356,0.86607707,0.7914614,0.7481329,0.7275405,0.72189164,0.69203746,0.7351836,0.6891072,
0000000000000000005d_0,0.6630332,0.67579406,0.6449704,0.6374675,0.6909747,0.69616115,0.6891151,0.6866585,0.7185094,0.6848412,0.7589499,0.6915862,0.68401086,0.73557824,0.6818307,0.7243419,0.7389535,0.72851807,0.6775862,0.75782686,0.6655093,0.6642269,0.72126096,0.69046944,0.79684955,0.7467591,0.72602737,0.63234174,0.6303822,0.6291503,0.6280064,0.7055418,0.64921355,
0000000000000000005e_0,0.6866646,0.6655032,0.6234384,0.63727957,0.7350828,0.6874667,0.6516889,0.669007,0.6741674,0.6923077,0.6935769,0.71037626,0.7061662,0.68038744,0.7268676,0.7073561,0.7035386,0.74087983,0.7437596,0.73275864,0.6318362,0.7311127,0.77568865,0.7108776,0.83665067,0.7642089,0.75227165,0.70873266,0.70944035,0.67518455,0.588552,0.69380736,0.6348619,
0000000000000000005f_0,0.64920914,0.61583924,0.59668154,0.6031233,0.64230174,0.655692,0.64910066,0.62288684,0.63182616,0.64591193,0.66100705,0.6342726,0.61774194,0.6052905,0.61445785,0.6364123,0.62520546,0.6670391,0.62665945,0.6751958,0.62884337,0.6602243,0.7133363,0.6549043,0.7626527,0.7037402,0.6603102,0.6337364,0.5439094,0.6305876,0.584771,0.62334055,0.6355999,
00000000000000000060_0,0.75097096,0.7274904,0.7054398,0.7243356,0.70429343,0.7447796,0.7802293,0.7893114,0.7671642,0.8029104,0.80990756,0.7868937,0.77492815,0.81785554,0.816173,0.8196465,0.7814144,0.79133946,0.821547,0.8203533,0.82960224,0.78191364,0.8559934,0.7516214,0.89556724,0.88791513,0.83429515,0.7198218,0.7482243,0.7375281,0.71575844,0.7699891,0.71268356,
00000000000000000061_0,0.58059776,0.56675357,0.5853278,0.62170017,0.4868421,0.42819774,0.5798833,0.5283308,0.50223416,0.48956135,0.46810228,0.52380955,0.5888466,0.51524794,0.49277025,0.4662162,0.5106068,0.5218077,0.5325503,0.5716936,0.57959086,0.5475153,0.5977263,0.5247525,0.59896934,0.6221219,0.5797101,0.5479488,0.59704167,0.56492674,0.4431351,0.56903994,0.6050909,
00000000000000000062_0,0.59173125,0.5624626,0.55722237,0.58589303,0.4421456,0.46216682,0.5478469,0.4767514,0.46219796,0.45780796,0.4107394,0.48432055,0.56159306,0.45728353,0.43881527,0.4050959,0.438845,0.4035887,0.45045477,0.53246754,0.47911778,0.5183113,0.5353792,0.5194805,0.45233685,0.53177255,0.5511222,0.5526791,0.60505223,0.5047816,0.42161584,0.52393615,0.59235233,
00000000000000000063_0,0.67105734,0.643377,0.70334077,0.72378516,0.60338485,0.6086788,0.6389916,0.62007946,0.6904464,0.6314764,0.6154665,0.6286058,0.67011017,0.8415228,0.62906045,0.6284585,0.6174709,0.6600143,0.7626225,0.7715765,0.70636755,0.7128378,0.7652608,0.7053465,0.7585995,0.82125604,0.76332897,0.6669316,0.6794307,0.68607223,0.53491944,0.70470315,0.6312608,
00000000000000000064_0,0.6309963,0.6022244,0.61100495,0.643265,0.513246,0.5596562,0.66341615,0.56071806,0.603839,0.6513483,0.53379613,0.57089424,0.59731543,0.6246633,0.5761546,0.5400119,0.5695946,0.53484267,0.6092019,0.6659818,0.5909342,0.58177084,0.63686174,0.6303092,0.7232747,0.7741935,0.7244803,0.6353027,0.53213704,0.56258893,0.5307557,0.7018104,0.5994609,
00000000000000000065_0,0.6663255,0.5104662,0.57872033,0.5852722,0.5002869,0.45670125,0.64291567,0.4587201,0.57622993,0.5840276,0.47791907,0.53805214,0.64471275,0.5654521,0.56856185,0.5882197,0.5759264,0.628,0.61667925,0.6699905,0.61828816,0.5648469,0.62347305,0.5318275,0.66583914,0.74541664,0.68264645,0.58914727,0.4535003,0.44955528,0.45940113,0.71946144,0.57685494,
00000000000000000066_0,0.6293706,0.58795565,0.6247704,0.51934606,0.5517429,0.5241915,0.62882215,0.5508021,0.53887546,0.6694963,0.5533618,0.5156751,0.5620053,0.53910476,0.56962913,0.5921522,0.5067313,0.53179485,0.6066386,0.7037436,0.5754912,0.59466666,0.6565041,0.5758299,0.69967175,0.787031,0.726848,0.5990286,0.59386134,0.59767073,0.52394366,0.5631943,0.5827248,
00000000000000000067_0,0.7004219,0.72319585,0.6835778,0.6688508,0.78286296,0.70016474,0.73958015,0.76847684,0.66765386,0.71607316,0.74590373,0.76071995,0.72087973,0.7610869,0.7290707,0.74347335,0.6586433,0.792234,0.7498716,0.79067016,0.7392092,0.73754686,0.81905526,0.724398,0.81075466,0.8320305,0.75298613,0.6965712,0.67306215,0.73400605,0.56509924,0.69558275,0.7072588,
00000000000000000068_0,0.7495,0.78162265,0.74636275,0.7425659,0.792517,0.7588839,0.85212183,0.83451664,0.77326035,0.8204368,0.81594086,0.7740204,0.7910768,0.74845725,0.77352554,0.8494519,0.78793323,0.7995546,0.8083588,0.7975567,0.8626543,0.76049185,0.84305924,0.820697,0.8977714,0.7720913,0.760929,0.74764514,0.7772009,0.77055734,0.66694146,0.7261326,0.7415459,
00000000000000000069_0,0.7527559,0.77564764,0.7185107,0.72718585,0.75798553,0.78610384,0.8217213,0.8025221,0.7634461,0.85153764,0.80949813,0.765184,0.7879168,0.7658674,0.7598311,0.8651084,0.76602983,0.8066438,0.8023113,0.7983313,0.77310926,0.76786596,0.83873683,0.8058756,0.913634,0.83339,0.71372646,0.7583055,0.7481627,0.7608752,0.68630105,0.7367585,0.7209181,
0000000000000000006a_0,0.79136693,0.796034,0.6540911,0.7432223,0.71395564,0.7003303,0.72047323,0.60339206,0.68421054,0.7143525,0.6566906,0.60922927,0.79415286,0.5953551,0.6190251,0.6427821,0.69017917,0.6448812,0.71290445,0.80146164,0.628101,0.6943231,0.74984366,0.70442677,0.73239803,0.7344106,0.7486888,0.79785895,0.7060427,0.50320894,0.5430996,0.6839526,0.65773475,
0000000000000000006b_0,0.6825397,0.6560186,0.68355066,0.72665834,0.75251603,0.5712695,0.6085065,0.6683053,0.68574834,0.6108751,0.72062486,0.69817233,0.65256125,0.72918516,0.6994251,0.67706513,0.6997873,0.69754255,0.67116064,0.74931747,0.6473863,0.6071635,0.7207523,0.65512264,0.71645415,0.77448845,0.7326892,0.7010969,0.68354726,0.6460385,0.6187399,0.5360941,0.6492772,
0000000000000000006c_0,0.7196894,0.701845,0.6875249,0.6215019,0.661738,0.53477335,0.6946842,0.71008855,0.7856506,0.7460821,0.67724866,0.7181996,0.69156396,0.7067637,0.70770556,0.7075918,0.7572738,0.7396209,0.78745097,0.6458056,0.6641075,0.5826484,0.8027579,0.66486484,0.7459488,0.7282934,0.7933097,0.6091791,0.68276185,0.63613445,0.57262504,0.50816816,0.6855725,
0000000000000000006d_0,0.7098549,0.7147549,0.6622304,0.68406206,0.6659745,0.57412094,0.6411225,0.6328438,0.6939917,0.708233,0.69163954,0.7062385,0.6994302,0.7078224,0.56409687,0.5560689,0.5560195,0.5601478,0.64105904,0.6866197,0.62785053,0.6022491,0.75819,0.691881,0.7580093,0.7390625,0.7008481,0.6962798,0.7108607,0.64065963,0.5509226,0.498833,0.6380997,
0000000000000000006e_0,0.6589621,0.7296615,0.67860264,0.7049931,0.6938951,0.5700458,0.67030245,0.71798706,0.6874351,0.66490895,0.68932915,0.62919635,0.6825706,0.66674304,0.66224366,0.63394344,0.7195663,0.76605505,0.7295511,0.7276209,0.6705608,0.6761364,0.70423806,0.6828419,0.69408566,0.69223636,0.6930423,0.7176591,0.6195709,0.65186244,0.5408761,0.42072248,0.6434962,
00000000000000000071_0,0.66875404,0.7054095,0.73645985,0.73944134,0.801011,0.6892523,0.7811506,0.7961877,0.5693825,0.58451957,0.7436368,0.7249549,0.7151202,0.7434772,0.73835033,0.7764897,0.79256773,0.81191987,0.82102025,0.7823858,0.6961033,0.7741021,0.8638671,0.71435314,0.8291211,0.8156471,0.76299214,0.79630023,0.77228594,0.75409836,0.6313339,0.5342585,0.6806931,
00000000000000000074_0,0.7082228,0.78169316,0.7882502,0.7175388,0.7831016,0.72472036,0.79763144,0.8075137,0.8517092,0.8687131,0.75210536,0.7404173,0.795568,0.77693677,0.7938567,0.76702785,0.73130196,0.7696425,0.8323547,0.83633965,0.8226601,0.8162213,0.81773067,0.78306335,0.8532915,0.8607438,0.81143606,0.7877095,0.8058883,0.77682406,0.6885701,0.6571308,0.73956865,
00000000000000000075_0,0.76345986,0.70804197,0.67420006,0.71035117,0.6934824,0.63700885,0.6557261,0.7012391,0.7145451,0.7117884,0.72439075,0.74655205,0.67927295,0.71794873,0.7073973,0.6925593,0.67354155,0.7229641,0.7664449,0.7735658,0.7473481,0.6617433,0.7398305,0.7266078,0.74289125,0.7293729,0.7614679,0.7695214,0.6651048,0.53903943,0.530092,0.6667524,0.5966345,
00000000000000000076_0,0.76223177,0.715212,0.6944024,0.69513315,0.7511033,0.6474501,0.6977682,0.74386394,0.72610205,0.8210252,0.7480597,0.7883939,0.6818182,0.7514451,0.75058824,0.7495678,0.75,0.8540886,0.79218966,0.71801704,0.66595936,0.6857804,0.8300181,0.7382009,0.84978455,0.84189004,0.7866185,0.7773271,0.7686084,0.6612324,0.66854906,0.7135833,0.66789806,
00000000000000000077_0,0.6330377,0.59930617,0.6338429,0.6609096,0.71095574,0.7411998,0.68464273,0.70327455,0.7295597,0.8167167,0.7992472,0.78468573,0.694382,0.7535723,0.70389986,0.76511747,0.63277,0.6762142,0.75107294,0.70902914,0.6973437,0.709692,0.7469073,0.62494904,0.79957986,0.82276726,0.818517,0.6585821,0.64004207,0.6820016,0.45382032,0.55832684,0.66894865,
00000000000000000078_0,0.69042146,0.7401901,0.66045547,0.6157965,0.7507003,0.73703706,0.78324896,0.7199289,0.7631297,0.7666595,0.803441,0.77000254,0.7339075,0.6810648,0.6675774,0.7014157,0.5858867,0.6177494,0.8604463,0.7472318,0.768315,0.5769854,0.68894243,0.67340374,0.83061314,0.6816817,0.7537468,0.64972013,0.61919194,0.65179485,0.5659229,0.656631,0.5970516,
00000000000000000079_0,0.6947478,0.6572209,0.59611523,0.61418146,0.5472457,0.5867251,0.62771815,0.6360461,0.6611681,0.6550375,0.73846644,0.7394958,0.58416665,0.646813,0.6341818,0.6728188,0.6465542,0.67695963,0.68252975,0.73844814,0.6963011,0.5924296,0.7048601,0.60566854,0.74155927,0.776879,0.7725595,0.63285667,0.6036036,0.6052096,0.44551724,0.61640954,0.5100629,
0000000000000000007a_0,0.774913,0.6292495,0.7055966,0.70189434,0.6423725,0.66168755,0.75976217,0.8149227,0.6643002,0.66040426,0.77406216,0.7155766,0.7963061,0.78508973,0.71293163,0.6900975,0.6763031,0.6537468,0.7725962,0.755451,0.7628357,0.6370986,0.7225807,0.8127708,0.7267988,0.7428807,0.79025906,0.68532777,0.7612973,0.6377886,0.6237762,0.6025193,0.62737095,
0000000000000000007b_0,0.72117126,0.684485,0.77592117,0.78849405,0.78327394,0.7886488,0.7250204,0.66609293,0.68346214,0.7296234,0.728454,0.6975008,0.75124377,0.7103026,0.8089239,0.7158774,0.74118835,0.7783697,0.8433007,0.7878788,0.789532,0.7711489,0.6369288,0.65908486,0.848262,0.82055676,0.7584175,0.8150087,0.65135396,0.7147266,0.5834839,0.74810386,0.7175446,
0000000000000000007c_0,0.70997924,0.7671296,0.69635326,0.6413986,0.69865185,0.6200918,0.7502772,0.7388099,0.7104173,0.7951064,0.80392903,0.76979095,0.69104016,0.54291624,0.6680879,0.6536357,0.6900416,0.7603516,0.78503644,0.73659825,0.7058502,0.66165906,0.7457934,0.68225265,0.793722,0.77332604,0.8364611,0.73097897,0.59902954,0.6276392,0.5809421,0.70166296,0.7462524,
0000000000000000007d_0,0.673681,0.6994935,0.6643817,0.6524702,0.6611675,0.6135321,0.68050027,0.7404664,0.7573872,0.84300596,0.817582,0.7089659,0.6459586,0.6328539,0.71359557,0.72471535,0.6789157,0.69690347,0.80509746,0.7323183,0.7020666,0.8135179,0.8068794,0.60220635,0.8175,0.80111235,0.7733125,0.67970204,0.6738778,0.623393,0.62843657,0.61897475,0.6690321,
0000000000000000007e_0,0.6402387,0.75672877,0.6656618,0.6316547,0.63543004,0.6040609,0.71288645,0.71582925,0.6802136,0.7234957,0.69258267,0.54966885,0.71621287,0.58184904,0.62841976,0.63566965,0.59696394,0.7614439,0.8386046,0.730524,0.6302359,0.50524896,0.7472495,0.6346422,0.8509116,0.82588774,0.7849208,0.64255077,0.7663215,0.7014622,0.50889677,0.6652743,0.7274212,
0000000000000000007f_0,0.5535877,0.5995465,0.524101,0.6540931,0.61230636,0.560116,0.57961786,0.59401613,0.5702523,0.55672824,0.670196,0.5446686,0.64742786,0.58203447,0.56274873,0.6586096,0.58734864,0.62794477,0.7015696,0.66408837,0.63494134,0.5805584,0.63267815,0.67192036,0.57751936,0.61394334,0.6173522,0.6870802,0.57554835,0.6456177,0.5882353,0.6738848,0.6062311,
00000000000000000080_0,0.7632933,0.73496026,0.7342419,0.746066,0.6103759,0.723589,0.71345186,0.75892496,0.719981,0.73913044,0.8100396,0.77374786,0.6871116,0.8163813,0.77874,0.6670995,0.7414294,0.7941989,0.79899937,0.7540081,0.7766423,0.6858006,0.811399,0.72160995,0.77982134,0.78296614,0.83343273,0.7858628,0.6969121,0.62781954,0.57037455,0.7555854,0.64838254,
00000000000000000081_0,0.79855466,0.5133333,0.6286401,0.63619745,0.6893694,0.6976197,0.6731107,0.6514094,0.6569165,0.67852575,0.63276523,0.6927445,0.76571923,0.72431076,0.66571593,0.6338596,0.6241901,0.6733642,0.6840382,0.7009595,0.7593361,0.6757953,0.7955408,0.5890797,0.7314393,0.72788745,0.7188893,0.69714284,0.7067669,0.6535478,0.56444126,0.4100477,0.60817385,
00000000000000000082_0,0.6498254,0.6616712,0.7077364,0.7146204,0.73401535,0.6911301,0.76769817,0.7449863,0.7126906,0.7645405,0.78424656,0.74848145,0.7020829,0.75196505,0.7231353,0.72990113,0.7610261,0.7999084,0.7822168,0.7932355,0.71917963,0.7488846,0.7593925,0.68821293,0.729448,0.79735196,0.8226066,0.6385312,0.67171353,0.65722656,0.59609807,0.60213906,0.6960182,
00000000000000000083_0,0.77471167,0.8055439,0.7234213,0.7595715,0.78163004,0.6941306,0.8125123,0.77059096,0.73914874,0.77227724,0.8186703,0.8169287,0.7386131,0.80377513,0.798642,0.75511944,0.7911302,0.8187514,0.7873352,0.84757507,0.80314803,0.78430426,0.7800475,0.72465754,0.7944529,0.8322672,0.7949053,0.7211888,0.7363961,0.7409382,0.6739861,0.654321,0.70380217,
00000000000000000084_0,0.5729473,0.47340554,0.714021,0.676207,0.76498514,0.6745672,0.6469741,0.7881041,0.69677925,0.7076137,0.650232,0.5486068,0.5633319,0.70060205,0.6816712,0.65887445,0.57713205,0.7438566,0.7590361,0.76984787,0.75049114,0.41810614,0.7598584,0.63519657,0.72559524,0.71656334,0.7183908,0.6432794,0.6952064,0.5958904,0.64076287,0.58432305,0.6042608,
00000000000000000085_0,0.5132409,0.5027223,0.64291656,0.66290927,0.61796045,0.60477453,0.658037,0.7584324,0.6687196,0.6816576,0.7437568,0.6808436,0.5848007,0.7137177,0.7126071,0.6721971,0.57209593,0.7371329,0.78488374,0.7511724,0.7150769,0.40321976,0.86335695,0.60206383,0.80174226,0.69416076,0.7132456,0.629393,0.6712024,0.67403316,0.6260792,0.53280544,0.57724136,
00000000000000000086_0,0.75497174,0.7917165,0.70676506,0.7360976,0.41401604,0.6572412,0.63378996,0.6155642,0.58843535,0.57885724,0.64898795,0.68491733,0.79445845,0.7008859,0.6483942,0.60800904,0.63833934,0.67356116,0.7637717,0.79942185,0.56896937,0.5753086,0.56451994,0.755428,0.69245416,0.7114602,0.57654583,0.7698233,0.74138683,0.67675465,0.66461045,0.66013074,0.72082824,
00000000000000000087_0,0.6563422,0.75468796,0.6586587,0.6840023,0.7221796,0.586239,0.6433333,0.68636364,0.67269593,0.7409856,0.7206736,0.65309817,0.66794187,0.73127466,0.6614357,0.6267837,0.6756268,0.72452337,0.71976125,0.7475232,0.7812204,0.65220106,0.7003699,0.62112087,0.80649525,0.72448254,0.7671743,0.6900033,0.60652465,0.7021471,0.6008316,0.5882353,0.6792363,
00000000000000000088_0,0.6303716,0.72124815,0.63048685,0.6715712,0.7618787,0.553719,0.7046495,0.7160494,0.6461066,0.74412334,0.68618786,0.67945826,0.6546079,0.7307236,0.66540164,0.6570973,0.69825023,0.7279522,0.72771674,0.7611128,0.7877238,0.6926121,0.73272413,0.68133175,0.820089,0.7401575,0.79115766,0.7223188,0.6305733,0.58789545,0.5762032,0.5959206,0.6120324,
00000000000000000089_0,0.64922845,0.679445,0.75,0.7467533,0.7742111,0.750838,0.73958033,0.8079239,0.80992764,0.7736842,0.7486911,0.7324879,0.64004695,0.7723077,0.82127446,0.7846154,0.7365407,0.81122994,0.85311335,0.79946196,0.83948636,0.81284493,0.8229592,0.6694362,0.7580262,0.6700293,0.7545971,0.6973108,0.6585043,0.63390094,0.6060456,0.6031927,0.67832536,
0000000000000000008a_0,0.6611257,0.71849626,0.72153634,0.70684934,0.6943543,0.7180784,0.70057005,0.7524664,0.7592822,0.71361226,0.78001255,0.797301,0.72365195,0.75668824,0.7596042,0.75767195,0.74895895,0.7962408,0.8276367,0.778492,0.79374844,0.7934481,0.80124533,0.6810396,0.7021884,0.8206054,0.79854506,0.7233677,0.68465996,0.7757143,0.56513816,0.5912512,0.64513445,
0000000000000000008b_0,0.79797006,0.664945,0.55123675,0.6255144,0.72599787,0.6350826,0.67390776,0.6899777,0.67519116,0.71776545,0.736366,0.8736426,0.72127986,0.70719725,0.67483485,0.6824206,0.73,0.6998203,0.6835206,0.53522015,0.66928756,0.6600228,0.7746339,0.6347784,0.68520576,0.6926595,0.6154904,0.65376985,0.5497091,0.64724267,0.5812987,0.5806531,0.6311745,
0000000000000000008c_0,0.68122786,0.78278804,0.5863301,0.67691934,0.66092104,0.6183401,0.7731679,0.66012764,0.70604146,0.75282854,0.77762926,0.75648147,0.7409505,0.7334873,0.69272125,0.72630143,0.6088143,0.7408464,0.74055827,0.7651566,0.65176356,0.6874856,0.8019802,0.7303247,0.73808277,0.77862275,0.67501694,0.73359394,0.6779541,0.63794774,0.59239906,0.5195949,0.5882213,
0000000000000000008d_0,0.6334216,0.63793105,0.63790905,0.7095571,0.7393986,0.6510775,0.68722683,1.1182296,0.65480226,0.8598024,0.8011389,0.640067,0.69061875,0.697431,0.60722464,0.72155756,0.6781184,0.6870886,0.7504282,0.81809723,0.76803654,0.6854839,0.7854705,0.76118535,0.75902337,0.7537824,0.68451715,0.61319536,0.72536427,0.23023622,0.434772,0.43325722,0.789272,
0000000000000000008e_0,0.5961737,0.6316472,0.6914672,0.75016296,0.7509482,0.63152707,0.6644967,0.76275074,0.70117646,0.8197292,0.7466636,0.6521277,0.6829372,0.65702087,0.64287406,0.6911083,0.62871796,0.6478318,0.7181495,0.78345793,0.74661857,0.6565605,0.7616893,0.7565859,0.7450708,0.7185258,0.6504677,0.62982005,0.65756017,0.6894873,0.63124853,0.5645617,0.7222353,
0000000000000000008f_0,0.82459086,0.87635535,0.7992492,0.80244434,0.82221204,0.81143314,0.81233346,0.8557772,0.80256987,0.82890975,0.73152876,0.83494055,0.74961597,0.82741857,0.8541217,0.8618182,0.7431978,0.8352941,0.7509778,0.7533853,0.76959175,0.7386117,0.78238595,0.7355196,0.8304023,0.6840364,0.7600155,0.8036606,0.78084415,0.8004768,0.72349125,0.6772034,0.8152132,
00000000000000000090_0,0.8267913,0.8407236,0.74578345,0.7809322,0.81073946,0.78714937,0.80004317,0.8341503,0.77343076,0.79741275,0.80712384,0.80757326,0.84422594,0.7628646,0.8356968,0.81876284,0.7391518,0.7174343,0.752587,0.7308869,0.75865054,0.7770256,0.8043573,0.82110846,0.8412208,0.86576897,0.8252388,0.7610369,0.8534351,0.78487945,0.7733615,0.7207818,0.77478874,
00000000000000000091_0,0.050567597,-0.002676182,-0.208,-0.1306332,-0.09032944,-0.19335347,-0.2154088,-0.09859155,-0.11460259,-0.26797387,-0.10006627,-0.22484472,0.07100592,-0.17289972,-0.044657096,-0.07980769,-0.26308346,-0.12933525,-0.22624743,0.04990329,-0.032490976,-0.15944882,0.12998714,-0.16809116,-0.07164179,0.029661017,0.035881434,-0.21218488,0.07171315,-0.10196445,0.0859454,0.07172996,0.106481485,
00000000000000000092_0,0.0054171183,-0.07204385,-0.12128713,-0.28453946,-0.1368421,-0.2098476,-0.19511265,-0.12648222,-0.1342555,-0.22883599,-0.10019907,-0.1557252,0.094147585,-0.15660074,-0.35436383,-0.0025974025,-0.07079646,0.06527778,-0.1481719,0.013039934,-0.13569938,-0.19665273,0.019417476,-0.16606312,-0.05172414,0.36386138,0.064827584,-0.25462964,-0.030837005,-0.13378684,-0.013171226,0.07206068,0.07325383,
00000000000000000093_0,0.0974359,0.69729346,-0.065789476,-0.20759837,-0.21118881,-0.19029851,-0.21147227,-0.24007936,-0.17197452,-0.27818894,-0.08825397,-0.22855353,0.22440088,-0.21558164,-0.30508474,-0.09970675,-0.11178248,-0.102841675,-0.18318318,-0.18199052,-0.17529881,-0.20997123,-0.11198428,-0.22392638,-0.05248619,0.066273935,-0.05222437,-0.34739456,-0.11020408,-0.13378684,0.15244667,0.02110818,0.14126097,
00000000000000000094_0,0.16962843,0.75,0.14037217,-0.13722268,-0.13535354,-0.19568151,-0.20446669,-0.2364946,-0.115996964,-0.29969013,-0.078419454,0.11827957,0.44613105,-0.20273632,-0.19512194,-0.11627907,-0.19096711,-0.026987601,-0.29294756,-0.37823835,-0.09698997,-0.19290929,-0.13060428,-0.14535902,-0.054282267,-0.030434782,-0.08444444,-0.25259516,-0.06867672,-0.12601994,0.084337346,0.020942409,-0.2193159,
00000000000000000095_0,0.06896552,-0.04074074,-0.016453382,-0.31240505,-0.16421291,-0.2536946,-0.2164009,-0.2722833,-0.11582135,-0.26222825,-0.3084577,-0.18091914,0.12164948,-0.21084954,-0.21128699,0.07175295,-0.29565218,-0.020301927,-0.15247196,-0.16478111,-0.11620294,-0.1750503,-0.097165994,0.24071082,-0.07172996,0.03504043,-0.08973173,-0.25287357,-0.007518797,-0.101584345,0.039537128,0.0708035,0.14652957,
00000000000000000096_0,0.70857364,0.72337246,0.6953227,0.753412,0.6979167,0.7156166,0.7365876,0.7810824,0.774578,0.7711556,0.7713598,0.78580993,0.7367973,0.8367347,0.6775746,0.77011496,0.77580684,0.76160926,0.8443253,0.801275,0.7960079,0.7112712,0.80948454,0.68475455,0.79962826,0.86601245,0.8229167,0.7255727,0.7448259,0.66682374,0.639256,0.51892173,0.6596613,
00000000000000000097_0,0.6783734,0.5521199,0.66071904,0.6820809,0.6874494,0.5626199,0.7601366,0.68807787,0.6062205,0.6637894,0.6547389,0.61356676,0.68862796,1.0389905,0.58444774,0.6192855,0.68195575,0.63589853,0.73956835,0.6956422,0.71920717,0.6667524,0.71988666,0.5989796,0.6936216,0.7194983,0.6667473,0.60735875,0.7075472,0.6733367,0.5591014,0.48527968,0.63617986,
00000000000000000098_0,0.76542056,0.71490175,0.67379934,0.68083656,0.7065968,0.66836995,0.6764866,0.69988865,0.71462333,0.71641433,0.77187,0.7211591,0.75258774,0.73843783,0.73607355,0.685442,0.7039106,0.74924684,0.84974194,0.7705828,0.7747454,0.7078652,0.78563285,0.6390414,0.7809863,0.809485,0.88398176,0.7234513,0.68388385,0.6068334,0.61747736,0.40476775,0.6420095,
00000000000000000099_0,0.7361751,0.5794105,0.6954023,0.65718067,0.71896106,0.71665484,0.6249325,0.65108556,0.5939115,0.6,0.63665336,0.6568823,0.72789896,0.6189479,0.6001307,0.5987074,0.6311031,0.5932914,0.7943604,0.4763564,0.62868524,0.63197756,0.70096886,0.68651277,0.6514599,0.64343107,0.6581063,0.71070933,0.66276044,0.5173387,0.573595,0.4443875,0.663891,
0000000000000000009a_0,0.71330667,0.73272413,0.70077175,0.6781116,0.662908,0.6423438,0.6204766,0.63625556,0.6482045,0.6619652,0.69888693,0.70962965,0.70937127,0.7104195,0.5850323,1.1714286,0.6367276,0.6352539,0.72706336,0.6434741,0.6792453,0.57281554,0.7269038,0.7036329,0.70363593,0.6622976,0.7253473,0.7104228,0.721655,0.6724463,0.5967946,0.5040956,0.62166405,
0000000000000000009b_0,0.7213495,0.7528939,0.6840364,0.7211562,0.6706072,0.7915022,0.72727275,0.63266414,0.6446215,0.71465296,0.81251353,0.7671111,0.70017135,0.7421398,0.5994872,0.6631056,0.718078,0.6785623,0.70583993,0.70810056,0.7091746,0.6997863,0.7557411,0.6652553,0.75446963,0.7973489,0.8002826,0.7004619,0.74484164,0.6464052,0.6455049,0.5423864,0.65820795,
0000000000000000009c_0,0.6973574,0.6827225,0.61678725,0.5896774,0.6337079,0.63363636,0.6414613,0.64855844,0.79167616,0.66481996,0.67385757,0.66305953,0.7935454,0.6739243,0.7267486,0.798791,0.72768825,0.6826087,0.7571776,0.7837721,0.7100641,0.75838923,0.7774886,0.74948,0.76352066,0.85260534,0.8683224,0.7183833,0.6813983,0.5757389,0.54136354,0.67155594,0.55628157,
0000000000000000009d_0,0.7360825,0.7554039,0.7417289,0.6902706,0.7316017,0.7084481,0.73769045,0.7281354,0.8062928,0.77093536,0.7266491,0.7358722,0.8468328,0.7799511,0.78279704,0.7980317,0.74175036,0.754858,0.8249856,0.84531355,0.76564276,0.8046836,0.78733146,0.7817362,0.8075874,0.86725664,0.883905,0.76634353,0.7321848,0.6946944,0.64962006,0.728419,0.61194754,
0000000000000000009e_0,0.72893137,0.7715586,0.69283277,0.6580311,0.70255476,0.6798623,0.7702903,0.7127217,0.78177726,0.7802051,0.71356666,0.6810345,0.83558327,0.7352544,0.69455725,0.77773535,0.7289014,0.7040951,0.792416,0.7416683,0.71044844,0.77633834,0.8052343,0.7690669,0.7473257,0.857116,0.8563861,0.7460776,0.73383397,0.6411017,0.628593,0.7198712,0.6080422,
0000000000000000009f_0,0.64598304,0.7310221,0.6677567,0.7281233,0.747412,0.70377886,0.671371,0.7259215,0.7576726,0.71366906,0.74247724,0.71311027,0.72112536,0.7114113,0.7562707,0.7859754,0.73250294,0.74019027,0.7590442,0.7939034,0.7303482,0.6621236,0.7059029,0.71421105,0.7356577,0.76287425,0.6973899,0.7285429,0.7368421,0.66114104,0.5514512,0.643586,0.6105783,
000000000000000000a0_0,0.6870987,0.771474,0.7338273,0.7549116,0.75429326,0.72868025,0.72840106,0.6873729,0.723029,0.7249284,0.71798277,0.7453373,0.8021756,0.65426475,0.7931961,0.76661026,0.76324844,0.7606501,0.8167442,0.7841626,0.59653765,0.6102541,0.66638863,0.81083846,0.79120183,0.76719576,0.6255708,0.7803522,0.6743335,0.7458613,0.5600437,0.6419165,0.636649,
000000000000000000a1_0,0.7136752,0.7226667,0.6737267,0.7391868,0.7476001,0.68203235,0.73258007,0.7194371,0.7617103,0.70556307,0.7178618,0.7117347,0.694334,0.59767026,0.7667537,0.7730588,0.70838016,0.72024846,0.7959472,0.7535992,0.6569739,0.57519627,0.62872976,0.7351661,0.7382016,0.6724234,0.6061069,0.7364834,0.5762403,0.5542807,0.56977504,0.6542864,0.6195233,
000000000000000000a2_0,0.669404,0.678935,0.6258485,0.6936715,0.7572435,0.75638765,0.678754,0.81561375,0.7889627,0.7780444,0.96978104,0.6988681,0.7050562,0.71702015,0.8066554,0.7767161,0.7303371,0.7807876,0.80289423,0.80770993,0.7867024,0.6520461,0.71086,0.6298851,0.7448148,0.7688586,0.686544,0.68668014,0.74869823,0.6450681,0.52425057,0.71851146,0.55998147,
000000000000000000a3_0,0.75776595,0.71500474,0.6842428,0.7102824,0.6997562,0.77238405,0.7111894,0.732246,0.6968375,0.74747145,0.68558675,0.8007726,0.7863196,0.8519,0.741054,0.75399274,0.6910324,0.8362541,0.80622464,0.82598037,0.7241015,1.3582659,0.84157443,0.75550985,0.76106757,0.8117809,0.75720644,0.8017544,0.73885036,0.6873799,0.6428765,0.6933219,0.73431283,
000000000000000000a4_0,0.72645974,0.80170256,0.6616282,0.75693923,0.7332973,0.7538905,0.73807794,0.77197564,0.66407716,0.7456262,0.7726141,0.74883723,0.7618799,0.81180453,0.7447119,0.7372144,0.67776775,0.7399207,0.8699147,0.78160375,0.8189904,0.7431569,0.89294404,0.77636665,0.82858634,0.83255816,0.7977322,0.7715999,0.68994415,0.71943766,0.47586635,0.75481796,0.6960062,
000000000000000000a5_0,0.6865834,0.8117423,0.66495836,0.7440084,0.72103614,0.7773131,0.7511259,0.7682961,0.709548,0.80581325,0.7366401,0.78318477,0.80498147,0.78105557,0.6945083,0.74076945,0.6764846,0.7248555,0.8574644,0.7632933,0.79604036,0.6977051,0.8994146,0.81664854,0.7606282,0.81582654,0.78244936,0.8182754,0.711118,0.74389875,0.6152047,0.8008838,0.68814635,
000000000000000000a6_0,0.8857283,0.8573968,0.76576966,0.73302215,0.71436316,0.7788438,0.74451005,0.7456416,0.76566505,0.7921478,0.75866705,0.742711,0.67757696,0.80226123,0.8069106,0.8252612,0.77968013,0.77203596,0.8758239,0.8838914,0.8489712,0.7683973,0.82779396,0.7536307,0.871776,0.87745756,0.824978,0.77694166,0.80088776,0.6952331,0.6394299,0.6939122,0.71466035,
000000000000000000a7_0,0.6456522,0.6959315,0.6784643,0.6568193,0.714507,0.5992908,0.69698286,0.6852579,0.6614389,0.7379768,0.71344745,0.68557256,0.6876076,0.7278106,0.7132867,0.65322095,0.66919714,0.7100031,0.7563414,0.80618215,0.7053118,0.6883377,0.69950646,0.7107126,0.7811167,0.79226846,0.7090981,0.6650763,0.6711455,0.707305,0.57902586,0.7384502,0.6407889,
000000000000000000a8_0,0.7814236,0.8124289,0.7358959,0.7857496,0.72062725,0.7541205,0.76015055,0.7671932,0.7338507,0.84049374,0.7088963,0.6881202,0.76859957,0.79019165,0.6963221,0.7531115,0.75013345,0.7528006,0.79982644,0.86272913,0.7779842,0.8317699,0.81300974,0.7557865,0.8146561,0.81368023,0.83325654,0.75656444,0.75472146,0.7742364,0.66755176,0.7837281,0.8060669,
000000000000000000a9_0,0.73387855,0.75280255,0.7575129,0.72740316,0.71922743,0.6959868,0.64859813,0.72102064,0.77602845,0.7260062,0.8137865,0.78500366,0.7140949,0.8194184,0.8037362,0.8166591,0.80535173,0.7625369,0.8082061,0.8984375,0.7569801,0.8870161,0.81492674,0.7793264,0.7729988,0.7709034,0.85561603,0.7018018,0.722355,0.66684073,0.58744854,0.6812592,0.74014807,
000000000000000000aa_0,0.60946065,0.6300345,0.67518246,0.6646744,0.6682977,0.6505131,0.66288495,0.68111014,0.62833434,0.6287349,0.55382085,0.59574467,0.6243065,0.6484881,0.6825813,0.64889705,0.70985997,0.6747529,0.6515748,0.71820956,0.6756757,0.5889493,0.69022626,0.64173,0.8143366,0.759548,0.83571076,0.6338966,0.64350283,0.62474644,0.5461659,0.68748295,0.59756744,
000000000000000000ab_0,0.6543654,0.6018045,0.6623459,0.6480174,0.64866436,0.6859631,0.5853916,0.7318879,0.6052632,0.5517961,0.6096154,0.51806223,0.60164833,0.61402583,0.69299066,0.63117385,0.7438991,0.6752092,0.7225554,0.72193617,0.707989,0.6365071,0.6909361,0.6359939,0.7294606,0.762306,0.82823294,0.61660343,0.60363734,0.6552691,0.57138634,0.7072937,0.70194983,
000000000000000000ac_0,0.76974124,0.632367,0.7416771,0.68383574,0.6898125,0.74807197,0.80190754,0.80588514,0.7724657,0.66070276,0.7356419,0.81730163,0.7373955,0.7672146,0.7613041,0.7814727,0.8256611,0.84565914,0.74068886,0.8188097,0.7413137,0.7663829,0.83712673,0.819746,0.87502456,0.8859666,0.8359555,0.66519004,0.7102761,0.70526314,0.6870184,0.74315244,0.6181563,
000000000000000000ad_0,0.69245774,0.6394875,0.7185832,0.74508905,0.5950156,0.6446945,0.6511067,0.708264,0.6244776,0.61877936,0.6560833,0.772973,0.7121535,0.6299152,0.56749934,0.70660275,0.7423283,0.65007776,0.69997334,0.66880494,0.692029,0.67547,0.7571,0.7712275,0.74714744,0.7450938,0.7151445,0.71464145,0.5333837,0.57937074,0.6286765,0.66572237,0.70839345,
000000000000000000ae_0,0.7804815,0.7050691,0.72610646,0.752947,0.7414392,0.70412594,0.7249206,0.7468233,0.79269105,0.78157145,0.77876544,0.7922618,0.74846774,0.777439,0.73672175,0.7858813,0.780452,0.81375957,0.7436037,0.8032787,0.75258356,0.7762569,0.80589736,0.74275655,0.8796257,0.78917104,0.85390663,0.73336524,0.6815986,0.73592067,0.643284,0.72335094,0.7557152,
000000000000000000af_0,0.77169627,0.70607203,0.85234326,0.84992516,0.82144666,0.7902526,0.8057522,0.8960328,0.88000804,0.8057554,0.85934746,0.82979673,0.74204046,0.8481189,0.765438,0.782466,0.8384129,0.8235723,0.7432113,0.8147875,0.7822052,0.80147696,0.8588291,0.7616216,0.8814571,0.8859607,0.8775748,0.76189226,0.7674204,0.79610896,0.7224199,0.7492432,0.7930271,
000000000000000000b0_0,0.64477336,0.7136478,0.7022984,0.7069963,0.6986466,0.63973576,0.7063242,0.746531,0.71341836,0.8322451,0.8392736,0.7616823,0.69897133,0.76833296,0.66735595,0.69797075,0.7222523,0.66287625,0.6965801,0.77648544,0.76369494,0.7533186,0.8027721,0.73080194,0.80739534,0.8262763,0.814573,0.7385589,0.72893095,0.75047565,0.6100291,0.7450708,0.7557152,
000000000000000000b1_0,0.7088847,0.68916154,0.6520994,0.71460843,0.6981225,0.6676987,0.72552484,0.7659176,0.70003563,0.80250067,0.8171532,0.7116663,0.71727175,0.7388038,0.6480263,0.6527391,0.7459954,0.6918403,0.7332255,0.7665409,0.7490179,0.73277664,0.7794118,0.72447795,0.80259144,0.79517823,0.7825956,0.7292407,0.73344606,0.7354926,0.643284,0.7575277,0.6947705,
000000000000000000b2_0,0.7577143,0.7645034,0.69758326,0.73730534,0.76738983,0.76027876,0.8125,0.81260014,0.71927935,0.8534323,0.8395116,0.7615977,0.7250829,0.8148501,0.71608096,0.7541818,0.75005174,0.7630593,0.7706024,0.7770115,0.79395604,0.78073865,0.8122389,0.8187685,0.8152669,0.84306365,0.8283118,0.76272154,0.75464505,0.8136999,0.6760764,0.79296345,0.7355327,
000000000000000000b3_0,0.7353952,0.7331476,0.7337884,0.74069256,0.79014045,0.70455164,0.78112334,0.777709,0.7511777,0.82944304,0.7358385,0.7800546,0.70194983,0.8105263,0.77607363,1.1781805,0.79188347,0.8045793,0.7455392,0.78163373,0.7804213,0.6933144,0.7881718,0.79962295,0.8076689,0.8344096,0.8166996,0.7923647,0.7908337,0.75315946,0.67741936,0.77207667,0.7690887,
000000000000000000b4_0,0.6745763,0.7172516,0.7096944,0.76059717,0.66645247,0.64630634,0.64275974,0.7770321,0.71014494,0.6979793,0.76600444,0.71305597,0.65679646,0.70420545,0.7294776,0.7260606,0.6771674,0.70831156,0.8062997,0.74501216,0.7428411,0.6970157,0.6983461,0.71688783,0.83845526,0.8305304,0.73992395,0.665852,0.6995784,0.6668354,0.5838641,0.6708788,0.8062176,
000000000000000000b5_0,0.73816425,0.75410706,0.72183406,0.7014057,0.6011576,0.6410972,0.69020504,0.6926554,0.65071285,0.7149969,0.76437896,0.68024343,0.72670805,0.62006354,0.6288113,0.79897624,0.7769003,0.7262378,0.77544594,0.8296029,0.746349,0.6747416,0.8484589,0.73081636,0.8025219,0.85354996,0.8696003,0.74782246,0.5836026,0.746775,0.54630744,0.6832642,0.7193902,
000000000000000000b6_0,0.8009631,0.77513766,0.74927324,0.7148232,0.72356075,0.70642203,0.7581152,0.7620321,0.70963174,0.75472665,0.80401003,0.73770493,0.7564026,0.7945055,0.79512197,0.8211382,0.8066932,0.80675423,0.81657207,0.8428975,0.8294032,0.76787317,0.74593794,0.7777114,0.80593264,0.793352,0.933484,0.6884457,0.7431544,0.7475456,0.66164994,0.6599681,0.6752137,
000000000000000000b7_0,0.71638834,0.795042,0.6653499,0.69192886,0.722973,0.7279965,0.7346701,0.7755261,0.83438915,0.75899696,0.84945256,0.7551446,0.840951,0.75436145,0.7977528,0.83321035,0.8006757,0.7949056,0.8320362,0.8243039,0.8486825,0.83231086,0.81459564,0.6610081,0.88208777,0.8851278,0.8517704,0.661271,0.72925335,0.71264994,0.5995685,0.6935039,0.7164021,
000000000000000000b8_0,0.637317,0.6557258,0.7030349,0.7234905,0.72270954,0.68103236,0.7173766,0.68771845,0.70118946,0.71398246,0.75312346,0.75445175,0.66908157,0.757422,0.73236233,0.734683,0.72585386,0.70298696,0.7063291,0.7338403,0.70673186,0.6859283,0.6954606,0.6489649,0.6896552,0.74904794,0.7450934,0.5636066,0.5713608,0.6548529,0.604205,0.71870536,0.75920933,
000000000000000000b9_0,0.6933433,0.6837416,0.74396133,0.7523329,0.73253703,0.7413632,0.7446328,0.74661964,0.69098276,0.73269826,0.7743056,0.7364929,0.6759411,0.80318743,0.6691143,0.7028519,0.7566735,0.7191542,0.74981606,0.79434884,0.7829313,0.69396853,0.67286974,0.6753507,0.760181,0.7688172,0.71317494,0.6894321,0.62401676,0.68083483,0.6263872,0.7023593,0.762464,
000000000000000000ba_0,0.7600415,0.7658274,0.7982456,0.80555016,0.8039803,0.7666393,0.852211,0.87707436,0.8275376,0.85708404,0.805605,0.7985228,0.75660723,0.7876984,0.8126697,0.81068575,0.8063306,0.8239661,0.8314307,0.8460829,0.7994709,0.84947205,0.82857144,0.75598085,0.86182773,0.83769083,0.8601485,0.737435,0.78431374,0.79911864,0.7435484,0.8293713,0.75994354,
000000000000000000bb_0,0.79285556,0.82876205,0.7962641,0.7832168,0.7660034,0.7273622,0.75034547,0.78117645,0.7793904,0.73569024,0.82320905,0.7430386,0.71380043,0.7431322,0.6787132,0.67513204,0.62767625,0.7040317,0.7585026,0.75784165,0.7688418,0.70774263,0.7039417,0.789497,0.7872945,0.8195896,0.76249427,0.70012045,0.75840855,0.78748083,0.64431787,0.78018576,0.7896115,
000000000000000000bc_0,0.04494382,0.26544735,-0.0656168,-0.1273558,-0.040449437,-0.19277108,-0.21947509,0.003723008,-0.13043478,-0.2997199,-0.07175178,-0.15120526,0.06703524,-0.18589361,-0.20096269,-0.14488636,3.0920503,-0.10756419,-0.21021378,-0.079652995,0.013282732,-0.17347866,-0.11198428,-0.13487476,-0.058139537,0.18650794,-0.05263158,-0.19681908,-0.103296705,-0.07588857,0.26323584,0.07224335,0.14103585,
000000000000000000bd_0,0.098121084,-0.08745247,-0.054380666,-0.11326861,-0.1754386,-0.1717524,-0.21128969,-0.26552463,-0.066570185,-0.25798213,-0.11955855,-0.112280704,0.14556962,-0.17986798,-0.1838565,-0.06097561,-0.16899374,-0.05882353,-0.15373352,-0.059118237,-0.07745267,-0.06542056,-0.110320285,-0.14535902,0.1685761,0.112068966,-0.07474747,-0.035339065,-0.052160952,-0.06570657,0.037463978,0.06557377,0.10638298,
000000000000000000be_0,0.60727465,0.7781553,0.6263134,0.6615224,0.7590793,0.7580175,0.66454893,0.77465564,0.72652096,0.71887743,0.83870965,0.73196447,0.64469177,0.8502481,0.7689291,0.7908295,0.8016807,0.75711274,0.8055416,0.7474988,0.8481267,0.7859932,0.8589797,0.63708997,0.79985356,0.82585984,0.72912526,0.72599167,0.72265196,0.5525666,0.6733551,0.6214834,0.6633087,
000000000000000000bf_0,0.69984525,0.70558643,0.65873957,0.6328211,0.743734,0.77641964,0.658447,0.83580613,0.6604369,0.73302644,0.7700101,0.7113789,0.7084357,0.6884451,0.70230967,0.67899406,0.69038564,0.7446034,0.7215515,0.76601374,0.66604227,0.6301744,0.7870827,0.6857143,0.7499268,0.7417371,0.7953795,0.71291614,0.69840866,0.68021977,0.6169226,0.6087172,0.761661,
000000000000000000c0_0,0.7579584,0.74392384,0.6711354,0.69390005,0.7495626,0.7104434,0.7375152,0.7886851,0.6709283,0.7122344,0.71635455,0.7665768,0.73299533,0.7982572,0.7648065,0.7384087,0.8016194,0.74533427,0.7637557,0.79522496,0.7175412,0.76208746,0.7340746,0.67490864,0.6952437,0.80160856,0.8037718,0.70668954,0.72402596,0.70119804,0.5956762,0.68272203,0.6370892,
000000000000000000c1_0,0.77368677,0.77967584,0.736968,0.72335273,0.7174413,0.75536793,0.725703,0.7715959,0.7864122,0.803132,0.82563376,0.7732125,0.71994597,0.7896071,0.8224877,0.8329423,0.79483163,0.78723407,0.81143486,0.8178744,0.7433238,0.7439481,0.81498533,0.7936694,0.8317798,0.8952949,0.83172256,0.7558545,0.8274296,0.7180944,0.67616314,0.81619805,0.80695164,
000000000000000000c2_0,0.78267556,0.8170411,0.7894737,0.73985624,0.7735558,0.7485613,0.7443137,0.7683999,0.82757723,0.78325737,0.79322284,0.79742074,0.76975733,0.82533973,0.85043186,0.85063154,0.8061249,0.7933426,0.81796235,0.82326007,0.85834813,0.7757932,0.84343433,0.7412124,0.84263366,0.82497275,0.8548197,0.80352217,0.8210586,0.7622256,0.74223197,0.79346347,0.73097265,
000000000000000000c3_0,0.7536055,0.73828304,0.77138054,0.79229325,0.73832923,0.818068,0.6785813,0.74956065,0.7779298,0.7387471,0.8202818,0.8269305,0.7917512,0.76265824,0.76371884,0.78359646,0.71349096,0.79406166,0.8129707,0.8080216,0.82188743,0.7669853,0.80832225,0.7851401,0.87914693,0.86206895,0.86044484,0.7769585,0.77740306,0.8163213,0.7282955,0.7234458,0.75665396,
000000000000000000c4_0,0.76101696,0.7498781,0.7932886,0.7865037,0.7615716,0.73985523,0.65317625,0.79484206,0.7834164,0.81198484,0.78345627,0.788657,0.74585867,0.80198807,0.8377599,0.8187009,0.8194888,0.7364603,0.75340205,0.7847826,0.8639175,0.86510265,0.81040895,0.7588187,0.8960165,0.6996913,0.73524964,0.75859684,0.77740306,0.7869442,0.71991354,0.7229375,0.7581864,
000000000000000000c5_0,0.76863235,0.7813954,0.8102027,0.7778716,0.7698455,0.7503752,0.729212,0.88251746,0.7872051,0.81706434,0.875856,0.78984547,0.7588108,0.8519984,0.81142724,0.76569426,0.7850009,0.7919809,0.75578266,0.8450231,0.83294666,0.8721722,0.8791342,0.8045646,0.90928984,0.82723576,0.8422222,0.7978548,0.80828595,0.7772215,0.75009763,0.8102749,0.82436377,
000000000000000000c6_0,0.75646293,0.78125,0.79226464,0.7493529,0.77341837,0.79384613,0.82666147,0.8320577,0.80569226,0.7963694,0.8074246,0.8159629,0.7727004,0.83139807,0.8148604,0.8219545,0.8028783,0.7428303,0.7401191,0.7682424,0.81742424,0.7921701,0.82249033,0.8004914,0.85906607,0.85949415,0.83222115,0.7532729,0.7802998,0.7895461,0.74994886,0.75506175,0.78892934,
000000000000000000c7_0,0.83248854,0.7969845,0.79710144,0.75053054,0.793039,0.6958525,0.7393993,0.8302267,0.7846154,0.7902098,0.8022571,0.76954067,0.78648835,0.8541057,0.76144516,0.8189655,0.77576727,0.77555203,0.7917744,0.8002687,0.82183313,0.76855785,0.86541533,0.82985556,0.8579882,0.8432347,0.8310795,0.80697674,0.79820436,0.80721253,0.7571899,0.76025075,0.7716465,
000000000000000000c8_0,0.81857044,0.811514,0.7616028,0.7542707,0.6634389,0.75273067,0.7957553,0.84822524,0.78336555,0.77311474,0.8247096,0.7326733,0.7653539,0.71679425,0.7806619,0.7644445,0.6779903,0.7682342,0.81618124,0.83379364,0.77798337,0.85594493,0.81557465,0.8162117,0.8186204,0.83579713,0.8282548,0.7543937,0.7654321,0.7909525,0.61992264,0.7014513,0.75254864,
000000000000000000c9_0,0.72039646,0.754752,0.7303263,0.75396085,0.66300565,0.7233497,0.7222634,0.75824744,0.7453327,0.7715066,0.7652214,0.76911914,0.7551797,0.8026125,0.79267573,0.80958635,0.78100395,0.81493074,0.79502636,0.84131867,0.7694495,0.760645,0.84093714,0.7310052,0.8429973,0.8472757,0.8453565,0.7293984,0.7620579,0.7448523,0.70857656,0.76638615,0.73480934,
000000000000000000ca_0,0.7065578,0.7349284,0.74350494,0.72369033,0.6806673,0.70629734,0.7428433,0.7555186,0.73110723,0.77618706,0.7259372,0.727897,0.6850309,0.7744702,0.80811965,0.75416666,0.7545363,0.7829218,0.7761324,0.80448383,0.79629046,0.7209302,0.819788,0.6936664,0.88752276,0.8391909,0.847482,0.7148268,0.52529764,0.74451613,0.6529988,0.71624714,0.6771812,
000000000000000000cb_0,0.7639529,0.8446642,0.7626263,0.7292324,0.7965756,0.8174434,0.8181413,0.7385481,0.7387776,0.74212825,0.7815472,0.76041156,0.80510825,0.77488554,0.7778806,0.8073563,0.77007204,0.8093422,0.793051,0.83090377,0.86040086,0.8043384,0.85769415,0.8039499,0.86514145,0.80447584,0.84171826,0.7772526,0.79138625,0.82367086,0.7383881,0.7567993,0.75012034,
000000000000000000cc_0,0.7664382,0.7666733,0.73210526,0.77436614,0.7396387,0.7157799,0.7450646,0.8020151,0.7829068,0.8247578,0.8110883,0.7949119,0.7195059,0.7981244,0.80022323,0.8334888,0.7922489,0.81279397,0.7942284,0.8611784,0.7785571,0.75303316,0.81737554,0.7402028,0.85142857,0.85,0.82860744,0.7641256,0.7728177,0.72387683,0.6906921,0.7686492,0.74987715,
000000000000000000cd_0,0.8248009,0.82370824,0.79602647,0.78042513,0.727043,0.77397615,0.7754722,0.8120558,0.79589605,0.77066666,0.8354465,0.72740567,0.81922615,0.77562773,0.81748706,1.1446267,0.7740222,0.7820332,0.7553957,0.783521,0.8865177,0.71058434,0.8472076,0.81659865,0.8444823,0.81986874,0.8330179,0.8068901,0.7714666,0.8290147,0.715603,0.7452725,0.7347441,
000000000000000000ce_0,0.84191024,0.76221496,0.80826557,0.77876353,0.7302024,0.793666,0.79800725,0.88267845,0.79670614,0.7712906,0.8399382,0.7453416,0.78962696,0.75876725,0.81393033,0.79489434,0.7720964,0.81675875,0.75659,0.8198567,0.8410628,0.7060703,0.8129779,0.81870955,0.8589496,0.80956656,0.8404938,0.7564741,0.7444652,0.8139414,0.6955517,0.8180089,0.79112273,
000000000000000000cf_0,0.76408255,0.75331247,0.7315998,0.7649154,0.7624621,0.7646169,0.77501196,0.91921526,0.7133106,0.8389359,0.84682715,0.8344313,0.6969039,0.812901,0.8404853,0.8763549,0.83708423,0.79653883,0.78342193,0.8287554,0.88240826,0.7421452,0.8529661,0.74500144,0.8438959,0.8543219,0.8721144,0.698324,0.7808674,0.77402645,0.5839416,0.6744931,0.7166357,
000000000000000000d0_0,0.8001885,0.7668406,0.810625,0.7529924,0.73682624,0.7815534,0.8053862,0.8873403,0.7420242,0.82592124,0.847119,0.7649044,0.7429719,0.7913593,0.76900864,0.77542144,0.83248025,0.7979569,0.84615386,0.84665275,0.834386,0.5907033,0.8804907,0.84136724,0.8467417,0.85674804,0.8434134,0.83515525,0.75469834,0.81517,0.6868147,0.7421927,0.78406847,
000000000000000000d1_0,0.89033353,0.8671084,0.7831275,0.806368,0.75272727,0.71009535,0.7870209,0.9431694,0.88385504,0.82830864,0.7445946,0.7732987,0.8202824,0.77872545,0.8211063,0.8014069,0.7321625,0.7952636,0.7939308,0.9021824,0.8120185,0.68156135,0.81935793,0.8643919,0.8608899,0.84094054,0.860164,0.8261527,0.6462699,0.771873,0.5708455,0.5493139,0.79512405,
000000000000000000d2_0,0.8734661,0.8538023,0.8123206,0.7701605,0.72188634,0.64033943,0.6840269,0.98842496,0.8880531,0.79084617,0.74281806,0.7516779,0.71212834,0.7802301,0.7805336,0.7711754,0.6495727,0.7083452,0.72526956,0.8828938,0.77641964,0.6752978,0.8184404,0.82292557,0.8691676,0.8278568,0.8608771,0.7275052,0.6444257,0.76569676,0.59582645,0.55177885,0.79353446,
000000000000000000d3_0,0.72194064,0.77197653,0.78186274,0.8726621,0.7546951,0.7649638,0.8065157,0.8349861,0.8356413,0.8602983,0.83053464,0.82877725,0.77116895,0.8187121,0.8175578,0.8182207,0.7992311,0.81002176,0.7648407,0.82350826,0.8318107,0.83493954,0.82939833,0.7680664,0.86150855,0.87004894,0.8503688,0.7607422,0.80920076,0.69961685,0.74008906,0.75296706,0.7694887,
000000000000000000d4_0,0.7113019,0.7982823,0.737884,0.7777778,0.7671845,0.80472314,0.791576,0.8145879,0.8294204,0.8436975,0.8210042,0.79241365,0.75646216,0.82672936,0.7775459,0.84376365,0.81806165,0.8061447,0.8171149,0.8110777,0.85924506,0.86585367,0.8415773,0.7868217,0.8576475,0.8585679,0.8605007,0.81268334,0.7448223,0.76740086,0.73454136,0.7549407,0.8031466,
000000000000000000d5_0,0.79344344,0.8280523,0.85864824,0.8403328,0.81686646,0.7755511,0.798665,0.7687276,0.8164378,0.7509418,0.70183486,0.8290698,0.7930241,0.78928506,0.7575873,0.754717,0.6543152,0.7163839,0.6193837,0.44763237,0.8296888,0.7588726,0.84743917,0.82491744,0.7494719,0.81044716,0.82964784,0.833407,0.843488,0.7994822,0.7920416,0.7875563,0.8226385,
000000000000000000d6_0,0.7316597,0.78606075,0.84992665,0.86097944,0.8315351,0.7407407,0.77747625,0.75697863,0.5560772,0.67565095,0.6931494,0.7918074,0.7607775,0.6932325,0.7275204,0.6416739,0.74926686,0.7280081,0.71766,0.73224044,0.7983349,0.88426095,0.8194525,0.7665615,0.82332957,0.8784,0.8117444,0.7424844,0.8045078,0.79151857,0.7965748,0.75532717,0.7891674,
000000000000000000d7_0,0.7013575,0.7475512,0.7574078,0.90147096,0.79043746,0.8091603,0.8012548,0.8141669,0.8220339,0.76995796,0.7999601,0.7891708,0.77247363,0.80205655,0.80959636,0.80637133,0.8126048,0.84544456,0.8336484,0.8062174,0.7948332,0.8719674,0.8669575,0.79994607,0.8763281,0.8993048,0.88270676,0.78636825,0.8119016,0.84968597,0.6763375,0.70620346,0.71676755,
000000000000000000d8_0,0.8759871,0.8104575,0.80218816,0.7727728,0.68277633,0.7164103,0.7859811,0.8073042,0.8056861,0.79926294,0.75664264,0.76879185,0.77536887,0.8077002,0.84314543,0.8476275,0.8129185,0.8500859,0.7865198,0.8365742,0.81248504,0.82788944,0.8656507,0.83665115,0.8744633,0.8623016,0.8752286,0.65491253,0.85859424,0.80274093,0.66566867,0.7199367,0.74072313,
000000000000000000d9_0,0.76644737,0.82102334,0.79033864,0.84371006,0.79261625,0.79424113,0.8205291,0.82234955,0.8388495,0.860855,0.8237822,0.7815585,0.7621483,0.8524629,0.8267684,0.78403753,0.83849764,0.7936013,0.82393056,0.84372437,0.8481797,0.84415585,0.8798133,0.8268822,0.87358916,0.7789098,0.84733456,0.84871155,0.8332689,0.7779511,0.7496665,0.8212314,0.81780845,
000000000000000000da_0,0.75787926,0.7510938,0.7605634,0.76386976,0.7800793,0.8169613,0.81845623,0.79139286,0.77565515,0.83377194,0.85780525,0.7575,0.7286727,0.79713225,0.77192277,0.76110566,0.7319705,0.79911757,0.78488374,0.73115647,0.7876106,0.718986,0.8405879,0.76467437,0.8572973,0.7741273,0.7988107,0.76181674,0.7343785,0.7559286,0.785296,0.7505588,0.7551996,
000000000000000000db_0,0.7319804,0.786911,0.75654507,0.78201056,0.79235995,0.7765338,0.78854847,0.82422453,0.7713343,0.83557826,0.8458161,0.7905325,0.74126434,0.79924446,0.7969705,0.8168382,0.7493485,0.7970784,0.7852199,0.8017529,0.79470336,0.69260514,0.78995436,0.77906394,0.8761905,0.8677579,0.8107143,0.8150971,0.75353074,0.731373,0.6899773,0.7742652,0.7450772,
000000000000000000dc_0,0.68423563,0.79447365,0.7580645,0.85041165,0.69336504,0.75560975,0.71447283,0.78312737,0.85006464,0.8230298,1.1604106,0.73992306,0.7553414,0.74448794,0.7798085,0.7871184,0.757626,0.79994065,0.84897023,0.8334318,0.8564989,0.7910619,0.8781279,0.7790602,0.8784924,0.8468392,0.87230045,0.75687975,0.7958388,0.8015717,0.6910755,0.7207991,0.78945094,
000000000000000000dd_0,0.8027079,0.7457627,0.75996494,0.7946889,0.8010406,0.6577742,0.7472585,0.77027375,0.75610983,0.74456793,0.8421845,0.8013114,0.7094247,0.7081317,0.7495567,0.7671084,0.7762625,0.7211495,0.7931973,0.82421637,0.7417133,0.7724379,0.760709,0.7629792,0.83316463,0.7995801,0.7648065,0.7492317,0.80484116,0.7109015,0.65,0.78450155,0.75543743,
000000000000000000de_0,0.834866,0.74833935,0.8373517,0.83047825,0.75,0.8069734,0.76985615,0.860967,0.8244291,0.8436132,0.9087694,0.8779343,0.75756484,0.7052882,0.81279767,0.81118315,0.79974216,0.7806262,0.83541805,0.8886066,0.8008316,0.8767755,0.80173916,0.83607167,0.87193346,0.8483878,0.84724474,0.8040073,0.84077114,0.7655058,0.73020184,0.80347246,0.79305017,
000000000000000000df_0,0.7906322,0.8349247,0.79056555,0.7118431,0.7122514,0.8633265,0.8894222,0.8446459,0.7782539,0.7810651,0.77530223,0.78029233,0.8081544,0.7822932,0.7837446,0.7963875,0.77064955,0.8273888,0.7825993,0.78358996,0.8070857,0.8561861,0.84541726,0.80605257,0.87604105,0.8125,0.8622978,0.7720571,0.7576542,0.88401645,0.7480966,0.7419981,0.7772418,
000000000000000000e0_0,0.634932,0.6295411,0.5944131,0.57574064,0.67128617,0.6775764,0.6468619,0.71600217,0.8047016,0.6484264,0.68312633,0.669627,0.63554984,0.6740067,0.7083226,0.6838936,0.66422564,0.6667493,0.67512965,0.6622391,0.70573443,0.56866634,0.6614767,0.6186544,0.7366342,0.69271106,0.6945362,0.6280543,0.6487026,0.5937427,0.5595971,0.64901507,0.64934325,
000000000000000000e1_0,0.69301087,0.7177673,0.60450506,0.6375914,0.7306317,0.7342276,0.7232387,0.73692626,0.722247,0.7239105,0.7199211,0.7385918,0.6872762,0.7887059,0.7043673,0.70652175,0.69787604,0.697479,0.7802921,0.70071477,0.7534948,0.7591758,0.7223101,0.7333043,0.7909828,0.7629128,0.74393684,0.7395306,0.7305158,0.73860466,0.6661669,0.7514491,0.71890485,
000000000000000000e2_0,0.7624793,0.6965298,0.66741574,0.6753507,0.722083,0.7067283,0.6757351,0.76328814,0.7769014,0.72054976,0.7350828,0.5326172,0.6625153,0.58583987,1.1428572,0.60392797,0.5617738,0.6487829,0.6253833,0.60515606,0.67583543,0.60331213,0.6494538,0.7474049,0.70823187,0.66924703,0.68705285,0.73958033,0.7057802,0.6934533,0.6309656,0.71112907,0.7290785,
000000000000000000e3_0,0.75944006,0.67331725,0.6694417,0.74802494,0.68945223,0.7098171,0.73766714,0.76344585,0.7041389,0.5214425,0.5815072,0.63160133,0.73193675,0.6311536,0.54904896,0.5689177,0.6459251,0.62194836,0.71729404,0.6886792,0.6387565,0.6664101,0.6348865,0.6042048,0.79647434,0.7726964,0.7450628,0.71900487,0.6301183,0.64439577,0.5698419,0.6582086,0.69599265,
000000000000000000e4_0,0.7863231,0.7311547,0.6884397,0.6456727,0.53985506,0.6433008,0.64788735,0.669897,0.57965934,0.56102,0.6384389,0.6340076,0.6921573,0.63490593,0.5075075,0.53472596,0.54213035,0.60436815,0.6607809,0.6550031,0.6087344,0.6363253,0.5141446,0.6738328,0.7293666,0.72023654,0.6536585,0.7107479,0.5215503,0.55801374,0.5269548,0.5894692,0.7064722,
000000000000000000e5_0,0.6495883,0.65946805,0.5617879,0.512,0.4695946,0.57663476,0.57693404,0.61042523,0.62384874,0.5379242,0.5328467,0.49590835,0.6617813,0.48871794,0.48374942,0.5074585,0.6247624,0.5960429,0.62266225,0.6518394,0.57875705,0.4848914,0.5258757,0.68323135,0.53586495,0.5412492,0.57146645,0.53871655,0.5969168,0.6074458,0.4879227,0.62183625,0.5366492,
000000000000000000e6_0,0.72092044,0.8043524,0.8010999,0.81044567,0.87059253,0.8361504,0.8538056,0.83949614,0.83905417,0.8620829,0.8662559,0.8153991,0.81972665,0.8151119,0.8267465,0.7781175,0.78045577,0.7648623,0.8318584,0.8221843,0.8417522,0.8762482,0.87525153,0.7958254,0.8784275,0.909166,0.9111188,0.82891077,0.86891246,0.7896979,0.6625808,0.7092558,0.8164557,
000000000000000000e7_0,0.772284,0.8272199,0.6575944,0.7286245,0.73484164,0.6834396,0.6843507,0.7594735,0.84,0.80776894,0.7414482,0.7518685,0.773399,0.8126618,0.80673873,0.82198113,0.78676146,0.78438365,0.8270772,0.8180549,0.7894737,0.8133533,0.8424969,0.8102737,0.83440256,0.8534576,0.8510427,0.7653725,0.7069044,0.6493882,0.56405646,0.64055556,0.74007374,
000000000000000000e8_0,0.7125955,0.7968853,0.79371667,0.7969587,0.79167706,0.77455246,0.85170627,0.7541854,0.79170054,0.8057432,0.77147555,0.7634462,0.7868242,0.76052696,0.78756475,0.7881533,0.7130545,0.7693929,0.7598836,0.7182809,0.8055382,0.800118,0.8888517,0.7885702,0.82601625,0.8810755,0.8899676,0.7659668,0.8107129,0.75920177,0.6914458,0.6590129,0.75377214,
000000000000000000e9_0,0.7541468,0.73166704,0.7603032,0.75376886,0.7749013,0.6774466,0.71322566,0.7421371,0.7100606,0.7268519,0.68085104,0.75041914,0.7650924,0.7377553,0.7288585,0.77656126,0.80173284,0.7686283,0.7789347,1.1492333,0.76949805,0.6565097,0.7551556,0.7266253,0.79388237,0.8038891,0.7950432,0.72610617,0.7473684,0.7561181,0.5483725,0.6277681,0.72235185,
000000000000000000ea_0,0.78087026,0.7852148,0.70007265,0.74299234,0.6399166,0.47600093,0.6221498,0.6395671,0.63627994,0.6203164,0.7653773,0.68157727,0.7891401,0.6902717,0.6634799,0.64166355,0.63345194,0.6362664,0.7943623,0.65648496,0.56946236,0.56210333,0.7111111,0.69947755,0.6547619,0.68043745,0.625567,0.7276995,0.6785162,0.6668128,0.5377336,0.4634378,0.6197597,
000000000000000000eb_0,0.76266724,0.8037463,0.80201685,0.855681,0.84973234,0.8525595,0.9240945,0.8257406,0.8432325,0.8280471,0.85093457,0.8464663,0.79055613,0.8606272,0.8521774,0.85189927,0.78194284,0.8146274,0.8015155,0.8184639,0.8440905,0.8684423,0.8460928,0.8509249,0.8243243,0.85234326,0.8673869,0.75378406,0.80806977,0.77443314,0.7451638,0.7640549,0.82372737,
000000000000000000ec_0,0.7700272,0.722807,0.8334783,0.75818884,0.7240318,0.78126305,0.7856292,0.8585613,0.7970106,0.8794067,0.8290666,0.7851027,0.8193134,0.75445914,0.79949874,0.7755102,0.82869285,0.7951719,0.8036332,0.8101788,0.82081914,0.886473,0.8657056,0.7535869,0.84930277,0.87687933,0.8657103,0.718894,0.744903,0.6817816,0.764313,0.72618455,0.7795317,
000000000000000000ed_0,0.7683173,0.82262516,0.777834,0.84822327,0.7615277,0.771488,0.84429824,0.8293426,0.7983156,0.84096164,0.85012656,0.91255784,0.8479465,0.8422335,0.86630905,0.7873652,0.80795264,0.7875354,0.78944945,0.74985754,0.79117113,0.71225476,0.81900454,0.8054363,0.8583318,0.8381815,0.8852493,0.78558415,0.7842182,0.80351365,0.7422546,0.8107806,0.77824074,
000000000000000000ee_0,0.8123469,0.7894976,0.74633354,0.7145734,0.76216483,0.6670801,0.72729814,0.7886851,0.78878224,0.8859666,0.8521779,0.8068182,0.7781947,0.7525145,0.73460245,0.80993855,0.7758279,0.7833207,0.78967774,0.7868676,0.80085754,0.75817114,0.7878278,0.7526087,0.8302158,0.8226116,0.84080297,0.7187249,0.8040274,0.74567074,0.66518956,0.71165967,0.7505481,
000000000000000000ef_0,0.7441527,0.77068967,0.74023336,0.7602641,0.7186714,0.6880923,0.80212486,0.8110679,0.80375975,0.83575785,0.84076,0.7498781,0.771983,0.74775267,0.77085704,0.8042495,0.7618488,0.8424323,0.81493574,0.81977296,0.7583001,0.8918186,0.8323011,0.7940986,0.8712465,0.8329103,0.87396353,0.6993823,0.76634735,0.7255614,0.7979137,0.75052756,0.71270454,
000000000000000000f0_0,0.852438,0.8564824,0.84728885,0.8352359,0.88213474,0.77879655,0.813287,0.83919805,0.78816926,0.8412774,0.8325006,0.82874274,0.7982515,0.8411729,0.81563294,0.8444688,0.7328974,0.7529334,0.84664,0.8462169,0.80124706,0.8071967,0.83709323,0.8251418,0.8714172,0.83908963,0.8120317,0.82726854,0.79679143,0.83164984,0.7581503,0.804662,0.832276,
000000000000000000f1_0,0.84133524,0.8246694,0.7886598,0.7812564,0.7557252,0.7106227,0.78674084,0.78005344,0.7836338,0.81068075,0.78667885,0.7811455,0.74303603,0.81665355,0.76590693,0.8511564,0.7610249,0.82350427,0.79051566,0.8049732,0.7769719,0.7700662,0.8486005,0.7356378,0.8457782,0.8640585,0.8679207,0.6871629,0.7611171,0.7423369,0.6977881,0.7454144,0.8119908,
000000000000000000f2_0,0.79127556,0.82986265,0.7810148,0.8050011,0.77924216,0.7875279,0.8074039,0.82323354,0.8317669,0.85989255,0.8335229,0.8131685,0.8194764,0.7826595,0.7661309,0.80904526,0.82218754,0.7634213,0.7585503,0.7769198,0.8427012,0.8753014,0.83216494,0.8052967,0.850184,0.85323334,0.8844422,0.76545084,0.6874669,0.8246338,0.74035746,0.80622697,0.76868176,
000000000000000000f3_0,0.7750809,0.7837704,0.739672,0.75789,0.7613582,0.7070234,0.74710983,0.7989256,0.77728283,0.7881668,0.77938247,0.8274529,0.797561,0.8086293,0.77438307,0.8195787,0.797841,0.8009007,0.7506562,0.7767037,0.8051205,0.85586715,0.85494995,0.7126627,0.86538464,0.85532945,0.8484313,0.7124454,0.7700454,0.81030726,0.7422943,0.7678662,0.7401079,
000000000000000000f4_0,0.8355807,0.80612713,0.7873721,0.82537407,0.79682964,0.8277367,0.7876808,0.86579895,0.8581375,0.81004316,0.84718907,0.86535007,0.7988873,0.8119745,0.8526361,0.8179916,0.84688014,0.81760436,0.8390038,0.8797051,0.8691849,0.8405622,0.9127801,0.8178694,0.9237223,0.9093412,0.89824027,0.80676574,0.81494814,0.82468283,0.7852523,0.8243274,0.86725664,
000000000000000000f5_0,0.7334044,0.7249725,0.766985,0.8637138,0.7844785,0.74343705,0.78054863,0.8023649,0.79651606,0.8534568,0.88016915,0.82422054,0.7375505,0.7907928,0.7774049,0.8164498,0.8275771,0.84217334,0.8323154,0.8329918,0.84314686,0.8694921,0.8616274,0.76701087,0.86390406,0.8914995,0.8829152,0.7141419,0.77265465,0.77999544,0.7639684,0.744,0.790443,
000000000000000000f6_0,0.76503426,0.7385057,0.7703252,0.8858528,0.7707413,0.7394881,0.7771117,0.82384735,0.81796896,0.8897214,0.83076924,0.82843256,0.6920928,0.8134352,0.71936756,0.78483546,0.7978047,0.7684078,0.7720902,0.7858045,0.8456461,0.83466774,0.8067847,0.7680798,0.85949177,0.85636145,0.8710373,0.73707926,0.7740144,0.7522259,0.70621467,0.765029,0.762694,
000000000000000000f7_0,0.7022355,0.68940187,0.7411527,0.8151523,0.77575904,0.79378414,0.78985137,0.8472714,0.7983397,0.7626098,0.7280797,0.78260076,0.66913176,0.67939943,0.6626826,0.7008751,0.65553194,0.7784744,0.7912844,0.799659,0.7217231,0.7060165,0.805015,0.72908366,0.8102656,0.8319983,0.84361017,0.70256656,0.7594132,0.73087955,0.73778576,0.76006275,0.7779838,
000000000000000000f8_0,0.7568685,0.72870815,0.76234424,0.8170411,0.76875144,0.77048475,0.80255514,0.8006679,0.72383785,0.7504907,0.7701901,0.7919724,0.7165078,0.80187875,0.57179886,0.65705377,0.64293635,0.821793,0.82525843,0.72371966,0.74968815,0.7893665,0.81008035,0.7704205,0.77366626,0.8030303,0.76466066,0.7531486,0.79724836,0.8116453,0.7305361,0.78157157,0.7490858,
000000000000000000f9_0,0.81369466,0.7730368,0.7374974,0.7716018,0.7690418,0.7254321,0.79274863,0.94392526,0.78582436,0.87632287,0.81355506,0.78403324,0.76236045,0.8122318,0.7866733,0.8142263,0.79347825,0.7760578,0.80589956,0.8077021,0.79205364,0.7906137,0.77060133,0.75247526,0.8337334,0.779606,0.8110314,0.76797384,0.7726167,0.7248954,0.7156075,0.78038275,0.7583096,
000000000000000000fa_0,0.7485683,0.796371,0.7944325,0.8446356,0.82764506,0.72953045,0.74551624,0.8122725,0.85009044,0.8049008,0.82060975,0.83865017,0.73198307,0.86262625,0.792,0.88673556,0.8680065,0.8367542,0.7889837,0.80424213,0.7797969,0.82071245,0.85391307,0.7095571,0.88913614,0.8674429,0.83977646,0.8783351,0.7985769,0.6877153,0.7324597,0.73376274,0.75200975,
000000000000000000fb_0,0.719888,0.77976817,0.7993421,0.88934994,0.7877041,0.7260349,0.76815706,0.81304044,0.81205165,0.8272869,0.8039741,0.8337089,0.7947402,0.817264,0.7984028,0.81363636,0.83972424,0.8061174,0.8009795,0.7593718,0.83827,0.7379719,0.7887291,0.73809,0.8637031,0.8290489,0.8358028,0.82792956,0.79759157,0.646251,0.7157703,0.7557184,0.81627756,
000000000000000000fc_0,0.76626015,0.7776224,0.7175737,0.730369,0.7351555,0.73345894,0.754983,0.8766548,0.8162928,0.8400138,0.83630884,0.744739,0.7815811,0.80680877,0.81444335,0.79788256,0.79184896,0.77214044,0.7962791,0.82762533,0.76771086,0.83381754,0.82091475,0.7366394,0.83878267,0.92082614,0.8016742,0.74092764,0.7405281,0.78976005,0.7257499,0.7266667,0.76238936,
000000000000000000fd_0,0.80995274,0.79024917,0.7889757,0.73487157,0.7219986,0.7521264,0.79399836,0.82785165,0.7661055,0.7475388,0.78720415,0.81477356,0.789135,0.83398354,0.8215582,0.83633894,0.8340309,0.8107646,0.8395722,0.81221986,0.7844578,0.8140307,0.8532324,0.82221246,0.8744125,0.87453216,0.829407,0.8070488,0.7755511,0.79734516,0.73967403,0.8143646,0.78070366,
000000000000000000fe_0,0.8039944,0.81050956,0.76036483,0.7719841,0.7664643,0.8264667,0.8395609,0.84725535,0.79468036,0.8488761,0.8390333,0.80344826,0.80473036,0.81586826,0.83502173,0.8204259,0.83931136,0.8069833,0.8145876,0.8636364,0.8250436,0.80139536,0.84868693,0.804003,0.8301175,0.8029557,0.8267717,0.7809482,0.72840714,0.7954873,0.6673123,0.7468231,0.8369815,
000000000000000000ff_0,0.13970588,-0.07204385,-0.067017086,-0.28201634,-0.13570487,-0.12552653,-0.19670847,0.38661203,-0.15508021,-0.21732852,-0.1464883,-0.18922853,0.04043127,-0.19867183,0.19207485,-0.08091603,0.023642173,-0.05287009,-0.27015558,0.042643104,0.0625,-0.13819578,0.08076923,-0.054718476,-0.059625212,0.10759494,-0.01026694,-0.21218488,0.06930693,-0.089788735,0.08424909,0.030750308,0.17013086,
00000000000000000100_0,0.16992188,-0.08600077,0.037138928,-0.2055703,-0.13499345,-0.20152092,-0.2279587,0.14023592,-0.16451858,-0.22636816,-0.06288533,0.011000524,0.09503546,-0.07816594,-0.31435645,-0.06882591,-0.2229885,-0.14242077,-0.17375886,0.0025817556,0.01119403,0.01868132,0.42712295,-0.12632822,-0.057939913,-0.0054644807,-0.0022573364,-0.30171278,-0.11658456,-0.11679454,0.13951011,0.07187894,0.17196414,
