system:index,GREEN,GREEN_1,GREEN_10,GREEN_11,GREEN_12,GREEN_13,GREEN_14,GREEN_15,GREEN_16,GREEN_17,GREEN_18,GREEN_19,GREEN_2,GREEN_20,GREEN_21,GREEN_22,GREEN_23,GREEN_24,GREEN_25,GREEN_26,GREEN_27,GREEN_28,GREEN_29,GREEN_3,GREEN_30,GREEN_31,GREEN_32,GREEN_4,GREEN_5,GREEN_6,GREEN_7,GREEN_8,GREEN_9,.geo
00000000000000000000_0,427.0,911.5,489.0,913.0,756.0,584.0,1108.0,605.0,661.0,844.0,763.5,877.0,553.0,931.0,822.5,725.0,974.0,1021.0,944.0,966.0,393.0,446.0,514.0,718.0,377.0,383.0,460.0,799.0,470.0,678.0,677.0,666.0,544.5,
00000000000000000001_0,390.0,556.0,594.5,954.5,735.0,574.0,1056.0,594.5,617.5,911.0,690.0,905.0,503.0,920.0,788.0,670.5,950.0,981.0,938.0,953.0,318.5,278.0,358.0,681.0,301.0,323.5,407.5,654.0,522.0,605.0,616.0,778.0,544.0,
00000000000000000002_0,409.0,489.0,651.0,836.0,712.0,823.0,769.0,751.0,752.0,722.5,767.0,697.5,512.0,690.0,700.0,804.0,795.0,690.0,671.0,688.0,704.0,695.0,710.0,581.0,673.0,768.0,668.0,584.0,788.5,789.5,867.0,849.5,725.0,
00000000000000000003_0,599.0,843.0,680.5,658.5,654.5,751.0,766.0,757.0,682.0,580.0,612.5,590.0,697.0,623.5,653.0,683.0,623.5,830.0,649.5,765.0,627.0,682.5,713.0,706.5,712.5,624.5,740.0,620.0,715.0,750.5,894.5,792.0,769.0,
00000000000000000004_0,634.5,626.5,691.5,687.0,630.0,810.0,748.0,702.5,671.0,595.0,601.0,661.0,572.0,681.0,694.5,775.5,663.0,699.0,684.0,712.0,732.5,702.0,694.0,586.5,683.5,636.0,595.0,464.5,511.0,550.0,801.0,717.0,766.0,
00000000000000000005_0,831.5,757.5,929.0,879.5,871.0,976.0,1044.0,913.5,894.0,748.0,720.0,757.5,762.5,754.0,769.0,820.0,826.0,714.0,718.5,744.0,757.0,873.0,766.0,714.0,776.0,726.0,851.0,638.0,628.0,600.0,926.0,1088.5,935.0,
00000000000000000006_0,629.0,719.0,619.0,721.0,614.0,677.5,706.5,728.0,707.5,715.5,644.5,648.0,738.5,638.0,749.5,760.5,816.0,760.0,657.0,962.0,662.0,658.0,658.0,777.0,642.5,623.0,692.0,640.5,629.0,693.0,755.0,826.0,883.0,
00000000000000000007_0,827.5,820.0,752.0,709.0,668.0,777.5,780.0,754.5,722.5,683.0,635.0,660.0,851.0,701.0,673.0,740.0,701.0,732.0,720.0,765.0,722.0,751.0,726.0,855.5,712.0,692.0,653.0,718.0,792.0,837.0,811.5,723.5,825.0,
00000000000000000008_0,786.0,680.5,497.0,483.0,474.0,493.0,471.5,545.5,430.5,691.0,830.5,797.0,714.0,843.5,757.0,832.0,775.0,790.0,734.0,767.5,808.0,815.0,797.0,814.5,808.0,782.5,814.0,725.5,637.0,639.0,624.0,591.5,505.0,
00000000000000000009_0,782.0,944.5,678.0,751.0,633.0,698.0,894.0,825.0,746.0,808.0,782.5,796.0,950.0,807.0,860.0,820.0,815.0,789.0,796.0,778.5,778.0,824.0,784.0,894.0,766.0,758.0,850.0,727.0,793.0,819.0,733.0,786.5,794.0,
0000000000000000000a_0,902.0,834.5,605.0,845.5,804.0,982.5,896.0,924.0,855.5,1003.5,945.0,946.0,880.5,857.0,720.0,754.5,758.0,697.0,669.0,769.0,772.0,710.0,824.0,877.5,798.0,789.0,736.0,730.0,891.5,826.0,859.5,867.0,733.0,
0000000000000000000b_0,712.5,631.5,627.0,666.0,621.0,734.5,727.0,704.5,661.5,775.0,741.0,744.0,614.0,797.0,727.0,677.0,722.0,635.5,575.0,594.5,663.5,559.0,681.5,587.5,650.0,652.0,647.0,514.0,630.0,629.5,697.0,690.5,608.0,
0000000000000000000c_0,907.5,803.0,856.0,842.0,679.0,820.5,849.0,780.0,733.0,730.0,729.5,760.0,781.5,784.0,839.0,796.5,785.5,708.0,675.0,705.0,766.0,743.5,757.0,784.0,729.5,714.5,792.5,763.0,825.0,808.0,783.0,822.0,845.0,
0000000000000000000d_0,899.5,948.0,787.0,829.0,686.5,825.5,787.5,807.0,747.0,774.0,802.0,761.5,876.0,689.0,754.0,789.5,770.0,746.0,759.0,786.0,776.5,809.0,795.0,880.0,696.0,791.0,799.0,848.0,745.5,814.0,898.0,757.0,819.0,
0000000000000000000e_0,783.5,722.0,708.0,707.0,679.5,712.5,725.0,686.0,713.0,717.0,743.5,713.0,834.0,719.0,680.0,786.0,671.5,648.0,594.0,630.0,584.0,658.5,644.0,814.0,662.0,588.0,677.0,725.5,827.5,788.0,944.0,837.0,701.0,
0000000000000000000f_0,784.0,787.0,667.0,714.0,620.0,754.0,688.0,842.0,688.0,824.0,688.5,716.5,917.0,882.0,748.0,803.5,754.0,744.0,724.0,744.0,792.0,784.0,784.0,770.0,719.0,738.0,785.0,632.5,735.0,666.0,981.0,804.0,783.5,
00000000000000000010_0,965.5,768.0,790.0,838.5,715.0,804.0,757.5,756.5,743.0,801.0,725.5,814.0,739.0,662.0,852.0,885.0,838.0,856.0,723.5,765.0,790.5,850.0,799.0,701.0,723.5,862.0,782.0,692.0,742.5,720.0,822.0,757.0,801.0,
00000000000000000011_0,781.0,691.0,609.0,749.0,633.0,688.0,646.0,645.5,628.0,690.5,654.0,752.0,758.0,564.0,716.0,757.0,686.0,705.0,622.0,672.5,586.5,639.0,644.5,686.0,577.0,669.0,704.0,657.0,674.5,722.0,873.5,703.0,718.0,
00000000000000000012_0,732.0,657.5,926.0,922.0,930.5,970.0,927.0,970.0,749.5,897.0,834.0,878.0,701.0,845.5,1008.0,962.5,897.5,811.5,857.0,768.0,929.0,989.0,947.5,880.0,854.5,783.5,911.0,869.5,879.5,997.5,949.5,892.0,890.0,
00000000000000000013_0,738.0,693.0,791.5,706.0,692.5,749.0,650.0,728.0,685.0,684.5,659.0,764.5,851.5,720.0,773.0,806.0,714.0,697.0,691.0,705.0,759.0,705.5,754.5,738.5,660.0,677.0,657.0,681.5,720.5,743.5,868.5,702.0,724.0,
00000000000000000014_0,682.0,565.0,827.0,668.0,681.0,707.0,681.5,671.5,706.0,662.5,660.5,723.0,749.0,628.0,733.0,711.5,688.0,697.0,647.0,639.0,690.0,703.0,747.0,699.5,645.0,712.0,677.0,576.0,671.5,698.5,888.5,641.0,712.0,
00000000000000000015_0,974.5,902.5,916.0,999.0,872.0,861.0,928.5,909.0,791.0,836.5,877.0,903.5,909.5,922.5,942.0,949.0,878.0,928.0,903.0,833.0,944.0,917.0,879.0,874.0,886.0,903.0,952.0,934.5,799.0,844.0,899.0,849.5,906.0,
00000000000000000016_0,726.0,697.0,711.5,778.5,683.0,698.5,762.0,767.0,711.5,756.0,746.0,726.0,775.0,726.5,734.0,754.0,691.5,697.0,648.0,705.5,755.5,616.0,705.0,799.0,663.5,718.0,747.0,687.0,684.0,717.0,750.0,819.0,746.0,
00000000000000000017_0,675.0,722.0,640.0,713.0,609.0,693.0,653.0,697.0,627.0,672.5,657.0,668.0,711.0,660.0,663.5,648.0,705.0,619.0,611.0,643.5,673.0,597.0,628.0,710.0,616.0,671.0,677.0,601.0,675.0,677.5,712.0,695.0,657.5,
00000000000000000018_0,772.0,614.0,763.5,752.0,675.0,730.0,751.0,680.0,676.0,759.5,716.0,729.0,809.0,648.0,709.0,716.0,703.0,721.0,640.0,714.5,688.0,696.0,726.0,757.0,652.5,749.0,723.5,605.0,723.0,712.0,867.5,963.0,846.0,
00000000000000000019_0,724.0,652.5,642.0,653.0,546.0,691.5,668.5,662.0,637.0,630.5,623.0,691.0,705.5,679.5,700.5,647.0,617.5,599.0,572.0,641.0,697.0,618.0,628.0,709.0,626.0,673.5,644.0,608.0,664.0,705.0,724.0,643.0,589.0,
0000000000000000001a_0,781.0,739.0,708.5,792.0,680.5,812.0,818.0,768.5,734.5,692.0,711.0,792.0,713.5,815.5,793.0,819.0,797.0,771.0,718.5,731.0,787.0,777.0,688.5,748.0,722.0,739.5,728.0,762.5,712.5,792.0,906.5,772.5,784.0,
0000000000000000001b_0,752.5,820.5,783.0,851.5,848.0,741.5,868.0,798.5,766.0,716.5,817.5,814.0,782.5,736.0,715.5,765.0,746.5,878.5,646.0,791.5,756.0,989.0,870.0,800.0,817.5,725.5,758.0,759.0,766.0,780.5,1177.0,814.0,860.5,
0000000000000000001c_0,865.0,798.0,751.0,776.5,731.0,785.0,799.0,807.5,760.0,780.0,797.5,707.5,805.0,682.0,738.5,712.0,711.5,744.0,682.5,676.0,770.5,910.0,687.0,798.0,724.5,775.0,669.5,753.5,835.0,843.0,1176.0,871.0,771.0,
0000000000000000001d_0,777.5,771.0,761.5,734.0,679.5,847.0,768.0,847.0,759.5,708.5,769.0,822.5,685.0,816.0,756.5,821.0,736.0,758.0,668.0,750.0,760.5,623.0,735.0,689.0,721.0,726.0,809.0,676.0,677.0,818.0,839.5,740.0,769.5,
0000000000000000001e_0,904.0,1041.0,896.0,915.5,901.0,977.5,909.0,835.0,881.5,825.0,900.0,962.5,878.0,878.0,882.5,927.5,842.0,785.0,746.0,754.0,749.0,834.0,824.0,894.0,791.0,782.0,920.0,788.0,905.0,969.5,1082.5,745.0,914.0,
0000000000000000001f_0,948.5,736.0,903.0,861.0,968.0,873.5,946.0,953.0,926.0,875.0,976.0,965.0,875.5,1025.5,991.0,1114.0,1045.0,992.0,878.0,904.0,973.5,1108.0,1059.0,866.0,1032.0,967.0,1009.0,801.5,1149.0,992.5,986.0,784.0,906.5,
00000000000000000020_0,778.0,776.0,701.0,661.0,647.0,736.0,653.5,708.0,727.0,733.0,696.0,671.0,747.0,675.0,694.0,849.5,844.0,676.0,655.0,606.5,604.5,652.0,593.0,826.0,987.0,658.0,711.0,737.5,784.0,761.0,935.5,1058.0,780.0,
00000000000000000021_0,778.0,773.0,644.5,637.5,636.5,745.5,568.0,696.0,703.0,729.0,688.0,674.5,708.5,670.0,730.5,993.0,1129.5,673.5,661.0,623.0,625.5,575.0,523.0,739.0,616.0,660.0,698.0,691.0,783.0,692.5,993.0,924.0,686.0,
00000000000000000022_0,901.0,959.0,876.5,796.0,853.0,857.5,847.0,825.0,811.5,761.0,846.5,788.0,864.0,889.0,830.0,929.0,909.5,795.5,833.0,707.5,784.0,859.0,703.0,833.0,741.0,683.0,765.0,790.0,974.0,924.0,1004.5,741.0,847.0,
00000000000000000023_0,918.0,970.0,913.0,826.5,871.0,886.0,908.0,949.0,931.0,883.0,890.0,762.0,822.5,739.0,767.5,779.0,745.0,646.0,769.5,821.5,745.0,781.0,802.5,854.0,816.0,734.0,839.0,787.0,860.0,893.0,1095.0,1124.0,863.0,
00000000000000000024_0,899.0,865.0,749.0,716.0,679.0,785.0,717.5,900.0,766.0,761.0,720.0,775.0,774.5,617.0,742.0,778.0,718.0,657.0,672.5,735.5,662.0,870.0,738.0,833.0,719.0,687.0,706.5,842.0,1009.0,647.0,908.0,838.5,841.0,
00000000000000000025_0,861.0,928.5,837.0,780.5,727.5,796.0,733.0,827.0,846.0,778.5,858.0,687.0,810.5,728.0,729.5,788.0,718.0,702.0,763.0,743.0,823.0,985.0,828.0,905.0,778.0,725.0,876.0,814.0,914.0,846.0,1060.0,807.0,781.0,
00000000000000000026_0,817.0,923.0,899.0,882.0,883.0,808.0,829.0,873.5,864.0,754.0,734.0,803.0,823.0,808.0,737.0,772.0,748.0,747.0,726.5,788.0,753.0,952.0,755.0,921.0,755.5,647.5,710.0,835.5,906.0,827.0,1109.5,891.0,971.0,
00000000000000000027_0,783.0,812.5,880.5,842.0,1041.0,786.0,754.5,874.0,819.0,734.0,722.5,1056.0,724.0,799.0,946.0,1026.0,948.0,826.0,826.0,822.5,886.0,1150.0,937.5,787.0,890.0,804.0,909.0,896.5,844.0,952.0,1022.0,774.5,944.0,
00000000000000000028_0,889.5,795.0,707.5,787.0,650.0,709.0,749.0,733.0,701.0,721.0,742.5,700.0,710.5,671.5,700.5,794.0,772.0,672.0,732.0,772.0,791.5,845.5,730.0,691.0,827.5,736.0,726.0,660.5,816.0,849.0,864.0,680.0,844.0,
00000000000000000029_0,781.0,854.5,690.0,732.0,803.0,818.0,834.0,896.5,728.0,743.0,804.0,717.0,773.5,697.0,731.0,782.5,769.0,763.0,785.0,732.5,729.0,768.0,629.5,863.0,724.5,695.0,772.0,854.5,821.0,885.0,1025.5,676.0,726.0,
0000000000000000002a_0,677.0,725.5,760.0,701.5,733.0,659.0,660.0,709.0,674.0,709.0,825.0,715.0,677.0,737.5,718.0,637.5,704.0,630.5,724.0,720.5,760.0,780.0,653.0,788.0,694.5,677.0,750.0,714.5,781.0,840.0,906.0,612.5,769.5,
0000000000000000002b_0,888.0,768.5,739.0,685.5,682.0,772.0,735.0,825.0,790.5,799.5,1086.0,953.0,721.0,936.0,955.5,993.0,1003.0,883.5,854.0,889.0,886.0,855.0,867.5,736.0,899.5,876.0,850.0,776.0,790.0,825.5,933.0,996.0,742.0,
0000000000000000002c_0,674.0,795.0,740.0,686.0,698.5,762.5,808.5,860.0,751.0,728.0,814.0,754.0,783.0,775.5,788.0,825.0,811.0,741.0,655.0,772.5,843.0,938.0,884.0,747.0,747.0,689.5,737.0,797.0,825.0,919.0,800.0,745.0,710.0,
0000000000000000002d_0,838.0,851.0,583.0,986.0,758.0,815.5,865.0,819.5,740.5,827.5,759.0,844.0,901.0,866.0,680.5,778.0,822.0,745.0,638.0,655.0,718.5,753.5,676.0,890.0,631.0,655.0,681.0,768.0,823.0,807.0,866.0,723.5,1058.5,
0000000000000000002e_0,898.5,794.0,716.0,778.0,718.5,758.0,785.0,742.0,813.5,751.0,775.0,737.0,816.5,720.0,752.5,820.0,757.0,760.5,686.0,705.0,753.0,751.5,727.0,833.0,723.5,655.0,641.5,763.5,735.0,748.5,984.0,838.0,762.5,
0000000000000000002f_0,961.0,854.0,723.0,843.5,836.0,881.5,764.5,842.0,852.5,863.0,780.0,895.0,816.5,796.0,802.0,891.0,797.0,783.0,738.5,702.5,797.0,747.0,743.0,817.0,675.0,730.0,760.0,718.5,718.0,730.0,944.0,823.5,738.5,
00000000000000000030_0,790.5,805.0,781.5,709.0,680.0,720.0,747.5,712.0,721.5,648.5,714.0,678.0,813.5,695.0,709.0,819.0,633.5,673.5,642.0,644.0,695.0,641.0,625.5,631.0,668.0,675.0,682.5,763.0,828.0,756.5,915.0,850.0,784.0,
00000000000000000031_0,659.5,684.0,627.0,705.0,583.0,720.0,725.0,686.5,649.0,649.0,645.0,605.0,660.0,671.5,728.0,708.5,652.5,629.0,589.5,625.5,683.5,582.5,628.5,695.5,614.0,629.0,598.0,617.0,632.0,667.0,693.0,773.5,693.0,
00000000000000000032_0,669.0,684.0,662.0,690.0,610.0,676.5,727.0,707.0,665.0,664.5,691.0,657.5,707.5,681.0,638.5,681.5,668.0,640.0,615.5,632.0,723.0,628.0,662.0,643.0,619.0,643.5,641.5,584.0,700.0,627.0,709.0,716.0,683.0,
00000000000000000033_0,906.0,837.0,736.5,699.0,695.0,810.5,761.5,814.0,760.0,756.0,756.5,794.0,829.0,777.0,792.0,816.0,709.0,762.5,733.0,823.0,868.0,785.0,767.5,815.0,659.0,733.0,750.0,724.0,778.0,763.0,806.0,787.0,751.0,
00000000000000000034_0,837.5,884.5,784.0,784.5,725.0,719.5,773.0,763.0,721.0,803.0,821.5,805.0,811.5,777.5,772.0,822.0,771.0,718.0,695.0,746.0,838.5,814.0,793.5,830.0,761.0,833.0,835.0,766.0,845.0,860.0,874.0,829.0,769.0,
00000000000000000035_0,902.0,763.0,662.0,736.0,659.0,725.0,719.0,709.0,668.0,717.5,754.0,813.0,759.5,756.0,804.5,764.0,793.0,708.0,690.0,692.5,751.0,721.0,714.0,697.0,710.0,737.5,719.0,638.0,778.0,840.0,839.5,755.0,726.0,
00000000000000000036_0,1241.5,772.0,785.0,784.0,685.0,763.0,759.5,746.5,721.0,791.0,777.0,786.0,745.5,771.0,770.0,800.0,751.0,714.0,646.0,672.0,765.0,768.0,717.0,850.0,644.0,739.5,726.0,723.5,733.0,755.0,866.0,785.0,767.0,
00000000000000000037_0,1080.0,811.0,781.0,790.5,731.5,801.0,797.0,793.0,732.0,793.0,770.0,789.5,778.5,766.0,731.0,748.5,756.5,712.0,645.0,674.0,718.5,698.0,702.0,783.5,674.5,696.0,665.0,741.5,754.0,770.0,874.0,795.0,804.0,
00000000000000000038_0,430.0,810.0,629.0,924.5,736.0,637.5,1086.0,633.0,668.5,876.5,852.5,908.0,610.0,931.0,839.0,735.5,941.5,1045.0,1015.5,991.0,418.0,505.0,549.0,800.5,407.0,397.0,496.0,695.0,413.0,677.5,722.0,719.5,546.5,
00000000000000000039_0,441.5,846.0,633.0,1008.0,736.0,629.0,1097.5,649.0,668.0,915.0,824.0,909.5,582.5,945.0,834.0,676.0,942.0,1045.0,980.0,985.0,443.0,502.0,553.0,900.0,438.0,481.0,491.0,735.0,452.0,677.5,726.0,550.0,528.5,
0000000000000000003a_0,408.0,811.5,635.5,936.0,797.0,616.0,1087.0,644.0,670.0,943.0,848.0,907.0,604.0,942.0,815.0,708.0,956.5,1028.5,996.0,995.0,414.5,526.0,487.0,890.0,421.0,458.5,505.0,697.0,419.0,645.0,653.0,714.5,493.0,
0000000000000000003b_0,406.5,855.0,561.0,939.5,795.0,688.0,1098.0,643.5,675.5,937.0,734.0,932.0,585.5,945.0,857.5,721.0,976.0,997.0,937.0,990.5,453.0,489.0,534.0,1015.0,466.0,455.5,518.5,817.0,415.0,637.0,733.0,827.5,547.0,
0000000000000000003c_0,345.0,831.5,699.5,991.5,732.0,662.0,1161.5,652.5,688.5,934.0,783.0,914.0,603.5,958.0,896.0,705.0,966.5,997.0,992.0,997.0,430.0,480.0,527.0,903.0,415.0,496.0,538.5,736.0,435.0,678.0,735.0,932.5,534.0,
0000000000000000003d_0,378.5,730.5,584.5,949.0,798.0,664.5,1110.0,643.0,620.5,939.0,814.5,898.0,607.0,926.5,861.5,704.0,925.0,997.0,953.0,978.5,442.0,513.0,576.0,867.5,407.0,508.0,518.0,737.0,455.0,674.0,733.0,754.0,538.5,
0000000000000000003e_0,337.0,580.5,632.0,936.5,796.0,554.0,1049.0,635.0,591.5,824.0,674.0,918.0,444.0,899.5,780.0,670.5,954.5,995.0,911.0,937.5,318.0,274.0,334.0,755.5,303.0,308.5,391.0,614.0,499.0,608.0,657.0,657.0,554.5,
00000000000000000040_0,839.0,871.5,780.0,726.0,621.0,806.5,777.5,740.0,784.0,764.5,901.0,798.5,883.5,740.0,744.0,743.0,780.5,589.0,717.0,720.0,805.5,796.5,711.0,844.5,659.0,653.5,641.0,802.0,717.0,841.0,1106.0,740.0,817.0,
00000000000000000041_0,696.5,770.0,728.5,755.0,752.0,844.5,807.5,808.0,804.5,784.5,907.0,903.0,685.0,879.5,804.0,851.5,864.5,726.0,760.0,760.0,852.0,863.0,780.0,709.0,668.0,667.5,759.0,709.0,742.0,723.0,835.0,807.0,849.5,
00000000000000000042_0,896.0,819.0,861.0,883.0,794.0,849.0,769.0,901.0,681.0,619.0,696.0,923.5,906.5,898.5,829.0,924.0,879.0,728.5,689.0,745.0,723.0,837.5,769.0,770.5,678.0,731.0,698.0,851.0,1076.0,818.5,1229.0,872.0,884.0,
00000000000000000043_0,955.0,1059.5,1022.0,1065.5,893.5,840.5,836.0,920.0,867.0,758.0,876.0,891.0,1062.0,877.5,877.0,954.0,934.0,839.0,856.0,867.5,982.0,936.0,960.0,929.0,939.0,875.0,942.0,894.0,966.5,996.0,1319.0,1152.5,947.5,
00000000000000000044_0,791.0,782.0,910.5,911.5,801.5,773.5,865.0,865.0,820.0,746.0,848.5,856.0,877.5,845.0,800.0,820.0,794.0,795.0,788.0,770.0,822.0,934.0,964.5,800.0,904.0,778.0,903.0,729.0,959.5,944.0,1238.0,914.0,937.5,
00000000000000000045_0,681.0,750.5,870.0,873.0,844.0,799.0,804.0,882.0,789.0,830.0,885.5,866.0,821.0,849.5,759.0,901.0,802.5,734.0,721.0,752.0,909.0,953.0,839.0,755.0,838.5,873.0,973.0,843.0,992.5,876.0,1165.0,1005.0,818.5,
00000000000000000046_0,827.0,967.5,867.0,939.0,878.0,861.0,904.0,949.0,912.0,893.5,844.0,952.0,909.0,900.0,850.0,1035.0,951.0,848.5,817.0,858.0,881.0,907.0,960.0,891.0,961.0,881.5,975.0,658.0,1105.0,1094.5,1317.0,1065.0,847.0,
00000000000000000047_0,637.0,808.5,503.0,608.0,596.0,556.0,617.5,637.0,608.0,607.0,627.0,627.5,951.5,591.0,595.0,647.0,686.0,616.0,620.0,578.0,639.5,596.0,619.0,946.0,559.0,609.0,644.0,724.0,736.0,648.0,838.0,641.0,596.5,
00000000000000000048_0,487.0,510.0,626.0,611.0,639.0,556.5,549.0,586.0,579.0,560.5,604.0,607.0,531.0,572.0,592.0,662.5,677.0,615.0,632.5,695.0,692.0,672.0,681.0,632.0,616.0,681.0,707.5,632.5,682.5,717.0,881.0,720.0,621.0,
00000000000000000049_0,1071.0,940.0,807.0,883.5,743.0,871.0,841.0,855.0,758.0,754.0,825.0,767.0,965.0,781.0,717.0,709.0,725.0,714.5,613.0,671.0,733.0,682.0,723.0,937.0,807.0,779.0,786.0,901.5,873.0,925.0,976.0,914.5,905.0,
0000000000000000004a_0,1016.0,949.0,877.0,865.0,743.0,835.5,871.0,889.5,782.0,757.5,768.0,768.0,959.0,747.5,754.0,724.5,735.0,746.0,697.0,694.0,715.5,674.0,782.0,964.0,835.0,781.0,792.0,874.0,778.0,904.0,961.0,933.5,861.0,
0000000000000000004b_0,473.0,736.0,717.0,780.0,676.0,778.0,795.0,774.5,730.0,768.0,837.5,727.0,809.0,800.0,732.0,781.0,677.0,650.0,615.0,721.0,767.5,692.5,639.0,783.0,722.0,639.0,624.0,694.0,721.0,873.5,861.0,917.0,826.0,
0000000000000000004c_0,972.0,816.5,856.0,888.5,781.0,859.0,799.5,850.0,788.0,774.0,762.0,722.0,919.0,730.5,772.0,799.5,718.5,703.0,663.0,714.0,725.0,765.0,773.5,903.0,769.5,765.5,857.0,822.0,906.0,851.0,867.0,886.0,922.0,
0000000000000000004d_0,681.0,728.0,814.0,834.0,685.0,882.5,839.5,799.0,755.0,823.0,761.0,814.0,860.0,800.0,758.0,774.0,678.0,662.5,672.5,693.5,734.0,798.5,861.5,916.5,806.5,755.5,717.0,902.0,826.0,911.0,920.0,848.0,844.5,
0000000000000000004e_0,899.5,857.0,799.5,841.0,648.0,813.0,853.0,796.5,786.0,821.0,823.0,773.5,863.0,818.0,774.0,777.5,741.5,693.0,683.0,706.0,738.0,776.0,843.5,854.0,804.5,766.0,748.0,773.0,780.0,888.0,866.0,849.5,795.0,
0000000000000000004f_0,892.0,884.0,787.0,809.5,699.0,799.5,814.5,778.0,697.0,785.5,741.0,774.0,861.0,681.5,730.0,881.0,819.0,673.5,637.0,750.5,701.0,739.0,756.5,850.0,724.0,720.0,711.0,768.5,863.0,856.5,918.0,853.0,808.0,
00000000000000000050_0,984.5,917.0,851.0,891.0,764.0,855.0,798.5,790.0,746.0,827.0,843.0,795.0,936.5,852.0,885.0,778.0,755.0,719.0,635.5,702.0,734.0,771.5,793.0,842.0,750.5,725.0,762.0,901.5,905.0,871.5,872.0,800.0,826.0,
00000000000000000051_0,892.0,956.0,783.0,834.5,748.0,876.5,942.0,881.0,781.0,788.0,728.0,854.0,885.0,871.0,832.5,984.0,866.0,850.0,1308.0,957.0,883.0,819.0,786.5,925.5,746.0,719.5,787.5,842.0,906.0,936.0,965.5,908.0,843.0,
00000000000000000052_0,954.0,917.0,800.5,841.0,748.0,829.5,896.0,857.0,788.0,808.5,843.0,836.0,876.5,858.5,828.0,866.0,809.0,811.5,725.5,755.0,826.5,1224.0,947.5,890.0,891.5,840.5,836.5,807.5,863.0,858.0,916.0,847.5,872.0,
00000000000000000053_0,904.0,919.0,854.0,940.0,819.0,909.0,894.5,870.5,846.0,798.0,829.0,814.0,867.0,887.0,880.0,923.0,851.5,829.0,781.5,889.0,962.5,959.0,854.5,967.0,837.0,835.0,850.0,827.0,1000.0,925.0,901.5,959.0,900.5,
00000000000000000054_0,830.0,835.5,825.0,836.0,713.0,789.0,759.0,758.0,791.0,909.0,839.0,798.0,810.0,842.5,789.0,933.5,819.0,740.0,729.0,753.5,788.0,768.0,781.0,774.0,716.0,817.5,753.5,718.0,778.0,817.5,950.0,837.5,896.0,
00000000000000000055_0,768.0,758.0,825.0,949.0,798.0,883.0,833.5,877.0,793.0,789.0,735.0,716.0,772.0,815.0,820.0,849.0,731.0,651.0,638.0,660.0,849.0,617.0,822.5,846.0,836.0,714.5,758.0,708.5,730.0,774.5,956.0,904.5,856.0,
00000000000000000056_0,797.0,793.5,863.0,1084.0,924.0,899.5,896.0,918.0,861.0,882.0,839.0,901.0,809.0,914.0,860.0,867.0,819.0,745.0,735.0,762.0,934.0,828.0,886.0,773.0,885.5,802.0,861.0,658.0,781.0,816.5,956.0,976.0,933.0,
00000000000000000057_0,767.0,894.0,951.0,1159.0,959.0,920.0,915.0,1009.0,986.0,993.0,896.0,905.5,1042.0,944.5,843.0,983.5,913.0,835.0,797.0,845.5,1052.0,921.0,1103.0,900.0,1055.5,901.0,1023.0,796.0,908.0,993.0,1045.0,1101.5,1033.0,
00000000000000000058_0,798.0,777.0,931.0,1060.0,927.0,890.0,881.0,945.0,941.0,974.0,854.0,900.0,795.5,927.5,845.0,904.0,814.5,796.5,731.5,816.0,982.5,878.0,910.0,783.0,869.5,888.0,872.5,658.0,724.0,755.5,914.0,830.0,852.0,
00000000000000000059_0,633.0,741.5,876.5,1113.0,924.0,866.0,869.0,930.0,887.0,902.0,873.0,910.0,809.0,804.5,767.0,870.0,822.0,791.5,721.0,831.0,872.5,736.0,837.0,833.0,824.5,740.0,845.5,676.0,725.0,925.0,1028.0,1017.0,968.0,
0000000000000000005a_0,783.0,810.0,685.0,727.0,676.0,871.0,809.0,828.0,694.0,736.5,716.0,726.0,694.0,740.0,736.5,951.0,731.0,748.0,724.0,830.0,904.5,797.0,841.0,823.0,744.0,733.0,732.5,732.0,757.0,872.5,843.0,676.5,781.5,
0000000000000000005b_0,753.5,674.0,572.0,640.5,618.0,637.5,650.5,701.5,659.0,640.0,649.0,656.0,652.5,661.0,625.0,739.0,677.5,697.0,728.0,774.0,667.0,745.0,783.0,662.0,730.0,717.5,774.0,526.0,688.0,692.0,732.5,662.0,612.0,
0000000000000000005c_0,636.0,714.0,672.0,748.0,691.0,800.0,727.0,693.0,673.0,639.0,701.0,713.0,646.5,652.0,632.0,727.0,689.0,627.0,624.0,668.0,615.0,603.5,630.0,759.0,598.0,604.0,590.0,821.0,698.0,658.0,740.0,742.0,734.5,
0000000000000000005d_0,850.0,791.5,819.0,750.0,758.0,834.0,792.5,802.5,707.5,741.5,734.0,797.0,762.0,805.0,770.0,893.0,778.0,814.0,803.5,851.5,847.5,765.0,838.5,843.0,713.0,760.5,790.5,855.0,830.5,920.5,881.0,713.0,803.0,
0000000000000000005e_0,584.0,764.5,685.0,731.0,617.0,717.0,675.0,693.0,653.0,703.0,663.5,757.0,752.0,750.5,775.0,819.0,770.0,691.0,703.0,756.5,831.0,752.5,760.0,783.0,692.0,726.5,746.0,655.0,757.0,755.0,803.0,751.0,701.0,
0000000000000000005f_0,716.5,748.5,766.5,776.0,623.0,769.0,951.0,833.5,738.5,734.0,741.0,861.0,796.0,802.0,804.5,913.0,832.0,777.5,725.5,745.0,896.5,787.0,816.5,782.0,745.0,756.5,814.0,730.0,757.0,777.0,765.0,741.5,746.0,
00000000000000000060_0,793.0,793.0,645.0,734.0,680.5,722.0,732.0,801.0,650.5,701.0,662.0,686.5,844.0,638.5,642.0,735.0,684.0,684.0,603.0,671.0,672.0,638.5,633.0,793.0,657.0,622.0,574.0,711.0,752.0,694.5,754.0,669.0,722.0,
00000000000000000061_0,829.5,844.0,929.0,986.0,1119.5,1051.0,765.0,1035.5,1048.0,997.0,981.0,1008.0,1020.5,971.5,1024.5,1047.0,1042.0,1127.5,1153.5,885.0,967.5,1036.0,1146.0,962.0,1097.0,925.0,1073.0,820.0,1068.5,1001.5,1076.0,969.0,1077.0,
00000000000000000062_0,733.5,838.0,864.0,986.0,1105.0,1023.0,810.0,955.5,1049.0,985.0,940.0,1028.5,977.0,942.5,946.0,1038.0,1007.0,1114.0,1044.0,980.0,950.0,1026.0,1227.5,969.0,1085.0,952.0,1090.0,759.5,1042.0,889.0,999.0,1151.5,1014.0,
00000000000000000063_0,653.0,676.0,503.0,593.0,578.5,744.0,653.5,725.5,587.0,629.5,625.0,636.0,617.0,555.0,545.0,685.5,695.0,645.0,590.0,652.0,720.5,623.0,696.0,602.0,678.0,594.0,625.0,595.0,634.5,586.5,735.0,642.0,568.0,
00000000000000000064_0,799.0,740.0,649.0,707.5,805.0,872.0,653.5,829.0,713.5,711.0,753.5,854.0,722.0,799.0,758.0,827.0,821.0,796.0,721.0,734.0,798.0,754.0,757.0,852.0,786.0,709.5,540.5,687.0,745.5,745.0,856.0,714.0,808.5,
00000000000000000065_0,968.0,1049.5,901.0,1009.5,1025.0,1052.0,898.0,1126.0,932.0,877.0,983.0,962.0,999.5,862.0,758.0,898.0,882.5,994.5,874.0,866.0,975.5,788.5,995.0,1116.0,917.0,887.5,794.0,984.0,1077.0,1013.0,1461.0,939.0,1013.0,
00000000000000000066_0,981.0,872.0,930.0,989.0,1045.0,1023.0,758.0,1083.5,945.0,833.5,1014.0,1113.0,968.0,1061.0,842.5,977.5,1019.0,1042.0,942.5,785.0,775.0,864.5,919.5,1101.0,990.0,901.5,722.0,911.0,857.0,897.0,1084.0,856.0,956.0,
00000000000000000067_0,699.0,724.0,720.0,816.0,675.5,718.0,724.0,710.0,686.0,725.0,712.0,626.0,685.0,736.0,690.5,705.0,896.0,650.0,616.0,694.0,705.5,667.5,654.0,786.0,755.0,813.0,780.5,734.0,788.0,858.0,808.5,823.5,776.0,
00000000000000000068_0,681.0,681.0,787.0,810.5,683.0,687.5,606.0,694.0,704.0,621.0,674.0,658.0,606.5,674.0,719.5,686.0,727.0,665.0,602.0,723.0,698.0,761.5,666.0,786.0,632.5,744.0,772.0,709.0,770.0,735.0,800.0,796.0,759.0,
00000000000000000069_0,672.0,576.0,762.0,806.0,711.0,714.5,615.0,766.5,746.0,639.0,681.5,722.0,603.5,657.0,791.0,739.0,748.5,718.0,599.5,743.5,740.0,781.0,713.5,708.0,598.0,739.0,774.0,695.0,723.0,762.0,842.0,748.0,759.0,
0000000000000000006a_0,1073.0,1046.0,1280.0,1072.0,855.5,998.0,960.0,994.0,925.0,840.5,928.0,994.0,733.0,989.0,1075.5,976.0,918.0,868.0,861.0,818.0,879.0,770.0,794.5,929.0,779.0,721.5,874.0,779.0,977.0,1054.0,1226.0,1082.0,862.5,
0000000000000000006b_0,893.0,953.0,752.0,759.0,829.0,804.0,858.0,803.0,746.0,848.5,910.0,792.0,860.0,823.0,801.0,810.0,725.0,570.0,691.0,747.0,710.0,828.5,632.5,958.5,653.0,634.0,670.0,977.0,935.0,1017.0,824.0,1064.0,1117.5,
0000000000000000006c_0,857.0,901.0,921.0,948.0,808.5,959.5,953.5,1035.0,823.5,890.5,856.5,921.5,911.0,919.5,1001.5,998.5,1007.0,911.5,868.5,1024.0,968.0,998.0,985.0,879.0,950.5,968.0,953.0,954.0,819.0,943.5,1008.5,1130.0,858.5,
0000000000000000006d_0,818.0,773.5,870.0,762.5,790.0,816.0,781.0,859.5,794.0,760.5,830.0,825.0,726.0,869.0,970.5,1028.0,975.0,911.0,910.0,819.5,903.5,963.0,863.0,754.5,810.0,719.0,936.0,836.0,816.0,900.0,986.0,1128.0,848.5,
0000000000000000006e_0,843.0,814.0,841.0,780.5,851.0,865.5,862.0,869.0,792.0,815.0,805.0,851.0,769.0,820.0,892.0,943.0,885.0,741.0,777.0,744.5,829.0,911.0,867.0,834.0,795.0,828.0,889.0,836.0,844.0,881.5,964.5,1193.0,829.0,
00000000000000000071_0,1005.0,896.5,749.0,773.0,761.0,809.5,724.0,709.5,998.0,921.5,717.0,669.5,832.0,716.0,723.0,811.0,754.0,717.0,668.0,660.0,787.0,788.0,866.0,769.0,863.0,877.0,894.0,742.0,731.0,647.0,887.5,1126.0,774.5,
00000000000000000074_0,826.0,800.5,756.0,770.5,803.0,756.5,769.0,800.0,837.0,556.5,781.0,716.0,778.0,735.0,746.0,875.0,803.5,726.5,754.0,700.0,735.0,663.0,712.0,859.0,676.0,686.5,754.0,777.0,797.0,807.0,958.0,1059.0,883.5,
00000000000000000075_0,884.0,941.0,919.0,840.0,950.0,878.0,867.0,877.0,841.0,817.0,857.0,809.5,812.0,726.5,739.5,748.0,701.5,692.0,731.5,837.5,737.5,829.0,836.5,864.0,677.0,626.0,755.5,817.0,859.0,921.5,1245.5,871.0,919.0,
00000000000000000076_0,894.0,915.0,920.0,851.0,857.0,835.0,762.0,858.0,798.0,741.0,826.0,843.0,843.0,651.0,746.0,766.0,765.0,501.0,691.0,645.0,679.0,915.0,863.0,921.0,734.0,651.0,768.0,900.5,969.0,972.0,1195.0,1029.0,1028.5,
00000000000000000077_0,776.0,647.0,801.0,770.0,725.0,819.0,765.5,844.5,795.0,760.0,814.5,718.5,772.0,678.0,765.5,854.0,683.0,606.0,694.0,766.0,726.0,753.0,733.0,803.0,854.5,719.0,814.0,686.5,829.0,725.0,1154.5,740.0,752.0,
00000000000000000078_0,942.0,891.0,918.0,951.5,1034.0,943.0,855.0,948.0,810.0,804.0,891.0,957.5,852.0,950.0,951.0,983.0,980.5,897.0,786.0,901.0,879.0,930.0,931.0,919.0,806.0,905.5,943.0,879.5,932.0,941.5,1097.5,732.0,985.0,
00000000000000000079_0,642.0,776.0,670.0,693.0,821.5,634.0,673.5,666.0,691.5,667.0,737.5,647.0,663.0,640.5,625.0,752.5,743.5,655.0,719.5,704.0,614.0,794.0,697.0,847.0,635.0,600.5,680.0,729.5,832.0,883.0,933.5,772.0,777.0,
0000000000000000007a_0,801.5,981.0,974.0,908.0,1034.0,1035.0,972.0,1015.0,993.5,857.0,1048.0,1058.0,839.0,931.0,890.0,965.0,1095.0,925.0,876.0,877.5,820.5,1135.0,925.0,923.0,826.0,820.0,914.0,883.5,928.0,903.0,1151.5,745.0,934.0,
0000000000000000007b_0,866.5,925.0,788.0,753.5,833.0,694.0,761.0,897.0,844.0,771.0,793.5,665.0,862.0,562.5,738.5,759.0,663.0,574.0,599.0,753.0,660.0,654.0,852.5,761.0,724.0,689.5,837.0,818.0,881.0,815.5,1141.5,873.0,780.5,
0000000000000000007c_0,976.5,908.0,827.0,715.5,658.0,772.5,738.0,885.0,842.0,738.5,809.0,900.5,753.5,679.5,742.0,684.0,664.0,555.0,721.0,610.0,661.0,691.0,667.5,743.0,591.5,530.0,789.0,715.5,685.0,917.0,945.0,839.5,776.5,
0000000000000000007d_0,775.0,849.5,709.0,691.0,679.0,755.0,663.0,758.0,703.0,747.0,777.0,748.5,681.0,573.0,584.0,641.0,632.0,537.0,767.0,762.0,603.0,700.0,678.0,765.0,641.0,710.0,751.0,661.5,786.0,814.5,2214.5,737.0,793.0,
0000000000000000007e_0,753.0,886.5,713.0,656.0,660.0,664.0,617.5,822.0,822.5,828.0,886.0,689.0,754.0,534.0,593.0,699.0,844.0,525.0,591.5,737.5,586.0,782.5,681.0,743.0,599.0,612.5,693.0,780.5,805.0,978.0,988.0,843.0,836.5,
0000000000000000007f_0,997.0,972.0,1090.0,958.0,1076.5,987.0,1045.0,1015.0,1057.0,1017.0,1095.0,1103.0,947.5,1082.0,1078.0,1117.0,1086.0,1012.0,996.0,954.0,1024.0,1054.5,968.0,866.0,1064.0,1048.0,1131.0,966.0,1035.0,963.0,1027.0,939.0,958.0,
00000000000000000080_0,883.0,871.0,844.0,768.0,832.0,849.0,779.0,847.0,806.0,817.0,806.5,872.0,681.5,728.5,839.0,764.0,800.0,680.5,756.0,839.0,732.0,880.0,878.0,820.0,751.5,605.5,764.0,868.5,897.0,922.5,1012.0,934.5,899.0,
00000000000000000081_0,829.0,967.0,830.0,693.0,744.0,803.0,889.0,812.0,838.0,768.0,896.0,729.0,599.0,595.5,742.5,769.0,657.0,605.5,693.0,771.0,686.0,919.5,819.0,769.0,731.0,695.0,671.0,549.5,763.0,642.0,856.0,792.0,712.0,
00000000000000000082_0,884.0,902.0,790.5,796.0,801.0,795.0,829.5,808.0,826.0,720.5,897.0,898.5,891.0,820.5,855.5,837.0,890.5,795.5,829.0,838.0,909.0,869.0,943.0,898.0,850.0,831.0,846.0,917.5,865.0,899.0,954.0,909.0,786.5,
00000000000000000083_0,743.0,846.0,762.0,798.0,803.0,772.0,684.0,823.0,830.0,738.0,855.0,714.0,832.5,771.0,745.0,867.0,811.0,748.0,795.0,770.0,803.0,926.0,916.5,885.5,788.5,799.0,920.5,892.0,933.0,878.0,863.0,848.5,827.5,
00000000000000000084_0,1170.0,1260.0,824.0,779.0,718.5,688.0,779.0,818.0,766.0,755.5,787.0,811.5,984.5,676.0,653.5,792.5,829.0,717.5,670.5,673.5,736.0,1167.0,833.0,841.0,824.0,759.0,810.0,858.0,765.0,773.0,824.0,950.0,775.5,
00000000000000000085_0,1225.0,1366.5,763.0,777.5,667.5,743.0,767.5,787.0,758.5,798.0,792.5,851.0,966.0,761.0,675.0,750.0,839.0,714.0,633.5,745.0,730.0,1318.0,878.0,890.0,806.0,801.5,815.5,779.0,800.0,664.0,817.0,881.0,833.5,
00000000000000000086_0,827.0,879.0,896.0,765.0,1219.0,805.0,927.0,875.5,907.0,763.0,826.0,799.5,815.0,709.5,853.0,878.0,830.0,1021.5,834.0,767.0,1047.0,1248.0,1249.0,763.5,1014.0,815.0,1454.0,720.0,771.0,856.0,914.0,1016.0,755.5,
00000000000000000087_0,623.0,715.0,596.0,655.0,589.5,624.5,580.0,694.5,667.0,570.0,817.5,764.0,689.0,653.0,667.5,744.0,682.0,647.0,581.0,731.0,730.0,719.5,811.0,777.5,661.0,688.0,785.0,533.0,732.0,663.0,701.0,709.0,798.5,
00000000000000000088_0,760.0,709.0,713.5,709.0,562.5,734.5,696.0,749.0,680.0,613.0,827.5,754.0,618.0,702.0,666.0,759.0,673.0,688.0,715.0,708.0,760.0,741.5,808.0,796.0,684.0,680.0,788.0,577.0,767.0,716.0,856.0,762.0,829.0,
00000000000000000089_0,582.0,621.0,590.0,659.5,612.0,601.0,594.5,620.0,667.0,602.0,618.5,695.0,586.5,632.0,638.0,724.0,635.0,569.0,586.5,630.5,638.0,614.0,645.0,684.0,572.0,627.0,591.5,621.0,598.0,756.0,895.0,881.0,681.0,
0000000000000000008a_0,710.5,704.0,648.0,670.0,610.0,599.0,642.0,593.0,707.5,600.0,590.5,625.0,614.0,623.0,634.5,668.0,626.0,588.0,605.5,632.0,618.5,600.0,607.5,650.0,579.0,537.0,562.5,621.0,578.0,721.0,973.0,842.5,664.5,
0000000000000000008b_0,1062.0,1275.0,840.5,828.0,844.0,919.0,937.0,856.0,876.0,774.0,904.0,790.0,983.5,811.5,1088.0,850.5,795.0,692.0,758.0,833.0,861.5,815.0,863.0,986.0,938.0,904.0,1146.5,895.0,1013.0,970.0,1089.0,958.0,701.5,
0000000000000000008c_0,625.0,912.0,950.5,866.0,844.0,1010.0,896.5,995.0,1029.0,862.5,958.5,1002.0,649.0,913.0,992.0,1015.0,971.5,943.0,804.0,915.0,912.0,882.0,837.0,683.0,811.0,807.0,1028.5,670.0,823.0,843.5,1011.0,974.0,990.5,
0000000000000000008d_0,716.0,879.0,967.5,835.0,881.0,934.0,974.0,1029.5,1000.5,774.0,927.5,933.0,661.0,940.0,944.5,1003.0,864.0,816.0,1000.0,822.0,853.5,818.0,859.0,666.0,826.0,847.0,1037.5,692.0,730.0,1104.0,1406.0,1316.0,902.5,
0000000000000000008e_0,821.0,978.0,729.0,860.5,879.0,804.0,910.0,941.0,875.0,701.0,918.0,992.0,806.0,987.5,1029.0,1090.0,958.5,864.0,826.0,914.5,929.0,803.0,838.0,752.5,839.0,875.5,1116.0,730.0,735.5,745.0,931.0,938.0,869.0,
0000000000000000008f_0,625.0,942.0,778.5,929.0,869.0,864.0,824.0,701.0,910.0,706.0,762.0,674.0,804.5,597.0,658.0,679.0,779.0,614.0,675.0,638.0,648.0,590.5,731.0,810.5,658.0,656.0,760.5,850.0,845.5,818.5,883.0,946.0,732.5,
00000000000000000090_0,642.0,1082.0,784.0,854.0,912.0,830.0,852.5,763.0,719.0,691.0,904.0,690.0,821.0,796.0,739.0,741.0,724.0,689.5,685.0,719.0,680.0,676.5,688.0,772.0,780.0,649.0,703.5,786.0,774.0,847.0,967.0,938.0,828.5,
00000000000000000091_0,471.0,817.0,562.0,989.5,717.0,620.0,1088.0,641.0,660.0,886.0,828.5,890.5,551.5,936.5,804.0,703.0,936.0,1002.0,949.0,981.0,407.0,525.0,527.5,844.5,362.0,420.5,465.0,816.0,438.0,672.5,678.0,665.5,548.5,
00000000000000000092_0,471.0,890.0,628.0,909.5,735.0,620.0,1152.5,632.0,641.0,912.5,786.0,885.0,576.0,960.0,818.0,680.0,970.0,1009.0,920.0,1011.0,389.0,536.0,538.5,864.5,410.0,438.5,490.0,734.0,471.0,677.5,637.0,699.5,581.0,
00000000000000000093_0,475.0,847.0,635.5,927.5,737.0,621.0,1054.0,628.5,669.0,932.5,788.0,898.5,599.0,931.0,815.0,709.0,953.0,997.0,971.0,987.0,410.0,511.0,526.0,899.0,445.0,475.0,513.0,656.0,456.0,674.0,730.0,700.0,557.5,
00000000000000000094_0,406.0,810.0,765.0,912.5,794.0,636.0,1135.0,658.0,676.0,925.5,771.0,885.0,584.0,978.0,892.0,706.0,1003.0,1005.0,969.5,981.0,433.5,492.0,524.0,898.0,424.0,453.5,517.0,776.0,434.0,664.0,693.0,631.0,477.0,
00000000000000000095_0,467.0,842.5,563.0,1058.0,736.0,648.0,1104.0,646.0,671.0,929.5,809.0,916.0,570.0,954.0,864.0,697.5,936.0,1032.5,980.5,1006.0,425.5,522.0,579.0,793.0,416.0,501.5,499.0,697.0,456.0,657.0,692.0,672.0,512.5,
00000000000000000096_0,903.0,892.0,718.0,830.0,871.0,736.0,770.0,812.0,796.0,733.0,715.0,745.0,873.5,720.0,873.5,886.0,867.0,851.5,857.0,778.0,818.0,876.0,837.5,917.0,841.0,710.0,736.0,783.0,837.0,936.5,917.0,902.0,830.0,
00000000000000000097_0,773.0,1090.0,781.0,821.0,957.0,1189.0,806.5,979.5,1021.0,992.0,1210.5,1072.5,917.0,994.0,1050.5,1146.0,1076.0,996.5,852.5,934.0,975.0,977.0,937.0,1017.0,921.0,885.0,972.5,895.0,909.5,915.0,978.5,972.0,876.0,
00000000000000000098_0,881.0,927.0,930.0,915.0,875.0,860.0,836.0,818.0,894.0,816.0,937.0,762.0,957.0,781.0,710.5,1040.5,911.5,831.0,818.0,824.0,832.0,919.0,805.0,961.0,936.0,831.0,905.0,901.0,1098.5,1047.0,1093.5,1056.0,976.0,
00000000000000000099_0,898.0,994.0,850.0,887.0,955.0,967.0,943.5,898.5,928.0,953.0,1063.0,900.5,914.0,830.5,738.0,986.0,1030.0,858.5,804.0,1035.0,991.5,908.0,912.0,977.0,996.0,931.5,1021.5,783.0,926.5,1048.0,971.0,940.0,978.0,
0000000000000000009a_0,697.0,795.0,850.0,806.0,834.0,792.0,858.5,874.0,854.0,857.0,920.0,931.0,858.0,844.0,946.0,1219.0,1041.5,1051.0,975.5,1063.0,1175.5,1117.0,1142.0,986.0,1041.0,1044.0,1068.0,783.0,947.0,988.5,1095.0,1141.0,1063.5,
0000000000000000009b_0,711.0,785.0,781.0,800.0,996.0,846.5,833.0,976.5,844.0,830.0,930.0,872.0,852.0,933.5,976.5,1057.0,940.0,990.0,938.0,912.0,874.5,949.0,861.5,882.0,828.0,717.0,782.0,782.0,864.5,795.0,979.0,897.0,838.0,
0000000000000000009c_0,687.0,842.0,784.0,973.0,944.0,972.0,900.0,956.0,860.5,979.0,939.0,867.0,823.0,861.0,879.5,938.0,892.0,834.0,813.0,822.0,884.0,822.0,778.5,871.0,813.0,636.0,655.0,832.0,964.5,885.0,986.0,917.0,1082.5,
0000000000000000009d_0,606.0,684.0,582.0,740.0,613.0,729.0,738.0,738.0,702.0,784.0,699.0,648.0,772.0,724.0,720.0,757.0,696.0,682.0,645.0,679.0,779.5,669.0,654.0,691.0,729.0,555.0,588.0,624.5,747.0,746.5,861.5,746.0,786.5,
0000000000000000009e_0,905.0,807.5,918.0,982.0,921.5,990.5,980.0,958.0,944.5,864.0,945.0,993.0,881.5,945.0,998.5,942.5,853.5,892.0,898.0,916.5,915.5,913.5,891.0,846.5,899.0,722.5,787.5,806.5,974.0,1049.0,1034.5,927.0,1025.0,
0000000000000000009f_0,581.5,786.0,598.0,809.0,690.0,721.0,666.0,689.0,713.0,746.0,745.0,686.5,731.0,705.0,640.5,792.0,682.5,636.5,645.0,697.5,760.5,671.0,771.0,822.0,786.0,710.5,774.5,692.0,862.0,825.5,921.0,769.0,858.0,
000000000000000000a0_0,638.0,677.0,711.0,797.0,778.5,833.0,840.0,864.0,809.5,816.0,741.0,755.0,622.5,859.5,871.0,857.0,866.0,832.0,686.0,792.0,882.0,989.0,1001.0,699.0,970.0,1057.0,1026.0,675.5,795.0,743.5,942.0,723.0,801.0,
000000000000000000a1_0,783.5,763.5,997.0,991.0,920.0,987.0,1004.0,999.5,877.0,881.0,872.0,827.5,887.0,1038.0,890.5,950.0,938.5,896.5,739.5,814.0,999.0,1092.0,1132.0,937.0,1054.5,1134.0,1133.5,850.5,1080.0,938.0,1063.5,812.5,865.5,
000000000000000000a2_0,732.5,808.5,855.0,879.0,792.0,817.0,851.0,805.0,841.5,859.0,891.0,822.0,835.0,821.0,889.5,949.0,821.0,748.0,727.5,814.0,921.5,904.5,964.5,916.0,946.5,910.5,900.0,760.0,1034.0,972.0,1076.0,841.0,930.5,
000000000000000000a3_0,678.5,724.0,640.0,693.0,664.5,642.0,616.0,688.0,696.0,673.0,709.0,708.0,595.0,622.0,614.0,738.0,820.0,715.0,722.0,749.0,721.0,773.0,599.0,630.5,775.0,763.0,768.0,590.0,704.5,791.0,840.0,677.0,692.0,
000000000000000000a4_0,640.5,635.0,707.5,759.0,705.5,765.5,847.5,826.0,928.0,779.0,748.0,749.0,657.0,775.0,741.5,864.0,1009.0,953.0,740.0,746.0,908.0,920.5,894.0,639.0,751.0,751.0,879.5,658.0,671.5,729.0,876.0,723.5,801.0,
000000000000000000a5_0,668.5,646.0,659.0,732.5,652.0,722.0,731.0,743.0,757.0,687.0,795.0,721.0,566.0,726.0,726.0,875.5,957.0,868.0,693.0,770.0,852.0,897.0,899.0,526.5,777.5,689.5,836.0,550.0,638.5,639.0,762.5,760.0,796.0,
000000000000000000a6_0,558.0,599.0,822.5,738.0,659.0,767.0,790.5,806.0,799.0,748.0,752.0,797.0,832.0,736.0,722.0,800.0,894.0,852.0,681.0,797.0,832.0,817.0,886.5,826.5,809.0,719.0,797.0,695.0,699.0,768.5,859.0,732.0,732.0,
000000000000000000a7_0,936.0,800.5,910.5,897.0,767.0,860.0,918.0,945.0,905.5,849.0,872.5,909.0,880.0,912.0,898.0,1013.0,940.0,942.0,828.5,835.5,916.0,971.5,1043.0,892.5,877.0,796.0,1011.0,846.0,825.0,943.0,973.0,836.0,895.0,
000000000000000000a8_0,647.0,635.0,585.0,629.0,711.5,646.5,607.0,833.5,1037.0,745.0,834.0,818.0,654.0,841.0,777.0,846.0,756.0,718.0,682.0,717.5,737.0,725.0,696.0,783.5,751.0,642.0,712.0,709.0,683.0,749.5,743.0,696.0,684.0,
000000000000000000a9_0,609.5,612.0,719.0,762.0,736.0,748.0,793.5,843.5,818.0,863.0,796.0,769.5,729.0,773.5,739.0,905.5,918.0,852.0,757.0,793.0,829.0,785.0,744.0,721.5,782.0,811.5,924.0,1026.0,925.0,890.5,919.0,862.5,782.0,
000000000000000000aa_0,772.0,748.0,713.0,676.5,770.0,793.0,996.5,826.5,833.0,957.0,950.0,940.0,860.5,903.0,806.5,833.0,781.5,872.0,829.0,892.0,872.0,948.0,918.0,885.5,763.5,805.5,843.5,769.0,828.0,862.5,900.5,813.0,796.5,
000000000000000000ab_0,744.0,958.0,644.0,792.0,771.0,833.0,1096.0,862.0,846.5,952.0,835.0,1022.5,951.5,912.0,768.0,868.0,857.0,850.0,834.5,922.5,875.0,849.5,934.0,1003.0,779.0,840.0,913.0,768.0,944.5,899.0,997.0,931.0,888.5,
000000000000000000ac_0,527.5,731.0,786.5,905.0,1026.5,876.0,948.5,890.0,845.0,1007.0,938.5,876.0,679.0,867.0,874.0,887.5,882.5,831.0,858.0,921.5,852.5,843.0,869.0,1033.0,819.0,842.0,924.0,890.0,954.0,1026.0,1045.5,922.0,1018.5,
000000000000000000ad_0,612.5,795.0,811.0,866.0,852.0,817.0,950.0,891.0,838.0,972.0,893.0,878.5,748.0,920.0,964.0,891.0,920.0,880.0,843.0,933.0,880.5,929.0,910.0,1027.0,868.0,842.0,918.0,832.0,1062.0,998.0,926.0,925.0,961.0,
000000000000000000ae_0,700.5,729.5,615.0,718.0,652.0,706.5,716.0,786.5,743.5,744.0,690.0,732.0,776.0,707.0,725.5,771.5,776.5,721.0,645.0,728.5,713.0,671.0,654.0,775.5,638.0,705.0,754.0,727.0,795.5,773.0,807.5,729.0,739.0,
000000000000000000af_0,677.0,687.0,653.0,697.0,657.0,842.5,725.0,645.5,796.0,676.0,746.0,751.5,755.5,705.0,679.0,731.0,719.5,682.5,644.0,680.0,586.5,578.5,547.0,706.5,599.0,506.5,772.0,709.0,745.5,716.0,767.0,735.0,651.0,
000000000000000000b0_0,723.0,687.0,569.0,752.0,663.0,741.5,682.5,739.0,749.0,778.0,748.0,795.0,805.0,752.5,762.0,941.0,913.0,881.0,824.0,849.0,847.0,772.0,745.0,798.5,787.0,734.5,734.5,668.0,797.5,793.0,863.5,787.0,632.5,
000000000000000000b1_0,675.0,797.0,564.0,750.0,715.0,754.0,747.0,671.0,735.0,790.5,743.5,868.0,800.0,692.0,730.0,884.5,811.0,815.0,730.0,764.5,775.0,743.0,778.5,794.0,770.5,769.0,718.0,659.0,814.5,777.0,847.5,860.0,688.0,
000000000000000000b2_0,635.0,716.5,593.0,748.0,685.0,727.5,651.0,708.0,743.5,799.5,791.5,828.0,798.0,777.0,811.0,934.0,907.0,840.0,809.0,816.0,851.0,762.5,834.0,771.5,775.5,750.0,771.0,649.0,758.0,761.5,950.5,750.0,637.0,
000000000000000000b3_0,744.0,683.0,596.0,646.0,637.5,670.0,612.5,681.0,710.0,743.0,746.5,713.0,826.0,672.0,660.0,719.0,676.0,680.0,649.0,681.0,672.0,692.5,689.0,729.5,698.5,660.0,693.0,623.0,732.5,714.0,787.5,606.0,595.0,
000000000000000000b4_0,815.0,714.5,721.0,685.0,744.0,761.5,741.5,691.5,698.5,838.0,765.0,840.0,972.0,765.5,772.0,817.5,904.5,879.0,668.5,694.0,768.0,765.0,792.0,830.5,764.0,764.5,739.5,887.0,941.0,813.0,901.5,807.0,663.5,
000000000000000000b5_0,799.0,636.0,725.0,892.0,797.5,915.0,887.0,913.0,870.0,806.0,779.0,948.0,713.5,987.0,1005.5,877.0,765.0,844.0,745.0,729.0,860.0,946.5,779.5,711.5,835.0,724.0,881.5,806.0,1018.0,841.0,1102.5,901.0,893.5,
000000000000000000b6_0,582.0,576.5,564.0,604.5,592.5,663.0,663.0,636.5,628.5,760.0,663.5,719.0,608.0,714.0,703.0,869.0,741.0,747.5,689.0,715.0,785.0,755.5,852.0,667.0,762.0,689.0,715.0,641.0,684.0,616.0,741.0,685.0,597.5,
000000000000000000b7_0,676.0,831.5,751.0,826.0,745.5,839.0,754.0,793.0,716.0,806.5,718.0,732.0,772.5,734.5,737.0,751.0,823.5,788.0,682.0,701.0,717.0,756.5,819.5,868.5,719.0,638.0,741.0,805.0,844.0,807.0,991.5,902.5,797.0,
000000000000000000b8_0,906.0,853.0,739.5,791.0,670.0,754.5,762.0,780.0,741.0,759.0,691.5,719.0,858.5,722.0,854.5,890.0,709.5,749.5,744.5,784.5,761.0,925.0,988.5,847.5,1189.0,745.0,787.0,1011.0,966.0,813.0,870.0,843.5,725.0,
000000000000000000b9_0,954.0,831.0,671.0,719.0,664.0,685.5,700.0,781.0,718.0,686.0,688.0,757.0,788.0,647.0,846.0,881.0,783.0,843.0,855.0,773.5,740.5,808.0,968.5,796.0,1021.0,813.0,901.0,766.0,860.0,783.5,878.5,831.0,699.0,
000000000000000000ba_0,756.5,840.0,716.0,751.5,664.0,791.0,724.0,775.0,696.5,823.0,786.0,838.0,840.0,767.0,774.0,828.0,792.0,708.0,647.0,691.0,666.0,755.0,767.0,916.0,726.5,678.0,708.5,768.0,803.0,745.5,826.0,763.0,740.0,
000000000000000000bb_0,675.0,829.0,702.0,737.0,687.0,725.5,671.5,963.5,750.0,875.5,834.0,907.0,819.0,881.5,871.0,943.0,916.5,829.0,784.5,779.0,774.0,854.0,865.0,848.0,782.5,731.0,815.5,877.0,892.0,762.5,847.0,830.5,702.0,
000000000000000000bc_0,474.0,900.0,556.0,951.0,794.0,659.0,1097.5,631.0,669.5,953.5,847.0,908.0,585.0,961.0,814.0,685.0,943.5,1019.5,992.0,993.0,392.0,549.0,533.0,757.0,438.0,426.0,467.0,800.5,447.0,663.0,680.0,717.5,551.5,
000000000000000000bd_0,408.0,772.0,663.5,927.5,737.0,692.0,1113.5,655.0,644.0,936.5,828.5,928.5,558.0,960.0,906.0,709.0,949.0,1069.0,996.0,981.5,424.0,488.0,453.0,917.5,419.0,431.0,497.0,737.0,468.0,644.5,651.0,715.5,568.0,
000000000000000000be_0,871.5,816.5,646.0,794.5,859.0,821.0,811.0,820.0,764.0,769.0,684.0,868.0,894.0,740.5,692.5,843.0,672.0,741.0,662.5,702.0,692.0,793.0,735.5,992.0,726.0,675.0,694.0,838.0,833.0,932.0,877.5,883.0,852.0,
000000000000000000bf_0,813.0,741.0,646.5,781.0,650.5,795.0,790.5,875.0,856.0,813.5,830.0,773.5,726.5,786.0,811.0,894.5,843.0,754.0,728.0,755.0,769.5,751.0,693.5,794.5,726.0,693.0,708.0,752.0,789.0,770.0,876.5,861.5,723.0,
000000000000000000c0_0,757.0,780.0,718.0,846.0,741.0,763.0,739.0,775.0,824.0,785.5,735.0,737.5,832.0,717.0,695.0,823.0,732.0,709.5,662.5,684.0,713.5,633.0,689.0,967.0,726.0,655.0,715.5,895.0,930.0,826.0,766.0,816.0,910.0,
000000000000000000c1_0,898.0,902.0,723.0,823.5,760.0,792.5,828.5,776.0,756.0,731.0,712.5,754.0,877.0,731.0,694.5,811.0,742.0,679.5,646.0,710.5,746.0,678.5,719.5,786.0,693.5,647.5,654.0,776.5,803.0,892.0,943.5,886.5,850.0,
000000000000000000c2_0,733.0,854.0,767.0,812.5,733.0,812.0,809.0,768.0,682.5,767.0,690.0,793.0,865.0,741.0,694.5,714.0,735.0,710.0,684.0,720.0,697.0,733.0,713.0,857.0,687.0,687.5,716.0,766.0,790.0,859.0,978.0,822.0,797.0,
000000000000000000c3_0,761.5,793.0,651.0,736.0,698.5,814.0,884.0,829.5,755.5,836.0,795.0,738.5,809.0,830.0,799.0,797.0,802.5,860.0,706.0,769.0,707.0,683.0,788.0,811.0,718.5,640.0,658.0,713.0,739.5,729.0,837.5,692.5,685.5,
000000000000000000c4_0,728.0,732.5,712.5,685.0,744.0,822.0,820.5,796.0,713.0,714.0,723.0,684.0,684.0,680.0,689.0,827.0,712.0,728.0,698.0,894.0,757.0,574.0,752.0,700.0,753.0,695.0,696.0,713.0,731.0,681.0,779.5,710.5,711.0,
000000000000000000c5_0,774.0,797.0,718.0,743.0,644.0,746.5,775.0,770.0,719.0,723.0,755.5,736.5,806.0,794.5,742.0,770.5,779.0,809.0,819.0,867.0,579.0,444.5,756.0,782.0,677.0,737.5,718.5,767.0,754.5,721.5,820.5,787.0,679.5,
000000000000000000c6_0,697.0,797.0,712.0,743.0,676.0,743.0,741.0,753.0,666.0,732.0,735.0,677.0,755.0,731.0,753.0,768.5,728.0,768.0,727.0,746.0,747.5,663.0,786.0,782.0,717.0,661.0,691.0,715.0,784.5,759.0,829.0,864.0,765.5,
000000000000000000c7_0,724.0,794.0,648.0,730.0,785.0,766.0,800.0,812.0,776.0,737.0,713.0,725.5,755.0,733.5,749.5,801.5,752.0,737.0,685.0,739.0,735.0,741.0,715.0,843.0,670.0,657.0,713.0,774.0,731.0,723.0,788.5,796.5,688.5,
000000000000000000c8_0,713.0,724.0,646.0,735.5,913.0,783.0,810.0,821.0,721.0,749.5,788.0,722.0,695.0,801.5,745.0,754.5,766.0,809.0,640.0,729.0,760.0,685.5,764.0,784.0,663.0,712.0,657.0,720.0,751.0,682.0,849.0,865.5,775.5,
000000000000000000c9_0,870.0,898.0,717.0,809.0,755.0,835.0,839.0,816.5,806.5,814.5,763.5,778.5,878.0,747.5,728.0,786.0,748.0,708.5,682.0,718.5,763.0,679.0,686.0,913.0,689.5,639.0,635.0,871.0,791.0,804.5,831.0,749.5,760.0,
000000000000000000ca_0,895.0,876.0,572.0,755.0,738.0,768.5,730.0,677.0,601.5,649.5,731.0,799.0,804.0,765.5,738.0,880.0,786.5,723.0,698.5,723.0,765.0,745.5,747.0,848.0,623.0,692.0,701.5,804.0,973.0,854.5,830.0,749.0,631.5,
000000000000000000cb_0,630.5,666.5,699.0,749.0,806.0,763.5,839.0,1088.5,751.0,837.5,742.5,766.0,652.0,726.0,709.0,776.5,711.0,690.0,676.5,678.0,695.0,682.0,658.5,650.0,689.0,721.0,696.0,651.0,696.0,691.5,634.0,742.0,721.0,
000000000000000000cc_0,825.0,839.0,693.0,743.0,743.0,847.0,858.0,800.0,726.5,766.0,738.0,723.0,865.0,717.0,733.0,761.0,728.0,661.0,671.0,704.0,716.0,701.0,705.0,836.0,690.5,657.0,629.5,767.0,826.0,778.5,791.0,771.0,755.0,
000000000000000000cd_0,530.0,587.0,682.0,781.5,635.0,782.0,864.0,799.0,662.0,724.5,678.0,647.5,598.0,675.5,661.0,775.0,762.0,710.0,684.0,673.5,692.0,757.5,736.0,663.0,664.0,765.0,745.5,658.0,993.0,744.0,765.0,786.5,769.0,
000000000000000000ce_0,607.5,926.0,581.5,594.0,601.5,692.0,793.0,746.0,693.5,772.5,685.0,665.0,1017.0,686.0,642.0,747.5,794.0,660.0,647.5,670.5,719.0,712.5,701.5,738.0,634.5,859.0,745.5,718.0,706.5,624.0,738.0,616.5,637.0,
000000000000000000cf_0,620.0,820.0,717.5,809.5,685.0,733.0,812.0,799.0,849.5,694.0,844.0,863.0,864.0,793.5,703.5,833.0,775.0,712.5,692.0,718.5,697.5,682.0,683.0,843.0,703.0,691.0,606.0,678.0,759.5,745.0,870.0,887.0,869.0,
000000000000000000d0_0,651.5,798.0,516.0,599.0,563.0,621.0,686.5,787.5,670.5,732.0,684.0,651.0,1014.0,686.0,723.0,849.0,769.0,738.0,666.0,674.0,695.0,760.0,692.5,806.0,651.0,627.0,754.0,695.0,756.0,673.5,717.0,657.5,564.0,
000000000000000000d1_0,400.5,739.0,911.0,912.0,936.5,930.5,981.0,1135.0,1214.5,1223.0,857.0,807.0,1067.0,667.0,740.0,877.0,844.0,761.0,672.0,760.5,774.5,760.0,735.0,810.0,681.0,771.0,676.0,1005.0,1345.0,763.0,933.5,1262.0,857.0,
000000000000000000d2_0,462.0,685.0,860.0,815.0,926.5,982.0,941.0,1176.0,1041.0,1227.0,857.0,763.0,1146.0,638.0,739.5,934.0,860.0,764.0,690.5,741.0,859.0,770.0,741.0,755.0,679.0,741.0,670.0,952.0,1343.5,831.0,915.0,1106.5,899.0,
000000000000000000d3_0,942.0,863.0,784.0,862.5,735.5,812.5,883.5,768.5,735.0,809.5,814.0,855.0,848.0,814.0,840.0,844.0,805.0,806.5,759.0,744.5,796.0,743.0,793.0,840.0,748.0,779.0,769.0,722.5,716.0,873.0,885.0,873.0,813.0,
000000000000000000d4_0,847.0,811.5,784.5,855.5,729.5,819.5,851.0,837.5,761.0,813.0,822.0,808.0,851.5,804.5,798.5,832.0,816.0,806.0,759.0,775.0,790.0,779.5,792.0,856.0,709.0,780.5,762.5,842.0,834.0,840.5,866.0,858.0,826.0,
000000000000000000d5_0,785.0,744.5,753.5,865.0,699.0,813.0,958.5,975.0,811.5,964.5,1060.5,1015.0,754.5,898.0,1064.0,1026.0,1018.5,869.0,979.5,1239.0,1059.0,1015.0,982.0,741.0,1046.0,959.0,905.5,697.5,791.0,781.0,829.0,829.0,803.0,
000000000000000000d6_0,844.0,780.0,785.0,770.0,737.0,768.0,772.0,999.5,1476.0,1086.0,1165.0,1170.0,803.0,1081.0,1223.0,1069.0,915.0,917.5,728.0,746.0,744.5,781.0,824.5,774.0,784.5,829.5,1185.0,726.5,782.0,719.0,810.0,752.0,760.0,
000000000000000000d7_0,1250.0,752.0,740.5,752.5,708.5,762.0,757.0,754.0,714.0,768.0,709.0,728.0,750.0,713.0,728.0,716.0,728.0,693.0,666.5,724.0,737.0,653.5,657.0,814.0,639.0,672.0,680.5,850.0,785.0,669.0,857.5,776.0,821.5,
000000000000000000d8_0,851.0,751.0,727.0,791.0,767.0,804.0,759.5,755.5,711.0,734.0,715.0,791.5,792.0,713.5,756.0,688.0,749.5,696.0,607.0,665.0,631.5,727.0,664.0,909.5,648.0,703.0,699.0,871.0,904.0,752.0,841.0,811.0,791.0,
000000000000000000d9_0,878.0,823.5,726.0,863.0,751.0,780.5,817.0,744.0,704.5,760.0,748.0,688.5,903.0,700.0,700.0,727.0,701.0,693.5,621.0,678.5,718.0,699.0,700.5,850.0,636.0,715.5,765.5,813.0,739.0,781.0,812.0,822.5,766.0,
000000000000000000da_0,889.0,881.0,779.0,801.0,760.0,769.0,787.0,817.0,755.0,734.0,753.0,836.0,806.0,726.0,910.0,853.0,731.0,701.0,647.0,685.5,761.5,825.0,744.5,829.5,711.0,797.0,774.0,699.5,779.5,678.0,860.0,843.0,812.0,
000000000000000000db_0,729.5,734.0,649.0,808.0,744.0,692.5,773.0,781.5,747.0,763.0,754.0,675.0,786.0,697.5,706.0,825.0,741.5,667.5,677.5,773.5,628.0,697.0,586.5,703.0,735.0,830.0,677.0,717.0,865.5,849.5,963.0,864.5,673.0,
000000000000000000dc_0,953.0,805.0,645.0,846.5,776.0,832.0,899.0,868.0,822.0,763.0,845.0,843.5,804.0,860.0,827.0,832.0,825.0,725.0,695.0,661.0,688.0,713.0,697.5,789.0,692.0,762.0,679.0,819.5,819.0,820.5,912.0,806.0,727.5,
000000000000000000dd_0,773.0,848.0,828.5,845.0,740.0,888.0,846.0,841.0,750.0,855.0,789.5,857.0,888.0,864.0,831.5,877.5,858.0,844.5,814.0,773.0,779.0,821.5,800.0,841.5,778.5,815.5,774.5,807.0,750.5,935.0,984.0,846.0,852.0,
000000000000000000de_0,896.0,907.0,922.0,824.5,756.5,850.0,901.5,814.5,790.0,828.0,727.0,862.5,984.0,930.0,846.5,869.0,933.0,824.0,775.0,771.0,791.0,859.0,744.0,805.0,732.0,787.0,788.0,765.0,724.0,950.0,1070.0,869.0,848.5,
000000000000000000df_0,834.0,708.0,715.0,805.0,726.5,871.0,679.0,795.0,781.0,799.0,800.0,768.0,818.0,747.0,738.5,798.0,754.5,782.5,726.0,709.0,806.0,784.5,723.0,847.5,713.0,707.0,720.0,762.0,806.0,781.5,1024.0,831.0,731.0,
000000000000000000e0_0,929.5,745.0,847.0,829.0,750.5,785.0,754.0,774.0,742.0,714.0,729.0,765.0,777.0,753.5,767.0,731.0,760.0,746.5,699.5,686.0,729.5,737.0,721.5,823.0,764.5,703.0,679.0,795.0,702.0,814.0,941.0,733.0,739.5,
000000000000000000e1_0,949.0,848.0,981.0,914.0,858.0,873.0,865.0,807.5,797.0,766.5,804.5,848.5,897.0,782.0,872.0,835.0,844.0,859.5,794.5,725.0,848.0,788.5,826.0,837.5,851.0,769.0,842.0,771.0,767.0,885.0,986.5,745.0,907.0,
000000000000000000e2_0,727.0,753.5,719.0,749.0,729.5,780.0,743.5,700.0,733.0,719.5,798.0,874.0,802.0,901.0,950.5,923.0,856.0,826.5,844.0,783.5,798.0,865.0,847.0,723.0,809.5,835.0,889.0,631.0,637.5,768.0,893.5,673.0,739.0,
000000000000000000e3_0,880.5,837.5,840.5,812.5,804.0,783.5,775.0,766.0,902.0,919.0,1035.0,951.0,815.0,872.0,1081.0,1045.0,946.5,882.0,709.5,783.5,797.0,792.0,885.0,863.0,718.5,721.0,696.5,884.0,889.0,881.0,1015.5,774.0,772.0,
000000000000000000e4_0,902.0,767.5,750.0,921.5,834.0,823.0,909.0,796.0,976.0,967.5,929.5,859.5,749.0,865.0,931.0,962.0,904.5,833.0,730.0,821.0,816.0,835.0,858.0,808.5,734.0,748.0,775.0,699.5,819.0,809.0,948.5,764.0,718.5,
000000000000000000e5_0,929.5,845.0,997.5,928.0,944.0,939.0,955.0,863.5,929.0,868.5,912.0,960.0,808.0,939.0,990.0,1027.0,883.0,890.0,768.5,800.0,798.5,896.0,845.5,853.0,833.0,854.0,822.0,884.0,774.0,906.0,1030.0,829.0,880.0,
000000000000000000e6_0,793.0,807.0,731.0,790.0,676.0,817.0,761.5,781.0,747.0,695.0,719.5,743.0,789.0,733.0,752.0,795.0,685.0,755.0,725.0,730.0,667.0,1018.5,770.5,822.0,716.0,641.0,669.5,781.5,720.0,803.5,986.0,944.0,746.0,
000000000000000000e7_0,831.0,928.0,753.5,806.0,876.0,860.0,850.0,819.5,771.0,733.5,806.0,811.0,870.0,770.0,799.0,801.0,771.0,764.0,717.5,708.0,779.0,939.0,675.0,882.0,711.0,674.0,748.0,836.0,862.0,863.5,1041.5,943.0,826.0,
000000000000000000e8_0,874.0,891.0,743.5,803.0,714.0,757.0,852.0,872.0,801.0,781.0,829.0,897.0,825.0,815.0,842.5,901.0,845.0,809.5,809.0,747.5,766.5,778.5,718.0,815.0,719.0,700.0,762.0,760.5,807.0,821.5,1012.5,1027.0,826.0,
000000000000000000e9_0,869.0,889.0,725.0,801.0,790.0,756.0,785.0,810.0,788.0,820.0,883.5,911.0,859.0,879.0,814.0,884.0,864.5,901.0,801.0,890.0,854.0,875.0,840.0,792.0,876.5,780.0,916.0,855.5,783.0,796.0,1038.0,940.0,849.5,
000000000000000000ea_0,813.0,796.5,1035.0,896.0,792.0,1042.0,962.0,873.0,907.0,935.0,876.5,864.0,814.0,876.0,910.0,922.0,895.0,816.0,700.0,901.5,970.5,1079.5,823.0,805.0,876.5,881.5,921.0,817.0,810.0,831.0,1055.0,1064.0,787.0,
000000000000000000eb_0,902.5,747.5,715.0,730.0,770.0,694.0,763.0,763.0,693.0,689.0,629.0,742.0,797.0,753.0,724.0,752.0,754.5,750.5,691.0,679.0,698.0,799.5,754.0,785.0,739.5,727.0,748.0,738.0,734.0,721.0,902.0,765.0,742.5,
000000000000000000ec_0,840.0,779.5,720.0,813.0,801.0,771.0,848.0,779.0,684.5,727.0,792.0,793.0,854.0,798.0,809.0,817.0,756.0,761.0,727.0,742.5,701.0,674.0,712.0,763.5,664.0,680.0,680.0,676.5,764.0,924.0,912.0,897.0,784.5,
000000000000000000ed_0,842.5,755.0,700.5,804.0,713.0,780.0,666.0,825.0,681.0,626.5,805.0,761.5,783.0,807.5,806.0,783.0,751.5,715.0,678.0,652.5,650.0,826.5,736.0,737.5,737.0,744.0,662.0,655.5,754.5,750.0,838.0,820.0,773.0,
000000000000000000ee_0,863.5,777.0,645.5,732.0,607.0,844.0,794.0,743.5,699.5,670.0,719.5,647.0,801.0,678.0,718.0,729.0,698.5,657.0,617.0,650.5,691.0,757.0,681.0,731.0,688.0,658.0,668.0,682.0,756.0,792.0,907.0,801.0,729.0,
000000000000000000ef_0,953.5,886.0,782.0,811.0,748.0,811.0,883.5,794.0,722.0,797.0,773.5,800.0,877.0,751.0,782.0,824.5,764.0,693.0,731.0,738.5,787.5,689.0,665.0,902.5,709.0,731.0,729.5,724.0,822.0,803.0,969.0,906.0,852.0,
000000000000000000f0_0,684.0,641.0,719.0,801.0,740.0,792.0,826.0,772.5,751.0,806.0,745.0,791.0,668.5,797.5,807.0,830.0,817.0,807.0,734.5,707.0,753.0,791.5,760.0,673.0,746.0,782.0,764.5,634.5,735.0,712.0,876.0,751.0,707.0,
000000000000000000f1_0,870.0,801.5,778.0,810.0,772.5,851.0,852.0,801.0,681.0,725.5,734.0,749.0,857.0,749.0,731.0,772.0,770.0,761.0,688.0,677.0,681.0,784.0,698.0,840.0,710.0,769.0,712.0,718.0,720.5,892.0,971.0,817.0,799.5,
000000000000000000f2_0,587.0,676.0,710.0,764.0,680.5,794.5,845.0,791.0,739.5,738.0,659.0,699.0,696.0,696.0,734.0,755.0,671.0,761.5,683.0,740.0,722.0,733.0,715.0,664.5,679.0,647.0,640.5,627.0,805.0,925.0,914.0,806.0,777.5,
000000000000000000f3_0,774.0,747.0,725.0,807.0,664.0,816.0,795.0,765.0,737.0,735.0,682.5,730.5,749.0,669.0,731.0,815.5,776.0,735.0,652.5,665.5,704.0,637.5,674.0,853.5,728.0,759.0,702.0,744.0,720.0,703.0,866.5,843.0,842.0,
000000000000000000f4_0,780.0,743.5,772.5,940.0,758.0,812.0,887.0,859.0,827.0,817.0,766.0,760.0,804.0,754.0,803.5,775.0,771.5,795.0,706.0,613.0,723.0,709.0,677.0,667.0,624.0,677.0,756.0,600.0,666.0,758.0,771.0,875.5,681.5,
000000000000000000f5_0,858.0,800.5,650.0,702.5,625.0,725.0,735.0,723.5,661.0,675.5,728.0,726.0,769.0,693.0,687.0,736.5,717.0,608.5,621.0,667.0,599.0,656.5,686.0,748.0,618.0,714.0,692.0,697.5,725.0,697.0,772.0,715.0,649.0,
000000000000000000f6_0,808.0,697.5,648.5,669.0,572.5,720.0,698.0,658.0,638.0,631.0,724.0,685.0,715.0,640.5,684.0,682.0,707.0,592.5,607.5,636.5,650.0,642.0,657.0,728.0,633.0,671.0,647.0,632.0,685.0,671.0,768.5,671.0,646.0,
000000000000000000f7_0,887.5,791.0,715.5,808.5,679.0,816.0,813.0,1042.0,1074.0,859.0,928.0,1012.0,808.0,1064.5,1014.0,1126.0,1079.0,835.5,775.0,880.0,988.0,1145.5,1032.0,801.5,1134.0,1184.0,963.0,705.0,739.0,746.0,826.0,787.0,718.0,
000000000000000000f8_0,1017.0,830.0,854.5,865.0,745.0,812.0,813.0,1111.0,1000.5,1069.0,1129.0,1032.0,890.0,1157.0,1119.0,1089.0,1288.0,879.0,773.0,997.0,1031.0,870.0,1145.0,903.0,1097.5,1215.0,1087.0,767.0,827.0,850.0,891.5,884.0,843.5,
000000000000000000f9_0,878.0,883.5,714.0,774.0,646.0,731.0,782.0,767.0,728.0,804.0,733.0,797.5,892.0,762.5,784.5,776.0,746.0,716.0,636.0,686.0,614.0,831.5,826.0,827.0,658.0,705.0,779.0,746.0,774.0,862.0,847.0,831.0,787.0,
000000000000000000fa_0,801.0,649.0,711.0,700.0,616.0,763.0,766.0,697.0,676.0,726.0,698.5,699.5,766.0,695.0,693.5,702.5,731.0,746.5,673.0,682.0,734.0,680.5,731.0,791.0,664.0,632.0,664.5,659.5,562.5,766.0,882.5,822.0,712.5,
000000000000000000fb_0,843.0,757.0,700.0,695.0,679.0,764.0,719.0,742.0,711.5,729.0,689.0,693.0,769.5,714.0,698.0,794.0,715.5,737.0,689.5,704.0,706.0,610.0,756.0,833.0,643.0,699.0,664.5,740.5,676.5,825.5,888.5,799.0,731.5,
000000000000000000fc_0,817.0,821.5,833.0,790.0,679.0,757.0,742.0,675.0,709.0,717.0,697.0,657.0,810.0,646.5,700.0,815.0,793.0,737.0,650.5,739.5,806.0,679.0,675.5,806.0,683.0,698.0,670.0,693.0,763.0,780.0,949.0,839.0,843.0,
000000000000000000fd_0,817.0,846.0,797.5,902.5,740.0,808.5,826.0,783.0,795.5,803.0,760.0,722.0,826.0,758.0,767.5,883.0,791.0,764.0,768.5,843.0,801.5,734.0,710.5,880.5,728.0,752.0,752.5,800.0,849.0,829.0,927.0,881.0,899.0,
000000000000000000fe_0,895.0,902.0,787.5,777.0,741.0,796.0,784.0,750.0,741.0,731.0,738.0,741.0,809.0,714.0,698.0,812.0,755.0,727.0,680.0,737.0,710.0,736.5,740.0,850.0,689.5,700.5,667.0,793.0,824.5,840.0,898.5,822.5,804.0,
000000000000000000ff_0,396.0,926.0,552.0,957.5,795.0,661.0,1096.0,627.0,710.0,890.0,840.0,934.0,570.5,900.0,823.0,703.5,957.5,997.0,949.5,986.0,422.0,523.0,509.0,910.0,382.0,406.0,450.0,800.5,469.0,693.0,676.0,661.5,551.5,
00000000000000000100_0,436.0,919.0,654.0,1012.5,721.0,567.0,1098.0,657.5,617.0,889.0,753.0,934.0,533.0,960.0,804.0,698.0,996.0,1016.0,978.0,969.0,410.5,557.0,564.0,868.5,398.0,464.0,464.0,694.0,514.0,660.5,684.0,670.5,555.5,
