system:index,Brightness,Brightness_1,Brightness_10,Brightness_11,Brightness_12,Brightness_13,Brightness_14,Brightness_15,Brightness_16,Brightness_17,Brightness_18,Brightness_19,Brightness_2,Brightness_20,Brightness_21,Brightness_22,Brightness_23,Brightness_24,Brightness_25,Brightness_26,Brightness_27,Brightness_28,Brightness_29,Brightness_3,Brightness_30,Brightness_31,Brightness_32,Brightness_4,Brightness_5,Brightness_6,Brightness_7,Brightness_8,Brightness_9,.geo
00000000000000000000_0,731.8161,1325.0063,662.12787,1332.7515,921.943,791.5445,1525.2645,777.0275,779.66187,1063.5898,971.10443,1083.8198,794.3445,1144.8181,1012.1177,883.829,1274.9255,1205.714,1214.8826,1269.5875,680.6037,528.6022,557.9394,986.5533,357.96945,435.0573,509.8044,1065.8312,655.2926,1011.5427,1125.772,1201.824,730.3296,
00000000000000000001_0,692.1965,889.9521,828.82153,1396.4556,917.7677,787.6097,1432.2155,762.62445,748.7982,1089.3423,871.959,1128.6075,991.1418,1116.5796,918.3065,866.078,1242.6064,1220.7911,1249.946,1226.6873,439.5438,324.4837,479.2108,937.2466,344.8998,398.2963,438.6741,816.9897,702.8715,873.4909,1081.4155,1315.6799,786.6511,
00000000000000000002_0,2851.7322,2946.192,3135.7405,3502.0981,3423.382,3603.9097,3506.3706,3628.803,3668.8623,3596.359,3552.2297,3326.1616,2810.654,3315.1826,3430.4397,3516.628,3382.8699,3415.9617,3249.469,3451.2683,3565.3604,3904.9763,3854.0718,3612.8005,3943.004,3974.7358,4023.4988,3334.1023,3357.6172,3698.376,3658.5518,3788.1558,3420.8652,
00000000000000000003_0,2974.4585,3660.7336,3487.7134,3289.9995,3310.6929,3879.7456,3929.334,3928.5562,3867.745,3431.3596,3506.8203,3153.9834,4024.5305,3307.9753,3411.2825,3400.7434,3146.1875,3688.739,3543.2092,3771.7358,3917.6108,3916.0132,3881.4478,3453.8848,3702.0562,3369.4795,4147.944,3032.265,3403.1104,3664.9084,3625.7043,3692.2092,3919.791,
00000000000000000004_0,2949.5088,3205.7405,3231.3735,3345.357,3282.8604,3745.6384,3494.1406,3274.6895,3211.467,2768.5376,2983.2263,3458.5505,3273.3691,3610.7292,3456.85,3666.3042,3726.9824,3534.754,3354.5266,3450.5562,3731.7075,4104.5244,4144.687,3121.2383,4151.502,3853.3704,3825.853,2859.4775,3093.8242,3093.394,3517.2986,3501.668,3427.3396,
00000000000000000005_0,3853.7715,3409.9338,4222.9106,3802.704,3847.547,4073.592,4397.6597,4135.3066,4054.3567,3636.9001,3548.0837,3619.581,3615.2532,3568.1846,3715.9517,3714.2656,3560.422,3519.443,3476.2368,3718.8945,3716.8687,4629.4043,4142.4175,3450.0613,4273.146,4128.5396,4583.9824,3183.4868,2961.1487,3126.9092,3429.6265,4152.623,3988.7378,
00000000000000000006_0,3057.4895,3442.2607,3270.4182,3505.7515,3183.8325,3224.8333,3251.7217,3477.23,3520.4546,3393.0522,3351.893,3220.9783,3438.985,3316.5984,3687.974,3651.6733,3782.3796,3666.5254,3437.7937,3858.7373,3206.416,3667.5996,3597.2158,3403.0542,3558.4387,3586.0835,3883.1897,3192.2183,3142.8528,3292.1714,3369.5574,3715.5605,4113.7363,
00000000000000000007_0,3631.1138,3951.654,3698.0513,3561.587,3616.8003,3980.1792,3929.2766,3965.5269,3876.9395,3738.2805,3510.1611,3535.5996,3812.9055,3693.5466,3531.5256,3809.4792,3604.9675,3826.6965,3647.0,3748.9226,3964.9255,4145.9023,4052.7258,3799.0127,4111.6353,3864.6687,4006.9104,3689.056,3889.8557,3968.5942,3807.2678,3688.5935,3998.2083,
00000000000000000008_0,3490.2427,3382.755,2385.948,2494.6948,2383.5557,2251.0225,2349.0352,2429.5735,2404.7397,3283.7117,4036.9192,3456.7505,3484.4702,3608.8901,3498.207,3664.4685,3645.0723,3550.3105,3620.7463,3605.095,3783.8433,4276.634,4222.039,3717.7861,4345.521,4172.1816,4247.387,3360.1147,3314.8547,2876.0168,2920.4016,2809.5151,2620.3757,
00000000000000000009_0,3352.2834,4111.1025,3049.7002,3550.0215,3239.8765,3469.588,3727.6023,3738.0632,3480.6848,3631.88,3621.6323,3523.2878,3968.2712,3563.8652,4016.1824,3720.3909,3799.3403,3865.9495,3724.6016,3795.1035,3838.4395,4404.7573,4478.5,4049.705,4329.6875,4050.2957,4643.8823,3540.5986,3767.9185,3609.6367,3259.0723,3760.3848,3662.2856,
0000000000000000000a_0,4059.5823,3842.3447,3205.22,3638.662,3525.755,4237.79,3741.47,3870.2324,3795.1294,3973.6768,3995.803,4077.0825,3943.4792,3851.6309,3287.133,3349.7056,3331.6877,3302.1602,3223.0864,3561.7976,3603.855,4076.3179,4613.2373,3952.8276,4373.4277,4280.882,4034.5186,3562.061,3861.8594,3548.13,3693.717,3763.781,3421.273,
0000000000000000000b_0,3373.8042,3161.5215,2698.6191,3211.2715,3020.6821,3278.4814,3197.2896,3338.9355,3244.241,3479.975,3330.814,3372.2957,3073.4194,3538.8098,3211.613,3195.3608,3271.5095,2989.2744,2867.9724,3104.4812,3131.354,3119.8774,3601.3438,2914.4944,3575.7815,3501.0996,3424.9521,2760.7427,2970.1147,2785.5137,3126.6917,3158.5498,2909.4504,
0000000000000000000c_0,3816.1584,3530.1602,3443.2864,3593.3145,3212.92,3742.467,3694.5474,3658.3914,3702.7402,3588.063,3658.0508,3424.6335,3566.1882,3553.8713,3703.276,3582.0723,3642.6736,3439.0261,3423.885,3587.401,3714.3455,4055.5479,4164.336,3584.3574,4119.739,3879.076,4318.269,3390.0886,3750.6516,3509.537,3412.2705,3937.753,3587.657,
0000000000000000000d_0,3942.665,4313.5474,3839.694,3756.1638,3439.0962,3801.1582,3869.293,3937.108,3766.418,3827.4456,3874.8499,3749.017,3971.52,3774.6787,3757.017,3752.336,3816.1992,3936.439,3863.8794,4124.978,4251.34,4632.774,4494.8604,3949.659,4384.5547,4504.7314,4567.7754,3870.1318,3866.241,3651.3003,4280.7217,3547.8064,3729.6965,
0000000000000000000e_0,3247.7007,3575.0122,3107.2573,3198.14,3207.2153,3217.6624,3213.0984,3264.5422,3371.9016,3710.2563,3378.6702,3258.0264,3510.7268,3105.9248,3176.842,3467.4282,3227.8306,3201.6616,3037.4846,3162.5662,3041.9792,3633.0117,3709.1113,3574.5146,3745.417,3434.2695,3796.625,3307.9116,3518.7402,3492.9602,3716.609,3531.4165,3278.6917,
0000000000000000000f_0,3235.8975,3538.8608,3661.9756,3437.3562,3242.9023,3322.942,3806.4321,4026.172,3962.431,3794.8613,3724.0361,3631.4639,3823.5002,3607.2761,3593.0508,3663.1855,3872.7522,3565.1938,3589.753,3637.1006,3844.8005,4090.1025,4230.6377,3628.4731,4017.9834,3961.168,4197.5625,3448.3145,3335.0469,3249.7834,4173.824,3576.8271,3412.1304,
00000000000000000010_0,4231.951,3684.643,3811.1016,3829.0522,3648.003,3785.5042,3750.3193,3691.4575,3511.5464,3804.9507,3760.4792,3822.0435,3613.5605,3469.7827,3922.724,4051.182,3823.0156,4083.7046,3821.425,3793.3918,3787.065,4757.939,4388.1416,3691.5352,4014.3672,4545.167,4445.063,3356.5745,3175.397,3743.099,3353.5889,3210.1375,3584.5713,
00000000000000000011_0,3121.149,3309.4375,3060.6145,3558.7705,3264.7903,3274.5178,3223.1028,3152.1611,3178.6511,3295.3286,3225.613,3433.259,3459.9014,2986.2788,3448.8682,3574.2192,3368.4453,3514.943,3226.9536,3441.1304,3094.3215,3516.0757,3809.1,3365.25,3354.8877,3661.0945,3870.6284,3167.1628,3259.9478,3213.1458,3652.6006,3524.5461,3434.6406,
00000000000000000012_0,3987.0303,4089.51,4585.1025,4314.543,4361.6445,4626.89,4264.413,4560.824,4134.293,4185.457,4198.808,4315.1304,4191.9565,4160.2266,4648.3633,4627.4673,4421.977,4187.559,4293.087,4088.7925,4483.1924,5387.293,5129.151,4257.0083,4700.6636,4463.6665,4815.8535,4433.3564,4433.331,4628.8633,4380.6377,4007.0095,4077.7532,
00000000000000000013_0,3536.2378,3463.219,3541.6045,3651.9617,3531.9941,3645.8555,3353.5232,3645.95,3509.4175,3484.7393,3374.5168,3714.3884,4141.155,3475.1611,3810.8389,3857.423,3565.8682,3441.2268,3617.792,3540.9116,3693.6287,4067.3926,4144.4062,3835.002,3859.5513,3654.2007,3790.9067,3612.5347,3483.249,4045.8887,3924.0564,3432.1013,3580.2458,
00000000000000000014_0,3433.7065,3226.5757,3459.4258,3415.2097,3585.23,3703.3623,3384.351,3348.8474,3499.8613,3385.9336,3435.4282,3616.0205,3648.0032,3324.723,3632.4126,3478.4336,3501.8154,3461.526,3475.1843,3411.217,3545.2998,4227.838,4171.291,3643.4019,3846.6658,3822.209,3937.5737,3445.6343,3347.9524,3679.8262,3842.8298,3306.1335,3658.5022,
00000000000000000015_0,5003.355,4547.3877,4892.9946,5061.2085,4982.9424,4393.7646,4502.9575,4542.2485,4285.0303,4279.1807,4494.962,4562.049,4748.9434,4721.1436,4639.983,4792.8804,4518.533,4544.7905,4726.069,4543.9185,4781.504,5493.6016,5011.064,4449.9146,5210.9814,5110.3115,5333.294,4636.8623,4172.401,4186.509,4303.8564,4028.6863,4648.199,
00000000000000000016_0,3504.0884,3404.4072,3301.583,3563.85,3477.2695,3435.2334,3762.214,3805.1748,3845.0366,3827.98,3660.909,3526.7788,3031.3237,3502.5747,3531.4092,3717.6353,3542.5232,3481.705,3440.8745,3694.6465,3884.581,3548.0996,3951.601,3266.1582,3925.446,3973.5164,3959.0981,3168.8196,3109.899,3107.3723,3566.1995,3755.272,3501.7085,
00000000000000000017_0,3147.7954,3174.278,3022.516,3268.4836,3095.5498,3164.6804,3213.3777,3312.2495,3248.6003,3451.3184,3270.0156,3277.752,3033.1858,3162.9878,3136.0513,3258.8347,3286.9177,3109.6655,3143.7231,3299.4297,3434.3982,3511.1382,3614.346,3111.9001,3664.1655,3854.5637,3777.5884,2855.8743,3131.159,2982.684,3193.031,3267.1953,3151.8926,
00000000000000000018_0,3726.6462,3394.0935,3671.592,3665.338,3510.6655,3684.7861,3557.245,3368.1357,3544.8875,3743.123,3564.5994,3656.5493,4054.0168,3373.9604,3495.9656,3551.5417,3582.6936,3699.8523,3441.9128,3638.5632,3422.58,4046.3584,3849.691,3696.3403,3723.722,4079.3096,4022.643,3310.8435,3722.9912,3619.7744,3710.1616,4127.0195,3926.228,
00000000000000000019_0,3410.5527,3084.356,2660.7761,3065.0608,2796.5718,3206.5415,3148.076,3187.3481,3075.596,3062.794,3092.3953,3232.448,3208.0527,3263.8652,3318.2544,3224.151,3069.476,2984.0461,3017.1235,3217.1768,3272.9556,3572.06,3464.198,3397.7898,3419.0256,3661.088,3572.4153,3045.7744,2971.7588,3123.6199,3052.5645,2904.874,2781.6104,
0000000000000000001a_0,3104.2793,3257.215,3182.6104,3519.192,3515.9163,3548.7085,3758.9722,3741.2456,3840.9277,3709.0085,3953.8755,3972.192,3230.6074,3784.1184,3854.4453,3991.252,3818.3162,3861.0024,3993.2256,3807.6885,3859.8633,4069.111,3998.5234,3253.4426,3937.912,3864.743,3967.7632,3521.1191,3676.0715,3760.2322,3696.5093,3763.6685,3646.5156,
0000000000000000001b_0,3576.5469,3456.709,3661.8726,3509.295,3622.371,3341.7231,3776.4265,3670.0176,3348.6226,3390.2354,3575.9395,3614.3716,3525.0088,3462.223,3415.9033,3707.9402,3594.5098,3701.125,3791.506,3650.5586,3412.49,4813.859,4306.497,3343.0776,4075.5396,3943.2312,3883.7861,3200.088,3295.082,3334.231,4122.373,3597.9563,3828.1055,
0000000000000000001c_0,3922.421,3885.145,3535.881,3465.758,3501.376,3510.9268,3536.7231,3735.4917,3359.2822,3674.0317,3629.8481,3364.588,3848.6042,3384.5388,3598.407,3463.0918,3312.3403,3508.4253,3533.6624,3434.1262,3683.1025,4802.0605,3702.959,3674.1038,4030.8403,4090.6528,3689.9067,3364.0073,3510.1287,3683.8018,4839.6313,3784.0288,3651.8254,
0000000000000000001d_0,3546.4932,3387.0012,3508.0388,3215.6565,3263.651,3507.754,3495.96,3478.168,3302.8599,3249.73,3493.9714,3428.2253,3276.329,3583.921,3355.0474,3640.7996,3419.2163,3349.2014,3190.9915,3406.515,3435.3867,3294.1719,3776.6738,2970.2688,3632.904,3610.7568,3791.6807,3129.105,3083.0596,3701.4512,3513.254,3366.3472,3450.7292,
0000000000000000001e_0,4030.6025,4339.117,3914.1238,3808.4739,3721.2114,3948.883,3855.8977,3794.1758,3812.2334,3741.8533,3822.0308,4186.3613,4069.7407,4085.0076,4068.9326,4079.9375,3935.488,3974.8796,3992.4355,3818.4216,3852.125,4780.721,4491.715,3815.2866,4417.594,4358.8184,4491.867,3327.3013,3903.1125,3968.1528,4237.162,3465.734,3973.1772,
0000000000000000001f_0,4325.3237,3940.6367,3741.967,3786.3223,4056.6646,3834.7485,3978.0498,4139.9526,3971.7686,3875.4368,4133.877,4248.7686,3980.9856,4432.855,4399.27,4709.668,4401.5195,4388.621,4213.91,3976.5479,4157.412,5457.1787,5206.9805,3937.5215,5011.782,4959.353,4982.17,3748.5151,4307.241,4436.5635,3764.1143,3527.08,3787.4624,
00000000000000000020_0,3811.9502,3607.4976,3574.149,3344.6584,3595.574,3445.648,3371.5957,3341.078,3514.5503,3683.661,3635.5059,3436.412,3585.7324,3296.872,3430.3594,3692.7527,3729.7246,3662.7878,3650.3618,3147.5967,3100.628,3592.31,3477.1743,3755.8113,4487.6323,3879.7195,3940.594,3558.3713,3685.3123,3714.0842,3831.3865,4019.1418,3882.1646,
00000000000000000021_0,3638.8513,3630.1711,3229.753,3026.6094,3107.876,3322.6672,3055.0085,3438.5022,3356.7183,3730.1423,3493.0166,3407.5024,3363.6904,3309.255,3643.4639,3886.4353,4071.224,3462.4058,3563.9834,3271.104,3119.1797,3481.2107,3222.212,3348.4014,3527.336,3673.094,3596.0442,3269.2617,3625.0063,3326.2495,3890.4211,3569.6392,3506.1655,
00000000000000000022_0,4420.5264,4433.2373,3991.4585,3643.356,3441.084,3663.0364,3849.3613,3825.1323,3746.004,3493.9563,3777.9473,3775.4595,4102.724,4124.3853,4012.4785,4242.147,4227.742,3905.6338,4289.8125,3676.9775,3771.1787,4615.4673,3878.3384,3726.8386,4095.3042,3871.0117,4283.8696,3827.684,4096.9385,4172.4023,3776.9329,3747.792,3810.8457,
00000000000000000023_0,4170.177,4388.4316,4237.6597,3885.7397,4128.4956,4068.3125,3897.6367,4298.5693,4278.2646,4280.7925,4123.801,3725.5476,4124.4697,3704.0337,3795.6968,3816.38,3479.355,2984.6392,3901.4001,4012.05,3689.505,4279.5454,4486.092,3991.4465,4470.5557,4289.246,4653.3403,3883.9277,4077.5493,4402.9756,4330.138,4218.729,3927.9722,
00000000000000000024_0,4051.0159,3668.1565,3399.6328,3160.086,3097.559,3215.152,3376.479,4058.1753,3710.0366,3495.5188,3542.5183,3331.9927,3331.7798,2662.7048,3218.0183,3289.3381,2935.2834,3043.1213,3068.8525,3484.5273,3334.915,4698.2227,4011.4026,3463.2544,4015.4038,4028.4287,4021.5254,3519.7478,4050.719,2761.7607,3500.6377,3477.8906,3763.9807,
00000000000000000025_0,3493.1543,3651.4336,3429.1409,3201.5444,3146.5547,3182.5215,3117.1682,3468.944,3557.1753,3449.0803,3493.2559,2983.1318,3241.892,2905.146,2954.9697,3171.7588,2959.4805,2712.5493,3332.4612,3080.139,3276.198,4135.1978,3548.021,3300.28,3460.844,3385.6028,3952.0305,3255.57,3384.6565,3124.0364,3760.4675,3238.093,3236.8933,
00000000000000000026_0,3881.9355,3959.2498,4013.5137,3886.4514,3871.874,3739.6416,3951.4202,3883.2178,3848.5999,3666.8198,3737.3733,3810.2263,3919.7268,3911.7578,3547.6343,3861.713,3724.8394,3759.3525,3713.1587,3921.316,3775.312,5099.413,4232.1626,3854.176,4032.8928,3862.56,3799.499,3656.7249,3657.0713,3840.755,4327.5254,4061.3079,4157.952,
00000000000000000027_0,4121.594,4066.7896,4219.256,4023.5981,4148.1206,3818.432,3732.979,4088.5054,3908.0967,3687.0647,3750.8596,3959.1538,3796.3237,3971.6167,4098.5186,4226.8433,3920.8625,3685.7317,3709.0908,3716.355,3817.8228,5367.471,4557.2095,3665.0508,4585.0654,4179.797,4241.4766,4313.038,4034.7107,4421.2666,4215.8477,3894.8726,4283.4375,
00000000000000000028_0,3895.1147,3875.184,3568.8794,3529.6106,3414.7725,3527.785,3464.8252,3671.3608,3646.9712,3848.3845,3829.81,3660.761,3392.5786,3324.1863,3532.8293,3763.062,3384.7478,3555.0837,3714.7285,3698.733,3644.838,4555.288,3765.1006,3279.9062,4130.7666,3823.9358,3775.4248,3400.6265,3632.4055,3760.8928,3446.2144,3033.4802,3777.566,
00000000000000000029_0,3609.411,3945.4604,3514.2456,3502.65,3918.5107,3701.487,3759.4182,4024.4001,3694.0193,3705.7246,4007.359,3591.7358,3649.38,3618.0374,3779.2485,3749.5469,3660.4487,3687.76,3807.629,3959.514,3925.9036,4556.351,3851.7202,3708.5784,4061.996,4050.5928,4251.526,3820.6392,3906.3816,4083.2405,4057.588,3387.6782,3776.2478,
0000000000000000002a_0,3356.0452,3403.7896,3422.4436,3223.818,3437.3662,3147.2778,3123.3218,3338.4082,3300.5215,3376.6045,3791.8318,3348.4148,3224.6123,3430.704,3478.397,3351.6792,3364.9033,3244.398,3467.0315,3604.518,3672.1836,4208.692,3739.9927,3593.0515,4042.7085,4000.4937,4118.145,3440.5298,3395.0798,3763.0332,3692.5208,3296.1987,3599.9004,
0000000000000000002b_0,3781.6704,3588.4646,3378.143,3190.251,3283.1204,3345.9316,3440.0215,3937.7693,4065.7412,4105.495,4485.097,4049.8357,3264.3208,4012.1182,4125.1973,4177.742,4240.3525,4076.0825,4259.4907,4086.9365,4045.8625,4207.6436,4149.5713,3300.8374,4535.908,4454.5874,4389.0776,3309.901,3438.729,3461.579,3601.401,3814.8494,3519.88,
0000000000000000002c_0,3358.8135,3865.1602,3615.5164,3435.84,3601.2603,3768.224,3759.0781,4186.5317,4033.7627,3985.1377,4056.269,3945.0945,4157.2686,3852.9028,3977.3345,4202.1963,4073.2097,3904.364,3870.9397,4007.004,4192.754,4889.6123,4852.3213,3819.5342,4168.527,4085.6736,4246.202,3718.909,4040.1763,4008.0896,3710.4219,3396.5496,3898.392,
0000000000000000002d_0,3669.4795,3823.6858,3842.2927,4054.8945,3533.81,3686.8618,3761.422,3769.164,3747.7979,3816.6958,3748.5276,3812.7612,3996.5972,3961.1025,3622.0796,3804.7542,3941.2307,3673.4521,3521.9268,3688.346,3376.1733,3815.5986,3638.917,3716.2144,3485.6514,3447.5078,3429.0203,3455.5703,3988.4307,3836.8994,3763.833,3928.0498,4224.4253,
0000000000000000002e_0,3589.0337,3674.3567,3339.2754,3573.1475,3396.6846,3495.8076,3590.9497,3578.2698,3757.12,3777.6724,3659.792,3473.1013,3763.8765,3279.401,3609.6475,3651.7747,3591.5483,3526.0073,3430.9521,3579.6223,3879.1575,3907.4165,3915.0574,3612.7693,3997.5767,3622.736,3665.5044,3310.1826,3441.1218,3495.7551,3829.054,3636.7844,3418.1108,
0000000000000000002f_0,3792.596,3713.0193,3324.869,3661.4624,3681.2983,3654.1057,3694.3218,4055.5603,4070.0034,3910.0728,3936.609,3718.896,3679.5085,3532.204,3629.376,3860.602,3569.875,3503.5835,3548.9756,3489.5625,4018.7524,4112.2666,4137.415,3486.4563,4262.2334,4022.2104,4167.804,3306.5208,3673.8752,3197.4133,4062.002,3635.3577,3437.074,
00000000000000000030_0,3263.5679,3408.142,3182.802,3056.699,3194.0508,3331.329,3160.5444,3281.1133,3337.2021,3627.9956,3269.7598,3024.7021,3392.0073,3102.5676,3285.254,3557.5024,2953.1226,3141.227,3153.0037,3289.264,3561.683,3563.5447,3457.061,3280.886,3776.333,3779.003,3855.3435,3679.4043,3468.3433,3331.7747,3690.3306,3536.0244,3544.547,
00000000000000000031_0,3144.456,3431.3855,3100.4521,3283.3667,3200.731,3399.2002,3469.2212,3451.8853,3409.9146,3451.0056,3449.9404,3189.0256,3297.2698,3317.0776,3614.3772,3575.5322,3405.0652,3363.6653,3383.4158,3405.2603,3654.9287,3466.778,3603.1614,3336.1187,3718.7332,3504.3213,3538.8467,3257.108,3091.7769,3160.4417,3308.671,3423.663,3216.2485,
00000000000000000032_0,3092.6133,3116.0786,2974.5151,3102.2969,3142.8506,3231.8083,3167.1287,3479.9866,3363.9883,3488.4897,3412.655,3177.8215,3269.4634,3220.0945,3137.6587,3219.369,3119.4153,3014.623,2979.9856,3137.709,3394.4663,3513.5454,3496.7373,3106.3474,3504.0298,3511.5117,3501.0684,2943.829,3138.1206,2853.9668,3104.5088,3156.6677,2975.588,
00000000000000000033_0,4624.2812,4335.995,4047.7144,4043.8098,3759.672,4156.831,4080.855,4087.8784,3982.9717,3942.9282,4001.4783,4119.8438,4279.531,4098.364,4116.0464,4015.4697,3972.5942,3914.3218,3972.2253,4194.483,4321.335,4624.43,4389.4307,4233.537,4055.7915,4285.977,4335.961,4106.093,4233.11,4227.749,4111.4404,3927.7144,4009.067,
00000000000000000034_0,3620.4182,3629.6904,3372.6746,3544.253,3262.2104,3220.996,3533.3096,3535.317,3602.438,3733.2378,3636.506,3587.3513,3554.0386,3526.1152,3351.2659,3673.5566,3427.7964,3340.1792,3310.9788,3735.365,3804.9446,4002.339,3951.7827,3497.424,4142.4653,4089.7324,4211.528,3185.1523,3896.7817,3521.061,3754.6675,3607.95,3618.4512,
00000000000000000035_0,3841.7551,3521.3281,3323.8066,3413.8252,3314.4707,3440.2063,3473.8567,3557.9453,3609.2935,3685.6924,3698.5015,3628.323,3376.7815,3574.4604,3731.2852,3808.8167,3776.83,3495.1748,3417.1836,3664.291,3822.7446,3997.1968,3894.344,3209.9294,3949.524,3889.8093,3900.6062,3061.2708,3578.8167,3549.6184,3562.0698,3502.9648,3453.8435,
00000000000000000036_0,4429.626,3464.7168,3330.6597,3299.5034,3231.8462,3522.3057,3401.2993,3560.7112,3524.2517,3626.433,3513.5127,3676.4802,3199.0312,3568.52,3624.9849,3737.8892,3528.8567,3659.3408,3399.5916,3706.069,3702.4058,4174.788,3971.4795,3475.7632,3868.8982,4121.5156,4070.1348,3427.4,3508.274,3733.5657,3545.0532,3229.2766,3440.0977,
00000000000000000037_0,3729.1177,3763.5444,3190.1868,3378.5063,3353.8447,3523.3628,3496.8887,3547.9512,3559.1968,3568.4434,3687.4128,3583.309,3108.8066,3603.66,3752.8022,3782.5027,3648.2622,3687.4407,3457.4177,3675.349,3796.7812,4090.6472,3827.4229,3523.7393,3906.2837,3962.5034,3947.322,3509.229,3459.2556,3591.2764,3555.6665,3201.3005,3313.0215,
00000000000000000038_0,754.9251,1267.9321,806.7873,1397.8274,910.5493,844.3126,1514.518,806.079,769.1367,1069.9661,1079.7568,1099.3281,893.20776,1156.8275,1032.8566,919.4151,1251.0051,1247.2593,1242.1643,1233.3655,572.9674,490.7596,566.214,1289.9233,382.6001,515.5425,515.492,966.8911,620.3898,962.59033,1099.093,1288.5223,787.92566,
00000000000000000039_0,673.1952,1331.6827,789.0554,1552.9513,963.5762,882.2531,1497.9653,751.4749,764.1755,1156.8214,1013.2646,1137.9038,858.3887,1158.4133,994.8213,867.3093,1240.8623,1261.5236,1219.0544,1246.7794,560.2938,482.4763,591.3627,1280.9431,485.7316,521.4927,504.4561,941.8354,627.9576,979.6166,1133.3201,997.9063,774.5794,
0000000000000000003a_0,620.5777,1324.8928,844.33545,1377.5,1009.1503,783.0149,1494.4581,801.17035,750.6063,1175.7976,1043.135,1129.7976,873.95184,1191.0099,980.6206,836.1174,1234.6709,1232.6024,1256.8221,1242.2264,538.9002,503.0289,531.246,1300.9335,386.765,509.47266,495.4304,932.8508,614.5046,939.35516,1115.4039,1304.5144,628.0164,
0000000000000000003b_0,537.0874,1248.7006,849.8774,1425.1035,918.7616,948.3308,1573.1335,805.48346,745.53674,1167.7318,970.6017,1187.5461,920.36,1248.589,1038.2828,886.824,1251.2216,1192.149,1210.1384,1214.0807,649.0173,468.4526,589.93054,1370.4359,530.4032,466.13452,498.58936,1040.3696,627.6255,903.5732,1165.2854,1533.1646,923.3142,
0000000000000000003c_0,529.5132,1266.4348,1229.9812,1468.8281,933.5046,822.7886,1634.2815,785.86395,776.39465,1211.1254,975.1612,1093.1375,945.4447,1175.0353,1048.0184,884.477,1242.3262,1213.7042,1189.9761,1239.6226,633.5,463.4199,546.3247,1315.0161,445.45392,503.4013,518.61487,1002.6229,635.7712,913.3889,1155.9348,1799.9885,800.3447,
0000000000000000003d_0,591.26666,1062.7175,802.2377,1516.9429,1014.5865,888.1666,1572.7426,795.7637,751.4133,1233.0002,1047.4475,1163.6123,920.55536,1219.6351,985.5281,893.4491,1230.5908,1167.2686,1204.5018,1229.8062,561.2532,489.125,546.2073,1227.9973,466.6866,533.3795,554.2482,953.8909,652.4417,926.5345,1154.0568,1328.8575,910.5991,
0000000000000000003e_0,545.2836,1041.4906,840.4857,1356.4333,957.1522,710.92444,1400.3899,812.9693,725.3689,1077.254,1049.2924,1116.3995,984.04,1130.792,973.6469,864.8318,1238.7537,1209.6694,1176.7616,1158.354,478.5097,332.6091,414.1086,1109.093,361.9807,380.2291,446.4876,815.3114,728.2116,904.5711,1089.2753,1118.0033,794.91364,
00000000000000000040_0,3697.3655,3780.2007,3613.842,3473.9539,3223.4,3822.5742,3593.374,3651.515,3830.4856,4138.198,3942.4656,3453.9087,3782.6392,3558.2395,3573.0664,3704.9363,3600.4646,3249.4985,3661.3447,3784.351,4022.6426,4317.794,4070.4282,3725.333,4006.1714,3935.4978,3923.4314,3600.966,3702.084,3703.3037,4179.163,3661.0867,3946.09,
00000000000000000041_0,3746.85,3555.7004,3393.6292,3452.5476,3468.0923,3832.4417,3530.325,3724.1162,3894.0422,3944.987,3890.0002,3945.5923,4036.4272,4116.51,3812.5908,3948.7327,3727.0493,3528.4497,3863.8293,3812.69,4189.3647,4605.1997,4186.0,3584.2483,4093.3179,4210.284,4164.9917,3332.6538,3564.788,3314.0935,3605.1875,3734.616,4008.7666,
00000000000000000042_0,3804.5535,3659.3489,3702.1584,3584.2,3469.4756,3726.8953,3477.082,3931.0967,3577.4116,3491.2996,3591.2314,4205.1367,3879.2646,4020.0493,3803.8777,4047.6895,3980.2695,3707.4556,3841.4019,3763.962,3667.9746,4375.0264,4140.9644,3456.769,3658.7673,3927.253,3863.459,3570.526,4336.1753,3459.4756,4465.4883,3747.1294,3936.371,
00000000000000000043_0,4533.3857,4240.785,4562.7734,4495.953,4065.6968,3938.465,4015.2026,3997.7107,3974.438,3834.9714,3898.299,4010.253,4649.503,3981.3516,4185.8286,4177.6377,3954.2283,4086.3594,4185.6523,4059.235,4255.8643,4745.5234,4779.414,4107.418,4782.4023,4532.882,4694.902,4000.7031,3987.9917,4291.735,5048.7617,4974.5054,4202.7627,
00000000000000000044_0,3725.7598,3963.0493,3887.1992,3903.5908,3799.2588,3699.6145,3878.3562,3676.9507,3751.1152,3770.858,3886.6704,3924.307,4100.3193,3634.5469,3541.8757,3610.5107,3741.2615,3517.1157,3715.2205,3700.5276,3796.772,4579.653,4660.0967,3917.741,4467.088,4241.1553,4441.1685,3562.351,4035.6284,4052.185,4951.744,4019.7773,4130.8574,
00000000000000000045_0,3399.7776,4018.822,3541.7388,3739.0222,3790.9114,3754.1501,3607.0186,3658.4546,3636.02,4180.213,3954.2383,3866.3843,3961.4536,3911.1438,3324.088,3947.8098,3719.651,3599.6719,3909.688,3879.6956,4295.633,4680.6914,4464.39,3959.1216,4457.6465,4451.8887,4920.073,3933.3198,4169.1655,3473.4043,4548.99,4042.8643,3881.445,
00000000000000000046_0,4082.7036,4168.204,3740.2725,4058.4902,3560.0828,3847.8613,3919.0054,4087.6978,4200.1978,4185.591,4135.5503,4154.1357,4441.4937,4012.5918,4163.387,3963.9482,4324.8047,4167.754,4084.641,4235.887,4661.8594,4613.3833,4505.5464,4139.449,4830.822,4637.384,4704.237,3751.368,4405.4595,4289.284,4863.785,4186.3467,3884.1738,
00000000000000000047_0,2465.108,3171.2485,2302.4329,2655.796,2621.18,2599.486,2870.9392,2873.0972,3168.1963,3116.1611,3034.177,3057.9001,3604.4521,2974.142,2935.2295,3190.6016,3069.979,2963.8127,3098.5127,3013.4578,3104.2368,3227.56,2963.3281,3428.2002,3100.4966,3228.1282,3383.652,2964.2139,3118.311,2556.9387,3352.7224,2810.4941,2705.986,
00000000000000000048_0,2105.2422,2096.5908,2914.7896,2817.6423,2746.135,2769.511,2534.3374,2568.7769,2836.2483,2927.4517,3048.1873,3073.1748,2342.1353,2882.0452,3002.9548,3195.3518,3094.5598,3124.4702,3357.5015,3434.7495,3558.6575,3736.2168,3844.763,2589.744,3543.0508,3720.4045,3813.6235,2840.85,2864.2036,2964.838,3737.2124,3282.352,3239.546,
00000000000000000049_0,4008.765,3836.2268,3407.6274,3598.7622,3314.981,3825.9106,3594.4294,3757.663,3636.8508,3650.1394,3770.702,3508.6538,3878.7427,3560.4517,3612.246,3393.1514,3494.2666,3517.9556,3405.56,3675.4185,3640.5842,3866.4673,4095.8833,3810.9253,4091.5142,3883.4966,4002.0376,3634.2598,3746.717,3654.8894,3873.792,3677.6086,3616.3862,
0000000000000000004a_0,3876.6218,3704.0383,3504.9614,3573.5132,3363.7983,3683.192,3728.0566,3808.2412,3674.314,3709.2065,3676.5576,3521.6367,3948.4485,3507.6567,3729.4702,3501.504,3690.7295,3603.8347,3498.7732,3632.8547,3563.5298,3775.7844,4208.806,3849.8958,4188.955,3861.4077,4023.7715,3568.9294,3839.8008,3630.6494,3749.8435,3829.2412,3447.852,
0000000000000000004b_0,3044.4038,3423.0889,3229.0916,3529.2917,3306.3687,3510.917,3576.8176,3556.807,3440.6538,3531.8835,3813.7817,3284.0898,3580.593,3381.7195,3366.662,3470.6494,3170.7676,2982.2273,2950.1992,3355.829,3654.6138,3807.4753,3814.7498,3655.4453,4038.7202,3663.6648,3710.2017,3177.7852,3020.2515,3548.6494,3611.6985,3716.4988,3465.5964,
0000000000000000004c_0,3921.9834,3683.852,3682.762,3781.976,3558.4368,3768.351,3658.9377,3758.5903,3702.6543,3999.684,3630.646,3430.7163,3781.6128,3406.7993,3774.7573,3821.5322,3577.478,3471.1372,3429.1316,3615.2703,3550.6575,4071.9766,4054.4448,3706.8457,4037.9863,3899.2695,4233.284,3476.7256,4073.86,3637.722,3703.8325,3923.4456,3832.684,
0000000000000000004d_0,3181.4143,3341.5442,3475.9614,3564.9956,3262.9272,3754.1416,3669.9038,3618.418,3650.006,3784.1714,3647.798,3687.9238,3739.8633,3631.6768,3720.109,3673.5645,3681.416,3427.7854,3479.9602,3532.955,3725.3306,4190.3345,4256.753,3829.366,4115.3193,3825.4707,3768.9036,3648.2012,3461.6199,3634.7534,3699.4097,3609.8154,3633.9626,
0000000000000000004e_0,3640.2808,3687.7131,3445.809,3586.4524,3414.1067,3626.413,3809.7866,3640.4736,3725.427,3934.4165,3874.6606,3645.004,3774.0708,3640.1338,3740.7725,3681.3235,3767.2393,3468.292,3550.3918,3626.6206,4098.028,4110.0527,4217.6294,3792.7468,4133.624,3885.6843,3942.1548,3473.3713,3865.0066,3673.712,3739.2393,3724.8281,3792.1404,
0000000000000000004f_0,3803.6614,3808.8447,3460.088,3572.7114,3388.741,3697.698,3661.5361,3715.2683,3708.4065,3831.4585,3670.006,3547.89,3666.7107,3413.2437,3529.9905,3914.9377,3794.284,3429.9792,3273.7466,3680.5015,3681.8472,3909.5967,3938.874,3782.9478,3876.8184,3664.9731,3677.6475,3399.391,3798.2202,3582.832,3725.851,3699.5967,3729.8022,
00000000000000000050_0,4055.0422,3879.0415,3715.0964,3909.2756,3607.5083,3752.2048,3680.4443,4320.8457,3583.727,3646.6323,3684.2554,3532.4194,4097.2266,3613.9097,3978.4163,3761.1785,3778.1099,3443.4255,3378.6316,3643.3323,3972.8755,3977.6997,4063.4414,4209.071,3951.0957,3732.6167,3968.8025,3706.2378,3950.891,3861.2007,3889.1362,3766.2495,3944.3965,
00000000000000000051_0,3495.1313,3726.5823,3305.5825,3568.4668,3561.915,3882.898,4004.3115,3877.4343,3788.693,4120.248,3737.6316,3780.2246,3501.9722,3802.4941,3805.9438,4094.1655,3749.8904,3806.3665,4366.741,4193.237,3997.6804,4111.665,4174.05,3826.3877,4132.5195,3915.851,4251.2705,3551.4937,3980.662,3784.8125,3774.0222,3743.3613,3618.02,
00000000000000000052_0,3915.1985,3655.5781,3348.838,3558.0786,3538.5085,3829.6714,3883.3542,3816.609,3771.115,4129.366,3995.2454,3848.3877,3578.8965,3815.997,3808.3289,3781.2368,3705.922,3694.9673,3742.4536,3747.8884,3838.3281,4442.462,4498.387,3902.636,4328.9185,4108.7188,4099.9307,3386.3933,3783.3774,3689.4468,3890.0317,3686.5605,3644.9683,
00000000000000000053_0,3889.7854,3801.9475,3657.1514,3855.7932,3741.9521,3902.248,4001.229,3924.962,3983.325,4130.8037,4090.2634,3886.9355,3937.7085,3824.0735,3961.7446,4036.9907,3867.2407,3848.254,3840.9507,4116.7534,4252.085,4371.244,4314.545,4176.642,4241.562,4155.099,3942.769,3661.8442,4179.3633,3918.8838,3899.4019,4154.3154,4011.1392,
00000000000000000054_0,3709.3223,3589.3662,3563.2107,3606.9353,3568.079,3657.2847,3765.0032,3698.0657,3735.9521,4077.3618,3846.721,3702.7312,3541.217,3684.044,3750.8433,4054.3457,3729.9304,3675.7085,3667.7427,3906.978,3949.0337,3999.6887,4019.576,3705.9153,4081.1526,4174.968,4015.671,3339.6216,3785.6382,3795.6929,3948.596,3844.041,3804.1577,
00000000000000000055_0,3592.1597,3362.3035,3436.703,3897.9624,3443.7805,3718.1333,3551.275,3709.51,3497.5737,3440.166,3479.1826,3178.8909,3453.618,3513.5974,3682.0444,3667.2832,3294.5142,3063.3293,3102.987,3286.839,3637.8022,3433.4614,4151.3525,3680.64,4057.0095,3743.1948,3995.67,3204.77,3285.8154,3496.2998,3671.971,3611.472,3538.75,
00000000000000000056_0,3641.1416,3580.88,3785.8289,4325.174,3826.883,3830.9985,3719.4187,3831.838,3717.243,3836.037,3818.1394,3791.478,3667.2876,4044.5425,3914.4043,3900.9365,3757.2612,3539.5696,3674.2583,3764.3557,4042.4387,4334.8135,4519.0537,3669.2192,4500.414,4272.729,4456.618,3320.4932,3719.9783,3845.8623,3843.6873,4084.2107,3834.2346,
00000000000000000057_0,3596.42,3774.1758,4101.407,4706.5454,3992.448,3829.144,3717.254,4062.6658,3965.6196,4058.181,3819.518,3806.0483,4192.13,3845.583,3631.6257,3912.6213,3829.5767,3604.1133,3631.3528,3747.0825,4245.3647,4433.6553,5064.125,3869.896,4868.707,4394.4883,4803.6084,3487.2905,4086.4749,4126.9395,4215.2485,4374.66,4337.0947,
00000000000000000058_0,3613.0,3288.9233,3485.9932,4055.2788,3781.8342,3487.2478,3640.9692,3828.4426,3815.0088,3818.8027,3605.3423,3668.8552,3388.358,3850.8584,3677.2378,3724.991,3479.0063,3631.143,3415.7632,3667.7788,4101.319,4287.138,4272.6714,3413.4612,4176.3755,4337.7314,4367.0635,3178.374,3123.3975,3537.2712,3410.5403,3296.7432,3679.4734,
00000000000000000059_0,2976.0544,3355.2383,3611.3765,4218.5713,3580.2976,3392.5337,3469.747,3750.7703,3682.2148,3724.2788,3660.948,3628.9966,3431.3337,3423.9783,3404.397,3581.897,3459.5786,3398.551,3343.564,3645.8735,3694.7612,3726.1992,4167.2886,3589.848,4135.636,3864.4705,4131.25,3098.8281,3530.3904,4248.6426,4111.353,3960.8147,3866.213,
0000000000000000005a_0,3609.3538,3401.042,3451.1174,3532.6343,3134.5105,3825.122,3796.4685,3505.9194,3409.77,3512.4272,3444.8267,3535.6597,3348.705,3609.1704,3685.6274,4101.812,3510.518,3721.0913,3837.608,3870.7998,4051.1514,4365.465,4576.2373,3486.2073,4052.8606,4185.2954,4224.599,3399.0059,3495.0627,3728.8113,3707.4478,3216.9028,3588.266,
0000000000000000005b_0,3363.9517,2897.0554,2555.2456,3041.3179,2505.1875,2994.2476,2886.433,2861.7173,3113.6223,2971.7793,3114.0024,3105.457,2926.9897,3291.5784,3181.4019,3357.7805,3121.4248,3229.3647,3501.0593,3513.1243,3316.3125,3988.799,4047.7776,2827.5305,3839.272,3893.039,4020.4985,2498.466,2759.8213,2767.2446,3001.955,2822.545,2851.1694,
0000000000000000005c_0,3197.4424,3109.9302,3080.7922,3284.706,3260.4746,3240.5706,3446.8752,3163.8271,3416.892,3537.788,3437.1936,3329.3472,2916.0164,3066.3257,3193.764,3501.317,3265.3975,3157.4834,3098.0693,3541.919,3251.333,3407.8477,3541.8015,3434.2515,3756.0884,3514.9443,3378.8662,3531.681,3488.5474,2949.6453,3064.8313,3140.0251,3142.4258,
0000000000000000005d_0,3851.3008,3523.96,3753.8499,3660.8252,3605.9426,3820.5312,3677.4995,3572.703,3354.7522,3481.0981,3458.385,3878.6746,3519.328,3797.8506,3647.9736,4008.4727,3543.833,3978.083,3925.0967,3985.1587,3903.156,4444.884,4563.0835,3735.0884,4012.4822,4328.3184,4521.463,3661.5344,3616.2656,3934.4126,3717.3667,3294.7888,3755.7295,
0000000000000000005e_0,2915.3447,3395.6797,3218.0247,3368.7422,3028.46,3209.3574,3025.3345,3311.1504,3188.1685,3338.7551,3319.092,3380.7842,3458.9453,3522.127,3659.9277,3676.953,3572.1726,3371.9531,3605.0874,3660.396,3771.738,4357.351,4321.1143,3543.2415,4003.7139,4243.5933,4257.714,3334.8855,3209.4385,3273.8694,3381.2417,3427.572,3271.5972,
0000000000000000005f_0,3240.439,3506.6128,3728.1245,3526.2012,3140.6763,3377.387,3594.385,3675.3171,3424.7803,3420.2754,3547.8208,3817.6667,3652.3257,3706.716,3617.7666,3892.0579,3644.8206,3627.7012,3687.0244,3681.15,3915.322,4383.448,4430.2764,3512.1785,4096.366,4233.4785,4510.4526,3383.469,3192.9128,3444.8628,3320.2192,3288.2012,3523.6875,
00000000000000000060_0,3733.754,3643.5999,3004.021,3302.1099,3227.1265,3313.9995,3563.0073,3782.4138,3599.5293,3600.2437,3551.1992,3556.4302,3794.411,3302.392,3536.6829,3693.641,3459.678,3643.6846,3275.7056,3680.116,3482.2646,4040.9014,4040.376,3895.8286,4119.2925,3894.2441,3743.8474,3446.5884,3715.183,3376.5527,3455.6577,3264.259,3343.921,
00000000000000000061_0,3979.324,3722.567,4194.25,4212.151,4673.6094,4264.706,3384.795,4361.675,4303.3096,3993.2798,4123.7295,4228.792,4197.8774,4144.382,4221.459,4199.3047,4234.0815,4622.5986,4707.7656,3863.6492,4148.9707,5229.3247,5302.656,4284.6484,5099.6006,4638.825,5260.921,3841.3677,4126.8774,4392.6597,4245.0996,4064.0435,4291.343,
00000000000000000062_0,3607.5015,3672.6157,4090.5024,4095.3218,4409.375,4361.9785,3338.815,3896.046,4249.565,4036.0693,4227.876,4230.131,4161.223,4017.5537,3935.2725,4239.6606,4202.7734,4575.305,4494.6733,4166.201,4071.6914,5110.697,5653.5654,4343.3555,5279.794,4843.53,5348.9844,3618.6636,4175.9814,4026.1157,4283.7095,4569.825,4430.9453,
00000000000000000063_0,2642.6147,2973.6873,2163.716,2569.2422,2576.3787,3085.198,2722.4941,2848.035,2564.1633,2744.1785,2719.1191,2719.179,2602.9028,2828.4297,2459.525,2882.012,2971.6646,2918.5557,2811.8896,3028.056,3209.7659,3380.9968,3667.0703,2554.6328,3528.0728,3299.8145,3448.628,2632.3088,2643.107,2646.149,2893.526,2916.6907,2682.1914,
00000000000000000064_0,3313.7822,2869.1646,2616.6255,2900.2466,3307.192,3473.8633,2683.2002,3442.7527,3238.0742,2989.542,3233.4287,3372.9268,3117.5605,3252.5059,3191.7134,3321.1873,3265.3994,3374.2642,3253.0054,3233.5425,3335.1738,3750.9546,3796.7407,3357.2734,3773.477,3596.4612,2956.7688,3045.3757,3057.477,2988.3555,3009.4707,2873.9292,3076.537,
00000000000000000065_0,4134.794,4478.8506,4040.1577,4312.9946,4552.1587,4401.6196,3642.0195,4478.18,4051.3606,3804.1367,4242.6284,4201.367,4317.5635,3866.6382,3453.5605,3823.5566,3716.7886,4225.8364,4063.2134,3942.7322,4102.55,4220.084,4828.214,4565.53,4655.4,4436.454,4252.6094,4202.5938,4619.1445,4382.7656,4904.4214,4124.757,4459.2275,
00000000000000000066_0,4390.1553,3916.2559,4250.7017,4180.788,4650.666,4316.9004,3380.8962,4488.466,4154.7124,3659.5889,4383.3853,4572.6235,4120.6484,4439.346,3835.5674,4172.7866,4180.497,4346.492,4142.9517,3701.2842,3689.9458,4615.717,4697.4746,4455.7017,4893.9634,4446.966,3908.4707,4132.214,3660.6116,4371.513,4096.3574,4030.9453,4278.4956,
00000000000000000067_0,3391.0332,3403.4675,3601.3445,3761.3684,3414.6523,3370.495,3551.7852,3397.7566,3404.0,3530.8164,3545.3064,3078.0977,3243.4768,3364.6072,3415.3164,3498.2778,3490.5166,3239.3928,3159.8904,3404.5957,3316.4917,3809.1746,3781.5332,3308.8618,4077.4233,4379.9346,4201.1035,3464.6206,3456.8472,3635.91,3579.3325,3750.9565,3684.8445,
00000000000000000068_0,3289.7983,3320.8716,3626.4158,3814.48,3525.2883,3501.253,3274.9944,3381.9697,3616.073,3357.3948,3531.6172,3424.4607,2913.0479,3458.788,3644.1455,3471.4097,3387.0757,3405.073,3211.7175,3570.751,3564.0015,4354.1113,3878.198,3404.6223,4020.8052,3940.185,4041.1438,3397.1604,3727.5,3415.8777,3696.5186,3726.8423,3631.288,
00000000000000000069_0,3327.855,3166.7651,3548.2253,3800.298,3474.7954,3534.7878,3312.3442,3723.2783,3713.3643,3411.7502,3541.622,3667.3606,2825.6758,3365.357,3903.4097,3596.4443,3363.3223,3558.1558,3366.5156,3753.384,3832.5771,4470.523,4022.4993,3152.8545,4030.6033,3985.3015,4012.597,3355.446,3588.6365,3404.7412,3896.661,3652.7852,3644.6829,
0000000000000000006a_0,4645.4062,4566.913,5853.142,4760.175,4174.1533,4472.505,4357.437,4486.503,4276.368,3947.7002,4217.1367,4478.293,3933.6233,4626.988,4830.0557,4719.223,4371.3784,4444.408,4457.9053,4259.6167,4291.494,4641.191,4547.151,4297.1167,4364.5693,4078.6218,4572.939,4533.7773,4023.1416,4784.0127,4778.1724,4085.1262,3915.1628,
0000000000000000006b_0,4196.5503,4483.953,3619.4236,3570.903,4059.8442,3624.364,3854.9766,3638.7495,3384.2036,3679.1516,4158.5513,3647.3867,4074.1533,3702.0063,3649.0137,3620.6057,3327.213,2820.6462,3402.6646,3597.4182,3393.7202,4097.1436,3382.708,4373.6147,3548.9878,3405.5156,3580.7273,4304.5947,4341.628,4370.989,3929.791,4416.372,4397.217,
0000000000000000006c_0,4476.5195,4078.1235,4514.8135,4575.343,3817.0254,4275.5044,4354.2256,4744.4917,4013.8486,4130.6885,4203.406,4369.781,4314.393,4243.9854,4565.338,4460.9473,4592.247,4167.6787,4319.4795,4676.018,4759.667,5045.2188,4939.7354,3961.541,4878.8647,4914.3413,4700.2964,4303.6772,3821.8242,4172.2344,4278.0913,4704.11,4066.3613,
0000000000000000006d_0,4057.2786,3733.7761,3999.9634,3575.6328,3632.486,3526.8152,3490.8252,3615.0786,3678.7324,3666.0046,3741.3965,3736.7312,3609.2932,3965.4146,4378.174,4562.673,4253.7227,4201.2925,4340.53,4065.5156,4212.245,4932.22,4492.0366,3453.9924,4361.374,4088.687,4642.655,3530.7085,3633.5637,3831.419,4031.0054,4631.0874,3768.6687,
0000000000000000006e_0,4155.72,3845.1746,3947.511,3753.5752,3766.2974,3853.1316,3634.726,3797.6777,3575.7512,3725.7603,3736.481,3855.5532,3680.187,3884.6626,4250.3477,4347.645,4036.9248,3734.6162,3857.98,3723.2764,3836.75,4703.688,4012.8298,3678.699,4220.5537,4295.4814,4523.7095,3896.7253,3583.5598,3971.567,4024.296,4718.137,3661.8142,
00000000000000000071_0,4580.8784,4259.047,3940.787,3755.1094,3770.2898,3991.8271,3642.0527,3603.8008,4287.756,4208.946,3660.816,3681.1584,4117.2773,3781.4756,3761.1611,3883.1975,3892.5686,3729.3286,3639.052,3715.0781,3966.235,4491.7036,4713.439,3676.639,4500.4146,4526.171,4742.3867,3931.5334,3464.4355,3582.2705,3719.1655,4511.86,3615.6475,
00000000000000000074_0,3785.282,3828.021,3693.4834,3420.5107,3779.3127,3510.8477,3737.6956,3811.9714,3892.944,3513.6719,3601.265,3681.2854,3574.4053,3532.0332,3688.2593,4069.2046,4007.65,3547.733,3995.3462,3689.093,3776.3623,3706.7036,3966.977,3929.6685,3953.1377,3909.6277,4089.1272,3724.736,3901.1235,3785.2515,3854.0635,4193.8047,4030.0278,
00000000000000000075_0,3796.7583,3850.2666,3915.6443,3589.1958,3734.325,3563.542,3577.45,3804.142,3845.0215,3746.9863,3666.9292,3568.6365,3302.894,3189.0112,3362.7954,3336.6782,3033.1877,2699.1123,3556.7422,3750.9097,3495.3481,4160.134,4291.674,3720.3286,3753.1287,3450.055,4064.2432,3652.87,3639.4475,3734.0256,4094.1917,3661.6162,3912.3594,
00000000000000000076_0,3991.4531,3737.519,3891.7395,3572.4873,3891.7705,3472.2046,3201.132,3782.7974,3683.132,3954.608,3766.307,3801.4075,3557.8965,3058.7185,3753.9905,3707.922,3622.5632,2316.5469,3286.0078,3481.4,3079.5842,4977.0195,4404.2134,3788.723,4151.5386,3665.6943,4072.6064,3896.7148,3968.2327,3977.9258,4142.5225,4246.924,4240.338,
00000000000000000077_0,3085.6392,2449.312,3576.989,3359.6797,3393.9644,3722.568,3410.2007,3767.7974,3650.2136,3619.3774,3710.186,3701.1865,3260.9966,3407.7256,3700.9924,3570.9626,2979.364,2680.8562,3296.5276,3616.1084,3312.4854,3838.5864,3902.4778,3425.404,4291.0854,3740.893,4147.023,2873.307,3433.6445,3310.031,3855.9697,3705.9224,3604.28,
00000000000000000078_0,3922.9832,4023.901,4136.682,4036.6704,4046.5513,4011.3748,3800.2458,4002.3975,3645.0156,3675.063,3776.3667,4010.4019,3748.8965,4135.561,4190.6787,4179.595,4131.8477,3733.0195,4104.4546,3998.0923,3654.1333,4554.1836,4792.553,3997.8025,4178.0986,4557.132,4651.5796,3844.6748,3891.0894,3717.591,4110.9556,3617.9514,4120.7725,
00000000000000000079_0,2615.5808,3196.2832,2723.7322,2563.4001,2996.215,2658.1526,2820.3447,2750.7905,2826.2173,2789.5427,3075.3687,2832.5781,2691.4443,2781.5635,2675.1177,3077.1172,3074.2422,2881.992,3199.1333,3231.0537,2933.5486,3999.0793,3421.2378,3330.1035,3299.2092,3033.709,3245.2197,2994.5679,3058.33,3200.176,3215.5938,2993.8826,3154.31,
0000000000000000007a_0,4072.5603,4412.2236,4225.462,4110.619,4302.957,4580.057,4274.628,4404.5054,4364.3906,3959.4004,4538.1426,4566.3184,4051.3005,4239.163,4197.1035,4297.2236,4637.2324,4114.085,3974.9834,4077.0862,4017.5757,5555.355,4922.2607,4142.109,4491.758,4445.24,4788.184,4104.76,4078.0894,4055.1196,4217.6157,3959.5273,4105.297,
0000000000000000007b_0,3810.6663,3723.7686,4053.3474,3567.1902,4058.2534,3782.6309,3682.192,3908.6257,3810.3308,3437.2266,3448.5583,3147.3079,3817.0603,2779.5537,3536.6704,3159.2166,3604.4604,3272.4226,3487.214,3761.341,3556.1733,4030.651,4841.9,3049.7605,4107.1924,3924.4502,4240.625,3872.832,3753.1033,3745.2607,3739.772,4008.8843,3780.6963,
0000000000000000007c_0,3698.416,3943.8708,3506.067,3142.3823,3315.4995,3464.1543,3703.275,3757.7402,3801.563,3955.6807,3837.1245,3911.1626,3398.8545,2891.2979,3455.8848,3066.6177,3173.6582,2978.544,3820.3022,3195.8765,3323.683,3659.788,3669.7239,3458.307,3547.7856,3141.605,4182.2837,3163.4187,2674.281,3801.0334,3288.1624,3742.0942,3746.83,
0000000000000000007d_0,3355.3276,3388.7805,3076.3718,2960.7495,2878.666,3277.4722,2795.2432,3397.166,3534.6333,3990.8706,3733.3594,3227.7036,2927.1436,2619.8481,2769.6475,2912.0664,2839.7617,2444.6733,3716.1265,3606.4287,3320.283,4093.838,4202.088,3188.036,3593.6804,3936.2139,3826.0642,2876.705,3286.3044,3217.7375,6502.187,2899.586,3336.5042,
0000000000000000007e_0,3126.587,3771.1743,3034.118,2705.5269,2817.5845,2834.372,2913.1348,3671.9543,3666.2334,3669.6099,3941.87,2525.5352,3357.85,2463.2778,2653.69,2925.4375,3576.004,2815.476,3256.7693,3494.3877,2871.9536,4038.4856,3794.4448,3243.3745,3555.7122,3542.8447,3719.0342,3195.9656,3465.6213,4061.292,3764.2937,3465.4043,3454.334,
0000000000000000007f_0,4409.54,4386.709,4637.794,4249.2114,4497.421,4435.919,4492.4316,4245.898,4334.507,4128.245,4506.3545,4512.743,4382.7803,4531.1377,4521.1772,4469.613,4330.636,4363.821,4597.9595,4224.0796,4302.11,5105.88,4814.8926,4030.9434,5024.1963,4983.531,5219.84,4401.3516,4575.646,4450.8296,4460.378,4363.192,4343.5947,
00000000000000000080_0,3805.9634,3622.8892,3718.0054,3342.0405,3559.313,3679.169,3335.0679,3947.0476,3806.9282,3782.2544,4170.7812,3892.2263,2828.4426,3526.7007,4001.943,3833.854,3559.8127,3096.6748,3718.5078,3908.506,3611.845,4584.454,4654.716,3522.8298,4153.965,3298.3135,4206.336,3744.1274,3702.6736,3841.58,3943.2405,4042.8945,3993.0479,
00000000000000000081_0,3240.4587,3490.696,3431.494,2939.3652,3303.605,3413.7383,3537.2004,3429.3413,3519.0295,3485.3008,3651.3857,3364.2488,2225.6406,2818.516,3501.966,3374.9607,2892.6792,2766.9702,3136.933,3731.7825,3194.9636,4680.748,4219.138,3208.8513,3823.7734,3684.2637,3810.5393,2062.1265,3247.0547,2574.702,3041.0813,3313.1611,3207.3462,
00000000000000000082_0,4200.605,4267.353,3735.9844,3908.0327,4099.258,4079.4648,4103.9517,4131.9165,4034.0002,3829.6167,4299.196,4341.8164,4296.911,4224.2437,4246.4736,4162.6963,4213.949,4110.331,4207.97,4222.367,4427.711,4906.2383,4980.8433,4164.7246,4855.046,4751.3926,4722.4287,4311.086,4029.498,4018.6184,4000.8154,4077.123,4029.8171,
00000000000000000083_0,3744.537,4095.433,3583.3242,3849.764,4046.6023,3640.627,3498.021,3745.129,3990.7825,3726.518,4039.8438,4107.7866,4127.181,3971.4092,3713.174,3994.3413,3830.5881,3903.7827,3993.9043,3880.3818,4057.6597,4622.085,4846.483,4020.617,4403.8086,4455.669,4908.8613,4199.721,4140.3486,3821.33,3604.849,3738.623,3999.44,
00000000000000000084_0,4382.4653,4641.621,3454.0288,3289.2676,3268.2983,3395.4546,3478.0178,3596.868,3454.9106,3706.6228,3664.807,3301.067,4085.2175,3425.5044,3051.4265,3437.4873,3424.7163,3282.3987,3395.525,3321.0408,3505.4229,4894.99,4269.7236,3759.7747,4236.1675,4025.6948,4122.795,3743.49,3604.247,3349.6675,3713.745,3795.061,3511.1956,
00000000000000000085_0,4662.8237,4711.377,3339.5027,3254.79,3252.3384,3349.618,3414.7708,3461.2588,3603.0059,3823.4172,3706.856,3519.6833,4399.404,3364.2546,3004.3057,3410.8564,3506.0525,3316.4482,3215.673,3580.5884,3468.8406,5186.244,4400.5264,3906.1604,4142.352,4080.6404,4013.1484,3694.8364,3695.8953,2828.3157,3761.6243,3502.5554,3788.5195,
00000000000000000086_0,3774.1494,3739.9666,3616.7764,3475.1172,4486.8516,3557.4094,3785.277,3609.6177,3509.973,3358.7954,3628.8318,3415.8228,3787.8364,3383.7017,3708.0178,3758.6453,3507.0715,4104.885,3599.6035,3506.6443,4208.5283,5355.12,5256.986,3475.2515,4755.9287,4025.826,5679.3955,3669.6814,3637.422,3624.4165,3905.3245,4156.0615,3434.897,
00000000000000000087_0,2801.5874,2997.0276,2466.3433,2997.3462,2777.1572,2850.2334,2750.5261,2892.5728,2955.0564,2733.7478,3557.8132,3202.1626,2914.5977,2900.3193,2810.162,3231.958,2979.0222,2822.9854,2959.2505,3355.0786,3217.2986,3624.4438,3994.404,3482.8247,3409.1348,3531.4973,3912.061,2755.0813,3367.3765,2836.8335,2702.138,3068.736,3416.626,
00000000000000000088_0,3472.0928,3001.9724,3042.3484,2968.1216,2819.7437,3196.333,3179.4653,3008.7302,3281.961,3039.4514,3550.321,3194.104,2780.2456,3071.0361,2932.2002,3416.1384,3110.7683,3052.6272,3284.059,3433.6597,3493.2437,3675.6223,4055.0747,3662.4683,3582.2085,3701.208,4085.2024,3063.0598,3443.2559,3000.119,3230.4812,3407.6467,3602.2349,
00000000000000000089_0,2520.59,2502.1824,2915.3892,3103.2993,3082.5388,2915.4543,2808.3936,3028.6853,3429.2769,3164.2505,2999.4392,3164.0522,2736.5151,3217.6165,3396.0706,3442.4653,3183.8025,3168.3325,3282.9907,3211.024,3385.8044,3439.1948,3577.1611,2911.7014,3374.875,3468.3472,3268.4924,2892.8162,2442.0588,2950.6194,3700.2983,3861.1218,3039.1506,
0000000000000000008a_0,3022.8477,3126.4377,2956.8735,2889.1904,2922.054,2790.3699,3014.3325,2921.775,3291.4014,3090.651,2971.8765,3117.6606,2975.4504,3048.0874,3034.3997,3237.024,2989.8489,3062.791,3306.559,3259.3015,3287.4521,3302.6814,3442.6313,3030.9631,3366.3154,3196.3997,3220.851,2945.6538,2499.3867,3048.793,3830.631,3597.226,2959.7217,
0000000000000000008b_0,4160.092,4538.9546,3630.3325,3646.726,3579.9226,4078.532,4011.9548,4125.821,4007.3394,3697.5095,3965.4902,3858.0908,4365.333,3676.0771,4456.843,3613.4114,3262.1536,3092.6284,3302.9568,3894.4014,3980.3994,3868.1904,4423.021,4239.3013,4635.9536,4494.344,5285.382,4137.5117,4371.5312,4164.3423,4221.137,3991.271,3105.947,
0000000000000000008c_0,3038.3865,3823.5,4086.2324,3898.3706,3754.4937,4573.4453,4172.9785,4333.5576,4324.579,3910.787,4283.797,4352.141,3464.1687,4044.9453,4390.9707,4490.837,4079.063,4111.774,3927.7388,4123.152,4076.371,4226.727,4288.498,3302.382,4331.133,4293.3696,5019.231,3205.5935,3545.4463,3506.1592,4057.6404,3995.9287,4114.0537,
0000000000000000008d_0,3446.9138,3750.671,4258.5615,3655.2224,3950.4172,4148.949,3998.0586,4379.499,4283.902,4010.027,4048.1675,3846.2676,3084.5098,4021.123,4036.4463,4341.803,3681.434,3816.9424,4396.435,3825.6096,3955.0815,4006.0867,4340.3623,3343.479,4240.3765,4394.628,5046.13,3520.3765,3310.8193,3855.916,4217.931,4858.1787,4497.7266,
0000000000000000008e_0,3917.7896,4111.616,3409.8936,3930.81,4069.1785,3847.2979,3822.0544,4163.9077,3935.457,3986.589,4128.3213,3897.6355,4028.185,4209.891,4310.294,4392.273,3910.6875,3982.4658,3846.552,3993.521,4111.7896,4068.0588,4023.5857,3560.0754,4300.256,4470.408,5217.675,3643.5256,3430.2505,3347.9893,4030.0078,3894.1782,4060.2441,
0000000000000000008f_0,3740.2393,3762.0176,4016.8289,3926.2932,3902.1584,3848.9258,3948.4165,4172.743,4260.5654,3948.514,3677.1646,3586.0964,3621.192,2970.9458,3525.9614,3954.4224,3193.393,3235.3408,3201.4138,3370.5754,3620.3142,3454.9006,3876.3647,3423.1882,3793.5332,3960.7188,4359.293,3811.0654,3947.8318,3832.4224,3776.6555,4367.016,3916.6665,
00000000000000000090_0,3709.9626,4392.5483,3624.494,3914.7002,3781.4495,3971.1726,3793.5532,3996.7534,3738.324,3741.8076,3905.493,3518.293,4004.7375,3461.4927,3580.0972,3811.9836,3486.314,3277.6265,3425.6638,3485.2646,3774.7617,3757.4236,3813.012,3644.4426,4198.947,3939.177,4195.381,3310.5176,4333.8643,3276.1438,4418.0933,4221.989,4200.9326,
00000000000000000091_0,667.2942,1227.6472,740.5895,1475.2551,943.4996,784.524,1543.0896,802.5791,776.3748,1108.3203,1047.8516,1119.4768,829.914,1179.3599,965.6985,878.374,1219.1761,1201.0837,1200.4867,1273.1505,554.5852,512.6985,576.2936,1206.4448,361.9354,482.44736,493.8592,1108.5537,620.3838,967.99817,1066.3246,1216.8685,750.0559,
00000000000000000092_0,753.1931,1290.2689,832.1605,1267.4597,925.4394,790.7901,1562.9209,784.1331,776.03564,1189.4657,1032.3673,1143.3727,862.1489,1192.1034,960.38464,937.17615,1278.3405,1241.6296,1232.5686,1273.8102,509.22052,511.5975,556.6815,1237.883,381.5621,530.27,519.7123,985.3458,637.1356,985.3357,1065.9847,1261.7281,788.8408,
00000000000000000093_0,742.814,1318.1276,837.9417,1417.4835,955.0378,758.4293,1470.2474,769.49005,752.2748,1173.9359,1013.6709,1133.8615,839.9687,1184.674,1004.8224,910.074,1249.8914,1238.5819,1222.7571,1248.1497,530.6593,487.0062,540.4422,1271.7523,446.10992,507.24707,538.5551,916.3107,658.3831,948.5146,1143.2812,1304.7935,748.68176,
00000000000000000094_0,565.8924,1262.7595,999.181,1323.7952,995.8972,806.8154,1580.7654,803.5148,749.085,1192.2681,992.5592,1119.654,828.49225,1288.1343,1064.7853,909.2397,1251.5819,1241.871,1200.1406,1220.47,544.4732,472.7438,603.2481,1306.1812,465.2719,509.79965,484.17316,1023.7564,596.7105,963.12756,1178.8037,1045.1141,632.947,
00000000000000000095_0,741.41077,1236.7426,800.0308,1442.8734,998.4875,900.29724,1572.0753,759.5112,796.3275,1197.2197,1056.7708,1190.7104,861.2705,1173.51,999.7587,887.4212,1205.5725,1203.6919,1225.4663,1294.7041,529.8241,494.129,558.4989,1279.6843,409.5757,528.85016,513.4275,937.673,627.388,959.2201,1105.9507,1288.7996,769.475,
00000000000000000096_0,4335.98,4141.902,3539.2063,3895.8938,4019.188,3814.1667,3605.617,3976.8599,3890.5425,3856.4014,3809.7751,3949.51,4083.7666,3738.5952,4272.6353,4129.8154,3866.2651,4356.039,4102.607,3973.2913,4228.2354,4734.021,4733.508,4201.265,4782.9146,4196.264,4226.6787,3791.4988,3949.1113,4226.698,4216.5186,3994.5364,3940.622,
00000000000000000097_0,3850.9585,4283.37,3704.0881,3831.764,4252.3022,4275.5283,3636.46,4206.4023,4216.7695,4324.328,4722.0273,4496.116,3976.808,4146.4355,4414.9824,4599.7764,4324.86,4417.326,4036.099,4148.324,4331.8174,4995.1475,4662.9233,4485.7207,4305.9775,4444.05,4626.9453,4102.0913,4363.197,4156.5566,4413.465,4313.977,4281.947,
00000000000000000098_0,3931.301,3736.6682,4043.0605,4108.954,3935.0972,3668.4023,3642.914,3616.9263,3862.4397,3768.2095,4063.654,3747.5554,4008.9194,3627.6152,3374.6978,4311.6455,3848.9946,3917.6123,3912.7605,3869.092,3922.876,4702.862,4250.6104,4164.719,4971.558,4535.8843,4612.7124,4001.8982,4365.0093,4167.942,4438.1807,4280.478,4212.787,
00000000000000000099_0,4156.1333,4301.089,3702.266,3908.625,4014.184,4219.1934,3873.0635,3878.2512,3918.1619,4090.135,4238.2334,3776.2046,3918.1836,3685.1582,3236.0095,3937.506,4041.643,3800.5415,3619.7249,4319.081,4410.7485,4627.0166,4556.603,4425.791,5005.2876,4664.129,4793.1333,3974.2134,4294.115,4196.784,4192.9385,4155.8374,4514.5107,
0000000000000000009a_0,3199.099,3366.2424,3470.1697,3351.5388,3185.7441,3408.6526,3496.0454,3450.8652,3580.816,3713.5916,3928.7732,4022.1995,3629.9312,3623.6787,3945.2446,4567.921,4049.736,4400.5786,4229.4033,4486.8374,4703.1963,5240.1797,5131.7856,3869.7974,5061.85,5043.734,5408.4766,3612.3877,4207.8438,3721.349,4429.025,4453.4087,4442.6016,
0000000000000000009b_0,3440.462,3518.5198,3524.7358,3664.8801,3789.1472,3801.3508,3787.6533,3636.0112,3472.6282,3580.1548,4024.4045,3812.5327,3625.6724,3862.3105,4010.2783,4345.226,3802.6765,4060.613,3971.6191,4100.6045,4153.9614,4837.6377,4424.2227,4009.319,4537.5317,3960.2473,4316.5977,3668.2222,3962.6147,3747.7202,4374.98,3705.7764,3919.9368,
0000000000000000009c_0,3279.7505,3577.9949,3353.4895,3719.0095,3923.723,4115.7,3951.5725,4041.0483,3728.567,4093.9487,4057.764,3886.7744,3652.2056,3692.7903,3663.1611,4015.5378,3846.912,3850.507,3689.4355,4112.2837,4050.2078,4522.636,4392.8125,4109.9688,4504.0063,3765.5732,3858.6863,3498.9363,4207.008,3604.9524,3869.7725,3777.601,4352.957,
0000000000000000009d_0,2859.3433,3002.6104,2410.8909,2980.6,3018.3435,3126.277,3403.3901,3427.5852,3215.9094,3509.9802,3350.9966,2992.761,3285.2817,3258.5154,3158.2207,3351.956,3098.645,3189.787,3279.8171,3423.94,3584.8035,3682.2466,3675.0127,3713.2522,3918.8066,3241.3223,3320.967,2792.6533,3265.9778,3056.4448,3336.5872,3169.7227,3369.5059,
0000000000000000009e_0,4089.121,3877.4385,4181.407,4250.161,4460.546,4350.448,4494.1704,4463.872,4245.6787,4223.257,4275.9863,4413.259,4332.7773,4311.7334,4488.8574,4421.4033,3978.9136,4272.33,4364.2705,4440.5063,4296.883,4920.048,4619.4316,4275.6455,4964.2188,4204.621,4340.1816,4142.8125,4190.9707,4555.171,4463.725,3976.866,4476.136,
0000000000000000009f_0,2782.6628,3550.0134,2790.275,3464.113,3183.8718,3337.4497,3109.6614,3137.969,3137.59,3373.7449,3344.4382,3283.3804,3269.7588,3118.9375,2793.296,3379.5923,3294.3584,3005.8286,3153.1924,3391.4395,3459.8105,3593.3198,4062.0808,4096.3574,4156.861,3882.5273,4235.011,2902.832,4104.7305,3539.3262,3820.1558,3467.415,3923.9087,
000000000000000000a0_0,3268.779,3267.8042,3161.4902,3464.7087,3508.1157,3665.777,3811.7883,3782.6094,3597.8906,3652.5796,3450.0774,3331.2163,3101.2827,3676.1392,3865.821,3650.5662,3819.8535,3853.6782,3685.2678,3631.109,3831.4568,4766.219,4750.571,3376.3228,4595.854,5012.7695,4908.2437,3289.5474,3631.4539,3433.2139,3725.1226,3477.434,3655.3591,
000000000000000000a1_0,3808.186,3765.8867,4093.6924,4416.47,4436.789,4471.19,4485.301,4467.7383,3978.585,4038.1448,3936.7305,3914.5098,3989.379,4596.5244,4135.718,4184.579,4225.0166,4168.5586,3837.9187,3979.0237,4380.1553,5395.8184,5411.6045,4551.0845,5193.0776,5601.5024,5589.9863,4168.0806,4989.5815,4510.5615,4645.0127,3880.5024,4168.37,
000000000000000000a2_0,3486.5264,3635.766,3572.502,3869.751,3732.2395,3778.3774,3869.481,3648.5537,3925.0657,3993.6653,3913.8806,3730.4797,3767.6096,3722.2349,3909.767,3983.3357,3851.882,3527.8374,3770.1694,3831.782,4178.418,4694.7676,5016.047,4124.8276,4907.2563,4796.577,5070.781,3480.4578,4351.822,3986.5479,4194.695,3720.5146,4077.0466,
000000000000000000a3_0,3204.4448,3392.6577,2999.7646,3194.1968,3024.21,2972.6382,3011.4883,3218.916,3188.68,3076.3352,3374.6182,3362.9531,3017.623,3058.421,2909.4976,3356.6763,3711.1187,3577.759,3652.8604,3671.3816,3421.66,4391.29,3511.193,3392.787,4240.8774,4166.063,4208.221,2987.2422,3364.7678,3457.6877,3595.9033,3246.5674,3469.245,
000000000000000000a4_0,3353.0894,3339.0935,3223.9722,3484.6172,3257.4883,3361.932,3806.1113,3681.401,3840.921,3527.8606,3474.9612,3581.118,3335.872,3550.8853,3468.2085,3728.047,4200.3003,4174.323,3669.6826,3616.9788,3965.8108,4535.883,4273.4194,3233.9863,3959.0186,3998.364,4423.0986,3113.6067,3095.5454,3513.543,3363.8481,3401.375,3569.6282,
000000000000000000a5_0,3000.9502,3515.1653,2902.4478,3333.8667,3053.6704,3189.2495,3522.462,3436.0854,3614.23,3327.23,3575.502,3722.1748,3043.3093,3393.2195,3324.9702,3775.4363,4061.123,3902.2632,3443.9695,3557.6335,3823.2869,4564.8135,4109.489,3220.8801,4047.559,3668.5857,4368.9346,2791.9497,2976.081,3016.4946,3202.7837,3494.42,3658.3518,
000000000000000000a6_0,3416.9978,3459.529,3695.2095,3479.2441,3232.7207,3467.0002,3658.037,3670.5442,3873.1187,3543.9194,3498.5347,3601.2876,3996.3826,3559.682,3415.1226,3717.3162,3919.136,4062.4363,3943.6992,3869.6172,3942.0417,4175.082,4422.55,3955.851,4343.5864,3887.0327,4112.066,3391.8025,3670.7534,3620.0024,3534.7876,3345.135,3422.017,
000000000000000000a7_0,4325.406,4046.691,4463.506,4171.429,3861.6475,4097.8247,4072.5886,4226.074,4109.3086,3904.7334,4210.289,4225.9976,4271.3965,4113.356,4172.771,4460.7993,4269.99,4484.289,4182.345,4215.237,4317.2607,5165.623,5345.805,4160.9736,4717.4175,4545.489,5380.904,4020.593,4100.551,4553.301,4144.5225,3805.9373,4197.379,
000000000000000000a8_0,3151.4846,3219.668,2708.899,3093.8257,3690.1958,3222.4678,3233.3857,3752.198,4224.413,3828.851,3561.185,3627.2212,3142.7036,3781.9968,3546.614,3812.7727,3547.331,3578.333,3367.3848,3623.9321,3756.386,3973.685,3874.934,3848.921,4144.4126,3686.483,4088.2112,3304.986,3470.875,3454.6309,3481.9126,3367.28,3474.5818,
000000000000000000a9_0,3031.063,2967.0479,3237.2969,3318.3804,3252.7588,3368.0718,3420.3784,3571.0894,3666.9695,3890.6606,3696.286,3732.2346,3389.2515,3526.693,3526.0076,3925.081,3935.9565,3906.9355,3733.4646,3964.7754,3774.7886,4312.405,3920.4983,3586.3003,4088.0908,4154.0654,4512.5786,4543.4536,4105.743,3926.1692,3934.5198,3818.1597,3600.5154,
000000000000000000aa_0,3583.637,3301.658,3312.8584,3301.2559,3506.23,3703.9,3777.8628,3643.497,3660.3386,3985.22,4016.7876,3893.3606,3759.1943,3860.4902,3483.5864,3508.9932,3353.104,3657.687,3611.7373,3765.393,3684.3357,4531.4507,4289.4375,3858.934,3916.1597,4062.292,3916.636,3676.3943,3637.1035,3675.6753,3837.4263,3614.1057,3632.1562,
000000000000000000ab_0,3413.547,3798.5327,3265.3264,3759.136,3511.3198,3757.5022,4066.6826,3851.2957,3665.0674,4062.986,3897.545,4307.4834,4005.314,3880.9653,3456.966,3651.228,3643.285,3656.8245,3760.964,3970.1685,3729.6348,4183.5034,4436.4995,4427.8438,4027.508,4121.1665,4194.5273,3543.9407,4214.8667,3965.0244,4224.289,4111.2607,4060.072,
000000000000000000ac_0,2748.4246,3234.7434,3168.9805,3688.8809,4092.3438,3747.9106,3842.999,3727.8235,3781.323,4316.3896,4000.1665,3865.17,3083.4958,3849.698,3763.616,3889.1926,3871.4404,3807.2698,3810.1267,4185.6064,3998.592,4401.7124,4213.5938,4128.0625,4106.291,4267.352,4700.9277,3878.9346,4020.1323,3957.649,3967.9138,3730.5117,4196.698,
000000000000000000ad_0,2999.148,3685.7578,3592.143,3772.609,3831.3171,3647.6147,4024.3787,3818.8823,3598.3013,4091.9668,3886.8118,3757.7026,3293.3452,3939.606,4108.414,3910.9033,3862.4248,3950.7397,3882.9277,4108.702,4036.6738,4698.519,4549.343,4182.334,4482.299,4494.5117,4746.5195,3599.7505,4362.268,4149.732,3918.4585,3940.561,4150.8574,
000000000000000000ae_0,3493.2207,3537.9502,2960.409,3210.7607,3381.1106,3186.8203,3297.0388,3687.0005,3505.3801,3727.4421,3571.6382,3418.864,3561.8032,3336.2893,3346.112,3603.378,3450.0457,3442.6553,3257.1658,3612.8076,3582.169,3774.202,3791.571,3749.3438,3841.9346,3830.4895,4075.4023,3172.1484,3697.942,3408.5303,3525.4265,3458.901,3385.1455,
000000000000000000af_0,3292.7793,3184.0457,3545.8445,3477.8652,3274.4187,3786.5457,3481.2278,4040.536,4062.3694,3777.9683,3729.9097,3564.1328,3460.6753,3397.7988,3224.5786,3515.0715,3473.253,3471.8647,3255.9607,3389.6099,3232.7932,3517.561,3508.6572,3422.9421,3867.4673,3397.6147,4203.011,3295.8867,3625.4978,3457.8804,3856.804,3651.9463,3403.671,
000000000000000000b0_0,3498.3943,3288.239,2566.2417,3350.312,3297.7085,3491.8896,3154.0474,3228.335,3457.6555,3536.8564,3488.227,3554.8992,3497.7,3250.0266,3224.4487,3903.4539,3886.6223,3913.0723,3843.7156,3916.4702,3828.0388,4158.5776,4052.5415,3770.1997,4310.667,4208.8,4191.1094,3191.479,3646.201,3294.308,3906.3984,3489.9348,3158.0942,
000000000000000000b1_0,3162.2168,3540.0222,2586.0903,3388.6536,3531.5176,3710.0178,3389.5266,3255.515,3366.2263,3537.7656,3563.7256,3694.0166,3375.9304,3123.8618,3217.1738,3672.2285,3659.1506,3574.8438,3523.0513,3707.7427,3694.2334,4002.7444,4023.1445,3660.6973,4070.6616,4099.8955,4127.6562,2878.7026,3469.6353,3182.7817,3674.6274,3856.7812,3424.126,
000000000000000000b2_0,3240.0417,3468.8538,2890.4404,3504.2021,3585.2466,3383.5261,3299.1338,3236.1987,3633.1743,3626.9736,3747.1824,3701.975,3521.328,3529.2588,3503.0854,4017.0684,3984.3655,3856.8481,3837.8545,3898.1619,4049.5264,4227.344,4380.535,3731.186,4307.0474,4331.3,4521.9033,3292.8667,3869.184,3426.7734,4053.1572,3815.98,3160.8965,
000000000000000000b3_0,3317.532,3149.4678,3009.6475,3041.5173,3233.3062,3296.846,3081.186,3226.6003,3376.8142,3919.9429,3586.5767,3401.3152,3619.365,3376.8518,3269.5732,3470.7383,3269.2515,3338.7666,3310.0322,3471.5688,3476.2344,3771.0234,3904.5076,3431.77,4135.782,3946.5586,4115.9404,3009.2998,3609.5298,3206.9524,3726.956,3369.8887,3104.1099,
000000000000000000b4_0,3595.5906,3446.9077,3272.0513,3191.2476,3504.7754,3390.1794,3368.501,3238.0327,3142.1382,3636.816,3628.179,3814.4912,4243.615,3551.5073,3478.2104,3468.6204,3874.8132,3938.8467,3350.5325,3492.0515,3560.0,4075.456,4160.5913,3861.1572,4142.1655,3993.602,3957.561,4073.118,4062.6738,3555.1184,3791.4248,3798.6504,3192.303,
000000000000000000b5_0,3818.4402,3334.077,3503.1245,3945.2334,3894.729,4001.8533,3912.5283,4157.52,4010.3347,3718.9602,3779.2256,4391.7646,3463.6953,4404.0405,4428.67,3989.5671,3678.7646,3871.6453,3689.5938,3622.866,4107.082,4817.3467,4122.5566,3659.0488,4568.7954,3916.891,4735.4316,4077.7595,4568.047,4106.522,4437.035,4027.0786,4062.0745,
000000000000000000b6_0,2766.8337,2571.1348,2447.5361,2839.2764,2874.8022,2972.702,3064.044,3005.352,2942.5942,3333.7559,3236.2375,3178.485,2788.774,3320.2703,3303.849,3616.733,3325.1038,3521.016,3302.854,3353.5608,3596.229,3788.483,4114.2104,2830.8928,3979.1902,3679.7817,3822.7468,2975.5774,3001.4678,2763.003,3190.273,2947.0046,2743.0576,
000000000000000000b7_0,3337.2515,3590.5942,3317.9653,3708.7615,3744.3303,3839.0698,3690.3318,3797.886,3481.0984,3773.8647,3504.1099,3633.0396,3536.751,3596.4382,3652.3843,3601.8975,3936.6096,3833.0796,3715.6018,3923.984,3833.0945,4294.36,4747.305,3674.686,4525.849,4007.7603,4532.502,3391.783,3673.8206,3382.6912,4091.3394,3935.5059,3541.4927,
000000000000000000b8_0,4379.529,4043.836,3984.8743,3945.2168,3645.277,3597.8335,3828.6357,3781.602,3699.6213,3691.4243,3733.1548,3694.006,4049.304,3878.8384,4122.165,4141.796,3784.871,4089.9429,3784.058,3955.8262,4017.4263,4710.9834,4955.414,4027.629,5368.171,4375.0195,4220.4478,4361.827,4129.955,4046.9827,3950.5754,3878.6548,3746.7815,
000000000000000000b9_0,4395.358,4007.712,3872.784,3852.7546,3662.519,3623.4636,3609.196,3688.898,3685.0383,3529.154,3815.1184,3901.6353,3851.5105,3883.4607,4123.3315,4040.261,3930.0095,4258.0894,4150.8994,3992.1917,3862.214,4529.737,4822.298,3994.5588,4865.2754,4616.2686,4809.455,3819.2903,3709.367,3983.208,3834.2139,3609.3267,3409.5713,
000000000000000000ba_0,3512.862,3813.6326,3434.524,3533.478,3423.9436,3947.6023,3643.8926,3932.709,3429.82,3902.0093,3848.8816,3790.6113,3706.703,3666.6877,3783.8345,3901.7397,3757.9531,3722.9377,3599.6252,3740.9907,3427.6904,4295.531,4169.843,3767.1875,4362.792,4092.667,4393.5244,3648.4792,3985.188,3599.8423,3963.7932,3472.3628,3632.9922,
000000000000000000bb_0,3733.5894,4204.7456,3826.4883,3831.0166,3620.7979,3644.7358,3616.1616,3706.6372,3830.134,4064.7031,4058.6729,4070.0386,4130.2764,4015.283,4090.235,4209.333,4113.158,4130.3936,3993.3276,3955.8076,4013.881,4898.501,4799.5435,4082.407,4622.2383,4447.5127,4667.572,4138.8677,4337.1143,3909.6716,3964.3613,3831.108,3733.4053,
000000000000000000bc_0,737.3295,1341.0541,780.7981,1473.4673,939.9483,841.4396,1526.5259,784.9385,781.7212,1176.113,1117.2242,1189.7493,851.9796,1149.5889,977.6419,810.23157,1245.2465,1219.7043,1229.3984,1246.1062,497.9683,529.5261,559.97046,1064.589,408.1034,504.0668,484.2501,1114.3597,664.8043,985.38306,1122.23,1261.9917,748.77155,
000000000000000000bd_0,622.5003,1087.5406,862.7842,1412.7797,903.9498,907.71405,1569.013,857.458,756.58484,1162.8795,1052.9484,1147.0315,867.6169,1216.7548,1079.9119,875.5364,1260.9465,1289.4644,1219.0569,1198.8046,553.8696,628.3848,555.17365,1341.781,419.1275,518.4167,519.28357,1049.693,671.0276,949.1637,1073.3933,1312.7898,791.3791,
000000000000000000be_0,3727.8452,3516.3372,2678.095,3612.3115,3521.8545,3718.712,3473.1968,3725.8914,3355.732,3564.5293,3343.0894,3836.4998,3559.451,3380.0178,3251.2378,3620.5466,3446.435,3402.115,3428.1157,3453.236,3309.5134,3988.013,3749.3687,4226.9434,3665.6362,3556.49,3672.1843,3386.8887,3580.139,3645.9917,3745.3735,3644.7407,3830.7766,
000000000000000000bf_0,3611.5037,3340.4182,3100.2412,3329.5193,3118.9795,3598.0981,3386.7778,3531.6653,3646.7002,3597.7134,3666.4922,3374.0093,3265.3442,3472.1494,3543.85,3730.9976,3416.1343,3398.9265,3373.7224,3331.1604,3337.6929,3808.142,3532.7476,3544.9495,3576.7805,3514.932,3630.8152,3342.4038,3407.9883,3279.0156,3704.0068,3316.6936,3278.2866,
000000000000000000c0_0,3780.7886,3931.772,3520.4543,4099.2705,3552.255,3661.332,3661.0435,3869.4854,4071.415,3803.7866,3752.3142,3632.763,4156.794,3669.659,3745.4966,3918.3152,3575.5518,3684.2373,3538.8447,3682.8984,3638.9607,3816.723,4162.6826,4246.1514,4199.3403,3822.7385,4245.5127,4228.6826,4719.08,3734.5566,3678.3506,3729.2993,4168.636,
000000000000000000c1_0,3883.3372,3841.7607,3450.4067,3531.9097,3546.4995,3499.5771,3683.1997,3812.2646,3862.0603,3803.2263,3691.939,3731.261,3718.9807,3596.208,3488.9292,3718.8352,3460.9702,3354.5183,3340.7766,3569.1328,3610.3513,3769.663,4052.9077,3739.625,3972.504,3719.2644,3922.5884,3594.2869,4106.8687,3752.0364,3998.87,3939.224,3749.7217,
000000000000000000c2_0,3550.3286,3966.6025,3465.6746,3584.545,3639.0527,3626.01,3540.175,3540.1816,3455.0205,3658.6106,3595.9712,3780.6262,3802.1902,3603.6675,3522.655,3714.3196,3693.7869,3582.5952,3594.3523,3766.4297,3823.5364,3993.876,4014.941,3922.8438,3824.6318,3771.6465,3904.0596,3503.022,4051.1106,3790.6455,4010.2046,3665.0376,3657.1973,
000000000000000000c3_0,3408.0132,3435.16,3379.7595,3488.875,3592.6763,3687.6672,3749.2231,3868.6792,3600.1992,4000.5437,3919.2566,3776.0093,3624.7927,3768.251,3837.5413,3604.1829,3936.183,4015.965,3768.624,3996.3577,3817.0264,3866.4954,4307.159,3627.5415,4151.5967,3661.2986,3885.3066,3336.5698,3810.4663,3547.988,3676.4697,3514.107,3410.958,
000000000000000000c4_0,3370.5847,3429.9307,3084.3523,3448.535,3428.201,3515.0508,3485.5688,3573.8667,3522.8506,3628.9463,3666.567,3490.402,3242.9507,3405.6038,3548.2874,3820.2988,3402.2034,3444.489,3525.7498,4140.9487,3883.1838,3833.175,4221.2974,3422.0132,3898.1013,3701.669,3701.7178,3240.6206,3691.6282,3306.407,3597.6128,3532.651,3305.0625,
000000000000000000c5_0,3594.1394,3878.077,3321.4873,3540.2354,3263.439,3442.735,3488.5469,3613.8928,3668.5576,3844.3215,3834.3696,3759.0562,3737.2534,3712.9863,3731.4917,3794.9111,3905.5808,3986.44,4126.259,4302.4736,3609.1538,3056.231,4081.1953,3897.4614,3917.8413,3753.1074,3739.4814,3680.7642,3959.1013,3445.2593,3820.996,3795.0498,3694.1938,
000000000000000000c6_0,3389.9526,3715.668,3434.375,3611.828,3530.0752,3500.9265,3751.5247,3813.4949,3670.0725,3843.7583,3841.588,3649.3027,3557.394,3832.2415,3846.307,3891.3213,3506.9465,3531.1045,3598.3623,3728.5684,3951.4502,3797.1016,4444.4033,3700.4585,4142.2744,3897.7937,4025.3452,3536.594,3913.66,3617.4377,3771.481,3960.649,3719.7598,
000000000000000000c7_0,3535.0774,3826.5842,3365.1304,3496.222,3400.4854,3403.0464,3580.92,3813.2593,3801.815,3728.8118,3589.0132,3530.3838,3489.3005,3582.4392,3699.678,3928.2695,3592.8633,3540.661,3615.9185,3706.3374,3945.5293,3915.0825,4042.619,3877.1208,3997.1038,3667.5967,4019.1436,3616.5745,3868.287,3446.3848,3501.0386,3713.4905,3581.1206,
000000000000000000c8_0,3648.0574,3827.2754,3499.747,3498.4792,3977.0842,3613.271,3672.9275,3766.2886,3585.0818,3574.2593,3750.5938,3440.7817,3402.9092,3798.8916,3713.1753,3590.546,3625.6406,3886.6155,3430.3918,3559.6692,3772.224,3994.4043,4258.929,3837.111,3825.5222,3898.6704,3994.6484,3631.4226,3753.905,3659.2583,3728.2202,3868.0718,3828.039,
000000000000000000c9_0,3633.2505,3743.8965,3298.675,3645.9814,3508.7407,3680.6086,3840.5547,3686.0054,3768.7039,3862.974,3806.4746,3797.6538,3627.1184,3626.8835,3753.9397,3746.776,3676.7886,3653.6313,3632.285,3885.7021,3689.6099,3690.4124,3925.1323,3791.7122,3857.2407,3654.8896,3773.4766,3522.284,3815.2373,3685.2769,3867.7102,3607.6772,3523.7815,
000000000000000000ca_0,3568.6064,3622.3516,2819.9915,3370.4832,3422.8853,3593.7778,3490.011,3286.706,3227.0173,3439.8882,3733.26,3803.9575,3506.5684,3723.8174,3762.1824,3943.013,3680.2637,3469.6348,3384.0137,3629.0027,3665.641,4009.8013,4292.8174,3893.8264,3727.443,3725.163,3993.5547,3412.4133,4270.988,3737.628,3515.6145,3378.1404,3130.191,
000000000000000000cb_0,3099.603,3111.234,3315.961,3315.7705,3987.808,3948.7437,3639.1282,4239.0225,3641.1697,3890.9958,3587.215,3577.8071,3000.459,3477.8855,3546.4338,3670.6091,3526.807,3525.599,3538.4712,3739.6028,3788.292,3921.3398,3863.7314,3229.7632,3989.3843,4098.4062,4062.404,2964.9167,3198.4092,3233.6543,3325.0852,3595.0952,3252.3774,
000000000000000000cc_0,3457.1626,3653.5046,3349.8616,3539.8672,3551.4756,3745.6416,3792.29,3760.8494,3794.8018,3950.6455,3808.0137,3711.7407,3378.623,3603.6301,3721.1128,3778.8486,3618.9336,3509.646,3486.9988,3879.162,3686.9944,3648.8179,3999.0066,3528.3503,3941.5645,3754.3113,3758.0935,3407.677,3816.18,3459.9148,3611.9832,3584.7236,3357.5908,
000000000000000000cd_0,2753.0435,3170.7773,3104.959,3490.3606,3143.06,3698.075,3773.7573,3845.9636,3358.1855,3565.1204,3383.2612,3119.2124,2913.827,3311.349,3369.3037,3676.3242,3631.1802,3341.6096,3305.082,3449.6692,3516.4946,3724.9082,3935.766,3403.5437,3745.694,3964.854,3805.4956,3171.4343,4279.647,3658.7869,3628.7417,3588.7178,3257.574,
000000000000000000ce_0,3146.247,3808.6138,2777.1104,2929.6052,3063.8423,3347.4546,3642.7769,3673.125,3562.6042,3691.536,3333.7793,3123.1946,4293.122,3219.1497,3285.8186,3547.4697,3646.483,3255.4883,3207.968,3449.5723,3656.3765,3485.0183,3749.8306,3856.3667,3561.7163,3913.7075,3790.4336,3386.5227,3363.205,3028.8994,3133.4668,3140.498,3023.1084,
000000000000000000cf_0,2913.8894,3698.7761,3390.7104,3658.0,3435.9297,3399.0437,3529.8718,3461.0144,3773.3735,3567.5522,3897.7456,3866.6836,3636.5986,3670.2192,3649.0762,3947.373,3875.7368,3585.997,3693.5051,3881.8171,3690.7798,3681.4912,3891.7305,3600.8384,4053.9905,3917.3496,3798.3726,3243.5837,3565.1929,3390.9482,3723.4172,3881.87,3647.2815,
000000000000000000d0_0,3682.8176,3630.9016,2571.8103,2809.7134,2914.7363,2962.538,3231.7642,3555.074,3449.6948,3710.605,3423.334,3220.659,4178.2393,3373.37,3705.8096,3870.5947,3691.0923,3685.5034,3612.6821,3615.186,3662.7583,3647.0017,3818.1606,4015.8906,3473.6255,3438.9172,4154.416,3505.0798,3549.7173,2985.4658,3072.2356,3111.0464,2864.1516,
000000000000000000d1_0,2651.024,4178.3115,3844.2551,3642.0752,3800.1807,3429.0918,3870.3335,4141.1997,4323.6934,4221.996,3720.615,3637.0696,4145.2476,3282.2864,3591.0564,3660.3748,3581.87,3450.1616,3464.6553,3733.2524,3666.1572,3802.2097,3999.5637,4033.3765,3693.3057,3996.6128,3842.4788,3630.2197,4756.27,3583.3396,3245.7207,4252.881,3790.5627,
000000000000000000d2_0,2895.192,3848.1997,3572.9429,3572.9019,3661.024,3424.924,3583.3,4339.4917,4110.073,4200.8525,3547.4512,3506.1912,4131.9463,3182.3777,3539.1235,3741.3237,3535.8489,3363.348,3325.5662,3669.8872,3807.5054,3875.51,3997.6824,3652.29,3672.4497,3922.2,3840.4062,3630.8787,4705.5293,3567.5603,3327.3386,4259.511,3746.8086,
000000000000000000d3_0,3858.3452,3685.726,3339.393,3462.2515,3438.665,3566.8936,3703.748,3649.3533,3805.0742,4023.1997,3985.0596,3921.3713,3667.5178,3787.573,3879.1958,3828.4858,3712.8596,3834.2185,3815.6199,3726.0127,3859.3254,3670.175,3890.1494,3614.1782,3978.5752,4081.6506,3950.8418,3301.5186,3621.8337,3458.8562,3766.1807,3646.836,3707.9229,
000000000000000000d4_0,3543.7083,3660.4312,3462.9697,3622.1267,3483.7168,3706.2837,3773.243,3789.92,3846.6023,3947.4387,3814.2373,3572.2087,3740.9575,3711.2402,3713.4585,3793.978,3787.2837,3689.541,3630.817,3916.6516,3970.6462,4051.6248,4136.673,3561.4688,4076.7444,4059.31,4243.7686,3604.9785,3785.2795,3749.2007,3797.4998,3774.8499,3723.3823,
000000000000000000d5_0,3433.067,3551.1675,3540.2834,3727.5564,3470.4666,3809.2075,3771.891,4147.994,4108.167,4501.4844,4553.913,4450.709,3673.1685,4028.958,4437.902,4457.7007,4318.7236,4067.3462,4160.1997,4626.097,4633.9004,5141.386,4899.753,3505.0562,5180.7944,4950.7627,4858.9307,3401.0396,3807.642,3484.4597,3896.1128,3857.4136,3795.323,
000000000000000000d6_0,3370.1855,3264.477,3599.6252,3485.0522,3626.758,3416.0737,3426.5496,3584.961,5131.3096,4438.213,4621.785,4786.8203,3381.767,4516.816,4533.9443,4583.324,4136.9634,3892.1946,3482.8875,3545.8984,3548.4185,4122.0645,4147.85,3266.3457,4164.175,4266.398,5081.26,3355.1982,3725.4438,3342.9973,3520.5044,3340.6086,3527.2498,
000000000000000000d7_0,4308.916,3427.518,3245.308,3349.4307,3236.198,3649.1636,3395.9275,3489.3308,3480.0676,3593.9365,3453.853,3663.8652,2976.9993,3505.124,3485.9246,3575.415,3525.0671,3607.0732,3510.748,3780.702,3799.6218,3997.9785,3809.5608,3468.0513,3913.3298,3905.2332,3984.8474,3578.516,3399.476,3357.5955,3443.1792,3129.3694,3576.6519,
000000000000000000d8_0,3526.7056,3094.0618,3251.2688,3398.5056,3307.002,3505.67,3566.018,3543.335,3486.882,3627.7324,3513.4854,3761.4746,3016.9434,3486.67,3683.9304,3648.7625,3607.0781,3651.344,3387.6775,3748.326,3594.5361,3975.0913,3863.6614,3453.8467,3914.8103,4020.304,3945.692,3334.2092,3811.3982,3722.188,3451.8037,3389.5767,3543.4363,
000000000000000000d9_0,3867.7847,3876.4724,3555.3271,3861.1,3605.851,3551.726,3816.7563,3751.0918,3756.2588,3803.474,3623.9272,3488.9163,3964.2559,3565.2173,3585.3396,3726.065,3453.419,3587.9941,3483.5786,3738.3975,3960.6958,3941.8784,3900.0781,3763.9414,3864.3945,3869.226,4059.6309,3586.751,3815.4502,3530.9783,3748.9463,3861.0815,3678.914,
000000000000000000da_0,3621.944,3664.5718,3430.0818,3536.3435,3406.375,3457.9214,3615.6575,3937.7932,3774.5989,3683.258,3867.6543,3557.4766,3547.6306,3475.72,3777.03,3791.9426,3358.2422,3212.51,3234.371,3275.087,3518.499,3921.058,3940.8486,3464.8506,3951.4128,3999.333,4129.3574,3331.5923,3517.4785,3204.6309,3829.5576,3545.832,3526.755,
000000000000000000db_0,3072.8943,3130.0332,2892.6426,3692.7974,3471.907,3464.3904,3444.6016,3648.9644,3627.255,3745.1787,3739.2627,3284.1013,3259.6577,3275.35,3265.5466,3706.1377,3174.0127,3269.6465,3354.7012,3678.4165,3260.1548,3644.0586,3154.3074,3240.768,4221.2046,4247.797,3729.6096,3376.4453,3693.767,3534.6953,3856.511,3548.5571,3130.4014,
000000000000000000dc_0,3694.3335,3731.8364,3193.1316,3884.4072,3428.2373,3607.096,3768.4253,3970.401,3885.4922,3830.0005,3769.047,3632.1255,3602.246,3778.2224,3926.3337,3926.5388,3690.7332,3651.4844,3802.0032,3543.0835,3618.998,3818.4756,3656.308,3769.7764,3927.9055,4015.141,3810.0078,3892.4824,3835.1816,4004.0435,3852.2224,3848.6475,3709.2312,
000000000000000000dd_0,4160.583,4344.1646,4212.0845,4129.5225,3990.4702,4252.5166,4084.7173,4043.4426,3814.9895,4038.2246,4245.8555,4231.7495,4499.5674,4156.4697,4152.87,4134.4883,4073.7842,4134.128,4103.303,4091.4177,3949.2842,4562.6875,4441.574,4143.7085,4340.119,4389.1934,4405.377,4153.169,4335.0244,4599.914,4576.979,4059.1143,3941.8943,
000000000000000000de_0,4411.6035,4660.541,4672.21,4389.1787,4261.5137,4323.1924,4330.1777,4160.684,4091.584,4125.1567,4446.226,4394.918,4832.25,4366.167,4121.1646,4209.8823,4170.096,4182.1123,3992.0784,4127.251,3990.8801,4557.6094,4155.8794,4248.242,4125.002,4358.5713,4451.5254,4198.4873,4477.6177,4829.6274,4583.675,4418.7935,4475.9053,
000000000000000000df_0,3588.8643,3672.0366,3402.0608,3707.0115,3558.1294,3593.534,3845.001,3753.9624,3649.913,3701.858,3838.5532,3553.706,3716.698,3500.401,3817.6729,3743.31,3433.2153,3730.8376,3656.621,3778.545,3842.5466,4265.546,3933.4868,3785.0293,3970.5393,3759.868,4022.725,3538.2214,3857.0405,4241.579,4188.821,3639.66,3549.2888,
000000000000000000e0_0,4819.5327,3935.401,4400.89,4458.266,3986.2617,4081.8584,3865.4604,4048.2512,3988.36,3675.8987,3988.0635,3947.3135,4111.838,4114.5625,3962.8086,3771.7925,3850.9067,4018.4724,3962.9385,3681.5815,3933.596,4651.8794,4477.657,4087.1318,4582.5635,4567.3184,4311.2314,4176.6343,3802.72,4145.9316,4509.0254,3723.7993,3844.603,
000000000000000000e1_0,4910.2104,4392.053,4993.482,4799.4575,4674.3164,4507.5137,4482.773,4380.7144,4310.2617,4047.7852,4426.7583,4556.997,4477.4585,4105.5815,4539.692,4561.1377,4443.1143,4588.925,4448.2246,4167.317,4484.463,5064.4883,4904.029,4275.541,4884.2583,4900.121,5038.04,4202.4697,4001.0874,4433.4854,4502.1426,3820.9695,4532.453,
000000000000000000e2_0,3874.662,3823.2666,3999.2434,3681.4055,3521.2568,3778.8809,3716.0269,3736.266,3594.2356,3412.0999,3943.723,4147.225,3756.0068,4392.141,4379.718,4383.3096,4109.2754,4136.8545,4269.9404,4064.751,4171.9136,5100.993,4736.1157,3508.3745,4673.2744,4906.2515,5069.5923,3627.1128,3148.3499,3533.17,3789.706,3364.2036,3829.2153,
000000000000000000e3_0,4622.874,4177.3643,4275.458,3835.7544,4128.497,3649.2925,3436.1914,3618.182,4076.313,3958.9028,4628.802,4367.8594,4182.632,4166.985,4570.1724,4686.1094,4253.4707,4248.477,3861.5715,3950.5195,4024.756,4618.907,4763.469,4261.8203,4247.554,3988.2861,3952.8765,4462.4067,4310.84,4645.6807,4420.077,3738.3477,3692.813,
000000000000000000e4_0,4515.9688,3888.4795,3817.39,4200.063,4341.7827,3652.98,4136.5728,3346.5015,3999.0273,4208.9414,4134.814,3776.7695,3704.8633,3771.903,4470.109,4273.2705,3685.4634,4003.6733,3670.6973,3855.8335,3872.0059,4731.787,4547.753,3787.4734,4047.5906,4317.2827,4181.7476,3767.6738,3473.7769,3843.554,4183.942,3350.424,3298.5242,
000000000000000000e5_0,4817.331,4203.5557,4725.074,4278.215,4292.426,4212.498,4072.7998,3855.6404,3990.5286,3824.0876,4397.581,4450.549,4280.4834,4567.0054,4556.4336,4754.955,4201.455,4437.204,4091.2612,3929.3958,3997.927,4945.76,4847.157,4121.886,4739.1006,4828.7383,4846.5786,4179.033,4119.4805,4101.3506,4373.389,4074.244,4526.535,
000000000000000000e6_0,3968.146,4049.7798,3586.6816,3832.2737,4215.37,4003.358,4080.7954,4201.8906,4119.3926,4190.188,3950.587,3717.3928,3979.8982,3773.0571,3724.4917,4026.7607,3529.2317,3525.016,3779.0825,4074.2197,4211.117,4808.4883,4601.0107,4047.1655,4189.747,4750.4243,4711.829,3913.0933,4140.539,4087.4995,4074.3154,3908.4563,4122.533,
000000000000000000e7_0,3719.577,3954.0427,3498.217,3512.9392,3779.7263,3778.8264,3664.6501,3887.603,3744.198,3805.5645,3669.961,3729.902,3699.6548,3711.6086,3784.3223,3883.7473,3595.2449,3545.9358,3854.9524,3853.5173,3892.6628,4650.6514,4092.0017,4378.104,4127.59,3912.2957,4160.8833,3953.869,3733.3342,3739.9487,3981.9258,3849.6997,3778.9775,
000000000000000000e8_0,3776.548,3771.1455,3468.823,3682.0713,3605.3608,3517.089,4063.3408,4072.9834,3957.8713,3894.6128,3943.4429,3863.893,3787.6128,3807.1675,3871.0542,4040.941,3709.7134,3785.9968,3902.2827,3656.4382,3980.2168,4100.987,4050.9624,3979.3586,3935.3604,4185.0186,4637.5684,3721.4722,3923.3376,3862.1008,4159.084,3560.2913,3949.3333,
000000000000000000e9_0,4268.3,4087.5625,3657.105,4032.8076,3898.7754,3722.0327,4044.6538,4124.93,3993.4976,4123.4966,4262.3335,4075.9326,4119.645,4165.8516,4182.897,4135.14,4222.124,4459.713,3995.9214,4240.894,4432.9194,4559.4683,4449.037,3876.7651,4416.577,4346.417,4938.0815,4041.5547,3830.0356,3936.3926,4338.271,3763.9863,3918.5698,
000000000000000000ea_0,4166.474,3730.3618,4760.1797,4097.229,3872.8037,4458.1997,4421.174,4071.4675,4187.0317,4294.5625,3979.27,4280.486,4032.9924,4066.4468,4127.7188,4098.0063,3880.1267,3809.579,3823.4568,4177.836,4545.1953,5105.607,4228.149,3993.6497,4899.093,4577.296,4802.8643,3984.4563,3707.3435,3776.0847,4198.007,4308.818,3640.5537,
000000000000000000eb_0,3629.5288,3706.9495,3398.1714,3658.437,3776.6455,3895.9404,3775.1343,3898.0815,3716.7305,3726.1123,3551.0735,3773.4219,3479.9546,3656.515,3713.2766,3808.828,3614.8882,3488.9658,3562.7878,3502.16,3963.357,3997.9153,3968.3613,3680.8765,4007.5806,4002.4683,4022.5781,3182.5393,3677.0447,3569.063,3752.795,3659.1047,3654.189,
000000000000000000ec_0,3265.5813,3229.7227,3294.0823,3510.4116,3514.9321,3729.3145,3900.2612,3998.7275,3634.4368,3991.405,3725.5608,3765.0718,3712.4265,3594.0203,3725.3755,3851.5657,3578.0754,3644.8608,3682.9485,3781.3047,3668.8142,4035.476,3907.8022,3217.0176,3721.8506,3918.531,3794.958,3020.3804,3604.476,3750.2693,3577.7686,3753.2312,3233.7124,
000000000000000000ed_0,3380.6018,3503.1128,3203.449,3781.2595,3561.9785,3510.1035,3155.225,3713.9146,3481.2285,3502.3906,3574.3252,3819.9807,3617.027,3752.033,3705.536,3502.2131,3468.1802,3408.2375,3353.441,3390.8591,3440.2202,4372.5767,4042.1895,3337.708,4124.2944,4001.055,3904.502,3231.5022,3547.311,3810.7334,3351.3276,3783.796,3430.5479,
000000000000000000ee_0,3429.633,3421.0835,3002.854,3249.2688,3187.1196,3533.4507,3481.826,3464.4375,3468.394,3447.9292,3495.7065,3133.339,3664.0752,3157.55,3118.8687,3300.0303,3120.5464,3077.6763,2921.0603,3178.147,3192.6223,4077.8152,3666.1982,3396.9329,3848.3096,3476.2217,3716.6052,3258.7644,3556.604,3525.0603,3662.3855,3432.8357,3280.5884,
000000000000000000ef_0,3798.1694,3692.6855,3480.7754,3652.9988,3458.239,3544.522,3893.3013,3744.277,3692.4116,3822.9478,3607.0674,3594.016,3929.1548,3528.0615,3778.372,3770.2598,3579.0637,3512.7837,3641.5967,3724.5298,3815.8164,4012.8987,3723.7788,3853.93,3976.5984,3892.186,3898.9229,3389.6787,3588.9768,3852.2163,4505.826,3837.5547,3579.4258,
000000000000000000f0_0,3694.8098,3546.8816,3963.3777,3955.6758,3774.4646,3848.8057,3962.0996,3819.7168,3825.1855,3856.0117,3842.5117,3974.2197,3417.317,3844.1501,3974.4253,3946.5547,3739.9646,3886.0288,3895.0286,3875.0083,3868.2517,4333.6494,4219.125,3646.5054,4253.3765,4192.1035,4139.55,3599.537,3812.9695,4076.089,3995.7805,3631.4832,3526.0386,
000000000000000000f1_0,3788.8555,3530.5005,3510.39,3590.5164,3492.7832,3630.4453,3747.1355,3561.5452,3425.934,3594.51,3607.134,3590.691,3781.1035,3443.849,3478.8525,3705.7236,3525.8667,3456.398,3445.5588,3478.2676,3556.65,4247.5234,3772.2075,3458.5588,3863.8242,4129.8027,3899.5098,3258.9463,3264.3738,3819.9832,3863.6873,3653.462,3662.851,
000000000000000000f2_0,2985.1604,3538.3325,3331.9087,3507.1292,3458.3562,3641.882,3764.5723,3802.0732,3674.7734,3787.462,3406.9883,3443.7632,3787.701,3378.3818,3530.522,3639.8206,3508.2551,3451.157,3408.7297,3532.5225,3537.095,3563.4668,3808.3633,2849.1824,3754.0537,3603.3447,3702.4666,2669.333,3656.1301,3862.3074,3898.3398,3804.0615,3547.799,
000000000000000000f3_0,3376.5933,3420.4307,3430.414,3553.367,3465.7642,3650.0938,3699.5874,3625.13,3632.8853,3621.4858,3566.1814,3660.025,3083.9844,3328.1316,3548.48,3675.642,3593.6362,3546.5256,3344.8267,3484.9219,3681.196,3669.9329,3779.4504,3431.0732,3966.9321,4030.0757,4013.2822,3270.5276,3390.9858,3674.3499,3678.403,3819.6543,3647.23,
000000000000000000f4_0,3459.7407,3367.7307,3468.0305,3878.3047,3653.3823,3681.6646,3828.7324,3961.6438,3861.9602,3871.5117,3831.217,3795.812,3722.5696,3707.835,3766.9854,3913.4355,3879.8599,3781.0645,3679.1843,3952.9075,4127.9785,3983.6182,3957.968,3256.2312,3976.0999,4241.6377,4238.1743,3130.1018,3340.022,3604.246,3718.3245,3852.9004,3551.5212,
000000000000000000f5_0,3634.2434,3358.0078,3180.752,3273.0605,3250.477,3361.2202,3294.4075,3420.1223,3421.9417,3623.4966,3662.2031,3456.7693,3284.4255,3371.432,3402.2573,3596.2754,3423.3777,3113.9302,3299.4902,3490.9673,3571.2798,3767.2773,3790.4795,3188.715,3756.8306,3849.7573,3854.0288,2818.997,3277.3335,3234.8242,3446.5493,3347.1687,3270.3035,
000000000000000000f6_0,3460.616,3309.906,3186.8237,3139.6133,3140.5327,3364.4248,3205.9412,3285.3604,3226.4077,3618.8347,3545.4534,3286.989,3044.2947,3079.437,3100.8228,3361.608,3143.3904,2786.83,3077.7947,3283.0264,3399.1367,3555.5317,3577.8838,3067.9756,3660.3042,3590.699,3685.4575,2611.6113,3183.2175,3106.3274,3232.0034,3165.6262,3114.6228,
000000000000000000f7_0,3713.097,3412.0264,3333.8696,3431.3179,3438.4644,3559.2988,3540.974,3920.1702,4268.465,4106.9946,4129.3794,4320.4062,3467.1572,4347.9404,4349.6895,4709.5967,4255.1245,4270.146,4136.505,4405.583,4544.1,5267.819,4923.111,3429.9443,5169.607,5326.979,5010.4243,3156.3442,3546.165,3319.8423,3503.3728,3399.8835,3377.506,
000000000000000000f8_0,3983.0754,3541.5312,3426.6738,3641.171,3381.3638,3663.8906,3580.089,4063.869,4396.188,4462.924,4559.5605,4458.683,3757.1838,4780.334,4538.726,4620.131,4880.9346,4166.0156,4158.853,4444.0776,4530.759,4849.7534,5334.2583,3496.8347,5270.396,5431.671,5332.0176,3349.7422,3757.1719,3625.398,3645.034,3570.3142,3497.1128,
000000000000000000f9_0,3633.984,3688.5923,3263.8647,3494.9863,3259.0151,3314.3792,3503.2024,3541.3533,3463.3213,4044.3513,3558.2627,3632.7678,3867.3132,3525.649,3588.8523,3596.6567,3466.8425,3429.7827,3309.4412,3429.946,3410.8152,4242.0654,4406.8423,3486.8125,3711.9858,3849.4102,4217.8643,3538.8984,3558.2244,3460.209,3656.5205,3699.8496,3656.4775,
000000000000000000fa_0,3256.3926,3152.6338,2995.689,3143.1382,3092.4243,3510.6902,3462.485,3219.189,3298.007,3510.762,3431.9414,3405.563,3241.9436,3157.8445,3554.224,3588.7832,3574.6045,3506.7954,3492.883,3706.4138,3717.0908,3877.2017,4011.5852,3384.4983,3887.8801,3659.8457,3832.6836,3000.6191,2980.2627,3331.4888,3644.7227,3609.5886,3399.8115,
000000000000000000fb_0,3653.9263,3482.5269,3391.484,3355.5986,3335.1704,3470.218,3462.0664,3471.299,3577.9087,3692.1794,3469.3853,3351.397,3398.9136,3501.6726,3555.2632,3776.5286,3567.3848,3460.5706,3452.5947,3618.4824,3688.6526,3619.8062,4269.1587,3523.1348,3883.6038,4054.4258,3854.019,3289.8154,3211.9712,3525.7812,3835.9995,3773.824,3578.5918,
000000000000000000fc_0,3536.9917,3580.1458,3431.8853,3456.4233,3336.4243,3505.4482,3367.226,3477.083,3622.4805,3696.8462,3470.5703,3309.198,3593.2458,3230.4465,3488.3767,3639.147,3655.1296,3521.981,3378.83,3642.6296,3696.4414,3570.482,3796.1465,3538.2935,3903.1416,3812.9292,3842.3286,3158.28,3574.1545,3579.287,4087.4941,3551.66,3750.2434,
000000000000000000fd_0,4084.102,3961.1897,3727.4111,4015.8818,3737.0088,3680.4185,3804.7603,3919.9727,3931.8774,3980.7937,3895.6843,3615.5225,3902.259,3884.995,3984.909,4159.551,3848.679,3701.619,3848.9312,4031.4475,4017.502,4140.6123,4020.2927,4214.228,4154.154,4135.991,4102.572,3747.477,4170.6943,3760.0842,4058.4973,3968.0762,3976.2253,
000000000000000000fe_0,3845.7495,3876.7827,3439.5083,3608.7837,3557.2373,3644.2139,3660.5017,3885.151,3701.906,3762.9092,3707.9778,3574.6716,3592.4236,3541.854,3698.0632,3861.394,3606.0127,3520.6665,3545.6377,3798.4922,3646.725,3885.5952,4052.434,4068.1973,3872.8433,3751.1123,3846.3406,3596.6306,3907.2622,3896.42,3921.6514,3678.8135,3851.3772,
000000000000000000ff_0,652.3978,1306.467,747.3491,1382.9136,970.4382,872.5363,1499.3936,789.55865,793.28827,1113.1674,1059.583,1105.7847,854.9735,1105.1001,956.3644,921.85,1232.0359,1168.4531,1169.2817,1236.2072,530.4245,519.204,547.5884,1314.1445,373.8884,460.7671,458.5764,1113.3414,638.7262,1017.25635,1132.8903,1226.0201,761.2982,
00000000000000000100_0,680.9258,1274.0754,840.70764,1518.7971,937.4348,771.768,1464.665,803.9197,795.0921,1145.3207,966.3599,1164.4104,862.0301,1207.9282,921.3416,882.9972,1243.4734,1187.6904,1213.2467,1223.7542,532.5758,756.4166,620.834,1251.1414,385.8662,464.44794,483.05908,929.5968,661.4669,985.776,1099.9104,1236.3531,790.8071,
