system:index,Greenness,Greenness_1,Greenness_10,Greenness_11,Greenness_12,Greenness_13,Greenness_14,Greenness_15,Greenness_16,Greenness_17,Greenness_18,Greenness_19,Greenness_2,Greenness_20,Greenness_21,Greenness_22,Greenness_23,Greenness_24,Greenness_25,Greenness_26,Greenness_27,Greenness_28,Greenness_29,Greenness_3,Greenness_30,Greenness_31,Greenness_32,Greenness_4,Greenness_5,Greenness_6,Greenness_7,Greenness_8,Greenness_9,.geo
00000000000000000000_0,-109.0713,-422.96564,-259.67996,-457.53046,-293.6036,-220.796,-670.4341,-363.7482,-387.9068,-639.96326,-515.8244,-555.64,-247.2443,-566.5229,-476.84525,-369.3405,-603.656,-588.18945,-599.23,-544.1246,-253.646,-252.1533,-307.5651,-354.0735,-193.4825,-252.1338,-270.7423,-425.9158,-113.7274,-312.375,-100.9475,-141.85785,-192.3004,
00000000000000000001_0,-27.2974,-175.9801,-254.01553,-497.67212,-372.787,-239.9675,-625.6137,-338.851,-409.42902,-590.431,-434.7885,-516.2916,93.4075,-574.1549,-518.2128,-392.73254,-609.564,-574.2195,-588.9534,-672.13367,-199.8272,-177.3222,-190.0956,-365.1041,-136.0074,-165.25255,-259.18265,-329.899,-140.3127,-262.5686,-55.5273,-158.2412,-188.55936,
00000000000000000002_0,1928.6898,1961.9248,1800.8541,1421.9739,1627.6909,1675.0033,1608.5657,1670.3109,1321.2517,1209.1345,1223.7594,1627.0447,1902.0938,1424.9354,1473.611,1391.6443,1303.1508,1486.4146,1436.9664,1362.6158,1344.5742,1763.92,1914.7761,2020.2454,2444.188,832.5946,2454.0647,2470.022,1577.175,1936.575,1532.3185,1637.8193,1645.4698,
00000000000000000003_0,1533.9084,1349.1421,1954.606,1893.5972,1824.0591,2112.4058,1832.7351,1862.1172,1901.2039,1443.4912,1665.8086,1632.8687,2357.4705,1557.4028,1430.6208,1467.8218,1307.6144,718.2439,1798.7734,1322.2388,2027.253,1862.0841,1824.1217,1938.4072,1757.2635,1815.945,2031.3849,2047.3107,2116.6082,2108.9185,1928.8009,1810.3462,2033.022,
00000000000000000004_0,1516.7786,2022.927,1774.9308,2105.3508,1893.6166,1921.466,1622.3184,1551.0405,1296.8096,1013.1248,1371.0083,1800.4312,2106.6147,1851.1884,1881.3909,1829.5476,2078.971,1975.8345,1864.7188,1500.6628,1615.719,2419.8125,2392.6274,2047.573,1883.1526,1968.3525,1985.7659,2083.3901,2259.6191,1900.2664,1608.4318,1917.9489,1785.6284,
00000000000000000005_0,1470.1873,1373.5952,1397.4467,1582.3575,1361.127,1326.3997,1231.4276,1117.9343,1043.3638,1063.1232,1070.2328,1289.1685,1594.1174,1247.255,1241.5447,978.9236,1012.3088,1636.472,1195.6403,1354.8958,904.6534,1461.8702,1486.4117,1623.0765,1783.0637,1798.1106,1602.1913,1882.0463,1458.972,1475.3429,888.3728,886.27075,1187.53,
00000000000000000006_0,1855.492,2127.5513,2031.8927,1645.4581,1689.5127,1619.7578,1102.6879,1361.2312,1396.1821,1030.5702,1489.5908,1419.8777,1669.7616,1542.3116,1478.4025,1433.0862,1304.6866,1314.9463,1219.6674,426.4082,811.6978,1528.7701,1821.2745,1878.1794,1882.2227,1986.7441,1813.2683,1974.2031,2048.962,1742.3893,1683.3062,1023.2757,1431.9923,
00000000000000000007_0,1829.8293,2687.4033,2142.103,1953.5742,2194.344,2118.1943,1967.1846,2054.7434,1860.5037,1547.6284,1713.2625,1748.8702,2264.1853,1880.6951,1843.5261,1872.7397,1972.7646,2195.492,1998.384,1800.7012,1899.577,2306.9265,2321.9387,2062.9038,2225.0781,1970.7775,2148.0476,2406.3567,2562.0217,2528.5708,1905.7771,2210.999,2151.211,
00000000000000000008_0,1672.2505,2010.123,1513.6,1501.748,1528.2362,1228.487,1346.4917,1155.1396,1230.9124,881.004,1151.3501,1249.6334,1916.3225,988.3572,1494.123,1411.4304,1518.2128,1424.9467,1629.1586,1566.0566,1058.3635,1736.4515,1910.4303,1699.5171,2217.9292,1709.8464,2002.324,1505.1809,1606.2255,1456.9705,1433.3267,1542.3724,1520.4548,
00000000000000000009_0,1071.9796,1537.5111,1639.4851,1723.1288,1622.7515,2263.2644,1441.0936,1179.1292,1335.7198,965.1468,1219.29,1338.9236,1353.9406,1446.0762,1481.617,1570.2505,1201.342,1960.5675,1712.3672,1600.6624,1210.5596,1902.7072,2460.2637,1598.1984,2531.1858,1682.2382,2167.4683,1671.8582,1305.1685,1644.6322,1414.3942,1827.6825,1639.1396,
0000000000000000000a_0,1403.4315,1544.1782,1789.534,1379.2175,1022.87476,635.5225,671.1763,582.1114,603.4927,23.965199,425.2176,763.4462,1510.2079,801.1643,837.4742,983.2671,927.2988,1032.7113,935.57434,909.1394,606.0154,1273.9429,1233.4558,1823.724,1362.021,1268.312,1569.9229,1888.8768,991.4065,1442.1058,1537.7007,1222.0244,1466.0944,
0000000000000000000b_0,1372.3729,1723.9026,1243.3379,1434.4788,1305.3108,1327.6406,1403.2361,1094.6714,957.0348,576.2282,857.18445,1056.7219,1755.0851,1016.2813,839.0619,788.9636,980.6766,1074.8481,1167.2393,1046.8845,663.94434,1302.5353,1317.9895,1830.511,1555.3915,1498.54,1485.3108,1423.3016,1283.302,1471.2351,1289.882,1242.5176,1384.6176,
0000000000000000000c_0,1737.9443,2056.666,1781.8805,1666.8279,1540.9071,1960.9554,1552.5375,1623.8512,1624.463,1303.1917,1521.0542,1569.52,1980.7618,1556.6317,1456.4642,1586.1174,1521.6494,1594.7181,1679.9448,1518.6182,1037.786,1684.8798,2063.5154,1866.4913,2198.088,1749.8796,2004.8885,1813.144,2030.3293,1745.076,1752.486,2282.4602,1925.5935,
0000000000000000000d_0,1514.5659,1636.3638,2149.643,1638.9106,1828.6902,2039.3186,1901.6652,1710.1587,1629.7634,1256.686,1323.4484,1544.1453,2147.067,2262.8562,1409.092,1676.813,1487.622,2086.9902,1672.471,1535.8777,1786.9359,2301.1099,2193.9414,1880.7751,2698.7905,2299.082,2442.6697,1952.6376,1780.8306,1928.595,2062.2007,2206.904,2126.117,
0000000000000000000e_0,1483.1069,2283.6433,1804.0668,1576.6389,1604.0394,1471.699,1447.6855,1372.9374,1222.2947,1698.0059,1239.3511,1352.2603,1758.1324,1211.0876,1239.0568,1165.0032,1254.6559,1524.8395,1443.5973,1314.2202,1103.6356,1666.6376,1810.312,1983.2476,1928.2161,1948.4568,1909.5986,1846.7112,1684.4352,1867.1182,1508.8752,1581.7014,1734.613,
0000000000000000000f_0,1533.95,2028.009,2293.863,1020.3016,1322.8314,1314.5769,1534.7012,707.0466,2081.058,501.378,1766.5105,1764.8503,1859.9717,328.3935,1357.7117,1489.8278,1118.7026,1659.1888,1560.237,1499.6356,1188.2158,2165.8135,2304.437,2143.6047,2255.9834,2142.1355,2149.3657,2355.9062,2174.105,2201.3435,1419.6473,1903.4739,1705.8673,
00000000000000000010_0,1228.309,1410.9576,1621.9364,1542.3677,1843.1755,1455.32,1219.5049,1241.3203,1168.0398,970.7528,1219.0725,1369.6356,1579.5883,1336.2908,1189.4832,864.24255,910.67334,1486.713,1311.3403,1018.68,586.1502,1532.7155,1478.7432,1567.2306,1747.4265,1789.5881,1600.5127,1520.7385,1399.6924,1745.25,1403.8025,1335.8495,1323.1067,
00000000000000000011_0,1069.2153,1569.8783,1560.9441,1298.6337,1466.5332,1538.1381,1319.8495,1071.2678,1281.2861,887.8637,1158.013,1416.1807,1525.8358,1235.2604,1144.127,999.326,1068.1514,1310.2507,1382.2775,1205.0254,827.1324,1328.9878,1453.4431,1575.4612,1722.1545,1412.9539,1512.3732,1560.0209,1539.8318,1290.8364,1820.4896,1623.2458,1388.6431,
00000000000000000012_0,2203.726,2640.5078,2648.087,1764.9265,1929.946,1903.8038,1496.4526,1419.7638,1831.3005,1466.0278,1459.4855,1392.1678,2832.1975,1663.2628,1418.5111,1630.9181,1414.77,1969.6606,1526.2576,1861.2919,923.8376,2248.7722,1948.7255,2056.264,2154.2227,2446.0117,1813.4675,2462.668,1957.5828,2096.8538,2280.7424,2315.5552,1537.9362,
00000000000000000013_0,1488.331,2054.353,753.1554,1913.6576,1632.979,1797.1968,1487.0103,1520.8898,1351.4078,1043.0686,1395.0302,1679.8914,1786.9949,1389.2147,1493.1682,1314.1368,1349.4598,1732.6754,1529.0951,1585.909,999.141,1763.6907,1786.6589,2454.5398,1927.9852,1672.5526,1717.9156,2174.3364,1780.6228,2525.3113,2066.5645,1898.3123,1786.4023,
00000000000000000014_0,1638.1809,2018.4692,695.97375,1670.0583,1564.4937,1880.8593,1282.6201,1452.3652,1198.9095,1008.13684,1317.7473,1445.9069,1838.9186,1151.5479,1387.1842,1179.6034,1310.2212,1684.7542,1449.4202,1487.0725,913.6856,1792.3022,1726.3907,2169.1772,2003.0164,1731.9355,1675.5615,2319.1465,1683.2603,2009.7881,1871.8281,1742.7668,1680.3446,
00000000000000000015_0,1542.9713,1868.2719,1818.4875,1799.1295,1857.0483,1724.6115,1640.7018,1381.7152,1198.8678,804.0953,1214.0272,1477.3887,2349.6323,1527.8506,1205.4576,1111.7751,1218.8336,1465.0262,1385.7162,1481.3342,1081.0865,1670.4722,1684.2344,2013.0254,2043.8846,1627.0405,1811.4989,2253.0593,1881.8848,1933.7854,1751.439,1919.104,1626.9073,
00000000000000000016_0,1992.1558,2227.542,1796.2963,1881.2561,2011.1555,1964.5535,1975.5294,2011.7212,2077.8813,1466.5802,1820.5848,1727.9197,1636.2251,1604.2063,1838.9292,1675.2463,1473.7009,1689.6877,1891.4703,1763.1396,1250.0417,1915.7349,2262.83,1495.4471,2246.103,1982.5796,1941.0212,1637.2279,2087.494,1512.1473,1998.2448,1983.8248,1930.035,
00000000000000000017_0,1496.059,1835.9908,1681.0764,1449.4681,1488.5319,1334.2324,1580.1381,1459.2926,1540.613,1317.5592,1490.3926,1582.3381,1469.372,1514.6848,1245.991,1345.3579,1364.9052,1721.8187,1521.8456,1336.6233,1073.6638,1866.1688,1934.863,1683.5992,2028.8497,2000.2228,1916.6996,1532.222,1784.4698,1535.8147,1662.9373,1709.0282,1597.0715,
00000000000000000018_0,1706.1061,1537.4445,1766.102,1764.1772,1761.7977,1956.5188,1739.5426,1521.6412,1597.6892,1261.1938,1118.1578,1791.2523,1825.9994,1572.5328,1513.4941,1367.3586,1301.874,1909.2902,1540.8351,1569.9517,1110.8926,1740.9958,1891.3188,2088.1553,2158.5405,1999.9655,2139.3345,2315.707,1973.6644,1956.3071,1475.9551,1754.6086,1973.8152,
00000000000000000019_0,1413.5631,1280.9033,1042.9574,1213.9913,1378.2693,1329.0859,1320.2913,931.5219,911.3068,895.6216,833.7915,1074.2812,1501.1085,1065.1104,1029.6511,1011.578,966.6196,1295.3542,1093.5076,957.0368,777.511,1375.7417,1223.6876,1476.938,1482.2968,1478.0544,1581.0446,1476.4866,1110.5757,1170.4312,1168.7308,1123.8564,1342.7255,
0000000000000000001a_0,1283.7783,1677.2651,1709.1431,2023.1777,2076.9072,1836.6204,1820.4851,1686.6973,1876.398,1365.8712,2025.3903,2115.7285,1635.322,1878.354,2066.6833,1886.325,2091.619,2236.5024,2440.4111,1988.362,1668.5818,1875.3589,2350.3926,1841.993,2304.7915,2052.8574,2337.1213,2412.1333,2365.4175,1720.0898,1975.2151,1988.1082,1848.0352,
0000000000000000001b_0,1440.603,1156.3315,1362.2734,1595.5682,1571.8081,1436.0205,1477.33,1089.7598,1069.5883,916.9968,998.6874,963.8815,1567.5559,1320.3672,1200.4459,1274.585,1076.6583,711.2365,1852.5664,1048.5887,1049.0364,1360.4673,1330.7198,1348.4741,1687.5803,1826.2338,1595.1367,1521.5052,1245.8431,1521.3589,1454.4774,1669.1909,1371.0737,
0000000000000000001c_0,1225.737,1461.3733,1634.9042,1670.8885,1864.7488,1497.547,1500.0212,1022.6211,962.1345,1199.511,1217.1473,1166.3572,1576.6699,1414.0005,1253.4644,1261.8167,1104.3534,1457.9828,1253.0502,1182.8284,1181.4587,1641.5178,1557.2458,1653.8502,1702.0312,1857.6449,1823.001,1746.3036,1523.6489,1531.2008,1294.5625,1696.678,1466.9329,
0000000000000000001d_0,1493.2363,1326.3112,1514.8494,1230.0796,1561.2222,1040.1406,1537.2782,677.4859,720.77234,896.8979,1149.4946,1252.4088,1570.9885,1102.3674,838.81885,1292.453,944.34973,1068.0454,1106.1702,1120.8976,675.8579,1203.5234,1301.9191,1388.5428,1466.7383,1551.3136,1600.6035,1813.3113,1317.598,1479.1354,1275.4065,1091.2405,1186.7908,
0000000000000000001e_0,1544.4404,1327.2751,1789.534,1504.5374,1452.9897,1521.6814,1145.5422,1086.5598,963.312,861.986,1107.5729,1050.5779,1645.4044,1346.8208,1142.4178,1228.0518,1286.1886,1555.9423,1615.0906,1222.741,1494.638,1826.6465,1788.9424,1665.2512,1810.8969,1725.3167,1420.8622,1655.5786,1400.8704,1180.3572,1301.2664,1353.3914,1169.7344,
0000000000000000001f_0,1527.8975,1548.0323,1314.7225,1621.496,1845.8452,1420.2554,1477.1141,1248.8542,928.5882,908.98364,1227.4658,1124.137,1814.7664,1141.6146,1278.5186,1009.8418,1112.124,1514.834,1380.853,1350.0132,862.6695,1579.5125,1861.0511,1876.5117,1803.059,1813.4705,1703.2582,1732.9623,423.0679,2452.4106,1308.7166,1557.6014,1453.183,
00000000000000000020_0,1771.67,1857.1467,1904.3882,1978.901,2189.229,1626.33,1783.0763,1525.9712,1417.9434,1461.189,1634.524,1285.1665,1926.6675,1405.9796,1233.0544,1142.9617,644.8817,1705.8419,1848.5304,1249.9766,1140.078,1719.9897,1748.3179,1630.8175,1395.0781,1971.0347,1991.642,1862.8489,2017.4939,2097.841,1802.2993,2023.0088,1969.2437,
00000000000000000021_0,1558.815,1471.9948,1593.3872,1575.5498,1959.7173,1515.5607,1649.5052,1629.0524,1367.2582,1508.953,1565.9681,1370.044,1706.9265,1490.163,1379.4012,928.2343,133.14725,1468.1147,1718.3348,1409.9716,1003.0292,1609.8113,1376.7537,1595.5225,1932.5981,2315.299,1780.0966,1652.788,1696.0135,1529.0028,1754.3981,1723.3853,1728.2349,
00000000000000000022_0,1250.5609,1515.5243,1452.7588,1316.3542,1736.3167,1450.0615,1490.7368,975.0371,924.00244,785.2822,1313.1924,1353.7548,1764.299,1335.8066,1250.0775,1302.4036,1234.3307,1655.3037,1590.0198,1073.7512,932.7208,1851.0825,1616.7037,1652.5524,1793.7825,2051.3594,1691.3586,1804.5557,1489.1091,1461.9349,1222.9111,1899.8856,1522.8429,
00000000000000000023_0,2664.4482,2091.7122,2388.9863,1988.7631,1928.8658,2253.015,1799.9401,1933.6953,1218.6908,1264.9656,957.9634,1564.9606,2652.009,1651.3802,1284.1113,1312.9493,1451.646,1225.6074,1878.6978,1729.6794,1132.8606,2517.3943,1745.8284,2032.7156,2130.738,2064.005,2329.357,2337.7598,2712.4534,2669.9685,1418.2509,1456.2473,1936.4398,
00000000000000000024_0,2021.2311,1121.317,1628.658,1580.1393,1557.832,454.6389,1397.8921,1231.6444,1343.7314,1082.2506,1281.2885,1001.01965,1525.7966,898.2861,1126.3971,952.2765,549.511,1094.2178,1214.832,1104.3894,804.46423,1817.979,1774.265,1662.9486,1989.9297,2130.8743,1942.8655,1944.2505,1906.2188,1072.9764,628.3203,1526.1948,1534.4375,
00000000000000000025_0,1300.7743,1263.331,1531.24,1243.824,1229.6855,938.365,1206.0038,1030.9807,913.6284,913.7161,1007.2913,845.6064,1417.8928,964.44196,712.769,607.2578,733.0854,659.3994,945.1379,439.3354,418.0584,788.6531,951.39136,1121.8961,894.5989,1115.0483,1034.95,1510.6692,621.8676,1196.9778,904.7141,1327.567,1400.1594,
00000000000000000026_0,2024.7285,1373.339,1626.2913,1615.8789,1754.2039,1429.6274,1942.7579,1205.9801,967.7126,1184.8326,1121.3336,1479.7144,1819.045,1627.2886,1349.2314,1236.1993,1233.0051,1642.1185,1616.9353,1411.3401,1207.6558,1933.5991,1742.6052,1585.1747,1910.6061,1909.343,1791.346,2078.7,1409.0806,1944.6993,1534.1505,1790.915,1510.0161,
00000000000000000027_0,1345.2378,1480.1497,1685.44,1588.655,1662.1298,1459.8861,1432.3982,1214.7542,695.2764,1044.496,1203.4647,382.97388,1980.9003,1400.1509,953.0285,1074.9893,945.7798,1444.3528,1375.6533,1135.6499,685.7575,1603.3152,1354.7834,1327.4443,1999.3972,1946.437,1767.0842,2516.8481,1743.8888,1659.8306,1379.352,1519.7936,1227.1827,
00000000000000000028_0,1754.4974,2025.707,1709.8386,1659.5421,1927.5854,1656.5178,1526.4956,1522.4844,1099.0908,1390.5273,1640.1575,1302.557,1899.8884,1397.3337,1496.1921,1270.9135,487.9343,1814.5348,1502.2483,1771.8362,910.0759,2276.713,1844.1604,1784.4534,1919.9742,1542.0836,1909.1572,2420.6626,1816.9246,1835.5038,1481.4614,1204.9565,1377.7244,
00000000000000000029_0,1698.5277,2146.1313,2062.1545,2186.1963,2807.8418,1677.4606,1587.3959,1697.5226,1579.0613,1523.2487,1334.8855,1627.852,1915.5818,1587.0226,1519.4146,1775.1294,1537.5502,1525.731,1563.3016,1816.9783,1655.208,2586.804,2271.93,1799.6134,2430.644,2358.3647,2104.6018,1986.5188,1998.9094,2174.4536,1507.0779,1891.8945,2198.7007,
0000000000000000002a_0,1602.8112,1462.2266,1709.107,1606.1158,1940.9995,1237.7511,1189.334,992.9246,1115.8698,1020.4072,861.1311,1139.5413,1579.8293,1129.1252,1294.1945,1485.7009,1376.9739,1355.0361,1253.7716,1210.5227,1117.0928,1730.295,1753.6504,1373.1202,1902.3313,1941.0344,1994.0696,1802.9951,1697.9526,1597.4979,1173.2136,1603.3242,1618.1157,
0000000000000000002b_0,835.8667,1912.8695,1681.1373,1741.6299,1999.8966,1497.4314,1772.3307,1301.1588,1560.6838,1278.777,1036.3446,1212.6816,1710.527,1424.9574,1244.2312,1406.099,1395.9526,1600.3759,1575.1312,1286.3984,1223.6914,1716.3496,1604.6996,1650.5704,1934.969,1910.681,1884.4463,1660.9225,2065.3125,1531.5239,1555.6003,1437.2386,1904.883,
0000000000000000002c_0,1418.6135,1955.5511,2090.9692,1791.4952,2373.258,2185.5093,1771.3105,1848.1996,1933.264,1931.689,1947.0594,2084.419,2155.2227,1869.8688,2007.2252,1900.313,1811.9655,1856.9465,2259.984,1762.4019,1739.0688,2145.3208,2387.2576,1650.3015,2252.7407,2638.0588,2268.3267,2445.7974,2566.741,2037.1112,739.5096,1781.1274,2462.9058,
0000000000000000002d_0,1724.5964,2195.0112,3162.495,1212.6849,1953.3418,1982.4366,1685.095,1667.0249,1658.7651,1216.2991,1544.1804,1723.5254,2026.3334,1360.338,1419.3794,1588.9482,1613.1818,1725.2604,2002.1125,2108.4788,1121.6619,1409.8274,2028.968,2115.3264,2174.473,1914.7074,1722.7097,2191.5908,2116.7163,1952.1104,2133.1096,2671.165,1075.9015,
0000000000000000002e_0,1655.7241,2289.2856,2005.4065,1805.2198,1697.1022,1912.8701,1735.4489,1600.5374,1092.5322,1275.05,1280.0935,1606.226,1873.3124,1086.2212,1581.8986,1355.5408,1406.2599,1497.3528,1602.8832,1702.3362,1446.7936,1811.2429,2047.827,1981.5381,2249.0552,1997.352,2145.916,1889.9647,1887.6448,2109.2947,1913.5582,1854.8568,1767.4617,
0000000000000000002f_0,1477.2917,1815.8094,1918.5605,1655.8743,1567.9568,853.4852,1819.2517,1929.8049,1553.1997,819.4316,2014.7496,1402.58,1885.1445,1340.9364,1547.8405,1523.7072,1154.0658,1705.7611,1552.2261,1654.2488,1340.0271,1780.6107,2085.3806,1929.1001,2768.1409,1755.7314,2042.5398,1878.5925,2355.5571,1912.3518,2072.131,2064.334,1912.1631,
00000000000000000030_0,1560.8748,1825.5397,1656.8728,1367.4873,1399.226,1439.4202,1291.9689,1192.0306,1141.7358,1451.0266,1296.4946,1162.116,1699.4238,1201.0984,1394.3936,1382.071,1094.8972,1481.2732,1475.3986,1428.562,1267.259,1673.009,1733.9905,1902.9666,2155.8657,1881.2218,1964.9238,1810.6906,1561.5209,1562.9113,1694.1632,1306.6493,1383.0322,
00000000000000000031_0,1444.6125,1849.2761,1860.3322,1599.6298,1771.7615,1845.362,1629.7391,1454.1582,1376.8396,1369.1322,1500.0597,1614.698,1880.7473,1463.3059,1744.5107,1724.4758,1509.9165,1770.4178,1707.4937,1642.2532,1551.4814,1819.441,1827.3555,1947.647,2152.863,1781.9265,1878.1433,1682.3707,1891.6547,1456.0745,1702.3026,1559.9526,1704.799,
00000000000000000032_0,1408.9956,1782.969,1488.9131,1057.5642,1658.7072,1605.582,1343.006,1376.255,1350.609,1398.0029,1485.2202,1028.1609,1844.6382,1552.555,1119.1322,1389.7157,1271.1086,1305.8752,1350.9316,1367.753,1196.415,1738.8674,1829.1559,1713.9042,2110.7925,1588.1218,1708.6366,1873.9493,1684.8103,1351.6202,1440.4482,1559.7618,1430.7784,
00000000000000000033_0,1194.3907,1629.0901,2182.4492,2188.5073,2140.8464,2208.2563,2208.0776,1422.291,1355.4092,1042.1959,1441.5688,1677.6147,1973.2946,1733.3369,1558.7529,1313.0354,1623.332,1922.533,1763.821,1452.7483,1333.5116,1692.4272,2001.9668,2221.4053,2185.9995,1796.3524,1887.3463,2447.698,1697.7808,2214.5352,1948.5262,2068.2136,2142.6157,
00000000000000000034_0,1832.7543,1934.2958,2200.3496,1789.847,1454.6671,1580.4684,1998.1818,1602.7594,1782.789,1492.0767,1520.9973,1624.4094,2062.8865,1415.2863,1416.5087,1620.6558,1545.8757,1615.8105,1530.4043,1521.7719,1374.1989,1977.4983,1970.395,1957.2036,2430.4265,2177.8027,2391.6897,1802.4266,2076.5376,1635.0092,2091.9028,1752.4922,1799.1917,
00000000000000000035_0,1746.5876,1906.4622,2075.9482,1665.6715,2006.2329,1764.435,1595.2393,1695.2922,1624.5724,1480.5913,1472.8604,1557.5822,1705.8147,1688.0369,1781.1682,1847.591,1763.4243,1629.2122,1822.3953,1908.4163,1554.8413,2046.9941,2309.62,1606.614,2440.5354,1996.7527,2202.8794,1508.0848,2049.6826,1841.5022,1880.6267,1899.078,1701.43,
00000000000000000036_0,360.482,1753.6022,1599.0865,1468.7928,1717.0325,1745.8481,1392.4897,1337.8245,1506.7701,1124.4159,1415.4762,1651.6747,1240.2461,1624.1196,1713.7314,1642.572,1517.0282,1870.4377,1840.1154,2025.9456,1282.4478,1878.0492,2234.557,1458.6499,2447.6487,1886.6045,2085.7036,2041.4949,1088.1743,1990.5688,1701.1875,1441.5946,1264.4072,
00000000000000000037_0,395.78555,1684.5417,1456.2155,1477.3391,1574.091,1781.5481,1517.325,1395.9252,1526.708,1110.9152,1476.4269,1613.698,1377.3308,1630.3983,1842.8984,1811.3674,1748.3583,1896.6042,1696.9117,1963.2612,1491.1938,1797.5615,2119.1633,1441.7357,2129.4888,2046.3687,2426.9375,1687.5991,816.4364,2051.6655,1573.138,1220.5923,1227.883,
00000000000000000038_0,-133.5764,-286.5937,-304.4017,-485.9527,-295.564,-302.02585,-616.5884,-357.484,-438.91742,-706.3806,-565.4223,-588.00714,-262.35217,-567.71704,-563.1158,-467.0969,-610.80853,-665.7996,-653.38495,-719.0865,-280.47382,-347.6386,-345.7782,-304.16156,-244.9111,-256.1049,-283.32867,-392.6091,-136.587,-311.7272,-175.9453,-113.114655,-185.93976,
00000000000000000039_0,-125.4061,-379.7575,-296.0349,-551.3873,-362.1346,-276.1799,-651.022,-389.1944,-432.806,-695.2678,-539.6792,-563.4859,-266.92575,-570.8374,-525.3873,-406.32315,-609.4828,-656.2474,-660.03723,-594.9642,-336.512,-331.3886,-356.57306,-410.32526,-249.4121,-283.16498,-285.9135,-426.1674,-137.5186,-344.8395,-51.2945,-88.2021,-219.35574,
0000000000000000003a_0,-131.1563,-346.4016,-284.9071,-525.1131,-313.4917,-300.4678,-658.8148,-381.37384,-444.9896,-708.4419,-560.37,-601.841,-249.6588,-614.9643,-555.644,-422.5623,-663.7267,-664.89844,-592.861,-672.7816,-293.77228,-341.6033,-338.1539,-426.27496,-241.7845,-300.96057,-286.6311,-412.3984,-137.3952,-328.9988,-143.8587,-123.94275,-216.7843,
0000000000000000003b_0,-115.2825,-394.4688,-274.9641,-436.03107,-310.6934,-328.222,-584.7658,-394.9787,-446.60352,-702.6161,-564.9578,-567.375,-239.00696,-585.6445,-539.6056,-490.2143,-567.5982,-649.3288,-620.7812,-682.9518,-294.5306,-335.3773,-356.21594,-407.8382,-250.4694,-323.63397,-353.50446,-455.9368,-145.7642,-296.8148,-171.7818,-111.8423,-206.5195,
0000000000000000003c_0,-94.99335,-268.25092,-239.9436,-460.90225,-286.152,-310.6331,-674.5469,-391.138,-466.7927,-697.4782,-583.4638,-543.1366,-228.59329,-581.4179,-588.3701,-504.0878,-627.60297,-625.0326,-668.1046,-566.9508,-282.8064,-329.8005,-330.4183,-403.48956,-241.37271,-291.0588,-377.0476,-469.6481,-181.0831,-327.2429,-159.7873,-93.733795,-211.49506,
0000000000000000003d_0,-94.07735,-357.27332,-231.62244,-435.00604,-339.6204,-311.55496,-662.1181,-385.4136,-436.26147,-715.7052,-596.93823,-543.266,-258.4806,-566.5438,-569.2283,-450.21185,-571.8257,-662.2282,-687.20374,-725.7113,-293.8662,-324.0051,-362.9934,-355.2929,-254.3673,-323.6413,-267.9468,-427.2292,-133.8687,-357.7314,-141.9956,-105.0459,-178.57225,
0000000000000000003e_0,-52.6654,-180.75946,-258.2444,-447.5624,-318.7153,-230.98035,-628.7533,-357.6096,-367.49512,-564.016,-438.8722,-556.1,28.5148,-560.3795,-514.1792,-394.44086,-628.9652,-603.5458,-568.3309,-694.4295,-180.3398,-171.787,-193.613,-379.0821,-133.8924,-182.65506,-247.00876,-315.749,-160.4184,-264.8578,-48.34,-115.19925,-202.2802,
00000000000000000040_0,1557.3895,1887.8108,1834.2982,1903.2682,2133.2734,1785.978,1747.3369,1684.4095,1747.013,1543.918,1422.0464,1396.5837,1677.6042,1578.0295,1412.0632,1716.9344,1380.6226,1510.306,1649.9287,1890.8314,1080.7887,2273.1401,2315.6167,1963.4038,2236.6084,2590.9375,1965.6897,2382.339,2335.7485,1254.0625,1883.1564,2247.1013,1870.2632,
00000000000000000041_0,1918.1458,1449.0359,1819.0055,1821.0266,2012.4713,1772.5034,1742.8811,1498.423,1700.741,1670.1978,1292.0952,1106.548,2694.507,1769.638,1766.6593,1666.1057,1448.9961,1616.9772,1961.9166,1676.6495,1638.5479,2201.9329,2411.208,1615.7976,2492.3193,2991.2527,2263.8716,2081.6382,2182.668,1464.989,1731.9528,2132.0688,2486.9062,
00000000000000000042_0,1394.3594,1617.8745,1844.153,1581.2192,1825.8856,1623.1667,1600.4214,746.8955,1601.1538,1598.4417,1770.9148,1400.1642,1796.8564,1517.2401,1467.2605,1402.6534,1759.748,1708.2542,1724.393,1517.5824,1299.2037,1923.4028,1962.8564,1758.7615,2129.811,2382.9375,2041.0743,873.2367,258.51483,1532.7043,1675.09,1966.6971,1614.1711,
00000000000000000043_0,1750.5955,1885.7739,1670.5906,1690.5564,2055.2043,1779.0853,2076.0742,1099.8167,1101.687,1407.581,1610.895,1150.3704,1348.0522,1578.8625,1487.342,1656.2604,1288.9292,1856.8826,2147.4536,1239.192,689.4099,1840.1569,1835.1938,1872.4806,2058.2134,2240.2346,1945.533,2272.4849,1771.1184,1657.8827,1505.3824,1576.0245,1550.9434,
00000000000000000044_0,1421.7472,1699.3546,1366.5044,1617.3657,1874.6918,1815.833,1893.6722,1056.23,1044.022,1183.913,1608.137,1346.143,1619.8223,1406.81,1221.1742,1327.9265,1203.4495,1556.112,1807.8215,1287.472,1259.7198,1660.6871,1619.0809,1827.023,1735.2664,1870.9169,1464.0829,1872.1962,1760.7278,1611.7876,1517.9625,1561.2065,1740.8441,
00000000000000000045_0,1498.8857,1749.8027,1283.9534,1828.3756,2139.6035,2066.8667,1521.8546,773.61523,1157.3054,1598.8411,1583.5022,1278.2065,1382.9204,1799.1887,981.7876,1240.2122,1822.0648,1805.4236,2041.7864,1215.3427,1380.7415,1489.9589,1940.1157,2518.5525,1310.3978,1864.1018,1461.5452,1766.377,1607.8558,2146.9666,1327.4219,1818.424,2217.0352,
00000000000000000046_0,2180.9424,1307.7311,1353.7716,1973.6123,2235.2085,1716.7955,1539.3477,1191.0386,1463.03,1567.7732,1324.481,1577.8884,1220.6569,1663.7292,1898.1707,447.5881,1946.8938,2295.285,1959.2086,1194.1383,1614.3304,1786.6873,1463.9404,1919.8274,2008.1798,2244.5745,1818.3796,2858.5557,1459.8022,1855.0605,1706.5939,1943.6028,1880.1665,
00000000000000000047_0,1092.6143,1714.6041,1087.8274,1103.3162,1167.6063,1281.6447,1222.6416,1353.4878,1429.9163,1308.7192,1256.481,1287.2324,1932.3573,1536.8958,1291.807,1398.7864,1318.3652,1465.7859,1527.491,1462.1707,1063.6074,1579.0894,1281.2964,1995.0723,1523.5281,1723.9373,1671.4485,1720.2107,1624.636,1310.047,1236.6143,1071.5726,1167.4141,
00000000000000000048_0,932.4751,887.6858,1723.8381,1442.1107,1493.2255,1437.0725,1203.5651,991.4104,1003.0616,1170.2222,1229.8042,1324.7542,1315.1803,1558.6206,1468.333,1580.0132,1310.5153,1674.2,1797.56,2012.1396,1409.0536,2071.9333,1995.9446,1267.169,2000.5319,1966.9412,2007.4478,1426.2766,1394.4762,1668.2261,1715.534,1696.4106,1609.7578,
00000000000000000049_0,1757.4285,1938.5837,1825.276,1568.6565,1594.8278,2023.3918,1759.5471,1363.3448,1349.177,1368.9364,1400.8538,1408.5645,1782.1636,1474.161,1544.8212,1436.8997,1385.9331,1733.0452,1512.9529,1442.0194,1090.022,1702.1428,2194.7092,1684.6678,1905.2855,1617.3253,1742.053,1785.1804,1498.193,1547.1736,1528.6053,1679.1018,1807.2855,
0000000000000000004a_0,1746.7272,1834.5952,1814.5093,1567.0966,1348.128,1867.9778,1790.033,1286.0193,1324.3652,1175.731,1164.6337,1471.7476,2277.3376,1540.7373,1535.1134,1184.9402,1562.0061,1564.446,1420.659,1512.3384,1120.2566,1733.29,2051.7354,1431.1722,1841.0927,1574.8954,1670.7275,1657.1624,1699.0206,1574.4064,1412.2499,1624.3894,1826.3064,
0000000000000000004b_0,1887.094,1416.3806,1323.8812,1612.6674,1385.6896,1829.6414,1731.9537,1257.9814,1204.5011,625.5984,1368.8884,922.89026,1723.325,1200.762,1267.6914,1207.5465,1197.9633,1267.8267,1165.22,955.0136,1124.8428,1769.8,1983.3793,1826.6661,1999.263,1646.181,1946.6052,1529.5139,1285.1655,1766.6768,1357.5286,1432.2783,1655.0771,
0000000000000000004c_0,1632.2894,1975.9382,2057.596,1826.3654,1586.6548,1896.717,1791.3099,1557.8042,1392.82,1278.7451,1267.9518,1332.2452,1927.7456,1550.574,1478.885,1412.3406,1478.7986,1591.545,1505.9446,1513.1042,1099.5605,1918.2562,1798.6418,1724.6244,1944.1292,1437.1127,2116.192,1485.8375,1433.2245,1899.3597,1840.0652,1911.9357,1831.0537,
0000000000000000004d_0,1281.0903,1545.3601,1862.1987,1598.4464,1517.0247,1719.1906,1746.0342,1417.2582,1372.3896,1338.2504,1386.6927,1505.8253,1934.3203,1660.5835,1502.8574,1336.5142,1730.6216,1753.9746,1444.6533,1473.8295,804.1806,1869.5352,1749.2683,1560.1761,1995.9839,1381.1041,1924.444,1860.6873,1461.9802,1423.0105,1643.6069,1591.2579,1618.9414,
0000000000000000004e_0,1632.9674,1881.2688,2016.8988,1856.688,1800.1499,1826.1434,1925.1323,1462.2565,1422.0009,1423.6882,1397.6978,1447.9568,1783.9751,1667.9092,1507.5182,1388.9109,1621.2201,1704.2496,1722.5739,1524.2108,1264.9114,1979.7916,1797.78,1955.8699,2099.5918,1834.3062,2039.3553,2001.0437,2111.0193,1865.8217,1961.3154,1839.491,1926.8463,
0000000000000000004f_0,1992.3403,1997.2083,2042.2299,1808.217,1946.7461,1994.9956,1835.0725,1525.937,1717.3555,1512.2502,1445.244,1564.4226,1936.9617,1512.7949,1507.7551,1436.3646,1551.5176,1631.3865,1602.5079,1428.0701,1126.4082,2108.9658,1698.9004,1819.0594,2098.2312,1737.6434,1892.1985,2129.9136,2001.58,1835.2236,1849.0311,1945.9727,2043.9088,
00000000000000000050_0,1745.2325,2176.6196,2234.814,1599.5568,1615.33,2031.753,1593.6106,1798.9106,1392.5354,1006.455,1140.6432,1318.2021,2558.8706,1548.7102,1436.8356,1420.0999,1635.5557,1596.3167,1534.6108,1369.3086,1112.0652,1849.7194,1729.6335,2295.285,1827.0846,1520.5022,2100.1128,1698.9078,1749.274,1671.0757,1967.4429,1931.6372,2014.4525,
00000000000000000051_0,1491.6907,1728.0493,1673.6553,1857.1375,1797.4467,2073.6694,1724.9854,1521.0934,1498.2106,1949.8898,1715.3528,1504.7275,1579.4261,1699.3213,1644.8413,1422.6318,1355.4487,1644.0835,674.6948,1487.1262,1052.824,1935.7278,2269.323,1738.9314,2349.7852,1913.3403,2444.537,1791.5344,1907.4855,1813.8507,1752.398,1696.9723,1831.9357,
00000000000000000052_0,1971.8698,1917.4788,1647.6641,1805.868,1824.6549,2036.5967,1921.1486,1486.843,1510.4661,1716.8337,1481.4862,1723.7612,1745.299,1831.133,1528.8647,1628.0405,1479.1552,1729.5474,1841.821,1707.7784,1356.3184,591.0886,2028.3761,2065.0457,1813.4832,1909.0854,2039.4493,1712.5442,1987.3221,2107.812,2045.2529,1866.24,1908.3848,
00000000000000000053_0,1712.9249,1925.5704,1695.9844,1941.763,1712.7122,1903.4193,1983.334,1538.7799,1461.8844,1853.5864,1491.6034,1899.238,2081.1484,1616.8167,1501.3481,1534.5227,1536.8254,1881.7253,1855.3622,1565.0183,1399.4529,1719.8289,1696.5935,2087.951,2185.9958,1888.2427,1685.1431,2070.0576,2008.4677,2286.1396,1921.1705,1981.9705,2049.429,
00000000000000000054_0,1691.5157,1852.9994,1513.9233,1733.2043,1769.6353,1876.3325,1866.367,1553.0286,1131.7744,858.6687,1179.2246,1507.8696,1832.2627,1588.075,1504.1364,1481.9954,1530.1385,1779.2898,1784.1324,1967.6003,1706.4814,1897.2141,1892.5933,2063.187,2315.7017,2288.7515,2148.2002,1804.6865,1937.3564,1913.7185,2170.2449,2025.0137,1897.3232,
00000000000000000055_0,539.1967,1218.3738,1096.3281,1118.3824,1255.5916,1079.7052,1175.2173,752.2509,751.52747,816.6122,941.3908,1038.7533,1325.9873,1095.7856,843.5488,890.30945,1000.51526,1141.5554,1095.1162,1307.9337,593.3985,1317.7954,1333.1611,1531.1027,1389.9094,1281.2161,1435.2856,1409.8545,1166.6296,1415.3059,1059.3286,1212.9883,1022.29565,
00000000000000000056_0,852.9449,1371.3523,1191.4834,1214.3539,1438.0652,1203.9507,1339.5095,923.3633,827.118,982.662,1083.7775,1317.5916,1592.393,1385.4471,1163.3254,1138.7834,1332.3643,1513.6484,1434.5804,1580.8801,581.2462,2033.8652,1597.5854,1731.7144,1863.2063,1809.5984,1914.7174,1709.7924,1489.773,1579.0671,1442.9667,1284.5865,993.7739,
00000000000000000057_0,1033.9602,1323.7039,972.7198,881.3751,993.4582,880.2536,902.3234,298.435,420.7602,437.5052,604.7188,746.7346,926.8142,834.7815,899.1095,703.808,696.7096,1124.061,1014.4259,1108.8022,215.7692,941.621,1035.2201,1256.114,1135.8708,1071.4961,1071.9525,1498.1353,1262.4746,1494.8717,1289.7694,892.4907,938.1852,
00000000000000000058_0,802.4828,1187.9878,1056.0942,1018.8671,1245.1658,1051.8286,1001.7134,557.239,492.6566,396.6283,679.7034,1045.561,1233.2157,937.61804,866.4614,918.5134,822.90283,1246.8004,1239.521,1205.0527,307.182,1113.6837,1270.3378,1174.7208,1341.5051,1151.6501,1163.2324,1324.1213,1099.6797,1378.9362,1519.0813,1271.887,1058.1844,
00000000000000000059_0,1229.8828,1587.2292,1094.6636,928.9513,1278.7642,1157.4456,1081.6385,583.4629,604.1098,602.6056,786.97,1022.4638,1213.803,1041.836,958.50305,952.5538,1052.6895,1417.7534,1354.289,1339.537,384.0387,1279.4681,1413.7928,1410.018,1537.6294,1492.1091,1443.75,1496.6035,1454.712,1771.357,1631.007,1345.7573,1114.7749,
0000000000000000005a_0,1104.4421,1308.4108,1422.1802,1523.0497,448.68484,1327.7113,1325.6635,850.8855,876.9634,746.01624,981.6259,1137.0398,1527.4425,1200.8184,1113.9192,793.1216,930.3784,1285.6984,1258.7538,716.75085,553.9211,1168.6466,1442.0176,1315.9711,1620.1681,1348.0835,1713.8257,1461.7244,1161.1791,1407.5643,1242.6635,1283.6311,1261.2256,
0000000000000000005b_0,941.8441,1073.0103,1113.1058,1263.3455,668.8231,1005.7284,654.29926,690.2522,719.1792,641.9343,829.10675,943.4468,1322.4387,1047.8401,942.91565,892.2292,828.65393,1035.8315,639.8139,805.8341,494.906,1378.898,1294.6267,1313.2235,1334.8314,1188.0586,1394.9401,1235.2457,1017.81494,1110.78,1023.6379,1000.1819,926.2022,
0000000000000000005c_0,1512.6719,1694.864,1421.815,1464.9211,1629.4355,603.2916,1446.7198,1214.2532,1210.7782,1327.038,1262.6128,1236.0215,1777.0032,1322.5037,1175.8328,1340.2676,1261.5488,1507.7725,1300.3396,1529.977,1177.9672,1612.3217,1706.0458,1822.783,2159.3328,1660.7413,1499.2947,1926.4862,1575.5813,1624.1622,1474.279,1461.7032,1721.6069,
0000000000000000005d_0,1079.996,1011.55634,1379.651,1328.6573,1202.5449,1296.0178,1089.4445,773.63684,748.07715,604.2463,981.3956,1088.545,1563.1321,1150.4031,1039.6302,795.5156,995.8396,1161.4762,1112.4678,710.79407,682.3773,1060.3652,1448.0482,1425.8281,1533.4441,1268.7063,1513.1959,1478.0006,1233.1907,1423.3456,1341.6294,1065.6743,1254.2377,
0000000000000000005e_0,1080.7157,1161.5168,1305.6909,1278.5033,1295.489,1143.0856,954.1998,847.1682,949.846,792.6688,990.7936,821.1291,1539.0173,1137.1001,855.4682,849.0933,1032.1024,1259.926,1062.7568,1061.2188,668.8246,1669.3527,1557.7821,1543.0417,1616.8777,1333.1508,1761.859,1565.4607,1159.04,1401.7052,1266.7919,1226.829,1172.9451,
0000000000000000005f_0,1062.157,1037.8492,1394.358,1237.7986,1180.0988,1095.5983,577.0522,684.466,828.4469,578.6059,852.40955,807.0395,1271.3013,970.504,793.5357,834.5056,730.592,1090.6744,900.5538,863.406,629.2819,1346.216,1292.0891,1300.1925,1325.5984,1255.0571,1425.0345,1495.123,818.1388,1393.587,1212.3726,1129.0105,1178.625,
00000000000000000060_0,1306.6433,1449.3464,1368.3585,1300.0397,1314.1344,1179.9385,1501.795,1159.8977,1336.915,1202.6917,1357.5452,1577.6931,2292.016,1476.2544,1452.8372,1349.335,1306.6527,1603.2312,1547.1361,1228.6182,1173.2795,1915.6412,1905.1736,1865.1698,1954.754,1343.7253,2036.9109,1736.3467,1579.602,1888.325,1522.9766,1578.8551,1545.3965,
00000000000000000061_0,1157.3508,840.4251,1323.2032,1222.7747,1067.7095,952.7401,974.8915,489.88507,447.64642,365.0095,418.8438,792.41907,1204.1365,819.8069,551.0537,618.3429,439.5434,920.9094,796.47253,849.599,333.0525,1135.0178,1138.7142,1098.6107,1138.6517,1158.0123,1108.3301,1334.0662,889.8279,1169.1361,1012.8282,966.2864,1053.6484,
00000000000000000062_0,1138.436,939.0627,1277.5004,1063.7468,925.9811,817.3765,881.1667,405.23682,317.294,208.5116,287.6798,673.1163,1105.8655,705.7414,373.76788,622.8381,316.8678,792.4845,646.458,798.0965,274.3264,936.9885,956.48474,1079.6642,956.0016,948.08,943.7726,1257.033,937.82715,1127.1609,967.0875,794.0775,1058.0886,
00000000000000000063_0,968.531,1146.5239,1015.8361,1085.3102,854.1249,1002.945,652.7345,498.14944,676.6318,488.7744,722.6712,682.0095,1217.6108,1322.1133,853.1802,774.8105,702.4328,990.5304,1076.351,1087.6545,901.0467,1309.7303,1528.1377,971.6398,1480.1036,1241.003,1478.9419,1174.4825,1099.1359,940.2186,905.6605,1016.0861,954.4504,
00000000000000000064_0,681.8668,784.5361,968.046,957.48376,856.3928,962.714,927.82056,457.9014,681.3723,542.3296,425.15027,772.6907,1137.5408,827.9949,696.186,583.6129,596.035,825.8784,897.1561,754.0664,439.2604,959.4903,968.447,1021.7801,1136.507,1003.4317,1007.0038,1181.7102,839.6881,964.3685,705.4801,887.5112,947.6388,
00000000000000000065_0,671.7113,1079.8386,1203.4082,1073.5818,1112.0132,921.6731,1190.229,469.3162,739.5226,563.4594,445.7608,936.2905,1376.91,907.7961,862.4996,807.13794,616.8167,982.41406,1023.7952,922.8372,679.7323,1150.5659,1140.3809,1276.3644,1292.9155,1398.0022,1024.7938,1483.1777,1114.0927,1057.0612,551.2297,1531.6602,1203.9495,
00000000000000000066_0,1032.1129,1195.6567,1344.4714,1108.8783,999.3278,969.661,1076.681,558.2283,689.2034,615.0671,382.1984,1045.976,1442.4331,905.8686,835.60815,847.1188,677.7052,1014.2901,986.1869,822.5821,561.3878,1223.9348,1237.2523,1251.6128,1330.6105,1466.3582,1367.269,1397.6722,970.0236,1448.1743,1146.3959,1352.8905,1337.9038,
00000000000000000067_0,1359.5188,1640.301,1596.872,1509.3425,1469.268,1451.4885,1450.981,1127.5266,925.5914,1066.405,1208.9786,1210.5219,1674.9153,756.24854,1090.8398,1186.8423,366.6936,1344.2334,1317.3412,1111.2318,813.0202,1491.4988,1566.6204,1492.4406,1544.3445,1700.7339,1694.8096,1628.5903,1413.5662,1771.683,1147.0492,1230.7343,1454.7386,
00000000000000000068_0,1398.9219,1878.6271,1991.3632,1829.908,1724.4254,1932.0493,1812.8763,1089.3135,1237.871,1256.119,1295.5913,1397.3823,1916.1292,1383.5813,1297.2808,1484.3601,837.6394,1414.8817,1503.649,1206.877,1190.6862,1692.8005,1884.8518,1864.0167,2557.7441,1628.0457,1628.2509,2041.7722,1913.2572,1781.203,1674.8743,1793.7151,1878.7461,
00000000000000000069_0,1525.8264,1850.9843,1914.9236,1797.4197,1592.3318,1817.1263,1809.0071,1021.21204,1126.192,1091.1448,1262.4406,1437.5269,1697.492,1493.8608,1335.9583,1496.5411,818.8168,1490.2527,1552.4006,1250.0701,1398.002,1885.7856,2046.287,1651.5342,2666.2502,1569.9344,1557.1033,1958.6954,1672.9664,1762.511,1443.9525,1660.9764,1787.4471,
0000000000000000006a_0,1722.2434,1389.7787,1194.4622,1754.3534,1864.1794,2012.0837,1567.4305,979.2846,1102.428,1031.6528,1039.3103,1078.9004,2252.125,1155.2782,1051.7754,1028.6102,1108.5518,1462.3606,1248.4894,1086.9604,1040.662,2111.2722,1572.1263,2194.8027,1890.8425,1810.905,2061.345,2648.931,1861.4061,1301.5006,1191.1771,1224.4182,1628.9155,
0000000000000000006b_0,659.1329,1557.3545,1906.5627,1321.4502,1694.4974,1180.1862,1252.9713,865.38525,793.62213,813.778,1200.4954,1126.7524,1765.4663,1159.6761,988.3561,1037.6385,1122.5669,1128.514,987.47815,1188.2946,473.588,1363.5615,1460.6853,1582.1663,1647.3527,1503.1062,1514.5713,1897.8784,1771.7189,1767.8918,1595.1475,1533.6855,1330.4569,
0000000000000000006c_0,2086.8943,1629.0829,1675.8651,1710.0005,1844.9471,1288.5063,1675.0391,1049.5771,1190.0107,1126.8457,1231.531,1216.8351,1706.642,1433.2106,1145.6233,1313.1989,1131.744,1527.7566,1701.8606,1138.588,1322.4788,1446.9312,2001.1498,1429.6694,1726.5879,1864.3475,2108.3535,1784.5962,1459.0997,1560.5872,1434.6345,1482.1183,1731.7236,
0000000000000000006d_0,1764.0526,1659.5427,1491.2831,1614.0552,1648.8383,1238.0236,1378.9937,963.52356,1154.199,1351.1399,1296.49,1454.0526,1695.0092,1345.9431,973.1698,882.4696,857.8426,1256.744,1029.2266,1210.4226,927.49023,1486.0234,1304.8531,1381.2048,1476.0,1616.4443,1494.661,1722.8997,1516.6202,1348.8809,1345.8171,1545.2325,1433.3826,
0000000000000000006e_0,1830.3433,1414.9408,1729.855,1698.3593,1877.9264,1271.8727,1025.6127,1149.4447,1024.206,1259.083,1185.9606,1097.3386,1679.2622,1237.5604,1238.1594,1064.8875,1151.4954,1297.2136,1333.8239,1357.0972,954.091,1745.5721,1458.3756,1605.091,1830.9255,1677.7009,1624.4282,1956.519,1382.9436,1726.441,1360.2273,1199.4238,1661.1277,
00000000000000000071_0,1431.7457,1483.1008,1795.4147,1586.2622,2285.8433,1530.8098,1778.605,1157.9902,756.0,695.46924,1313.2439,1354.7961,1805.2239,1516.5645,1383.0725,1194.1826,1544.7509,1864.1921,1725.8759,1508.1814,817.952,1948.9426,1993.2715,1861.3552,2556.7654,2136.89,1778.0234,2074.7795,1977.4948,1987.6469,1482.3398,1613.1896,1708.6404,
00000000000000000074_0,1813.1709,2054.9412,2512.8745,1824.5166,2267.6733,1874.4592,1961.07,1719.2218,1651.8885,1582.425,1305.6984,1623.6002,2157.6436,1501.4861,1543.5836,1724.073,1659.717,1727.1013,1959.8768,1867.1008,1455.058,2380.2695,2089.3809,2011.9113,2505.6697,2252.037,2320.5493,2354.1963,2671.7842,2040.1569,1849.3783,2137.675,2340.0562,
00000000000000000075_0,1964.9995,1443.6133,1483.1173,1570.6265,1736.3657,1184.5857,1424.3962,1096.3156,998.0742,1082.7603,1259.1344,1121.3896,1547.645,858.0222,1231.9764,902.3258,1109.0164,720.2754,1417.595,1215.0881,886.0676,1785.3561,1571.9348,1789.7871,1835.8572,1389.0833,1756.2684,2104.588,1727.1252,1290.5616,965.03687,1623.7234,1598.0972,
00000000000000000076_0,2016.9583,1546.9086,1411.9397,1744.9528,1896.9037,1327.3794,1223.4775,1379.6324,1384.045,1536.779,1175.5507,1403.5719,1748.0707,1311.8334,1144.4498,1236.318,1121.1182,557.9025,1199.5778,943.7546,493.571,1822.5151,1653.6895,1843.5059,1741.6572,2133.046,1790.981,2295.495,1620.0519,1517.3472,1578.1816,2066.4644,1507.4323,
00000000000000000077_0,1180.9818,891.7079,1371.298,1512.7437,1201.1621,1818.0702,1212.9363,1230.6301,1168.3732,1212.9094,1108.1646,1405.5774,1391.3044,1563.228,1250.7645,1192.1699,812.6401,744.4172,1429.9946,1256.2759,1010.537,1583.4414,1783.7546,1031.4274,2073.956,1680.8398,1711.4022,1379.2845,1212.3892,1374.5908,518.3947,1482.328,1731.4003,
00000000000000000078_0,1354.1503,1734.2375,1510.6862,1483.1091,1474.6256,1416.1913,1384.3511,1195.7249,1259.5035,1270.7415,1226.3254,1175.7566,1755.225,1265.0017,1130.1743,1287.8384,634.6026,724.1328,2269.7476,1461.481,925.445,1467.569,1763.8801,1456.9586,1573.3116,1609.8066,1584.6768,1865.9336,1528.5317,1678.1255,1162.3672,1879.6366,1344.6846,
00000000000000000079_0,909.755,821.758,883.0958,959.4975,975.3191,1022.7813,889.7229,502.7731,523.1357,597.2404,856.23315,927.0031,916.03076,880.5504,679.49506,749.6784,664.9111,950.9608,910.7547,849.4062,881.2242,1153.9395,1241.8613,1032.5085,1194.7786,1360.0541,1144.3164,1218.963,1034.003,1077.0712,776.19543,1035.9922,912.0253,
0000000000000000007a_0,1231.9592,1472.4431,1714.3507,1709.4901,1829.4756,1556.9288,1811.1942,1101.2052,667.0888,1048.963,1222.5002,1439.8353,2045.7805,1390.0468,1287.6588,1017.29944,1237.3187,1404.5706,1394.2747,1443.8486,1153.5266,1594.8627,1827.5033,1670.4048,1717.1958,2032.3638,1667.3712,1913.5366,1852.4421,1680.419,1594.7971,1844.3615,1691.4532,
0000000000000000007b_0,1941.4141,1436.6802,2382.4102,1985.8308,2054.9446,2574.6897,1447.1956,984.3016,976.4253,1103.6077,895.90295,1082.3518,2080.9756,898.5906,1136.8129,934.021,1213.795,1436.8108,1128.0894,1344.5955,1262.6621,2172.5608,1307.6582,986.2399,2123.1606,2199.3716,1800.154,2492.3394,1875.1396,2023.7458,1186.1309,2133.3735,1780.167,
0000000000000000007c_0,1432.1501,1784.9408,1359.2714,1356.2655,1472.7504,1503.7056,1799.8488,1215.7,1222.058,1598.6887,1379.4192,1606.056,1651.9575,565.05005,861.8003,785.3211,720.5916,1134.7462,1610.811,1069.9968,1022.5472,1235.3785,1359.5212,1584.5493,1659.324,1506.0415,1886.3488,1683.467,538.983,1611.123,1348.8604,1858.6,1839.1597,
0000000000000000007d_0,1558.8054,1174.6145,1427.6172,1406.8411,1365.8118,1404.1094,1238.36,1320.807,1459.9204,1770.6975,1096.3368,1101.5598,1329.3457,794.27374,982.381,996.54236,681.205,810.6306,1769.3098,1146.007,1066.8914,2193.2866,2173.2346,1146.2826,1120.4272,2323.38,1860.7534,1327.4238,1397.1573,1471.0588,774.77734,1157.4048,1644.6549,
0000000000000000007e_0,1062.6726,1536.3444,988.0117,1180.7773,1293.464,627.1229,1334.3711,1408.3553,1142.8074,1396.296,1017.50916,453.9844,1686.6321,561.9846,736.10944,872.6232,724.8563,968.219,1492.0662,1187.4395,472.9077,1047.1074,1358.9226,1286.4554,2052.1729,1410.4731,1507.3342,1371.8251,411.4365,1824.0825,1176.4982,1549.8708,1392.7239,
0000000000000000007f_0,1411.983,1208.1069,1210.9497,1637.0763,1595.742,1314.9814,1315.5945,801.2982,557.888,542.048,789.28,740.5578,1605.0391,991.2314,851.9622,872.9766,767.8341,1006.9018,1283.1598,1119.5778,595.0212,1443.1323,1285.2501,1546.7513,1330.8269,1410.0594,1415.0315,2072.8354,1038.4904,1973.3938,1499.132,1831.895,1199.6196,
00000000000000000080_0,2096.8557,1421.6655,1321.7189,1593.0457,1183.109,1648.7202,1152.6588,1660.196,1247.8174,1407.6118,1322.2097,1467.803,1399.3823,1619.2605,1687.906,1112.3057,1309.389,1249.9266,1449.6196,1090.878,1022.5406,1995.4174,1469.3928,1690.5366,1900.2946,1153.9799,1845.3811,2143.0127,1907.4966,1578.9863,1342.4908,2256.5278,1725.444,
00000000000000000081_0,174.5348,299.3158,1345.1302,1196.2301,754.07104,1464.4727,1311.0293,948.5472,1001.6612,1072.1964,1021.538,1166.7532,501.809,937.39294,1246.9152,892.0619,676.3508,1139.4863,975.795,1146.7943,984.4869,1563.9484,1044.4658,899.7863,1500.9423,1104.0608,1410.596,987.5023,1439.8734,425.6899,1062.5563,1011.6291,1306.8546,
00000000000000000082_0,1558.7509,955.5046,1768.6304,1814.7605,1665.6956,1689.6816,1870.5469,1118.6478,861.1146,972.33374,1384.4142,1653.9121,1872.7896,1696.3904,1283.8547,1131.2787,1744.2618,1820.0215,1573.4128,1186.3724,1459.3715,2080.0825,2089.2993,1695.6364,1788.3854,2138.4062,1819.8016,1819.2385,1170.0076,1800.9768,1417.3641,1663.4775,1573.7346,
00000000000000000083_0,1903.0469,1146.0723,1901.9104,1938.633,2124.665,1762.8324,1737.913,1170.2751,1112.107,1077.2109,1689.655,1822.0247,2252.6826,1876.092,1590.9502,1410.7976,1581.6046,1912.9883,1642.4017,1305.1326,1454.8848,2017.5728,2139.9158,1862.4368,1926.2756,2252.8706,2156.6587,2269.8242,1453.9612,1983.9045,1671.901,1805.1765,1876.6521,
00000000000000000084_0,509.0292,368.48297,1003.04095,1072.481,1567.3376,1461.4592,965.7873,765.9154,721.6482,556.791,843.0567,598.8515,1253.7393,1095.5883,943.2279,875.7008,567.3061,979.74133,1251.3384,1068.1948,529.0346,468.00775,1655.1305,1074.5461,1352.7863,1536.8223,1565.8088,1265.5536,1400.234,1324.9191,1548.81,1279.423,1249.2847,
00000000000000000085_0,665.9314,688.40894,1043.3751,1121.5171,1430.4918,1240.8083,993.0115,816.9552,781.0708,718.111,978.93726,998.3634,1408.7714,1012.6792,1110.8362,994.9829,705.5538,1088.758,949.3249,1042.4562,583.10486,560.43274,1574.7954,1233.7754,1406.2034,1498.3169,1446.2104,1289.9296,1319.3036,1206.0927,1442.5153,1266.1906,1164.1664,
00000000000000000086_0,684.9906,1540.5854,1435.6989,1224.0991,597.8277,1477.4707,1663.3706,705.9595,777.67957,704.8734,648.0042,962.8106,2269.5283,936.19714,946.7812,907.3348,723.0916,877.62775,1682.3073,1490.9727,253.7984,1378.9304,1048.0352,1823.295,996.4674,1323.3846,308.1001,2458.347,2096.4814,1743.545,1178.1935,1608.7404,1658.8743,
00000000000000000087_0,941.9124,904.2822,878.1522,886.9656,1467.2849,849.5449,832.74,599.2932,719.1278,755.0848,922.7387,913.7894,973.7922,1046.9243,806.57983,885.76465,828.5824,1127.0793,1039.734,946.69696,584.6114,1284.1122,1086.9666,1171.276,1336.3656,1367.8005,1114.6025,1514.7427,1219.2448,1235.5411,1064.5764,1287.3882,1012.5094,
00000000000000000088_0,1147.7708,979.98456,981.37897,951.765,1592.3655,879.7041,926.4132,595.9839,731.6646,958.9284,949.3656,1115.3789,1349.1667,1262.5837,1007.3782,983.214,848.8802,1205.6096,1004.13257,922.7561,580.8272,1396.9133,1273.5577,1272.8986,1401.1984,1486.4124,1247.0935,1401.7281,1282.5406,976.0858,1143.7656,1444.5936,1072.5613,
00000000000000000089_0,1207.8091,1084.1353,1622.2413,1646.2672,2100.4392,1518.0052,1462.9507,1541.9502,1739.0997,1407.7588,1272.6346,1274.0262,1382.658,1677.8944,1911.5316,1771.5087,1490.5272,1755.5236,1905.3628,1749.5603,1489.5901,1902.2476,2009.8713,1216.066,1635.0333,1310.3003,1609.7073,1471.4529,851.5612,1186.6421,1257.4528,1861.8741,1528.4116,
0000000000000000008a_0,1428.4861,1366.085,1335.4794,1207.112,1565.518,1359.2372,1405.8711,1276.7083,1383.3806,984.95654,1377.2314,1497.9902,1552.859,1488.9489,1430.7068,1454.6202,1292.3778,1629.0935,1989.481,1783.8182,1276.5481,1681.2109,1766.0038,1575.0876,1435.1628,1626.5037,1836.6248,1745.9633,1027.8141,1567.8821,1278.1233,1646.7134,1298.9106,
0000000000000000008b_0,320.9374,601.6126,1148.4392,1299.7722,1469.6393,1282.4037,1280.4052,970.2006,723.1106,977.8662,764.2132,1561.18,1507.3086,1251.6669,674.09827,1083.6445,1190.3853,1248.0919,1070.4406,215.44305,706.10596,1509.8125,1338.4747,1231.8394,1208.6462,1427.7039,1316.6572,1531.1775,1277.2517,1438.7441,1480.0864,1474.5668,1169.4036,
0000000000000000008c_0,1085.3519,1143.3523,1484.2041,1488.8212,1461.0511,1358.7617,1786.3582,1139.4004,768.846,1224.2427,1231.8943,1150.3295,1580.0586,1591.9733,1188.5583,1466.6897,669.66095,1602.5817,1464.5573,1074.6191,856.9288,1806.3809,1533.7601,1642.529,1396.2668,1731.4788,1659.0972,1469.4891,1335.7257,1568.9451,1281.3464,1419.6228,1230.3783,
0000000000000000008d_0,1430.8492,1038.4031,1345.8745,1668.6737,1762.6543,1130.8673,1181.0529,855.4043,761.2674,1573.6558,1169.6465,988.4676,1376.872,1194.2135,1037.4478,1330.9126,653.1774,1535.7274,1268.0276,1196.0756,1442.1594,1604.7618,1500.6033,1815.8677,1414.2799,1757.4718,1687.3232,1299.8315,1481.699,275.0154,1028.5298,772.5238,2075.107,
0000000000000000008e_0,1226.1748,1153.464,1385.3848,1888.7739,2071.0637,1459.7137,1259.6567,888.26733,666.812,1448.9573,1001.0173,968.2092,1920.9463,1127.0161,910.9868,1175.7992,538.3324,1487.4229,1222.1292,1026.9987,1025.8118,1615.292,1517.9738,1883.861,1380.6414,1748.0225,1507.2039,1477.001,1482.5911,1693.4362,1339.014,1450.1736,1627.3066,
0000000000000000008f_0,2176.4585,984.2785,2293.712,2400.5327,2005.7899,1321.6388,1880.1295,2581.0054,916.4357,1552.679,535.6281,1336.5518,2032.516,1224.9116,1386.0242,2336.3984,747.7782,1791.1265,1269.542,1363.3173,1519.9768,1748.3391,1485.5526,1512.513,2257.5957,1019.33826,1937.6067,2504.4521,1264.571,2496.32,2073.3179,2046.5156,2585.753,
00000000000000000090_0,2588.7444,1312.449,1842.2593,2322.5867,2160.434,2432.4082,1743.5483,1872.6989,1406.7146,1549.9744,1381.6847,1543.2448,1964.0076,282.7514,645.6058,1983.6697,1331.6829,1574.4094,1483.7428,1261.1924,1023.964,2167.9824,1850.6466,2283.5361,1802.9316,1818.1936,1816.5491,1087.534,3240.6118,894.1375,2641.909,2526.254,2583.1602,
00000000000000000091_0,-122.7037,-337.84796,-247.84753,-515.831,-370.6105,-279.448,-639.3418,-375.3491,-392.0904,-670.8135,-536.5298,-575.2926,-233.0958,-620.2505,-512.6994,-453.9522,-626.8463,-639.3207,-616.2698,-730.7432,-252.325,-332.7973,-352.013,-363.44855,-212.4201,-272.62878,-274.9975,-454.73886,-145.3131,-291.20685,-96.2256,-134.97046,-233.241,
00000000000000000092_0,-135.6871,-408.6738,-310.0514,-476.93817,-323.2103,-259.4867,-635.7234,-352.9384,-409.4014,-700.697,-566.4336,-521.1292,-263.9593,-546.0022,-567.8904,-424.33026,-600.4735,-624.4397,-636.46094,-713.93066,-254.06229,-344.2937,-360.9415,-333.15634,-242.6397,-287.3391,-281.3989,-406.789,-153.4887,-310.10306,-107.0038,-142.14015,-211.2968,
00000000000000000093_0,-133.7275,-408.6518,-280.6858,-486.59808,-335.7108,-275.784,-599.9024,-386.7386,-443.8474,-702.7748,-566.6852,-537.0668,-243.362,-578.81006,-497.4008,-467.2748,-663.8844,-630.5212,-675.7002,-754.84717,-302.7756,-336.3518,-362.5824,-430.67072,-243.6611,-296.86594,-293.4275,-409.807,-157.4903,-319.7283,-22.9685,-113.52815,-217.4897,
00000000000000000094_0,-132.1442,-342.3696,-263.08466,-465.52234,-290.065,-281.74872,-652.58923,-388.24078,-458.5957,-706.2337,-563.4973,-535.4132,-255.42685,-590.0758,-590.837,-489.527,-664.3824,-659.81445,-703.5574,-659.931,-316.189,-334.1764,-346.18573,-420.9963,-247.2337,-320.00665,-340.1716,-444.6838,-129.4109,-319.7197,-123.138,-125.5537,-191.526,
00000000000000000095_0,-127.43315,-342.49176,-312.685,-547.9713,-328.3161,-299.8847,-692.0475,-412.3284,-444.65118,-717.4446,-574.9374,-623.692,-277.2553,-548.93774,-587.5613,-421.18823,-609.93396,-648.81384,-685.1697,-557.9391,-298.8285,-329.5784,-363.762,-307.71637,-249.6904,-300.1187,-277.4321,-420.9372,-137.5173,-321.34595,-137.6113,-62.2922,-172.71289,
00000000000000000096_0,1859.2723,1343.4618,1573.9541,1615.5225,1622.7782,2050.7473,1684.1995,1096.4423,957.71375,1136.0208,1456.951,1504.0386,2130.8467,1470.7251,1137.5254,1200.8684,1144.3748,1916.5256,1714.284,1204.5748,1644.3823,1472.3466,2224.4905,1744.7971,1513.6692,2529.7534,1883.7913,2206.1553,1426.9194,1862.4115,1744.7462,1297.6364,1414.4407,
00000000000000000097_0,1286.8257,1172.8712,1466.8076,1252.1647,1609.1945,781.04175,1452.1423,878.53204,598.2886,714.0978,962.67676,912.48157,1614.3513,1215.7115,1050.7283,927.052,935.78564,1415.571,1257.7695,1080.5394,1250.243,1589.8787,1022.292,1434.4548,1266.2776,1414.4346,1483.4478,1588.5535,1364.7598,1681.5101,1569.024,1246.9492,1194.5511,
00000000000000000098_0,1341.4209,1212.157,1625.1658,1628.2137,888.8719,1536.1802,1394.1992,846.2269,825.2372,1060.312,1412.565,1321.6398,1739.0996,1473.0352,1139.2216,1344.6208,1317.8586,1697.108,1576.2231,1430.7235,703.79553,1598.9897,1985.8994,1560.4999,1580.1163,1933.0565,1529.8727,1683.5093,1311.8175,1678.401,1566.3396,1023.9791,1455.7921,
00000000000000000099_0,1405.119,1476.1555,1446.1086,1234.5228,1420.185,1779.9852,1422.512,770.73254,645.5594,652.7452,840.8273,925.2289,1880.3708,1169.9062,814.4175,846.9566,910.13184,1252.4406,1299.0532,1021.7783,610.3651,1274.3292,1422.1978,1865.1125,1170.3069,1528.7964,1518.5082,1892.877,1258.3599,1113.3846,1511.6245,1094.383,1398.2473,
0000000000000000009a_0,1245.8728,1076.6348,1203.367,1340.5844,1335.3862,1370.0302,1339.311,693.8977,630.413,981.9834,1182.2842,1344.8086,1719.6956,1358.8088,790.8144,1187.4197,1044.7919,1251.795,942.5126,1044.6173,792.31433,1279.0342,1466.0767,1387.8638,1285.2961,1950.4607,1777.2025,1413.126,1233.9968,1015.8241,1310.681,1489.4943,1211.371,
0000000000000000009b_0,1553.5974,1192.6594,1669.3739,1584.477,830.7553,1513.0316,1853.0413,305.09305,793.9364,942.7132,1219.3953,1436.7394,1819.4434,1741.4792,645.06067,967.8041,975.2722,1281.1035,1069.4852,1188.5771,1127.3494,1531.1799,1850.2568,1899.5496,1414.1368,2129.7573,1926.1521,1963.8497,1424.2126,1559.0071,1558.956,1368.582,1219.8848,
0000000000000000009c_0,955.3201,1230.5461,1078.7203,1089.3673,1521.6722,1459.9841,1228.0369,959.5806,808.4175,650.84204,1067.7047,1144.9291,1194.7217,1182.2913,1129.123,1293.735,931.21,1342.183,1323.1476,1166.5249,618.8554,1608.5968,1709.699,1789.4626,1658.2676,1754.842,1672.6094,1921.8049,1386.7852,1273.5061,1233.5247,1409.677,1279.4182,
0000000000000000009d_0,1113.1038,1259.7305,984.6478,1111.9482,1176.9155,1346.6499,1368.9921,1211.4406,1010.3782,879.5996,1166.3113,1255.9471,1201.5184,1281.1194,1239.4667,1324.3591,971.368,1398.9619,1269.7925,1324.4177,968.9035,1530.2988,1644.7336,2019.5127,1631.6036,1689.8977,1547.2883,1622.7058,1378.714,1450.5322,1238.8146,1303.3816,1063.9756,
0000000000000000009e_0,1103.4767,1523.2904,1626.3258,1466.9095,1833.881,1795.3391,1816.5342,1290.971,1011.244,1180.8104,1127.3378,1549.3129,2072.099,1592.3953,1113.8943,1421.3171,1125.7173,1714.1523,1433.4678,1520.9358,904.05493,2224.3594,1951.0455,2361.0264,1779.9521,1753.7351,1739.1096,2293.9368,1683.7178,1991.0258,1507.0579,1873.9591,1629.82,
0000000000000000009f_0,1139.2368,1455.2124,1200.1162,1253.5071,1194.5806,1281.809,1166.3632,976.6144,863.9192,840.5545,1039.5304,1119.6971,1424.5259,1034.5012,1125.8792,1042.5793,984.7923,1324.5173,1266.8153,1214.3876,545.5547,1133.2717,1235.5323,1838.5991,1348.0392,1115.155,1200.8018,1588.5886,1276.3132,1391.9414,1363.8562,1126.0426,1157.6636,
000000000000000000a0_0,1158.054,1541.3298,1312.6516,1325.8999,1420.1493,1275.8337,1446.2406,916.6894,1038.1935,1059.5354,1099.3716,1090.0856,1815.2085,1224.3158,1722.8661,1078.835,1141.981,1836.8207,1878.5138,1281.6526,485.5772,1621.1406,1498.7365,1660.665,1496.6962,1203.7856,1510.7008,1808.3374,1253.1632,1472.9014,1234.8613,1202.2688,1391.7153,
000000000000000000a1_0,1228.7583,1541.0985,1350.9808,1373.579,1593.9973,1551.071,1644.5714,1111.9211,1141.1008,1147.4565,1234.775,1191.8812,1605.6927,1270.0073,1699.7097,1179.4706,971.8729,1780.8269,1712.5332,1258.9937,387.6026,1514.0839,1583.5853,1670.3632,1457.0793,1382.6838,1563.3296,1828.7095,1324.1606,1525.1158,1514.7993,1267.063,1402.0035,
000000000000000000a2_0,1403.123,1026.6573,1474.5273,1355.5404,1476.381,1918.1383,1465.8582,1290.5803,1406.7007,1185.418,1227.7396,1250.2479,1590.3741,1332.7432,1794.5486,1223.6028,1103.9092,1600.1959,1818.0627,1460.7286,683.18164,1615.1421,1700.0146,1680.117,1527.7258,1418.208,1645.5593,1743.9366,1163.0602,1475.9343,1376.728,1192.1353,1280.5596,
000000000000000000a3_0,1205.8958,1559.1256,1452.4675,1411.3372,1220.3657,1273.26,1232.1642,908.6342,764.6688,795.8292,990.7414,1472.4117,1797.5815,1305.9065,1017.2258,1099.2006,1073.1025,1816.4893,1383.9615,1512.0814,842.3216,1932.1915,1702.4622,1699.1072,1443.3656,1420.6813,1940.2314,1915.1757,978.22906,918.751,1526.1841,1435.7002,1521.2725,
000000000000000000a4_0,1631.7786,1218.9385,1411.5067,1595.821,1292.0903,1507.1761,1500.8306,855.667,647.152,915.9984,991.1898,1513.6062,1966.7815,1600.7769,1139.5481,910.0784,1000.0482,1632.5667,1706.2578,1273.3313,807.005,1379.7466,1629.6324,1695.4219,1710.3767,1447.2595,1733.6946,1751.8785,969.85657,1717.5447,875.1422,1279.833,1390.8599,
000000000000000000a5_0,847.2007,1559.0996,1396.3844,1514.418,1268.1781,1478.9412,1682.738,980.275,829.6474,1070.3894,904.9672,1613.8857,1539.9397,1444.1284,1050.1228,857.3258,977.3619,1466.3326,1581.1827,1154.4752,505.7791,1284.2119,1531.4158,1723.3408,1522.8684,1231.1648,1671.9052,1656.3997,1167.981,1626.374,1204.0729,1514.6465,1349.353,
000000000000000000a6_0,2429.9019,2418.476,1096.8756,1622.851,1812.8973,1749.4392,1698.3384,1005.4226,963.9014,1226.2542,1190.808,1449.8918,1688.4219,1819.5155,1371.6486,1083.9128,1000.5682,1805.9185,2346.1238,1635.3293,1130.8684,1789.624,2017.7102,1828.5474,1749.1855,1777.5427,1906.4697,1838.9268,1792.0284,1867.1162,1622.5858,1559.8914,1524.8741,
000000000000000000a7_0,1422.831,1560.229,1819.3422,1696.5735,1746.3318,1376.1349,1537.362,813.79443,807.23926,992.8106,1281.738,1295.8032,1786.928,1384.3726,1138.0576,1069.2888,842.9499,1752.8242,1775.8982,1605.4899,763.6693,1945.4843,1836.1406,1549.8232,1928.924,1802.242,1891.9504,1734.5304,1464.9816,1733.5468,1580.0941,1465.272,1599.0441,
000000000000000000a8_0,1366.1389,1668.2019,1478.1746,1394.6871,1197.5967,1568.4636,1497.6753,1375.9067,36.1018,1428.8988,1101.168,1194.2659,1895.6254,1530.3318,1370.6614,1241.3296,1211.9982,1459.3665,1465.7959,1505.7333,1132.3029,2033.2748,1676.3339,1836.4353,1788.1093,1349.365,1948.3073,1843.0593,1758.0533,1757.8704,1524.6362,1646.3241,1815.1627,
000000000000000000a9_0,1275.752,1231.9384,1550.6705,1453.185,1323.5165,1405.2206,1310.866,1124.8895,904.5472,983.24316,1363.3289,1640.4822,1472.9827,1633.5125,1402.1865,1336.3037,1452.0869,1734.5262,1753.7526,1571.3604,1179.8728,2899.8281,1682.342,1818.376,1814.1224,1581.4739,1760.2267,1293.1995,1936.1008,1713.9058,1485.0624,1674.6033,1792.5743,
000000000000000000aa_0,887.204,1084.6047,1303.3951,1058.1198,974.5696,1127.9072,869.6262,933.1293,570.0943,189.3354,572.428,1097.1903,1335.5603,958.1896,897.48804,769.2914,1015.06396,1297.6079,1149.0146,867.44226,122.2104,1305.2966,1499.5701,1280.956,1453.0444,1629.0898,1604.0393,1356.0421,1061.0957,1330.1412,1168.0571,875.40906,1062.9181,
000000000000000000ab_0,1190.7552,1144.9937,1325.2772,1208.9446,1140.7734,1206.0258,681.1546,934.3839,734.39905,429.6525,760.4878,948.74524,1411.511,953.3805,942.6187,864.4571,1238.4136,1381.0044,1274.9424,1004.501,283.6136,1347.051,1464.5891,1409.7942,1647.0159,1858.8564,1538.5713,1413.7307,1263.239,1383.3313,1224.8596,978.8214,1246.2437,
000000000000000000ac_0,1286.3738,1017.5061,1574.922,1306.3082,1467.3046,1801.2439,1518.7888,1131.6418,893.8446,989.4383,1298.0002,1395.8508,1323.8522,1776.9049,1072.4185,1454.7216,1423.5903,2015.6425,1243.068,1385.5065,990.8424,2090.8555,1913.3324,1613.8134,1785.5133,1610.2646,1802.334,1278.3536,1539.3844,1427.6824,1528.0735,1324.3223,1581.7113,
000000000000000000ad_0,1196.7979,1261.5005,1750.885,1275.1296,1273.8389,1453.566,1108.9255,862.102,628.7813,531.13806,991.833,1227.1282,1230.3264,907.7036,854.6968,1015.3375,933.6394,1322.2783,1234.695,1129.3525,606.3959,1869.7386,1609.3488,1184.9357,1568.7555,1510.561,1726.7596,1387.9814,1048.7162,1421.0044,1391.4114,1095.4755,1141.5717,
000000000000000000ae_0,1259.908,1510.3079,1582.4958,1493.1709,1344.4602,1465.7928,1367.8005,1326.1743,1023.2567,1119.878,1364.509,1432.8535,1907.1212,1466.5334,1190.8208,1402.5071,1077.789,1534.9976,1381.7982,1403.8499,1238.0242,1920.0302,1648.4337,1759.2993,2251.5923,1609.88,1820.5486,1585.0938,1611.3972,1655.8086,1395.4802,1389.1182,1649.0332,
000000000000000000af_0,1621.453,1163.1705,2323.846,2039.624,1935.5636,1634.2236,1707.9639,2245.1348,822.7896,1371.9774,1407.5156,1648.8555,1688.6743,1564.9502,1586.2739,1607.9548,1531.8682,1734.6189,1443.7162,1415.5884,1209.2057,1874.8921,1877.9172,1912.5659,2292.072,1777.2583,1570.7119,1885.2584,1542.8018,1690.6182,2083.4905,1833.6058,2010.0066,
000000000000000000b0_0,1104.3322,1234.929,1290.2856,1349.8828,1285.3168,1240.4934,1205.211,744.669,783.1427,973.9043,1276.6256,1479.923,1612.3828,1283.1401,734.1371,954.2931,1113.9922,1381.8625,1365.2552,1324.9423,1014.915,1816.5365,1723.4062,1545.2605,1662.9149,1584.231,1908.1133,1603.1292,1286.8278,1680.4575,1375.541,1090.0754,1341.3347,
000000000000000000b1_0,1086.1995,1321.4117,1147.185,1247.1631,1216.4749,1349.3947,1302.3196,1040.643,685.056,797.55725,1197.9968,1324.6421,1560.645,1261.3417,740.6042,948.1051,1298.6194,1301.9786,1345.4462,1257.0642,1064.015,1563.9929,1592.2854,1552.9541,1493.2297,1338.1375,1597.5977,1651.4921,1279.76,1463.3131,1315.7627,1400.7454,1336.7109,
000000000000000000b2_0,1052.0251,1635.1338,1372.565,1730.7876,1642.5432,1484.5753,1466.7175,1070.4978,809.1487,1184.4362,1061.9739,1415.3041,1726.5361,1435.0828,1066.1338,1125.9922,1413.4915,1667.0078,1680.9022,1481.7164,1282.874,2044.438,1879.6141,1859.6824,1865.8557,1809.2145,1927.8518,1782.8098,1725.1534,1758.5924,1773.5266,1438.9543,1546.1633,
000000000000000000b3_0,1452.61,1643.8896,1761.1112,1396.6335,1594.8293,1417.0225,1528.8728,1234.674,1098.1132,1389.6172,1213.4695,1504.345,1817.8505,1637.9934,1461.9619,1374.6667,1436.7454,1567.5103,1437.103,1469.7754,1332.0568,1620.3313,1860.3828,1872.9185,2060.5796,1959.9879,2121.6323,1988.2408,1722.3062,1785.3547,1659.4666,1566.8333,1604.8926,
000000000000000000b4_0,1121.9835,1238.7074,1801.5474,1312.7972,1174.213,1242.0515,1261.9502,949.93933,697.73804,738.975,840.6108,1337.129,1504.3838,1398.207,923.1137,996.286,909.40186,1409.8481,1466.862,1260.3809,768.94,1186.5931,1591.9288,1690.4863,1527.1895,1903.5298,1545.3018,1588.7509,1372.5927,1472.4675,1322.0808,1251.9816,1796.0171,
000000000000000000b5_0,1506.2491,1571.1743,1844.1427,1363.3553,1197.8147,1340.0625,1395.472,973.9044,814.6268,727.2552,1014.608,1234.5758,1561.4656,1418.638,915.84595,1364.3192,1147.8322,1577.1488,1430.1146,1382.149,747.51624,1455.4384,1614.0742,1630.2852,1718.8531,1912.9268,1567.4727,1585.0039,1332.0358,2020.1576,1257.155,1026.6558,1545.2683,
000000000000000000b6_0,1112.1333,1306.2488,1117.8918,1271.9543,1380.999,1397.2548,1367.0625,1179.0906,962.5359,814.5834,1102.0735,1344.1278,1626.1498,1482.5228,1000.0196,962.2214,814.52344,1805.8186,1324.834,1266.2303,913.09985,1365.2994,1498.9694,1526.2607,1398.05,1379.6115,1689.3184,1282.8643,1176.0314,1419.976,1295.852,1221.4124,1182.2078,
000000000000000000b7_0,1347.0475,1270.4814,1602.2166,1654.1663,1660.2866,1694.915,1773.3221,1463.6338,1246.8336,1174.6915,1521.5789,1447.237,1820.7959,1734.0525,1392.7551,1616.2686,1551.5557,1770.0757,1600.9594,1744.1245,1471.1025,2071.5366,2222.5454,1581.3827,2303.047,1560.1923,2070.7654,1495.2982,1181.4928,1482.2865,1563.75,1409.1101,1612.278,
000000000000000000b8_0,1514.554,1634.0513,1962.082,1882.347,1766.9266,1429.77,1526.0481,1125.9154,998.6844,1041.1788,1343.3667,1467.0364,1709.1193,1365.2303,918.4181,1137.1865,1256.3479,1434.8047,1296.7206,1192.9326,885.7448,1532.5608,784.4983,1646.6573,898.2952,1596.8127,1658.0673,1457.2782,1199.0887,1632.3116,1558.6138,1562.4197,1423.5895,
000000000000000000b9_0,1590.356,1520.7513,2176.0945,2005.614,1857.1346,1771.8542,1682.4257,1143.0936,1075.4384,1140.317,1196.5977,1697.9146,1801.836,1721.192,1138.7422,1195.003,1278.9746,1438.8339,1146.1388,1275.5305,960.63,1670.447,1360.6843,1760.9426,1252.9489,1656.6462,1664.6887,1836.2211,1482.6608,1873.1973,1530.9958,1555.032,1741.4485,
000000000000000000ba_0,1421.5256,1869.3658,1974.1947,1742.9849,1913.2106,1834.5302,1955.4519,1693.0566,1390.1326,1541.7183,1506.5724,1671.242,1983.9049,1673.4152,1811.6719,1690.8846,1338.9132,2122.0166,1739.1008,1882.1366,1205.6246,1956.3217,2127.9077,1994.569,2277.3906,2017.5802,2431.9104,1897.0055,2158.9731,1994.0549,1885.0798,1655.3643,1925.9587,
000000000000000000bb_0,2002.4945,1711.5367,2182.1125,1928.0608,1939.7632,1813.4891,1946.6514,453.62128,1500.469,965.4698,1300.6823,1229.0833,1857.7184,1377.7566,1162.438,1146.4148,1087.0994,1685.1564,1402.9617,1589.9982,1219.9373,1863.7137,1806.582,1584.733,1994.7745,1934.027,2030.3352,1788.5549,1873.7863,2110.9775,1765.6157,1898.3237,2180.539,
000000000000000000bc_0,-123.6888,-383.382,-261.6512,-485.08444,-314.9978,-284.44794,-660.4232,-356.45343,-400.4717,-683.33655,-539.3286,-546.3424,-274.46283,-574.6555,-509.7177,-360.95044,-511.94934,-641.5746,-671.407,-730.3628,-245.2816,-347.6491,-351.4253,-349.9223,-252.9627,-250.1806,-285.8467,-454.2364,-162.7248,-317.5703,-36.5698,-149.29486,-219.26445,
000000000000000000bd_0,-130.9824,-303.97855,-272.47534,-461.2615,-343.6583,-271.15054,-622.9794,-387.14294,-434.8518,-698.01294,-565.2542,-578.12646,-256.7035,-587.2566,-518.9626,-474.7156,-593.4911,-616.3448,-584.9963,-700.0763,-277.3054,-328.6636,-281.37595,-391.86072,-219.4592,-265.0433,-328.1507,-430.5538,-145.61565,-280.90326,-108.331,-120.04825,-186.50156,
000000000000000000be_0,1276.2537,1535.5502,1163.2466,1729.9941,1774.0529,2117.8994,1181.1354,1144.649,856.476,1133.369,1610.7238,1356.8655,1416.9517,1461.5889,1203.6732,926.90295,1246.8462,1409.7446,1490.1385,1242.0709,855.901,1829.5433,1318.511,1573.4624,1498.7384,1732.6064,1566.9489,1893.6167,1515.0454,1307.1323,1896.6421,1408.8909,1572.0957,
000000000000000000bf_0,1352.929,1250.2286,1156.8977,1195.1085,1314.9138,1354.9642,1185.5837,743.614,891.6798,951.4437,1014.3917,1135.825,1655.3933,1299.3003,1082.0105,1064.5146,867.39545,1207.6276,1328.4307,1262.151,808.7843,1334.1226,1332.2976,1595.1599,1519.0388,1259.5165,1510.1677,1570.6174,1408.2996,1696.1453,1537.0425,1080.0549,1562.5581,
000000000000000000c0_0,1547.5393,1450.0627,1625.7399,1580.0295,1620.7891,1342.9445,1425.7976,1032.6285,778.9448,695.3125,1030.9054,1268.3728,1740.4271,1395.2616,1280.5884,1122.8153,1444.2313,1521.1263,1324.1116,1227.023,1059.1753,1630.6066,1596.4519,1756.5735,1475.3738,1490.8395,1889.7068,1820.9823,1876.0745,1925.6975,1463.4854,1318.7991,1465.6289,
000000000000000000c1_0,2169.8445,2002.8486,1779.1791,1423.9358,1802.2828,1496.2177,1402.0142,1478.8754,1566.4722,1486.4788,1487.8157,1608.6589,1884.7373,1707.9836,1713.491,1414.042,1409.1586,1587.6693,1660.6254,1493.5394,1162.6818,1659.2214,2105.1084,1934.295,2296.6675,1684.057,2217.2886,1921.5222,2658.154,2067.308,1790.6968,2206.1138,1942.7441,
000000000000000000c2_0,1971.1282,2141.227,2217.0903,1415.3427,1684.1003,1572.2242,1344.4769,1312.8147,1565.1012,1117.3418,1529.7068,1488.2634,1793.0359,1652.3304,1468.1035,1526.38,1235.0183,1668.232,1671.9033,1827.3965,1417.2972,1794.2365,2097.7703,1636.6865,2272.247,1905.0791,1818.4401,2043.3508,2583.1433,2347.3074,2233.2466,2100.405,1766.4728,
000000000000000000c3_0,1293.6226,1873.6606,1986.4727,1735.8053,2021.1001,1861.5656,1634.1211,1381.6846,1430.509,1185.0316,1596.1945,1648.6624,2021.5085,1444.2375,1713.4705,1375.6454,1459.6313,1936.4752,2033.6196,1936.8943,1751.0818,1941.0366,2152.492,2095.8594,2640.3647,1810.7576,2209.133,2029.2035,1955.9332,1877.3735,1759.1768,1764.3992,1937.8899,
000000000000000000c4_0,1191.8645,1736.087,1208.0847,1714.7065,1671.8907,1674.9484,1307.5554,1327.6368,1413.3826,1273.2253,1404.221,1632.2637,1953.2585,1656.7588,1761.4368,1420.8188,1269.6088,1421.2043,1315.1211,904.7317,1206.5118,2405.557,1528.9221,1957.8708,1645.7528,1353.4583,1444.0676,1721.8859,1576.9972,1685.279,1886.1033,1765.4609,1906.6758,
000000000000000000c5_0,1633.9471,2138.1682,1827.5872,1803.7059,1783.3301,1574.2896,1443.7454,1510.3402,1627.2781,1643.475,1850.0515,1810.1727,2263.6167,1695.8707,1925.9734,1693.5182,1787.643,2032.3763,1891.6372,1285.0348,1579.6497,1467.8098,1888.3296,2481.2605,2747.669,1717.0889,1732.7671,2353.6633,2202.8774,2003.7344,1977.1394,2235.225,2442.326,
000000000000000000c6_0,1489.5504,2100.693,2043.0737,1762.7576,1980.8486,1741.1202,1937.1548,1713.9001,1695.6362,1163.2186,1646.5636,1800.9028,2235.5945,1862.289,1653.6638,1627.2275,1432.8325,1507.1982,1462.6368,1639.3843,1593.2312,1975.1436,2130.9907,2258.3672,2383.8213,1935.398,2206.7385,2106.2383,2098.5718,2075.9033,2029.1018,1886.6461,1892.0557,
000000000000000000c7_0,1474.9692,2145.6082,2052.0388,1632.33,1807.7906,1518.5825,1594.2644,1565.4226,1764.5999,1343.5887,1688.2336,1549.3817,2304.4358,1507.7986,1681.0992,1568.2836,1513.0088,1759.1129,1680.6584,1868.2269,1764.3125,1804.6792,2393.95,2279.5327,2595.2627,1684.9733,2154.2153,2153.3928,1991.1534,2101.8276,1703.615,1958.5172,1892.8774,
000000000000000000c8_0,1235.7676,1873.1392,1974.0961,1470.7815,1102.2,1673.5555,1576.8473,1017.5054,1328.25,1019.00684,1319.1436,1355.1793,2080.7656,1442.7866,1614.8892,1474.0747,1075.7161,1684.075,1638.47,1420.4877,1306.6172,1714.965,2066.3413,1930.4727,2120.3936,1648.2297,2224.666,1932.1401,1526.299,2123.8618,1561.8623,1593.1873,1728.3911,
000000000000000000c9_0,1560.0392,1878.281,1909.6174,1875.6917,1795.4382,1627.9847,1616.1605,1378.9719,1483.8955,1070.29,1544.9539,1680.5768,1945.9492,1735.6152,1684.3,1653.1697,1744.8772,1879.9138,1770.7639,1869.3931,1336.2306,1879.9099,2189.8215,1927.4178,2092.6318,1711.4808,2177.3232,1532.037,1761.8445,1765.9955,2067.4475,1975.6802,1823.0099,
000000000000000000ca_0,1370.7351,1601.7417,1251.617,1285.6287,1497.8309,1360.6377,1489.8649,1194.448,1217.9572,899.7412,1245.0106,1706.4812,1814.3363,1660.0267,1648.1414,1375.7605,1325.441,1712.8015,1675.805,1638.3396,1206.8239,1819.1072,2312.9385,1863.3712,2300.619,1928.7261,2184.4087,1670.1138,892.9842,1698.6157,1443.3915,1599.6077,1412.178,
000000000000000000cb_0,1640.2535,1591.617,1770.0334,1084.3241,1831.0239,1621.489,1069.5367,368.1774,1262.8303,1071.5703,1233.408,1510.0374,1696.3601,1488.7394,1405.196,1418.8584,1552.742,1807.6478,1608.4805,1900.6459,1585.834,2175.585,2293.3042,1912.6671,2253.9563,1719.2812,2388.9565,1683.0806,1627.2115,2118.6934,1844.2528,1740.8524,1701.6115,
000000000000000000cc_0,1551.7872,1873.6978,1876.8573,1843.0468,1886.3077,1710.2578,1718.6357,1560.3802,1658.0688,1461.8271,1749.7451,1937.4031,1740.192,1858.1678,1722.185,1830.9327,1711.9668,1753.1957,1834.3647,1965.7441,1305.971,1770.0818,2182.0735,1632.36,2346.9272,2015.0452,2089.7688,1838.4622,1874.3044,1626.446,2090.7505,1921.6467,1718.7142,
000000000000000000cd_0,1624.7825,1925.4282,1926.2651,1762.8872,1846.0961,1567.7672,1607.7792,1371.6086,1486.1632,1132.4626,1342.8323,1304.7302,1777.1036,1423.3367,1407.3173,1405.7186,1274.1112,1450.6924,1319.8086,1824.73,1397.2688,1484.4438,1732.929,2014.5697,2010.8239,1819.811,1867.2349,1744.0667,1415.1482,2230.5728,1800.7443,1616.2,1795.5115,
000000000000000000ce_0,1717.2327,973.6218,1711.444,1616.9036,1425.6377,1364.9629,1580.6604,1504.6602,1519.0532,1187.4496,1296.9902,1260.0496,838.3745,1309.3728,1542.2247,1433.4539,1222.1816,1528.8037,1342.5945,1889.2795,1543.9095,1371.5875,1643.8926,2409.3296,2061.022,1388.8328,1939.199,1918.3813,1901.8882,1881.1985,1436.358,1835.0801,1759.5789,
000000000000000000cf_0,1506.6694,1617.1714,1815.4263,1579.5386,1825.5059,1749.4268,1430.5,1161.3289,1169.9565,1491.0232,1107.6368,1874.9197,1529.0657,1640.9669,1711.1392,1442.6146,1684.8698,1724.6682,1813.7053,1734.3619,1444.3616,1836.2993,2065.8474,1499.7231,2275.532,1949.9299,2436.921,1468.481,1385.099,1682.5763,1434.8259,1777.2601,1732.4917,
000000000000000000d0_0,2340.4292,989.2817,1762.6804,1464.2395,1573.2834,1565.5165,1556.5571,1292.7772,1159.7297,1388.491,1415.973,1449.6558,394.1668,1559.1805,1636.9465,1488.001,1341.2498,1553.5399,1624.6239,1888.4012,1577.1827,930.1626,1749.7661,2428.9539,1932.8372,2014.726,1784.9009,2673.015,1187.0687,1646.6938,1558.1597,1604.613,1608.901,
000000000000000000d1_0,2090.14,2821.2483,711.6611,1490.8588,884.61694,782.31104,300.1904,568.5204,325.04138,-129.7052,855.4914,1310.6205,1349.8643,1334.1464,1648.5249,1180.8726,1046.22,1401.9774,1405.4066,1561.709,1006.4035,1625.7983,1937.3293,1531.4827,1870.784,1530.292,2116.355,1534.3608,528.58203,1892.7878,823.25165,851.7483,584.0202,
000000000000000000d2_0,1909.607,2371.1938,536.9662,1863.496,765.5816,689.18463,311.7397,501.63776,503.6213,-109.7711,923.5335,1019.3843,1137.6908,1277.0182,1351.8853,996.8712,955.699,1280.977,1286.4863,1477.7229,838.751,1587.4119,1897.8179,2111.5913,1891.1207,1489.2965,2174.8853,1205.6938,436.78723,1980.5687,1150.4834,659.94617,511.8873,
000000000000000000d3_0,1400.2449,1868.8826,1885.6133,1713.181,1976.8799,1811.3811,1634.6074,1674.1055,2062.1946,1925.7019,1900.003,1997.4667,2150.4888,1825.4032,1814.352,1810.9404,1671.5054,1994.404,1871.6215,1956.1884,1805.8684,1923.1116,2157.6426,1922.463,2545.782,2268.9146,2486.308,1900.6818,2195.588,1863.1477,1993.0652,1960.3208,2298.2366,
000000000000000000d4_0,1712.5792,2169.9238,1942.364,1791.1301,2080.7441,2097.2156,1704.3884,1691.8533,1964.8042,1589.9402,1534.2766,1602.9072,2005.7307,1713.162,1706.4666,1778.1753,1689.7238,1736.9163,1873.7906,1926.9845,1609.4314,2336.0117,2145.0088,1964.6855,2542.5903,2365.27,2591.6406,1904.386,1930.0718,1930.8162,2210.029,2060.9578,2041.563,
000000000000000000d5_0,1848.7554,2155.1914,2089.4236,1821.6198,2262.891,2513.6335,586.8231,689.36316,1504.9297,1182.6738,1010.00244,1361.27,2177.4927,1294.3687,1008.5358,1318.904,942.78253,1349.9636,714.2914,352.4085,1095.8832,1960.0603,2102.5479,2141.4875,1864.3491,2171.2861,2409.8042,2375.2441,2221.48,2115.9258,2278.5676,2329.2007,2310.4905,
000000000000000000d6_0,1030.4136,1480.1729,807.6291,1789.7642,2443.3325,1516.979,1322.8538,789.09656,283.5402,885.0102,1063.4094,1116.9165,1788.6661,1208.9254,1078.8872,1199.7312,1454.2573,994.6708,1257.3258,1481.3575,626.0624,2113.4727,1763.3433,1580.6469,1988.7751,2317.6968,757.2885,1556.6416,2148.52,1980.3931,1764.3041,1720.3031,1100.3887,
000000000000000000d7_0,562.7409,1151.2913,1610.8785,1701.2405,1721.9954,2132.9087,1714.9548,1553.2444,1534.7142,1452.1985,1517.0627,1964.0656,1301.3943,1747.2524,1930.516,1686.7087,1605.965,1969.4008,1843.4458,1935.988,1607.9862,2599.1184,2351.5105,1378.2336,2407.321,2206.3313,2476.7544,1808.4292,536.5448,1993.0175,1510.5037,1504.8689,1360.9198,
000000000000000000d8_0,419.0551,1224.7745,1708.7196,1551.2526,1501.8103,1613.6678,1471.6477,1385.3254,1500.4114,1163.6342,1321.7212,1654.3533,1682.0647,1478.669,1801.309,1802.8667,1525.4246,1912.5024,1804.3348,1941.461,1507.2634,1716.9722,2262.7341,1244.5342,2448.3518,1966.6791,2114.085,809.6385,721.3711,2172.0308,1404.3223,1521.8193,1503.5204,
000000000000000000d9_0,1783.2976,2501.936,2342.6294,1997.6616,2274.4902,1961.8839,2289.4685,1868.7682,1972.3253,1584.0768,1681.528,1785.3044,2023.8394,1741.6056,1926.105,1803.3145,1573.8718,1941.918,2053.0059,1936.5404,1717.7733,1941.1794,2072.7432,2216.963,2161.3743,1777.5476,1979.3137,2478.1948,2345.131,2065.5864,2059.9644,2163.3682,2166.2896,
000000000000000000da_0,1158.0477,1874.9698,1780.8705,1808.8501,1652.9636,1295.8267,1504.641,1421.8934,1516.7328,1390.9799,1827.1456,1323.1178,1639.5735,1274.2185,336.2081,1047.9598,1186.7463,1574.2833,1425.3638,1403.2545,930.0065,1614.3224,1946.3691,1906.8511,2296.4326,1700.897,2148.9546,1869.3547,1878.8126,1876.8293,2187.634,1945.6799,1382.9983,
000000000000000000db_0,1335.9409,1885.7289,1413.9541,1854.5398,1672.6843,2098.1362,1667.2177,1646.6814,1282.0476,1435.7648,1706.6656,1591.9307,1750.7788,1538.3792,1300.3488,1459.2736,1040.9108,1643.0964,1652.1696,1417.7461,1045.5764,1410.645,1508.406,1972.6511,2595.9106,1881.2505,1703.7666,2005.4272,1966.2332,1984.5396,1940.6627,1767.876,1669.041,
000000000000000000dc_0,1672.6895,2228.518,1758.1066,2139.1338,1791.0298,1603.1074,1547.2769,1593.842,1737.6855,1477.0883,1569.6754,1441.1182,2137.8733,1541.308,1968.9153,1755.2334,1564.3203,1922.5854,1993.7358,1852.0964,1525.0669,2104.9834,2260.9668,2366.1948,2530.3477,1714.2726,2093.3691,2105.7268,2110.681,2235.4453,2144.0,2131.8015,2194.0586,
000000000000000000dd_0,1700.4802,2046.3282,2259.9133,1744.164,2125.3708,1786.1268,1630.4043,1245.783,1249.1172,863.8824,1623.1846,1587.0502,2019.5977,1378.6431,1300.7091,1238.0814,1047.0354,1406.4258,1195.0135,1459.4557,778.371,1616.3323,1652.5874,1919.2965,1853.7134,1937.0645,1721.1523,1988.9062,2243.9922,2274.157,1708.0736,1854.2261,1820.0076,
000000000000000000de_0,1748.4344,2542.4678,2486.716,2250.018,2330.4219,1965.0688,1843.7733,1606.7908,1610.5154,1190.5195,2283.1355,2086.5806,2731.705,1514.8784,1802.9027,1593.2281,1311.4427,1662.2478,1861.1636,1623.8372,1307.4034,1950.8185,1853.63,2482.9998,2277.381,2581.4087,2214.3076,2288.208,2907.603,2713.6348,2102.151,2341.3438,2323.6597,
000000000000000000df_0,1771.4193,2413.3772,1980.1417,2020.7782,1946.4838,1528.3228,1978.9319,1438.9998,1502.5524,1299.4438,1628.9221,1575.7345,2253.4287,1606.4692,1781.6562,1765.4233,1420.3378,1816.5923,1846.2297,1994.747,1319.92,2088.808,2123.8745,2219.123,2220.4248,1773.3309,2264.454,2112.5586,2028.0476,3051.2524,1975.1934,1960.1001,2141.9778,
000000000000000000e0_0,1107.5579,1411.1562,1338.9855,1328.9803,1502.121,1227.347,1339.0435,1003.758,955.234,835.3172,974.375,1129.9908,1393.0002,1205.9546,954.9006,894.47,855.8496,1316.8894,849.89636,960.4028,656.8916,1328.2821,1257.4004,1448.135,1531.7562,1417.6714,1409.183,1638.8721,1465.9498,1434.4163,1253.4866,1206.6613,1278.6066,
000000000000000000e1_0,1426.966,1919.9021,1815.2506,1970.127,2058.2693,1720.4312,1793.0328,1424.2997,1384.6372,1179.0657,1302.9628,1766.313,1988.295,1621.942,1345.989,1170.9069,1241.4976,1634.677,1182.8086,1439.6486,1159.0426,1685.9973,1614.5267,1906.9443,2049.358,1749.7952,2048.997,2316.2703,1700.2717,1960.2227,1829.1296,1729.2787,1498.7434,
000000000000000000e2_0,1363.8309,1846.6758,1790.9915,1569.747,1528.923,1420.7573,1035.4338,1248.3601,942.3703,766.5631,1120.8365,899.2058,1313.4576,917.09106,986.71246,856.17444,808.5828,1353.6074,1067.118,1002.4064,696.1784,1568.126,1417.3295,1610.2521,1773.7089,1576.5552,1562.7023,1897.541,1449.7064,1584.0549,1368.6108,1343.6432,1580.6685,
000000000000000000e3_0,802.36725,1513.3921,1931.5337,1322.5231,1671.2336,1602.9065,1308.9731,1239.4207,1111.4562,486.16278,939.4046,1417.8933,1824.7882,1231.0762,1284.8022,1051.947,1222.4758,1567.273,1451.9622,1284.5491,943.567,1611.1582,1521.6605,1646.0192,1667.6201,2269.4944,1515.4631,1985.1307,1496.5706,1974.8936,1393.3754,1274.021,1420.1249,
000000000000000000e4_0,1366.354,1484.8656,1549.0728,1109.6606,1376.4276,1288.8672,1236.3932,965.64246,346.396,638.9081,719.4176,1154.768,1667.9847,1117.043,943.0104,792.0533,795.9387,1178.7281,1304.6329,1105.3008,732.8948,1404.3442,1044.332,1629.3308,1397.4233,1827.8477,1494.1016,1879.0286,979.7476,1163.0862,1285.9872,1112.6306,1249.3517,
000000000000000000e5_0,1430.1499,1243.2639,1598.886,1193.5225,1171.6876,1115.0239,1249.8037,929.2259,726.577,470.01282,710.5315,955.589,1492.9622,706.581,852.0296,655.4686,938.4582,1150.6882,1074.2898,1135.6664,796.6386,1068.5786,1150.0431,1642.9316,1162.3693,1305.8052,1397.8428,1440.0574,1401.0254,1377.7169,1124.6438,901.1339,1279.7401,
000000000000000000e6_0,2286.921,2596.5945,2024.3943,2255.7925,3073.8389,2555.4004,2657.809,2365.5723,2286.5432,2132.9326,2218.644,1628.583,2447.4546,1768.6477,1896.0247,1970.0076,1855.9294,1535.864,2019.9753,2648.8416,2112.8977,2337.2253,3000.7332,2420.9946,2594.079,3726.4336,3595.732,2541.5327,3103.6714,2688.0386,2063.457,2239.577,3076.147,
000000000000000000e7_0,1458.1959,2239.9858,1615.2827,1708.6556,1907.9543,1667.9633,1612.0793,1658.3118,1771.165,1642.4829,1507.6044,1306.6128,1948.2147,1693.1356,1702.5994,1850.0673,1946.6454,1489.7891,1761.642,1897.2438,1445.598,2021.185,2352.7087,1697.1461,2479.0254,2429.827,2529.273,2522.4048,2173.1172,1742.5933,1501.3339,1846.13,1949.6594,
000000000000000000e8_0,1857.4443,2078.0276,1997.0088,1989.6475,2319.729,2065.1843,2308.4475,1710.1768,1757.165,1775.0588,1629.1171,1635.3552,2117.33,1779.0676,1301.7546,1523.1063,1551.9127,1856.3323,1832.0717,1531.045,1684.3154,1715.5562,2182.6338,2451.224,2190.1619,2851.4226,3294.6528,2190.6895,2696.1133,2454.3862,2198.4316,1774.9641,2461.6216,
000000000000000000e9_0,1407.5713,1825.3187,2234.776,1975.1248,2402.0312,1681.4587,1837.5243,1427.7568,1395.5348,1455.5359,1285.1409,1560.7014,2120.7896,1631.6193,1651.6191,1755.3267,2120.0034,1810.7721,1749.4014,1497.1646,1425.0435,1773.6783,1817.4402,2103.66,1834.1941,2424.8604,2400.3298,2109.5173,2256.5825,2220.842,1567.0876,1761.2853,1972.4885,
000000000000000000ea_0,2797.6072,1912.0682,1704.083,1763.4625,1860.9382,1188.8857,1539.3789,907.268,915.5048,840.96375,1265.9663,1413.1266,2492.5977,1562.1237,1137.2246,1161.0775,1104.3925,1397.832,1716.1144,1155.2206,857.1256,1554.639,1513.2778,1653.9424,1766.6478,1703.6167,1756.2848,2186.5208,1755.2273,1700.9402,1236.4521,1236.206,1498.7001,
000000000000000000eb_0,1999.2653,2351.2368,1912.0862,2268.058,1751.9224,2647.2827,2158.518,1839.2498,1471.8503,1297.1302,1767.3738,2108.4246,1832.0634,1626.4629,1765.9944,1877.4026,1677.9441,1673.1384,1923.931,1759.2944,1486.2556,1453.487,2011.1111,2266.296,2100.168,2109.647,2085.125,1835.4379,1641.2849,2114.3643,2057.6924,2018.4316,1964.4507,
000000000000000000ec_0,1214.0114,1594.552,2080.9343,1786.1053,1812.0907,1244.321,2046.2612,1832.6572,1646.2485,1686.564,1435.7834,1893.2417,2047.6097,1573.2299,1635.609,1714.4489,1551.6338,1839.9746,1829.7355,1798.0201,1577.0162,1716.8585,2026.1708,1914.1667,2184.3157,2009.8986,2145.0503,1559.886,2054.2227,1774.3947,1654.1566,1820.6254,1627.3643,
000000000000000000ed_0,1687.165,1950.1729,1811.0759,2178.6028,1980.6292,1763.7996,1699.3464,809.3333,1525.4336,1667.0153,629.6999,2071.506,1543.7726,1410.5974,1828.8693,1101.0256,1391.7683,1548.2557,1800.6172,1506.393,1446.389,1255.3042,2062.6875,1672.0061,2344.5352,1953.3286,2458.521,2140.7104,2141.6667,2264.6924,1897.3525,2184.1294,1891.008,
000000000000000000ee_0,1514.1593,1781.783,1441.5947,1318.8796,1675.565,1558.5337,1383.6018,1338.1536,1315.5955,1089.0637,1659.1025,1499.3093,1939.9247,1264.6974,1086.0411,1315.3636,1217.405,1418.707,1168.002,1328.411,1022.2516,1479.4833,1774.1361,1902.6812,2071.9126,1813.76,1843.705,1656.419,2074.307,1887.5927,1586.5327,1609.2186,1517.7133,
000000000000000000ef_0,1508.6326,2028.1396,1979.8179,1830.1115,1807.1987,1717.6484,1808.8228,1691.6118,1705.5283,1327.8442,1579.7578,1679.3674,1890.6754,1526.533,1811.795,1671.0675,1547.2742,1922.6364,1881.5239,1823.0879,1411.6829,2042.5275,2082.5942,2305.1768,2258.7231,1833.226,2060.333,1689.5245,1789.6805,2087.5332,2655.627,2117.6838,1798.1635,
000000000000000000f0_0,1410.3965,2411.6018,2105.0132,2099.4219,2234.2102,2209.2207,1881.105,1792.531,1437.8997,996.3884,1517.2778,1882.3416,1992.4761,1721.4932,1581.7538,1656.4485,1543.11,1798.3787,2031.6384,1778.3644,1047.3947,1987.8389,2102.2144,2261.688,2435.3523,2492.7466,2011.7831,2334.1475,1916.3462,2801.185,2213.5466,1878.6228,2072.684,
000000000000000000f1_0,1509.5083,1771.481,2038.5698,2025.1329,1510.306,1800.3953,1610.0262,1532.3104,1554.9238,1464.3132,1570.617,1602.004,2086.6333,1400.315,1436.9104,1692.3379,1444.417,1566.1052,1532.9089,1604.8024,1419.1675,1509.6025,1897.1057,1663.7598,2220.374,1935.9502,2095.169,1693.1431,1696.1549,2245.6936,1855.5826,1882.3065,1851.5771,
000000000000000000f2_0,1384.8428,1882.2993,1676.115,1841.1469,1900.4669,2053.8235,1979.2168,1671.6788,1619.6516,1298.8414,1301.1594,1732.1582,2195.1648,1577.3806,1353.9878,1747.8315,1769.5178,1517.7451,1478.042,1629.3088,1486.543,1608.273,2039.7556,1775.4443,2236.282,2017.9465,2260.6807,1642.4977,1893.4734,1869.5084,2140.1514,1950.8868,1985.3832,
000000000000000000f3_0,1410.4064,2123.883,2009.3615,1738.8898,1827.6376,1881.9978,1594.0691,1545.3652,1470.9413,1336.6259,1555.1416,1670.7671,1527.043,1557.4949,1457.4576,1640.7057,1521.5563,1888.8088,1513.8281,1682.147,1486.5426,2153.6797,2210.5413,1694.5503,2298.356,1885.2883,2195.0552,1853.0186,1716.9294,2093.6372,2189.5164,2051.8608,1801.5863,
000000000000000000f4_0,1800.8827,2011.7202,1800.1545,1754.1067,2049.2754,2155.0356,1936.0558,1833.8293,1644.6913,1653.5643,1952.5768,2198.9204,2461.5386,1783.5378,1881.1215,1911.5295,1866.4773,2001.26,2119.7002,2539.0476,2041.342,2357.5688,2378.8704,2354.1619,2839.3608,2928.6694,2743.4263,1955.6378,1950.9199,2223.6187,2376.8423,1399.339,2207.2307,
000000000000000000f5_0,1471.7383,1713.8103,1960.1199,1556.8682,1914.7642,1781.3058,1499.63,1516.2727,1691.4836,1821.7046,1504.8535,1696.251,1659.2288,1684.48,1495.816,1854.7062,1424.8398,1672.792,1790.8354,1829.7684,1869.4918,2053.3337,2342.505,1504.1173,2627.8574,2302.131,2312.678,1459.4733,1723.149,1743.1486,1929.5873,1912.2386,1793.9808,
000000000000000000f6_0,1487.8448,1661.0375,1981.0024,1601.0559,1891.2808,1852.2461,1420.09,1417.9042,1544.5463,1844.6476,1483.5111,1563.3408,1518.1982,1291.3325,1337.7737,1537.1356,1293.3328,1326.3806,1536.1702,1550.1638,1489.7784,1809.2957,2001.2861,1481.0433,2296.1182,2188.7788,2131.6868,1407.7756,1781.4479,1592.3416,1735.7456,1652.3331,1491.5966,
000000000000000000f7_0,1471.4199,1609.6194,1854.829,1591.1533,1847.0824,1809.1937,1555.627,382.2844,535.74927,1115.8004,1076.0022,1606.2306,1597.4285,1069.8628,1118.3064,1134.2295,928.7384,1839.4547,1606.5759,1617.1226,1343.661,1400.656,1686.3804,1688.992,1935.8529,1195.6366,2550.6033,1477.5979,2115.6152,1586.3396,2032.9363,1732.9133,1581.7258,
000000000000000000f8_0,1208.7787,1556.4124,1697.7214,1750.9111,1850.6215,1884.7695,1706.9716,508.857,980.8883,1031.6292,934.4864,1456.0398,1872.9382,1251.1368,1336.0914,1285.9263,821.1016,1610.4977,1605.2249,1014.304,1336.5886,2146.7314,1703.1245,1710.4604,1997.7546,1648.6897,2114.0918,1635.22,2056.1711,2066.9304,1981.878,1566.5803,1907.0632,
000000000000000000f9_0,1806.3501,2301.12,1886.0928,1780.0205,1845.2888,1834.3188,1768.7916,1460.0607,1429.0049,1408.6711,1152.508,1417.509,2127.785,1513.4233,1505.7178,1499.0437,1562.5232,1601.1779,1528.0115,1591.6538,1271.397,1141.0361,1804.889,2055.1636,1956.0432,1607.5319,1770.892,1835.2039,2053.9778,1585.7734,1919.0845,1843.6741,1807.5515,
000000000000000000fa_0,1089.7783,1939.7365,1647.7184,1754.1788,1851.2563,1636.3888,1523.1772,1444.7626,1554.2397,1037.2438,1291.6315,1607.2708,1790.7782,1442.9934,1485.6715,1589.7983,1429.5177,1594.024,1668.1726,1575.7582,1427.0068,2083.326,1868.5857,1660.1605,2057.34,1624.9434,1869.3368,1654.3586,1694.4297,1494.7606,1510.8304,1823.7314,1520.8542,
000000000000000000fb_0,1447.9263,2155.0483,1905.9987,1860.336,1968.2657,1669.5548,1708.4271,1583.5536,1600.7379,1235.7236,1470.2487,1572.4697,1622.1938,1517.0966,1848.2065,1634.2158,1570.5139,1632.1718,1566.4983,1650.8549,1459.2408,1636.5874,1783.9215,1649.5511,2427.9443,1785.097,1985.5647,1752.8302,1832.4604,1445.6072,1757.4941,1972.4011,1862.4142,
000000000000000000fc_0,1625.0979,1736.1094,1839.5854,1657.4591,1402.9904,1564.3416,1327.4958,1615.2961,1358.1885,1369.4994,1427.0858,1323.6866,1743.5063,1498.8572,1477.7076,1490.2352,1472.7296,1541.3812,1686.4949,1515.864,1244.0388,1797.9231,1967.022,1750.1655,2214.906,1916.0138,1932.7365,1859.597,1558.9775,1853.6981,2109.474,1854.3987,1881.2595,
000000000000000000fd_0,2528.6196,2392.192,2228.7466,1983.4014,1943.8265,1955.2578,1643.153,1660.9294,1409.6312,1239.4298,1392.6842,1587.364,2289.624,1977.9078,1982.4307,1963.1705,1758.0774,1754.0446,1783.0797,1822.1472,1456.7498,2281.9658,2186.1836,2356.4946,2778.3557,2206.0444,2150.4622,2423.0322,1840.3357,2114.9746,2205.6997,2302.938,2382.922,
000000000000000000fe_0,1793.86,2252.7568,2069.6055,1983.5403,2154.0264,1932.6105,1794.8564,1900.9377,1526.0046,1498.4366,1802.9545,1402.3782,1737.3868,1534.2725,1752.6394,1601.8029,1585.678,1563.4751,1803.4138,1790.5564,1529.6199,1688.4081,2086.608,1992.6885,2208.434,1793.5715,2077.2979,2051.3706,2167.5054,2267.446,1911.0598,1978.2533,2320.707,
000000000000000000ff_0,-127.83446,-395.1759,-229.2298,-519.7355,-303.2364,-273.6173,-630.6803,-351.4619,-465.3568,-631.253,-556.6494,-585.0924,-258.47577,-577.5948,-514.2001,-468.3506,-578.401,-605.2906,-644.8917,-718.7608,-271.3096,-322.8667,-343.51334,-380.11707,-228.8052,-255.05765,-276.3262,-456.37543,-157.0834,-316.65665,-105.2175,-119.9899,-168.4701,
00000000000000000100_0,-132.0883,-445.5746,-257.17175,-534.1083,-346.2516,-228.0711,-658.9048,-360.83972,-408.7718,-682.5018,-533.8579,-540.8444,-203.9933,-626.483,-531.015,-417.414,-663.8501,-616.9249,-663.9602,-695.411,-259.3625,-313.6385,-333.8186,-385.13007,-223.183,-293.28638,-298.60468,-403.2632,-170.75961,-303.758,-128.3687,-109.1742,-189.19391,
