system:index,NIR,NIR_1,NIR_10,NIR_11,NIR_12,NIR_13,NIR_14,NIR_15,NIR_16,NIR_17,NIR_18,NIR_19,NIR_2,NIR_20,NIR_21,NIR_22,NIR_23,NIR_24,NIR_25,NIR_26,NIR_27,NIR_28,NIR_29,NIR_3,NIR_30,NIR_31,NIR_32,NIR_4,NIR_5,NIR_6,NIR_7,NIR_8,NIR_9,.geo
00000000000000000000_0,344.0,499.0,233.5,481.0,327.0,272.0,453.0,217.0,203.5,281.5,310.0,296.0,317.0,315.0,290.5,265.0,387.5,306.5,420.0,371.0,323.0,115.0,158.0,370.0,94.0,102.0,130.0,316.5,286.0,382.0,601.0,597.5,271.0,
00000000000000000001_0,388.0,405.0,323.5,517.0,329.0,269.0,413.5,233.0,241.0,348.0,288.0,303.0,639.0,298.0,281.0,250.5,330.0,335.5,411.0,336.5,156.5,91.0,139.0,331.0,92.0,103.0,97.5,268.0,268.0,292.0,612.0,651.0,286.0,
00000000000000000002_0,3028.0,3152.0,3012.0,2964.0,3057.0,3171.0,3093.0,3397.0,3178.0,3121.0,3083.0,3252.5,2876.0,3082.0,2931.0,3058.5,2983.0,3045.0,3055.0,2987.0,3134.0,3351.0,3477.0,3256.0,4028.0,2474.5,4045.0,3701.0,3091.5,3366.0,3088.0,3118.0,3172.0,
00000000000000000003_0,2858.0,3231.0,3262.0,3127.0,3192.0,3701.0,3666.0,4007.0,3636.0,3249.0,3451.5,3103.0,3934.0,3257.5,2945.0,3106.0,2900.0,2801.0,3488.5,2925.0,4061.0,3471.5,3395.0,3263.0,3138.5,3169.5,3668.0,3205.0,3349.0,3543.5,3383.5,3303.0,3568.0,
00000000000000000004_0,2862.0,3303.0,3036.5,3342.0,3209.0,3444.0,3164.0,2999.5,2883.0,2497.5,2821.0,3306.0,3289.0,3789.0,3453.5,3543.0,4009.0,3486.5,3424.0,3035.5,3540.0,4011.0,4084.0,3244.0,3564.5,3539.0,3487.0,3234.0,3408.5,3099.5,3175.0,3209.5,3181.0,
00000000000000000005_0,2989.5,2750.0,3127.0,3199.0,2856.0,3118.0,3241.0,3123.0,3205.0,3164.0,2842.5,2980.5,3071.0,3093.0,3110.0,2787.0,2764.0,3153.0,2852.5,2999.0,2766.0,3262.0,3189.0,2974.0,3318.0,3342.0,3329.0,3127.0,2620.0,2739.0,2635.0,2827.5,2925.5,
00000000000000000006_0,3055.0,3448.5,3255.0,3048.0,2974.0,2892.5,2595.0,3137.5,2978.5,2997.0,3172.5,2988.0,3060.0,3102.0,3369.5,3080.0,2953.0,3052.5,2812.0,2783.0,2675.0,2917.0,3470.0,3138.0,3245.0,3466.5,3347.0,3207.0,3305.0,3253.0,3127.0,2563.5,2838.0,
00000000000000000007_0,3359.5,4247.0,3644.5,3282.5,3692.0,3639.0,3774.0,3984.0,3780.5,3525.0,3381.5,3226.0,3709.0,3722.0,3372.0,3622.0,3536.0,3947.0,3664.0,3560.0,4016.0,3940.0,3881.0,3525.0,4037.0,3584.5,3755.0,3847.0,4136.5,3980.5,3604.5,3663.5,3803.0,
00000000000000000008_0,3169.0,3336.0,2467.0,2460.0,2435.0,2088.5,2394.5,2129.0,2409.0,2766.0,3252.0,3025.0,3109.0,2834.0,3096.0,3106.5,3293.5,3178.0,3413.0,3310.5,3016.5,3431.0,3595.5,3267.0,3920.0,3387.5,3736.0,2884.0,3090.0,2732.0,2532.0,2757.0,2453.0,
00000000000000000009_0,2487.0,3084.0,2867.0,3155.5,2882.0,3681.0,3266.0,3032.0,3163.0,3094.0,3205.5,3002.0,2902.0,3117.0,3474.5,3276.0,2923.5,3627.0,3499.0,3569.5,3367.0,3655.0,4183.0,3053.0,4256.0,3314.0,3987.5,3032.0,2864.0,3138.0,2837.5,3269.5,3014.0,
0000000000000000000a_0,3105.0,3427.5,3060.0,2780.5,2605.5,2506.5,2422.5,2625.0,2707.5,2561.5,2730.0,2699.0,3294.5,2675.0,2584.0,2535.0,2569.5,2620.0,2438.0,2649.0,2613.0,2889.5,3013.0,3438.0,2955.0,2926.0,3051.5,3275.0,2537.0,2917.5,3040.0,2691.0,2821.0,
0000000000000000000b_0,2855.0,2983.0,2383.5,2884.0,2524.0,2728.0,2879.0,2710.0,2688.5,2738.0,2708.0,2802.5,3071.0,2754.0,2433.0,2407.0,2585.0,2547.5,2515.0,2558.5,2464.0,2535.0,2772.5,3016.0,2926.0,2866.5,2799.5,2498.0,2571.5,2594.5,2576.0,2573.0,2454.0,
0000000000000000000c_0,3316.5,3443.0,3194.0,3047.0,2924.0,3440.0,3233.0,3493.0,3454.0,3224.0,3364.0,3154.0,3367.0,3147.0,3198.0,3222.5,3168.0,3069.0,3339.0,3290.5,3125.0,3266.5,3707.5,3346.0,3808.0,3294.0,3739.5,3151.0,3429.0,3176.0,3178.5,3615.0,3252.0,
0000000000000000000d_0,3122.5,3343.5,3646.0,3159.0,3176.0,3500.5,3538.5,3589.0,3506.0,3352.0,3360.0,3352.0,3819.0,3871.5,3220.0,3385.0,3472.0,3702.0,3598.0,3409.0,4028.0,3982.5,4108.0,3564.0,4377.0,3963.0,4316.0,3309.0,3459.5,3453.5,3835.5,3626.5,3444.0,
0000000000000000000e_0,2940.0,3664.5,3006.5,2888.0,2875.5,2719.5,2880.0,3095.0,3108.0,3632.5,2996.5,2847.0,3252.0,2737.0,2752.0,2862.0,2684.5,2992.0,2737.0,2847.0,2759.0,3086.5,3226.5,3403.0,3319.0,3256.0,3276.5,3144.0,3122.0,3226.0,3357.0,2996.0,2984.0,
0000000000000000000f_0,3081.5,3650.0,3695.0,2392.0,2765.5,2773.0,3071.0,2975.0,4072.0,2855.0,3510.0,3227.0,3470.0,2270.0,3058.0,3179.0,2943.0,3401.0,3220.0,3272.0,3374.0,3787.0,3998.0,3532.0,3901.0,3737.0,3862.0,3576.5,3504.5,3578.0,3297.0,3152.5,3172.5,
00000000000000000010_0,3178.0,2845.0,3140.0,3036.0,3418.0,3162.0,3017.0,3039.5,3078.0,3061.0,2884.0,3163.5,3097.0,3161.0,3068.0,2886.0,2887.0,3474.0,3029.5,2933.0,2847.0,3426.0,3277.5,2923.0,3255.5,3752.0,3335.0,3162.0,2710.0,3145.0,2968.0,2774.0,2844.0,
00000000000000000011_0,2384.0,2911.0,2833.0,2759.0,2732.5,2919.0,2830.0,2826.5,2764.5,2754.5,2694.0,3087.5,2739.0,2696.5,2862.5,2834.0,2910.0,2798.5,2720.0,2831.0,2814.5,2694.0,3003.5,2983.5,3107.0,2931.0,2949.0,2943.0,2945.5,2973.0,3408.0,3045.0,2973.5,
00000000000000000012_0,3722.5,4196.5,4422.0,3576.0,3657.0,3835.0,3490.5,3783.0,3783.5,3865.0,3424.0,3576.0,4460.0,3529.5,3485.0,3740.0,3696.0,3787.5,3519.5,3765.0,3419.0,4337.0,4000.5,3659.0,4220.5,4223.5,3778.5,4271.5,3808.5,3801.0,4072.0,3876.0,3243.0,
00000000000000000013_0,2930.0,3255.0,2262.5,3331.0,3168.5,3262.0,3034.0,3196.0,3186.0,3129.0,3055.0,3384.5,3623.0,3037.0,3231.0,3108.0,3072.0,3216.0,3253.0,3143.0,3038.0,3467.0,3390.5,3902.0,3553.5,3359.0,3213.0,3584.5,3199.0,4064.0,3663.0,3347.0,3127.0,
00000000000000000014_0,2912.5,3207.0,2186.0,3025.0,2895.0,3255.0,2989.0,3117.0,2965.5,2872.5,2902.5,3109.5,3402.0,2925.0,3024.0,2853.0,3036.5,3193.0,3105.5,2947.0,2937.5,3355.5,3359.0,3531.0,3427.0,3334.5,3300.0,3636.0,3013.5,3523.0,3522.5,3054.0,3099.0,
00000000000000000015_0,3615.0,3791.5,3730.0,3658.0,3547.0,3713.0,3611.5,3574.0,3327.5,3356.5,3326.0,3742.5,4238.0,3709.0,3371.0,3517.0,3599.0,3598.0,3696.0,3453.0,3546.0,3700.0,3575.0,3657.0,4017.0,3729.0,3804.0,4031.0,3465.0,3597.0,3529.5,3444.0,3525.0,
00000000000000000016_0,3327.0,3683.0,3201.0,3375.5,3334.0,3421.0,3749.0,3764.0,3862.5,3574.0,3512.0,3341.0,3112.0,3304.0,3341.0,3349.0,3276.5,3352.0,3418.0,3424.0,3422.0,3264.0,3927.0,3037.0,3772.5,3584.0,3453.0,2959.0,3394.0,2934.0,3476.0,3605.0,3310.0,
00000000000000000017_0,2809.0,3191.0,2844.0,2708.0,2826.0,2689.5,3041.0,2993.0,3047.0,3225.0,3076.0,2972.0,2753.0,3016.5,2871.5,2948.0,2883.0,3100.0,2877.0,2887.5,2980.0,3354.0,3409.0,2928.0,3431.0,3549.5,3527.0,2659.5,3037.0,2721.5,3018.0,3076.0,2816.5,
00000000000000000018_0,3102.0,3008.0,3237.0,3167.5,3117.0,3444.0,3299.0,3054.0,3181.0,3418.5,3016.0,3331.0,3490.0,3107.0,3075.5,3045.5,3204.0,3538.0,3161.0,3185.5,3184.0,3293.0,3488.5,3632.0,3605.0,3861.0,3777.0,3561.0,3269.5,3362.0,3194.0,3457.0,3389.5,
00000000000000000019_0,2784.5,2546.5,2225.0,2455.0,2425.0,2677.0,2596.0,2421.5,2431.0,2516.5,2357.0,2586.0,2794.5,2710.0,2600.5,2543.0,2498.0,2591.0,2577.5,2519.0,2652.0,2806.0,2584.0,2818.0,2895.0,3040.5,2855.0,2812.0,2384.0,2413.5,2478.0,2172.0,2404.0,
0000000000000000001a_0,2565.0,2927.0,2937.0,3398.0,3533.5,3339.0,3436.0,3594.5,3718.5,3511.0,4205.0,3850.0,2867.0,3716.5,3807.0,3838.0,3954.0,4063.0,4162.0,3737.5,3805.0,3592.0,3956.5,3198.0,3909.5,3722.5,4087.0,3763.5,3806.0,3864.0,3560.0,3541.0,3270.0,
0000000000000000001b_0,2964.5,2839.0,2888.0,3203.0,3140.0,2766.0,3091.0,2937.0,2641.0,2835.0,2768.0,2810.0,3049.0,3061.0,2791.0,2903.0,2814.5,2753.5,3719.0,2638.0,2916.0,3440.0,3079.0,2772.0,3307.5,3223.0,3268.0,2937.5,2711.0,2913.5,3347.0,3159.0,2955.5,
0000000000000000001c_0,2799.0,3033.0,3071.5,3029.0,3320.0,2963.5,3104.0,2946.0,2646.0,3334.5,2990.0,2835.5,3033.0,2907.5,2970.5,2796.0,2799.0,3121.0,3107.0,2981.5,3241.5,3372.5,3232.0,3013.0,3377.0,3467.5,3387.0,3136.0,3067.0,3149.0,3421.0,3266.0,2954.5,
0000000000000000001d_0,2923.5,2660.0,2830.5,2624.0,2868.0,2574.0,3005.5,2449.0,2445.0,2675.5,2794.0,2996.5,2817.0,2760.0,2536.5,3010.0,2508.0,2710.0,2648.0,2712.0,2607.0,2568.5,2876.0,2690.0,2921.0,3068.5,3371.0,3184.5,2613.0,3168.5,2775.5,2507.0,2617.5,
0000000000000000001e_0,3182.5,3093.0,3355.0,3067.0,3051.0,3241.5,2983.5,3106.0,2999.5,3016.0,2952.0,3159.0,3284.0,3354.5,3160.0,3129.0,3008.0,3624.0,3679.5,2906.5,3503.0,3648.0,3482.5,3193.0,3660.0,3627.0,3116.0,3044.5,3077.0,2984.0,3126.5,2777.0,2771.5,
0000000000000000001f_0,3340.5,3042.0,3019.0,3235.0,3602.0,2981.5,3135.5,3331.0,2964.0,3062.0,3380.5,3177.0,3307.0,3416.0,3304.0,3303.0,3299.0,3544.0,3728.0,2995.0,3422.5,3572.0,3911.0,3414.0,3905.5,3930.0,3913.0,3237.5,2784.0,4219.0,2949.0,3023.5,3012.5,
00000000000000000020_0,3310.0,3304.0,3351.5,3288.0,3421.0,3003.0,3189.0,2985.0,3178.0,3507.5,3330.5,2960.5,3165.0,3005.0,2859.0,2681.0,2781.0,3306.0,3688.0,2820.5,2798.0,2948.0,2892.0,3061.0,3202.0,3651.0,3759.0,3345.5,3513.0,3591.0,3387.0,3567.0,3562.5,
00000000000000000021_0,2972.0,2833.0,3040.5,2809.0,3179.5,2861.5,2927.5,3247.0,3031.0,3508.0,3428.0,2958.0,2888.5,2931.0,3155.0,2600.0,2459.0,3118.0,3535.0,3089.0,2665.5,2944.0,2833.0,2897.0,3431.0,3897.5,3190.0,3036.5,3187.0,3169.0,3530.5,3257.0,3106.0,
00000000000000000022_0,3008.0,3216.0,3181.0,2760.0,2843.0,2902.5,3130.5,2816.0,2783.0,3040.0,3138.5,3167.0,3349.0,3273.0,3007.0,3290.0,3194.5,3446.5,3727.0,2871.0,3043.0,3318.0,3406.0,3284.0,3442.0,3560.5,3441.0,3373.5,3267.5,3172.0,2857.5,3440.0,3106.5,
00000000000000000023_0,4341.5,3777.0,4053.0,3666.5,3684.0,3862.5,3718.0,3778.0,3338.0,3625.0,3265.0,3269.0,4297.0,3208.0,3276.0,3175.0,2943.0,2694.0,3680.0,3458.5,3119.0,4228.0,3417.5,3575.0,4209.0,3629.0,4241.0,3873.0,4293.0,4424.0,4348.0,3320.0,3527.5,
00000000000000000024_0,3586.0,2814.5,3162.0,2897.5,2793.0,1989.0,3143.5,3187.0,3103.0,2916.0,3047.0,2481.5,2849.0,2275.0,2626.0,2734.0,1851.0,2694.0,2784.5,2841.5,2714.0,3488.0,3221.0,3101.0,3630.5,3773.0,3566.5,3403.0,3584.0,2248.5,2691.0,2988.5,3064.0,
00000000000000000025_0,2743.0,2840.5,2977.0,2660.0,2632.5,2353.0,2754.0,2648.0,2731.0,2851.0,2837.5,2482.0,2784.0,2409.5,2231.5,2256.0,2340.0,2192.0,2747.0,2050.0,2371.0,2643.0,2441.5,2557.0,2413.0,2696.0,2743.5,2930.0,2157.0,2409.0,2906.0,2738.5,2743.0,
00000000000000000026_0,3628.5,3220.0,3217.0,3253.0,3607.0,2993.0,3847.0,3075.5,2927.0,3131.0,3129.0,3295.0,3423.5,3414.0,3076.5,3173.0,2991.0,3495.5,3318.0,2969.0,3459.0,3927.5,3688.0,3107.0,3460.0,3482.0,3538.0,3648.0,2988.0,3512.0,3370.5,3487.0,3203.5,
00000000000000000027_0,3047.5,3028.0,3266.0,3300.5,3711.0,2918.0,3094.5,3175.0,2718.0,2999.0,2906.0,2319.5,3511.0,3340.0,2927.0,3158.0,2871.5,3066.0,3190.5,3011.5,2887.0,3774.0,3350.0,2953.0,3898.0,3680.5,3668.0,4274.5,3338.0,3447.0,3143.0,3068.0,3003.0,
00000000000000000028_0,3202.5,3511.0,3166.5,2942.0,3143.0,2967.0,2951.5,3361.0,2888.0,3461.0,3584.5,3142.0,3245.5,2948.0,2930.0,3106.0,2262.0,3437.0,3459.0,3445.0,2931.5,4087.0,3458.5,3143.0,3509.5,3074.0,3460.0,3734.5,3293.0,3398.5,2941.5,2474.5,2994.5,
00000000000000000029_0,3183.0,3760.5,3425.0,3553.0,4430.0,3153.0,3288.0,3668.0,3439.0,3520.0,3464.0,3232.5,3392.0,3332.0,3257.5,3603.0,3295.0,3171.0,3469.0,3471.5,3635.0,4363.0,3902.5,3315.0,4019.5,3986.0,3998.0,3623.5,3581.0,3697.0,3237.0,3229.0,3736.5,
0000000000000000002a_0,2855.0,2836.5,3020.0,2844.5,3339.5,2527.0,2649.0,2786.0,2777.0,2912.0,2897.0,2753.0,2797.0,2904.5,2908.5,2958.0,2895.0,2735.5,2921.0,3015.0,3071.0,3347.0,3305.0,2786.0,3503.0,3626.0,3491.0,3147.0,3121.0,3185.0,2744.5,2916.5,3072.5,
0000000000000000002b_0,2768.0,3299.5,3015.0,3064.0,3316.0,2832.0,3315.0,3213.0,3634.0,3612.5,3430.0,3290.5,3145.0,3396.5,3298.5,3410.0,3432.0,3387.5,3701.0,3365.5,3373.0,3478.0,3475.5,2967.5,3831.5,3850.0,3769.0,3196.0,3432.0,3056.5,3096.5,3094.0,3417.5,
0000000000000000002c_0,2918.0,3393.5,3512.0,3164.0,3734.5,3734.5,3600.5,3826.0,3959.0,4049.0,3996.0,3768.0,3923.0,3642.5,3798.0,4047.0,3558.0,3731.0,4098.0,3727.0,3879.0,4117.0,4263.0,3015.5,3918.0,4237.0,4105.0,3911.0,4152.0,3679.0,3462.0,3171.5,4028.5,
0000000000000000002d_0,3304.0,3756.0,4616.0,2941.0,3377.0,3477.5,3353.5,3358.0,3486.0,3371.0,3467.0,3465.0,3873.0,3328.0,3153.5,3249.0,3329.0,3376.0,3571.0,3547.0,2919.0,2790.0,3545.0,3611.0,3538.0,3475.0,3288.5,3610.0,3790.0,3544.0,3493.0,4018.5,2939.0,
0000000000000000002e_0,3206.5,3755.0,3262.0,3386.0,3136.5,3355.5,3493.0,3395.0,3040.5,3380.0,3317.0,3151.0,3623.5,2786.0,3213.0,3170.0,3174.0,3193.5,3206.0,3309.0,3545.0,3476.5,3686.0,3415.5,3840.0,3444.0,3595.0,3287.5,3214.0,3355.5,3529.0,3365.0,3103.0,
0000000000000000002f_0,3104.0,3446.0,3262.0,3132.0,3056.0,2527.0,3386.0,3980.0,3711.5,3097.0,4010.0,3268.0,3592.5,3169.0,3236.0,3230.0,3005.0,3191.5,3102.5,3137.0,3470.5,3580.0,3707.0,3312.0,4502.0,3465.5,3678.5,3135.0,3775.5,3215.0,3826.0,3481.5,3281.5,
00000000000000000030_0,3000.5,3210.0,3037.0,2708.0,2799.0,2830.5,2675.0,2907.0,2801.0,3358.0,2940.0,2615.0,3211.0,2859.0,2814.0,2909.0,2678.0,2881.0,2897.0,2975.0,3268.0,3091.5,3148.5,3116.0,3693.5,3341.5,3471.0,3448.0,2944.0,2818.0,3258.0,2717.0,2931.0,
00000000000000000031_0,2852.0,3057.0,3062.5,2872.0,3147.0,3136.0,3221.0,3069.5,3041.5,3174.0,3207.0,3083.0,3084.0,3062.5,3345.0,3340.0,3242.5,3189.0,3302.5,3283.0,3436.5,3226.0,3313.5,3145.0,3526.0,3129.0,3381.0,2986.0,3079.0,2793.0,3074.0,2945.0,2934.0,
00000000000000000032_0,2819.0,3080.0,2781.5,2415.0,2931.0,2861.0,2750.5,3011.0,2928.0,3363.5,3013.0,2590.5,3070.5,2971.0,2705.5,2902.0,2645.0,2702.0,2646.0,2810.0,3056.0,3121.0,3310.0,3067.0,3541.0,2947.0,3192.5,3062.0,2873.0,2540.0,2892.0,2839.0,2619.0,
00000000000000000033_0,3047.0,3408.0,3714.5,3816.5,3657.0,3881.5,3823.5,3361.0,3351.0,3271.0,3404.5,3632.0,3795.0,3509.0,3448.0,3149.5,3461.0,3564.5,3564.0,3357.0,3693.0,3548.0,3544.5,3827.0,3872.0,3533.0,3632.0,4040.0,3527.0,3797.0,3691.0,3586.0,3715.0,
00000000000000000034_0,3341.5,3433.0,3561.0,3232.5,2780.0,2940.5,3424.0,3246.0,3505.0,3503.0,3343.5,3235.0,3485.5,3147.5,2930.0,3292.0,3175.0,3126.0,2989.5,3529.0,3532.0,3583.0,3619.5,3424.5,4233.0,3856.5,4201.0,3149.0,3668.0,3163.0,3637.0,3163.5,3227.0,
00000000000000000035_0,3386.0,3220.0,3355.0,3016.0,3319.0,3220.0,3389.0,3311.0,3290.0,3674.5,3469.0,3110.0,3051.5,3268.5,3299.5,3506.0,3573.5,3227.0,3302.5,3548.5,3593.5,3581.5,4137.0,2886.0,4048.0,3589.5,3770.0,2697.0,3477.0,3378.0,3294.5,3247.5,3082.0,
00000000000000000036_0,2365.0,3289.0,2980.0,2795.0,3014.0,3228.0,2945.5,2977.0,3225.0,3126.0,3218.0,3268.0,3005.0,3241.0,3360.0,3362.0,3323.0,3484.0,3434.0,3641.0,3337.0,3475.5,3783.0,3147.5,3956.0,3563.0,3771.5,3332.0,2748.0,3779.0,3139.0,2895.0,2757.5,
00000000000000000037_0,2161.5,3196.0,2767.0,2771.5,2924.0,3126.5,3165.0,3038.0,3254.0,3117.0,3395.0,3192.5,2874.5,3420.0,3481.5,3505.0,3327.5,3519.5,3301.0,3546.0,3584.0,3480.0,3604.0,3137.0,3729.5,3636.0,3946.0,3074.5,2443.0,3668.0,3029.0,2707.0,2629.5,
00000000000000000038_0,348.0,419.0,297.0,479.0,322.0,302.5,447.0,234.0,213.5,283.0,314.0,335.0,324.0,314.5,304.0,281.5,363.5,315.0,324.0,310.5,185.5,90.0,151.0,525.0,102.0,120.0,103.0,321.0,267.0,322.0,540.0,680.0,305.5,
00000000000000000039_0,316.0,557.0,304.0,558.0,310.0,285.0,442.0,174.0,212.0,316.0,281.0,333.5,324.5,315.5,283.0,263.5,377.0,305.0,351.5,363.0,163.0,90.0,144.5,468.0,123.0,99.5,102.0,256.0,269.0,333.5,568.0,513.0,272.0,
0000000000000000003a_0,283.0,516.5,329.5,495.0,311.0,248.0,493.0,211.0,217.0,323.0,272.5,329.0,346.0,335.0,267.0,264.0,364.0,304.0,318.0,315.0,173.5,89.0,122.0,471.0,104.0,99.0,103.0,324.0,272.0,312.5,572.0,680.0,239.0,
0000000000000000003b_0,260.0,501.0,296.0,535.5,323.0,316.0,517.0,232.5,233.0,327.5,283.0,392.0,375.5,370.0,302.0,261.0,390.0,305.0,354.0,316.5,178.0,94.0,139.0,526.0,126.0,102.5,102.5,324.0,269.0,353.0,591.0,792.0,307.0,
0000000000000000003c_0,271.5,474.0,736.0,549.0,349.0,271.0,491.5,220.0,243.0,314.0,248.0,333.0,387.0,316.0,312.5,265.0,344.5,307.0,373.0,357.0,221.0,84.0,140.0,487.5,103.0,124.0,107.0,325.0,264.0,325.0,574.0,901.5,292.0,
0000000000000000003d_0,292.0,386.0,268.0,523.0,350.0,290.0,491.0,222.0,222.5,339.5,299.0,374.0,368.5,351.0,279.0,271.0,378.0,296.0,369.5,331.5,197.0,86.0,128.0,448.0,112.0,106.0,117.0,263.0,271.0,325.0,574.0,673.0,333.5,
0000000000000000003e_0,278.0,455.0,300.0,472.5,372.0,262.5,477.0,255.0,243.5,305.5,316.0,327.0,596.0,316.0,289.0,281.5,353.5,307.0,353.0,321.5,200.0,100.0,138.0,414.0,120.0,102.0,103.0,298.0,309.0,336.0,588.0,580.5,250.0,
00000000000000000040_0,3098.0,3425.0,3274.0,3204.0,3352.0,3392.0,3451.0,3563.0,3524.0,3863.0,3485.0,3107.5,3354.0,3352.0,3268.0,3392.0,3064.5,3099.0,3501.0,3628.0,3347.5,3938.0,3838.0,3431.5,3815.0,4170.0,3789.0,3779.0,3790.5,2827.0,3820.0,3723.0,3500.0,
00000000000000000041_0,3341.0,2838.0,3289.0,3245.0,3497.0,3361.0,3266.0,3112.0,3632.0,3789.5,3434.0,3281.0,4210.0,3756.0,3482.0,3537.0,3153.0,3344.0,3552.0,3486.5,3863.0,4030.0,4146.0,3051.0,4186.0,4714.5,3937.0,3395.0,3564.0,2729.0,3177.0,3589.0,4051.0,
00000000000000000042_0,2997.0,3305.0,3356.0,3094.0,3245.0,3124.0,3165.0,3158.5,3122.5,3492.0,3560.0,3332.0,3428.0,3463.0,3280.0,3310.0,3545.0,3494.0,3474.0,3210.0,3234.0,3646.5,3594.0,2998.0,3648.5,4009.0,3618.5,2852.0,2085.0,2620.0,3560.0,3488.0,3145.0,
00000000000000000043_0,3582.0,3682.5,3511.5,3629.5,3802.0,3350.5,3702.5,2945.0,3160.5,3346.0,3567.0,3137.0,3292.0,3441.5,3566.0,3526.0,3407.5,3863.0,4037.5,3155.0,3228.5,3766.0,3740.5,3555.0,4063.5,4059.0,3887.0,3807.5,3444.0,3611.0,3394.0,3685.5,3230.5,
00000000000000000044_0,2985.0,3340.0,2990.0,3254.5,3494.5,3283.0,3417.0,3169.0,2912.0,3112.0,3513.0,3184.0,3278.0,3084.5,3208.0,2811.0,3606.0,3198.0,3648.0,2769.0,3096.0,3483.0,3423.0,3312.0,3655.0,3396.0,3432.0,3304.5,3360.0,3334.5,3220.0,3519.0,3423.0,
00000000000000000045_0,2645.0,3268.0,2777.0,3228.0,3662.0,3542.5,3099.5,2787.0,3120.0,3962.5,3476.5,3264.0,3024.0,3710.0,2691.0,3055.5,3374.0,3621.0,3976.5,2744.0,3629.0,3535.0,3425.5,3881.0,3474.0,3386.0,3459.5,3459.5,3264.5,3528.0,3219.0,3522.0,3713.0,
00000000000000000046_0,3645.5,3346.5,3175.0,3623.0,3522.0,3274.0,3343.0,3382.0,3651.0,3943.0,3578.0,3527.5,3052.0,3638.0,3740.0,2575.5,4318.5,4067.5,3684.0,2882.0,4365.0,3528.0,3541.0,3580.5,3989.0,4433.0,3926.0,4294.0,3214.0,3714.0,3778.0,3982.0,3498.0,
00000000000000000047_0,2254.0,3061.5,2028.5,2329.0,2155.0,2359.0,2464.0,2684.5,3027.0,2976.0,2877.0,2716.0,3580.5,2787.0,2831.0,3001.0,2880.5,2843.0,3190.5,2842.0,2833.5,2987.0,2553.5,3479.0,2763.0,3031.0,3097.0,2918.5,2897.0,2343.0,2744.0,2363.0,2280.0,
00000000000000000048_0,1784.0,1797.0,2904.0,2667.0,2434.0,2546.0,2334.5,2217.0,2600.0,2816.5,2752.0,2789.0,2245.0,2755.5,2963.0,2987.0,2960.0,3070.0,3515.5,3408.0,3408.0,3599.0,3595.0,2444.0,3507.0,3426.0,3555.5,2560.0,2559.0,2840.0,3348.0,3081.0,2933.0,
00000000000000000049_0,3540.0,3670.0,3201.0,3078.5,3076.0,3562.5,3323.0,3353.0,3213.0,3354.0,3209.0,3182.0,3363.5,3100.0,3334.0,3077.0,3182.0,3433.0,3061.5,3154.0,3131.0,3158.0,3954.0,3226.0,3626.0,3172.0,3322.0,3332.0,2896.0,3065.0,3172.0,3228.5,3357.0,
0000000000000000004a_0,3347.0,3484.0,3250.0,3084.0,2731.0,3374.0,3470.5,3263.0,3295.5,3203.5,3076.0,3217.0,3792.0,3232.5,3228.0,2946.5,3387.0,3344.0,3054.0,3111.5,3058.0,3211.5,3799.0,3133.0,3593.0,3109.0,3255.0,3150.0,3108.0,3159.0,3071.0,3299.5,3249.5,
0000000000000000004b_0,2973.5,3106.0,2611.0,3069.0,2744.0,3226.0,3366.0,3144.0,2962.0,2686.0,3224.5,2688.0,3142.0,2876.0,2825.0,2740.0,2664.0,2619.0,2493.0,2695.0,3055.0,3283.5,3449.0,3215.0,3536.0,3146.0,3388.0,2769.0,2468.0,3111.0,2917.0,3034.5,3099.5,
0000000000000000004c_0,3340.5,3593.5,3598.0,3362.5,3096.5,3436.0,3414.0,3246.5,3368.0,3462.0,3016.0,3069.0,3630.0,3125.0,3262.5,3333.5,3313.5,3327.0,3046.0,3177.0,2814.0,3544.5,3471.5,3298.0,3561.0,3082.5,3901.0,2950.5,3080.0,3415.0,3262.5,3504.0,3435.5,
0000000000000000004d_0,2596.5,2862.0,3285.0,3055.5,2899.5,3226.0,3382.0,3277.5,3167.0,3461.0,3302.0,3343.0,3434.0,3243.0,3343.0,2984.0,3449.5,3258.5,3020.5,3055.5,2846.0,3730.0,3443.5,3090.5,3629.5,3050.5,3335.0,3320.5,2959.0,2872.5,3179.0,3149.0,3139.5,
0000000000000000004e_0,3193.5,3533.0,3441.0,3311.0,3218.0,3279.5,3540.0,3397.5,3361.0,3551.0,3443.0,3164.5,3423.0,3298.0,3267.0,3051.5,3377.0,3285.0,3224.0,3321.0,3325.5,3721.0,3530.5,3355.0,3811.0,3452.0,3794.0,3301.0,3801.0,3279.5,3486.0,3437.0,3463.0,
0000000000000000004f_0,3652.0,3517.0,3537.5,3259.5,3303.0,3483.0,3399.0,3552.0,3513.0,3547.5,3329.0,3211.0,3547.5,3150.0,3125.0,3161.0,3224.0,3180.0,3103.5,3236.0,3139.0,3771.0,3358.0,3379.0,3647.5,3277.0,3418.5,3437.0,3468.0,3193.5,3381.0,3602.0,3476.5,
00000000000000000050_0,3686.0,3874.0,3727.0,3187.0,3189.0,3458.0,3430.0,3850.0,3079.0,3029.0,3081.0,3104.5,4160.0,3214.5,3166.0,3185.0,3373.0,3148.0,3048.5,3176.5,2734.5,3491.5,3474.5,4033.0,3475.0,3020.0,3765.0,3189.0,3473.0,3364.5,3578.5,3545.0,3461.0,
00000000000000000051_0,3096.0,3376.0,3000.5,3339.0,3292.0,3658.0,3578.5,3577.0,3365.0,4130.0,3703.0,3320.0,3090.0,3449.0,3439.5,3440.0,3221.0,3287.0,2931.0,3579.0,3362.0,3590.0,3947.5,3258.5,3998.0,3506.5,4211.5,3219.0,3339.0,3372.5,3341.0,3348.0,3111.0,
00000000000000000052_0,3594.0,3564.0,3002.0,3336.0,3326.0,3587.0,3640.0,3504.0,3391.5,3846.0,3485.0,3549.0,3348.0,3750.5,3556.0,3436.0,3282.0,3324.0,3495.5,3560.0,3497.5,2979.0,3874.5,3649.0,3697.5,3654.5,3823.0,3070.0,3565.0,3543.0,3747.0,3396.5,3436.5,
00000000000000000053_0,3299.0,3638.0,3198.0,3581.5,3494.0,3630.5,3705.0,3639.5,3418.0,4167.0,3861.0,3873.5,3629.0,3427.0,3382.5,3384.5,3553.0,3532.0,3581.0,3562.0,3509.5,3506.0,3480.0,3705.0,3914.0,3638.0,3519.0,3509.0,3714.0,3863.0,3484.0,3760.5,3742.5,
00000000000000000054_0,3340.0,3257.0,2999.0,3218.0,3329.0,3229.0,3716.0,3435.0,3155.0,3048.0,3326.0,3139.0,3315.5,3386.0,3255.0,3257.5,3274.0,3422.5,3443.0,3915.0,3758.0,3583.0,3507.0,3563.0,3922.0,4083.5,3923.5,3120.5,3427.0,3388.5,3773.0,3592.5,3419.5,
00000000000000000055_0,2275.0,2567.0,2551.0,2761.0,2764.0,2652.5,2823.0,2673.0,2592.5,2742.5,2769.0,2627.0,2800.5,2793.0,2647.0,2706.0,2771.0,2638.0,2574.0,2884.0,2603.0,2778.0,3013.5,2896.0,3080.5,2713.0,3143.0,2688.0,2411.0,2918.5,2653.0,2633.0,2529.5,
00000000000000000056_0,2593.0,2825.5,2798.0,3093.0,3006.0,2856.0,3016.0,2867.0,2832.0,3113.0,3102.5,3087.0,3127.0,3200.5,3162.0,3105.0,3268.0,3189.0,3158.0,3346.0,3159.0,3833.0,3473.0,3080.0,3697.0,3419.0,3787.0,2913.0,2950.0,3025.0,3024.0,2836.0,2816.0,
00000000000000000057_0,2583.0,2841.0,2656.5,2937.0,2557.0,2505.0,2592.0,2608.0,2646.0,2693.0,2663.0,2716.0,2745.0,2744.5,2693.0,2608.5,2694.0,2765.0,2779.0,3036.0,2691.0,2843.0,3135.0,2870.0,3144.0,2801.5,2992.5,2865.0,2931.0,3000.0,3079.0,2748.5,2888.0,
00000000000000000058_0,2320.5,2463.0,2636.5,2846.0,2824.0,2586.0,2721.0,2496.0,2571.0,2790.5,2619.0,2819.5,2632.5,2874.0,2781.0,2662.0,2677.5,2895.5,2791.5,3009.0,2748.0,2840.0,2957.0,2602.0,3019.0,2832.0,2918.0,2656.0,2417.0,2755.0,2872.0,2729.0,2497.0,
00000000000000000059_0,2430.0,2849.0,2695.5,2869.0,2810.0,2608.0,2788.0,2736.5,2632.0,2757.5,2720.0,2857.0,2647.0,2707.5,2723.0,2645.0,2686.0,2932.5,3002.5,3150.0,2504.0,2745.0,2998.0,2993.0,3140.5,2868.0,2945.0,2739.0,2899.0,3251.0,3360.0,3040.0,2803.0,
0000000000000000005a_0,2500.0,2776.0,2767.5,2939.5,2149.0,2913.0,2922.0,2743.5,2596.0,2782.0,2739.0,2885.0,2925.0,3067.0,2829.0,2833.5,2711.0,3017.5,3093.0,2695.0,2866.5,3187.0,3191.5,2805.0,3130.0,2855.5,3230.5,2838.5,2603.0,3000.5,2704.0,2536.0,2679.0,
0000000000000000005b_0,2322.0,2356.0,2184.0,2546.0,1844.0,2279.5,2143.0,2250.5,2333.0,2327.5,2518.5,2434.0,2462.0,2636.5,2527.5,2488.0,2503.0,2627.0,2454.0,2548.0,2357.0,2870.0,2870.0,2477.0,2666.0,2612.0,2918.0,2144.0,2241.0,2397.0,2297.0,2042.0,2245.0,
0000000000000000005c_0,2863.0,2953.0,2625.0,2747.0,2912.0,2244.0,3025.0,2941.0,2980.0,3156.0,2984.0,2878.0,2948.5,2712.0,2627.0,2963.0,2796.0,2888.5,2872.0,3180.5,2979.0,2966.5,3143.0,3142.0,3693.0,2981.0,2790.0,3394.5,2951.0,2749.5,2795.0,2685.0,2988.0,
0000000000000000005d_0,2573.0,2595.5,3013.0,2828.0,2572.5,2836.0,2857.0,2704.5,2560.5,2660.0,2732.0,3028.0,3068.5,3034.0,2698.0,2635.0,2695.0,3014.0,2986.0,2711.0,2860.5,2950.0,3160.0,2959.0,2975.0,2788.5,3195.0,3067.0,2596.0,3039.5,2872.0,2505.0,2694.0,
0000000000000000005e_0,2286.5,2701.5,2655.0,2752.0,2560.5,2445.5,2490.0,2476.0,2613.0,2672.0,2748.0,2835.5,2949.0,2930.0,2665.5,2652.0,2924.0,2761.5,2889.5,2816.0,2844.0,3214.0,3237.0,2877.0,3037.5,2829.5,3376.0,2866.0,2552.0,2824.0,2603.0,2613.0,2447.5,
0000000000000000005f_0,2352.0,2635.5,2899.0,2766.0,2523.0,2442.0,2367.0,2470.0,2618.5,2616.5,2733.0,2706.0,2809.0,2865.0,2794.5,2726.0,2462.0,2802.0,2706.5,2744.0,2843.0,2986.0,3003.5,2767.0,2949.0,2730.5,3152.0,2770.0,2196.0,2751.0,2534.0,2451.0,2668.0,
00000000000000000060_0,3109.0,3096.5,2625.0,2655.0,2605.0,2533.5,3099.0,3205.5,3114.5,3068.5,3115.0,3235.5,3687.0,3044.0,2936.0,3018.0,2961.0,3457.0,2972.5,3022.0,3005.0,3306.0,3451.5,3368.0,3474.0,2803.0,3413.0,3031.0,3133.0,3187.0,2945.0,2972.0,2893.5,
00000000000000000061_0,2763.0,2574.5,3047.0,2972.0,3072.0,2721.0,2445.5,2695.5,2849.5,2782.5,2727.0,2995.5,2976.0,2826.5,2777.0,2715.0,2915.0,3114.5,3262.5,2726.0,2878.5,3199.5,3409.0,2822.0,3252.0,3011.5,3264.0,2790.0,2666.5,3032.0,2759.0,2703.0,2957.0,
00000000000000000062_0,2669.5,2614.0,2941.0,2788.0,2823.0,2627.0,2450.0,2397.0,2760.0,2615.0,2616.0,2782.0,2883.0,2623.0,2575.0,2595.0,2754.0,2881.5,3016.0,2832.0,2757.0,2939.0,3227.5,2812.0,3201.0,2807.0,3102.0,2618.0,2826.5,2841.5,2774.0,2799.0,2965.5,
00000000000000000063_0,2147.0,2258.0,1912.0,2022.0,1926.5,2233.0,2119.0,2237.5,2057.0,2169.0,2243.0,2137.0,2325.0,2547.0,2003.0,2212.5,2232.0,2452.0,2273.0,2560.0,2593.0,2566.0,2899.0,2153.0,2770.0,2467.0,2755.0,2174.0,2172.0,2080.5,2167.0,2205.0,1953.0,
00000000000000000064_0,2210.0,2119.0,2118.0,2139.0,2162.0,2365.0,2190.0,2211.0,2401.5,2282.0,2172.0,2438.5,2407.0,2439.0,2234.0,2292.0,2266.0,2447.5,2423.0,2351.5,2361.0,2386.0,2557.5,2399.0,2643.5,2521.0,2186.5,2242.0,2091.0,2181.5,1999.0,2176.0,2229.0,
00000000000000000065_0,2584.5,3075.5,2931.0,2958.5,2885.0,2708.0,2752.5,2820.0,2992.0,2841.0,2795.0,2922.0,3182.0,2900.0,2587.0,2857.0,2647.0,2970.5,2944.0,2754.0,3073.5,2857.0,3163.5,3259.0,3233.0,3293.5,2800.0,3299.0,3060.0,2888.0,2866.0,3345.0,3030.0,
00000000000000000066_0,2811.0,2854.0,3160.0,2904.0,2971.0,2864.0,2530.0,2921.0,2914.0,2899.5,2816.5,3200.0,3160.0,3181.0,2745.0,2740.0,2798.0,3112.0,3052.0,2775.0,2694.0,3040.0,3182.5,2971.0,3207.0,3444.5,2898.0,3084.0,2577.0,3203.0,2831.0,2820.0,3082.0,
00000000000000000067_0,2652.5,2894.0,3003.0,3034.0,2845.0,2766.0,2947.0,2717.0,2732.0,2850.0,3004.0,2753.0,3008.0,2382.5,2811.0,2946.5,2194.0,2867.0,2840.0,2719.0,2801.5,3046.0,3071.0,2926.0,3159.5,3373.0,3307.0,3011.0,2894.5,3152.0,2767.5,2877.5,2853.0,
00000000000000000068_0,2690.0,3342.0,3373.0,3369.0,3108.0,3245.5,3075.0,2796.0,3041.0,2993.0,3120.5,2933.5,3068.5,3077.0,3115.0,3045.0,2563.0,2985.0,2947.0,2855.0,3004.0,3317.0,3342.0,3410.0,4082.0,3203.0,3184.0,3298.0,3383.5,3028.0,3154.5,3237.5,3426.0,
00000000000000000069_0,2840.5,2964.0,3263.0,3343.0,2923.5,3189.5,3129.0,2982.0,2959.0,2929.0,3105.0,3071.0,2827.5,3210.0,3063.0,3146.5,2549.0,2995.5,3062.0,3091.0,3267.0,3647.0,3448.0,3120.5,4158.0,3105.0,3194.0,3250.0,3187.0,3102.0,3080.0,3140.0,3299.0,
0000000000000000006a_0,3856.5,3663.0,3726.0,3696.0,3550.5,3603.0,3433.0,3140.0,3497.0,3302.5,3282.0,3317.0,4023.0,3572.0,3484.5,3385.0,3346.0,3568.0,3489.0,3079.0,3417.0,3880.0,3283.5,3754.0,3513.0,3387.0,4001.0,4510.0,3482.0,3220.0,3455.0,3395.0,3202.0,
0000000000000000006b_0,2539.0,3383.5,3357.0,2802.0,3528.5,2822.0,2985.0,2779.0,2752.5,2874.0,3239.0,2969.0,3334.5,2932.0,2769.0,2639.5,2718.0,2566.0,2689.0,2826.0,2502.0,3001.0,2846.5,3379.5,3136.5,2880.0,2975.0,3707.0,3484.0,3511.0,3038.0,3394.0,3433.0,
0000000000000000006c_0,3984.0,3362.5,3518.0,3606.0,3406.0,3119.5,3607.0,3350.0,3445.0,3475.0,3477.5,3468.0,3259.0,3384.0,3451.5,3519.0,3647.0,3522.0,3747.0,3351.0,3804.0,3450.0,3920.0,3010.0,3686.5,3889.0,4073.0,3401.0,2957.5,3180.0,3205.5,3462.0,3332.0,
0000000000000000006d_0,3251.0,3127.5,3172.0,3055.5,3140.0,2706.0,2772.0,2733.5,3223.0,3401.0,3159.0,3362.0,3139.0,3482.5,2979.0,3239.0,3191.0,3178.0,3392.0,3234.0,3313.0,3470.0,3305.5,2841.5,3092.5,3358.0,3333.0,3055.0,3025.0,3010.5,3050.5,3532.0,2985.5,
0000000000000000006e_0,3437.0,2942.0,3425.0,3145.0,3413.0,2820.0,2808.5,2967.0,2960.0,3375.0,3244.5,3118.5,3092.0,3239.0,3168.0,3295.0,3293.0,3169.0,3287.0,3174.5,3289.0,3584.0,3041.0,3140.0,3555.0,3474.5,3463.0,3346.0,3081.0,3373.0,3077.0,3284.0,3167.0,
00000000000000000071_0,3363.0,3360.5,3374.0,3088.5,3749.0,3056.5,3280.0,2830.0,3076.0,3230.5,3030.5,3305.0,3409.5,3264.0,3070.0,3189.0,3437.0,3452.0,3574.0,3234.0,2976.0,3714.0,3949.0,3292.0,4425.0,3884.0,3638.0,3592.5,3255.0,3387.0,3007.0,3538.0,3178.0,
00000000000000000074_0,3307.0,3640.0,4010.0,3226.0,3860.0,3272.0,3401.0,3506.0,3618.0,3289.5,3203.0,3253.0,3629.5,3234.0,3253.0,3534.5,3595.5,3423.0,3810.5,3558.0,3536.0,3874.0,3798.5,3482.0,4066.0,3841.0,4000.0,4007.0,4276.0,3444.0,3493.5,3910.0,4003.5,
00000000000000000075_0,3725.0,3159.0,3152.0,3020.0,3105.0,2741.5,3033.0,2972.0,3129.5,3231.0,3016.5,2875.0,2891.5,2570.0,2811.0,2638.5,2538.0,2204.0,3104.5,2996.0,2972.0,3490.0,3284.5,3368.0,3331.0,2649.0,3468.5,3590.5,3242.0,2878.0,2887.0,3195.0,3241.0,
00000000000000000076_0,3706.0,3174.0,2893.0,3243.0,3527.0,2774.5,2864.0,3203.0,3247.0,3449.0,3128.0,3103.0,3185.0,2805.0,2915.0,2859.0,2780.0,1838.0,2616.0,2636.0,2205.0,3816.0,3557.0,3413.0,3565.0,3604.0,3673.0,3908.0,3326.0,3188.0,3529.0,3852.5,3151.5,
00000000000000000077_0,2425.5,1909.0,2787.0,2881.0,2677.0,3350.0,2870.5,2940.0,3124.0,3090.0,3064.5,3194.0,2890.0,3257.0,3076.5,3127.0,2361.0,2148.0,3102.0,3033.0,2847.0,3099.0,3292.0,2373.0,3846.0,3199.0,3592.0,2538.5,2622.0,2847.0,2282.5,2999.0,3247.0,
00000000000000000078_0,3035.0,3289.0,3158.0,3139.5,3381.0,3005.0,3159.0,3036.5,2978.0,3075.0,3237.0,3126.0,3222.0,3137.0,3266.0,3294.0,2927.0,2759.0,3772.0,3323.0,2968.0,3298.5,3610.0,3156.0,3427.0,3467.0,3536.5,3491.0,3124.0,3238.5,2937.0,3329.0,3104.5,
00000000000000000079_0,2272.0,2313.0,1987.0,2187.0,2203.5,2055.0,2275.5,2079.0,2079.0,2465.0,2563.0,2320.0,1903.5,2272.5,2056.5,2246.0,2139.0,2340.0,2557.0,2681.0,2423.0,2684.0,2710.0,2404.0,2537.0,2588.5,2574.5,2498.0,2329.0,2101.0,2221.5,2325.5,2282.0,
0000000000000000007a_0,2979.0,3697.0,3481.0,3347.0,3598.0,3416.0,3704.0,3264.0,3160.0,3458.0,3560.0,3521.0,3789.0,3408.0,3482.0,3083.5,3367.0,3352.0,3583.0,3101.5,3225.5,3650.0,3878.0,3317.0,3723.0,3765.0,3645.0,3682.0,3540.0,3268.0,3367.0,3435.0,3364.0,
0000000000000000007b_0,3426.5,3230.0,3991.0,3386.0,3678.0,4067.0,3279.0,3000.0,2833.0,3047.5,2712.0,2743.0,3617.5,2395.0,2940.0,2494.0,3123.0,3075.0,2969.0,3021.0,3296.5,3800.0,3170.0,2300.0,3844.5,3742.0,3646.0,4052.5,3383.0,3522.5,2818.0,3755.5,3256.5,
0000000000000000007c_0,3046.5,3506.5,2956.0,2707.5,2954.5,2986.5,3221.0,3080.0,3221.0,3626.0,3412.0,3314.0,3032.0,2113.0,2349.0,2348.5,2540.0,2542.0,3223.5,2414.0,2890.0,2925.0,2765.5,2863.0,3198.0,2795.0,3539.0,2971.0,1585.0,3280.0,2912.0,3422.5,3288.5,
0000000000000000007d_0,2908.0,2721.0,2679.5,2661.5,2618.0,2755.0,2433.0,2934.0,3164.0,3571.0,3022.0,2628.5,2481.5,2139.5,2286.0,2432.0,2137.0,1987.0,3640.0,2677.0,2965.0,3798.0,3851.0,2435.0,2543.0,3893.0,3499.5,2539.0,2729.0,2800.0,3968.0,2396.5,2940.0,
0000000000000000007e_0,2351.5,3227.0,2131.0,2281.5,2438.5,2210.0,2720.5,3107.0,3041.0,3128.0,2844.0,1855.0,3002.5,1865.0,1982.5,2357.0,2242.0,2357.0,3179.5,2879.5,2100.0,2664.5,2772.5,2653.0,3511.0,2764.5,3293.0,2721.5,1772.0,3341.0,2756.0,3009.5,2819.5,
0000000000000000007f_0,3292.5,3131.5,3215.0,3433.0,3370.5,3234.0,3392.5,2932.0,2959.0,3124.0,3129.0,3216.0,3371.0,3476.0,3104.0,3314.0,3063.0,3253.0,3428.0,3392.0,3218.0,3563.5,3306.0,3121.0,3471.0,3441.0,3642.5,3858.5,3135.0,3759.0,3333.0,3597.5,2958.0,
00000000000000000080_0,3856.0,2981.0,2905.0,2984.5,2676.0,3229.5,2922.0,3304.0,3119.5,3511.0,3712.5,3342.0,2578.0,3376.0,3530.0,3018.0,3039.0,2606.0,3275.5,3026.0,3274.0,3820.5,3335.0,3213.0,3430.0,2449.5,3747.0,3677.5,3494.0,3109.0,3226.0,3914.5,3364.5,
00000000000000000081_0,1670.0,1816.0,2710.0,2387.0,2391.0,2837.0,3098.0,2678.0,2953.0,3012.0,3112.0,3018.5,1545.5,2315.0,2908.5,2566.0,2269.0,2534.5,2817.0,2614.0,2932.5,3434.0,2949.0,1985.0,3083.5,2597.5,2861.0,1792.5,2795.0,1663.0,2519.0,2512.0,2580.0,
00000000000000000082_0,3269.0,2740.0,3227.5,3291.0,3048.0,3306.5,3498.0,3247.5,2875.0,3209.0,3603.0,3708.5,3513.5,3667.5,3457.0,3018.5,3693.5,3671.5,3464.0,3338.0,3814.0,3945.5,4054.0,3299.5,3578.0,3839.5,3509.0,3539.5,3079.0,3352.0,3077.5,3330.0,3223.5,
00000000000000000083_0,3187.0,3098.0,3278.5,3404.0,3443.0,3190.0,3109.0,3441.0,3042.0,3240.0,3641.5,3484.0,3808.0,3625.5,3356.0,3198.0,3259.0,3690.0,3545.0,3075.5,3577.0,3779.0,3717.0,3470.0,3484.5,3823.5,3894.5,4025.0,3394.0,3314.0,3240.0,3324.0,3383.5,
00000000000000000084_0,2633.0,2562.0,2550.0,2637.0,2928.5,2777.0,2710.0,2544.0,2578.0,2749.0,2834.0,2466.5,3091.5,2693.0,2359.5,2608.5,2427.0,2837.5,2818.0,2592.5,2593.5,2797.0,3322.0,2781.0,2937.0,3194.5,3303.0,2941.0,2731.0,2715.0,2882.0,2791.0,2603.5,
00000000000000000085_0,2778.0,2895.0,2388.5,2561.0,2736.5,2624.0,2694.0,2559.0,2698.0,2857.0,2888.0,2652.0,3311.0,2661.0,2584.0,2538.0,2316.0,3034.0,2684.0,2635.0,2667.5,2944.0,3379.0,2567.0,2970.0,3233.5,3002.5,2797.0,2927.0,2424.0,2829.0,2794.0,2671.5,
00000000000000000086_0,2604.0,3184.5,2992.0,2663.5,2734.0,2944.0,3225.0,2547.5,2551.5,2685.0,2873.0,2645.5,3547.0,2629.5,2736.0,2747.0,2713.0,3284.5,3241.0,3011.0,2885.5,3537.0,3175.0,3328.0,3107.0,3062.0,3002.0,3887.0,3496.0,3205.0,3388.0,3514.0,3022.5,
00000000000000000087_0,2249.0,2577.0,1968.0,2298.5,2582.5,2011.0,2185.0,2220.5,2351.0,2287.0,2740.0,2474.0,2167.0,2537.0,2261.5,2371.0,2388.0,2341.0,2469.0,2801.0,2609.0,2725.0,2758.0,2513.5,2556.0,2568.0,2716.5,2595.0,2413.0,2456.0,2310.0,2588.5,2479.0,
00000000000000000088_0,2523.0,2550.5,2174.5,2306.5,2757.5,2153.5,2391.5,2435.5,2410.5,2795.0,2823.0,2643.5,2470.0,2709.5,2368.0,2437.0,2481.0,2566.0,2679.0,2874.0,2887.5,2983.5,2862.0,2828.0,2811.0,2895.0,3038.0,2858.0,2562.0,2280.0,2570.0,2870.0,2534.5,
00000000000000000089_0,2206.0,2298.0,2821.5,2937.0,3261.0,2658.0,2680.0,2936.5,3340.0,3175.0,2907.0,2920.0,2484.5,3184.0,3514.0,3406.5,3000.0,3271.0,3633.5,3264.5,3394.5,3383.0,3448.0,2428.0,2923.0,2657.5,2908.0,2754.0,1910.0,2389.0,3045.0,3515.0,2759.0,
0000000000000000008a_0,2647.5,2662.0,2597.0,2446.0,2611.0,2485.0,2742.5,2699.0,2876.5,2737.0,2878.0,3076.5,2813.0,2860.0,2933.0,2970.0,2699.0,3190.5,3718.0,3245.0,3223.0,3016.0,3192.5,2665.0,2700.0,2894.0,3173.0,3008.0,2063.0,2741.5,3131.0,3188.0,2488.5,
0000000000000000008b_0,2828.0,2703.0,2604.0,2771.0,2998.0,2974.0,3075.0,2865.0,2740.0,3048.0,2976.0,3318.0,3102.5,2850.5,2937.0,3134.0,2941.0,2717.0,2613.0,2257.5,2955.0,2961.0,3304.0,2962.0,3112.0,3508.0,3499.5,3334.0,3060.0,3093.0,3088.0,3168.5,2412.0,
0000000000000000008c_0,2510.0,2618.0,3161.0,3131.0,2837.0,3290.0,3615.5,3338.0,3228.5,3550.0,3506.0,3384.0,3307.0,3610.0,3388.0,3461.0,3048.0,3406.0,3407.0,2916.0,3111.0,3561.0,3521.0,2964.0,3037.0,3597.0,3729.0,2900.0,2766.0,2965.5,3347.0,3119.5,3011.5,
0000000000000000008d_0,2740.0,2657.0,3108.5,3152.5,3384.0,2778.0,3197.0,2883.5,2929.0,3690.0,3193.5,2810.0,2647.0,3097.0,3078.5,3296.0,2831.0,3238.0,3407.0,2924.0,3622.5,3245.0,3281.0,3039.0,3188.0,3563.0,3722.5,2725.0,2852.0,1982.0,2942.0,3005.0,3694.0,
0000000000000000008e_0,2835.0,2772.0,2929.0,3470.5,3524.0,2947.0,2866.0,2928.0,2812.0,3663.5,3303.5,2889.0,3579.0,3098.0,3182.0,3227.0,2933.5,3169.0,3110.0,2877.5,3325.0,3350.5,3351.0,3246.0,3115.0,3474.0,3627.0,2941.0,2854.0,2970.5,3476.0,3121.0,3190.5,
0000000000000000008f_0,3602.0,2595.0,3931.5,3921.0,3607.0,2855.0,3697.0,4424.5,3038.0,3680.0,2816.5,3248.0,3445.0,2677.0,3286.0,4130.0,2753.0,3123.0,2879.0,2873.0,3422.0,3146.5,3205.0,3020.0,3799.0,2835.5,3601.5,4004.0,2772.0,4010.0,3584.0,3923.0,4096.5,
00000000000000000090_0,4016.0,3196.0,3277.0,3867.0,3620.0,3961.0,3379.0,3622.0,3233.0,3482.0,3353.0,3162.0,3558.0,2279.0,2236.0,3703.0,3149.0,2971.0,3240.0,2851.0,3405.0,3740.5,3337.0,3700.0,3543.0,3485.5,3625.0,2433.0,4886.0,2304.0,4378.0,4275.0,4141.5,
00000000000000000091_0,300.0,474.5,240.0,480.0,328.0,267.0,484.5,235.0,216.0,307.0,295.5,320.5,345.0,314.0,278.0,259.0,350.0,297.5,370.0,335.0,211.0,97.0,133.5,467.0,99.0,93.5,127.0,316.5,268.0,333.0,563.0,611.0,269.5,
00000000000000000092_0,348.0,455.0,310.0,441.0,328.0,251.0,483.0,223.0,203.5,322.5,279.0,390.0,345.0,326.0,279.0,285.5,351.0,309.0,350.0,349.5,175.5,92.0,157.0,467.5,103.0,103.5,115.0,322.0,266.0,342.5,562.0,631.5,271.5,
00000000000000000093_0,349.0,557.0,330.0,515.0,311.0,224.0,456.0,208.5,225.0,305.0,283.0,335.5,330.0,326.5,283.0,292.0,377.0,295.0,330.0,355.5,152.0,84.0,147.0,428.0,104.5,100.0,107.0,263.0,271.0,333.5,570.0,679.5,272.5,
00000000000000000094_0,349.0,460.0,301.5,524.0,351.0,284.0,493.5,222.0,222.5,313.0,288.5,370.0,304.5,334.0,298.0,277.0,378.0,306.5,352.0,305.5,154.0,99.0,151.0,507.0,102.0,97.0,104.0,324.0,278.0,300.0,611.0,513.0,238.0,
00000000000000000095_0,382.5,508.5,243.0,450.0,350.0,300.5,485.0,223.0,228.5,342.5,298.0,393.0,332.0,331.5,264.0,265.5,337.5,296.0,368.0,362.5,149.5,88.0,150.0,465.5,107.0,105.0,101.0,325.0,272.0,333.0,573.0,673.0,273.0,
00000000000000000096_0,3583.0,2944.0,3106.0,3229.0,3260.0,3499.0,3074.0,3183.0,2831.0,3235.0,3266.0,3635.0,3756.5,3362.0,3285.5,3073.0,3314.0,3743.0,3895.0,3084.0,3926.5,3283.5,3958.5,3340.0,3386.0,4163.0,3481.0,3691.0,3019.5,3453.0,3425.0,2930.0,2955.0,
00000000000000000097_0,2780.0,2992.0,3054.0,2969.0,3126.0,2581.5,3076.5,3062.0,2892.0,3360.0,3392.0,3282.5,3117.0,3136.0,3338.5,3028.0,3129.0,3365.0,3266.5,3139.0,3449.0,3520.0,2629.0,3108.5,3171.0,3139.0,3237.0,3241.0,3220.5,3390.0,3360.5,3027.0,3005.0,
00000000000000000098_0,3204.5,2830.0,3373.0,3325.0,2989.0,3020.0,2960.5,2722.5,2894.0,3342.0,3469.5,2925.0,3374.5,3199.0,2842.5,3455.5,3272.5,3458.0,3326.5,3360.0,3304.0,3318.0,3763.5,3304.0,3528.0,3538.0,3581.0,3316.0,3181.5,3280.0,3429.5,2858.0,3183.0,
00000000000000000099_0,3141.0,3275.0,3086.0,3071.0,3309.0,3471.0,2967.0,2858.0,2745.0,2967.0,3054.0,2769.5,3516.0,2849.0,2571.5,2741.0,2981.5,2968.0,3025.0,2856.0,3079.0,3044.0,3135.0,3492.0,3140.0,3403.0,3055.5,3612.0,3130.0,2839.0,3235.5,2818.0,3161.0,
0000000000000000009a_0,2527.0,2678.0,2786.0,2817.0,2610.0,2891.0,2858.5,2579.0,2688.0,3061.0,3135.0,3462.0,3113.5,3142.0,2688.0,3268.0,3120.5,3287.0,3267.5,3097.0,3337.0,3361.5,3569.0,3022.0,3182.0,3838.0,3589.0,3199.0,2995.5,2577.5,3786.0,3397.0,3032.0,
0000000000000000009b_0,2905.0,2760.0,3054.0,3126.0,2814.0,3027.0,3461.5,2263.0,2557.0,2990.0,3268.0,3393.0,3277.0,3517.0,2674.5,2929.0,2916.0,3059.0,3124.0,3242.0,3275.5,3312.5,3501.0,3343.0,3144.0,3608.5,3471.5,3497.0,2959.5,3127.0,3862.0,2902.0,2863.0,
0000000000000000009c_0,2531.0,2928.0,2599.0,2626.0,2920.5,3015.0,3146.5,3169.0,2840.0,3172.0,3149.0,3177.0,3180.0,3033.0,2938.0,3008.0,3126.0,3063.0,3002.0,3170.0,2934.0,3409.0,3277.5,3594.0,3312.5,3133.5,3230.0,3295.0,3135.0,2679.0,2861.0,2927.0,2822.0,
0000000000000000009d_0,2336.5,2515.0,2115.0,2429.0,2477.0,2672.5,2822.0,2972.0,2714.0,2978.0,2909.0,2699.0,2812.0,2787.0,2792.0,2952.0,2643.0,2838.0,2804.5,2803.5,2757.5,2999.0,3016.0,3280.0,3054.0,2952.0,2932.0,2748.0,2725.0,2622.5,2644.5,2609.5,2481.0,
0000000000000000009e_0,3288.0,3142.0,3250.0,3394.0,3500.0,3641.5,3861.0,3425.5,3421.0,3701.0,3325.0,3570.0,4116.5,3596.5,3523.0,3723.5,3233.0,3613.0,3534.0,3514.0,3431.0,4150.5,3789.0,3970.0,3563.0,3314.0,3451.5,3907.5,3208.0,3873.0,3350.0,3589.0,3426.0,
0000000000000000009f_0,2266.0,2802.0,2323.0,2807.0,2610.0,2727.0,2501.0,2575.0,2576.0,2762.0,2727.0,2658.0,2769.0,2558.0,2543.0,2526.0,2653.0,2742.5,2653.0,2744.5,2654.0,2390.0,2696.0,3281.0,2979.0,2587.5,2889.5,2734.5,3227.5,2733.0,2940.0,2516.0,2829.5,
000000000000000000a0_0,2530.0,2886.0,2561.0,2886.5,2852.0,2940.5,3103.0,3029.0,3014.0,3105.0,2966.0,2771.0,2965.0,2867.5,3477.0,2815.0,3144.0,3575.0,3620.0,3035.5,2830.0,3533.0,3537.0,3255.0,3389.0,3261.0,3495.0,3100.0,2737.0,2881.5,2769.0,2657.5,2749.0,
000000000000000000a1_0,2802.5,3048.5,3189.0,3451.0,3320.0,3377.0,3534.0,3486.0,3304.0,3467.0,3327.0,3068.5,3208.0,3262.0,3700.0,3059.0,3178.5,3564.5,3433.5,3102.0,3115.0,3658.0,3820.0,3415.0,3632.5,3723.0,3671.0,3493.5,3463.0,3313.0,3401.0,2894.0,3034.5,
000000000000000000a2_0,2899.0,2731.5,2944.0,3051.5,3065.0,3418.0,3187.5,3019.5,3351.5,3487.0,3251.0,3166.5,2993.0,3220.0,3646.0,3139.0,3151.0,3301.0,3604.5,3107.0,3137.0,3524.5,3519.0,3228.0,3412.0,3216.5,3529.5,3200.0,3083.0,3057.0,3127.0,2866.0,2834.0,
000000000000000000a3_0,2738.0,2754.0,2776.5,2649.5,2490.5,2494.0,2669.0,2576.0,2458.0,2678.0,2726.0,2950.0,2937.0,2665.0,2533.0,2649.0,2997.0,3383.0,3043.0,3238.0,2789.0,3609.0,3152.0,2937.0,3082.0,3005.0,3522.0,3058.0,2357.0,2426.5,2977.0,2748.0,2849.0,
000000000000000000a4_0,3017.5,2657.0,2801.0,2985.5,2678.0,2826.5,3531.0,2789.0,2778.0,3053.0,2736.0,3366.0,3299.0,3188.0,2949.0,2763.0,3292.0,3563.0,3554.5,3126.5,3169.0,3304.0,3542.0,2928.5,3366.5,3120.0,3470.0,3035.0,2279.0,3146.0,2329.5,2785.0,2775.0,
000000000000000000a5_0,2112.5,2635.0,2595.5,2874.0,2485.0,2783.0,3115.0,2862.0,2725.0,2916.0,2927.0,3322.5,2879.0,2993.0,2682.0,2620.5,3066.5,3362.0,3263.0,2966.0,2810.0,2956.0,3290.0,3053.0,3207.0,2715.5,3462.0,2945.0,2456.5,2736.0,2667.5,2948.0,2721.0,
000000000000000000a6_0,3667.5,3694.0,2665.0,2986.0,3034.0,3127.0,3385.5,2860.0,2930.0,3199.0,3008.0,3150.0,3335.0,3323.0,3073.5,2800.0,3019.0,3641.0,4177.0,3499.0,3386.0,3488.0,3816.5,3402.0,3563.0,3379.0,3409.0,3259.0,3279.0,3240.0,3065.0,2994.0,3009.0,
000000000000000000a7_0,3028.0,3297.5,3639.0,3425.0,3280.0,3122.0,3271.0,3165.0,3130.5,3087.0,3326.0,3439.0,3399.0,3448.0,3315.0,3424.5,3186.0,3633.0,3567.5,3560.5,3465.0,3996.5,3957.0,3162.0,3715.0,3558.0,3918.5,3394.0,3113.0,3459.0,3177.0,2984.0,3143.0,
000000000000000000a8_0,2735.0,2865.0,2592.0,2659.0,2751.5,2703.0,3037.5,3302.0,2556.0,3669.0,2961.0,3099.5,3073.0,3276.0,3009.0,2969.0,2945.0,3158.5,3013.0,3142.5,3219.0,3592.0,3203.0,3302.0,3319.0,2700.0,3411.0,3011.0,3100.0,3172.0,2999.0,3155.0,3064.0,
000000000000000000a9_0,2593.0,2657.0,3075.5,2856.0,2828.0,2801.0,2897.0,3010.5,2882.0,3169.5,3206.0,3383.5,2784.0,3163.5,3017.5,3131.5,3391.0,3616.0,3400.0,3838.0,3301.0,4730.0,3368.0,3394.5,3401.0,3257.0,3479.0,3266.0,3599.0,3300.0,3126.0,3301.5,3241.0,
000000000000000000aa_0,2509.0,2552.5,2754.0,2442.5,2319.5,2625.0,2799.0,2664.0,2540.0,2640.0,2792.5,2975.0,2912.5,2768.5,2633.0,2646.0,2887.0,3079.0,2862.0,2750.0,2428.0,3194.0,3179.0,2803.0,3145.0,3225.5,3313.0,2727.0,2601.5,2823.5,2710.0,2414.0,2567.5,
000000000000000000ab_0,2699.0,2982.0,2629.0,2635.5,2524.5,2566.0,2863.0,3024.0,2728.0,2778.5,2818.0,3050.5,3042.0,2822.5,2581.0,2661.0,3073.0,3089.5,3118.5,3064.0,2605.0,3102.0,3239.0,3213.5,3189.0,3541.0,3446.5,2728.0,3096.5,2929.0,2909.0,2774.0,3007.0,
000000000000000000ac_0,2504.5,2359.0,2892.5,2889.0,3208.5,3221.0,3185.0,3013.0,2906.0,3364.0,3425.0,3159.0,2632.0,3608.0,3067.0,3395.0,3452.0,3612.0,3115.0,3377.5,3398.5,3812.0,3669.0,3226.0,3344.0,3352.0,3724.0,2915.0,3331.5,3162.0,3011.0,2960.0,3286.0,
000000000000000000ad_0,2475.0,2809.5,3182.5,2852.5,2828.0,2950.0,2978.0,2826.0,2613.0,2955.5,3122.0,3087.0,2639.5,2908.0,2946.0,2942.0,2982.0,3062.5,3076.0,3226.5,3058.5,3672.0,3412.5,3080.0,3243.0,3339.5,3535.0,2957.0,2900.5,3098.0,3089.0,2735.0,2967.5,
000000000000000000ae_0,2972.5,3043.0,2787.0,2778.5,2778.0,2653.5,2754.0,3169.0,2725.0,3211.0,3200.0,3040.0,3424.5,3177.0,2711.0,3063.0,2923.0,3247.0,2832.0,3114.5,3064.5,3374.0,3061.0,3238.0,3820.0,3023.0,3419.5,2813.0,3023.5,2879.0,2882.5,2768.5,2958.0,
000000000000000000af_0,2983.0,2746.0,3607.0,3400.5,3382.0,3417.5,3117.0,4257.0,2778.0,3405.0,3345.5,3320.5,3115.5,3179.5,2894.5,3242.5,3277.0,3349.0,2953.0,3087.0,2976.5,3209.5,3208.0,3186.5,3827.0,3153.0,3446.0,3156.0,3058.0,3031.0,3537.0,3230.0,3312.5,
000000000000000000b0_0,2600.0,2725.0,2254.0,2589.0,2632.5,2594.0,2728.5,2542.0,2597.0,2915.5,3109.0,3062.0,3113.0,2772.5,2385.5,2689.0,3252.5,3079.0,3161.0,3223.5,3175.0,3299.0,3369.0,3040.0,3284.0,3476.0,3481.0,2772.0,2852.0,2869.0,2932.5,2554.0,2634.5,
000000000000000000b1_0,2465.0,2842.0,2166.0,2539.0,2578.0,2867.0,2847.0,2914.0,2386.0,2942.0,2892.5,2976.0,3018.0,2731.5,2322.0,2638.5,3052.0,2954.5,3004.0,3032.0,2917.0,2951.0,3082.5,2972.5,2965.0,3083.0,3018.5,2676.0,2731.0,2633.0,2851.5,2984.0,2711.0,
000000000000000000b2_0,2360.0,2937.5,2543.5,3063.5,2935.5,2876.0,2932.5,2867.0,2684.5,3202.0,2983.0,3271.0,2973.0,3148.0,2859.5,2989.0,3403.5,3466.5,3367.0,3472.0,3328.0,3690.0,3480.0,3250.5,3526.0,3709.5,3505.0,2965.0,3303.5,3272.5,3368.0,3058.0,2745.0,
000000000000000000b3_0,2918.0,2917.0,2980.0,2541.0,2842.5,2747.5,2805.0,2864.0,2843.0,3624.5,3069.5,3102.0,3219.0,3149.0,2951.5,2925.0,3017.0,2964.0,2926.5,3122.5,3179.0,3044.0,3420.0,3280.0,3578.0,3546.0,3652.0,3109.0,3243.5,3117.5,2997.0,2949.0,2896.0,
000000000000000000b4_0,2736.0,2982.5,3245.0,2657.5,2644.0,2570.5,2802.5,2519.0,2412.5,2867.0,2800.0,3122.0,3259.0,3015.5,2621.0,2666.5,3132.0,3262.5,2930.0,2965.0,2857.0,2861.0,3329.0,3250.5,3249.0,3634.0,3234.0,3151.0,3280.0,3031.5,2931.5,2723.0,3061.5,
000000000000000000b5_0,3030.0,2813.0,3294.0,2985.0,2634.0,2961.5,3081.0,3015.0,2934.0,2984.0,3004.0,3305.5,3077.0,3378.0,3101.5,3339.0,3218.0,3223.0,3299.0,3142.0,3133.0,3488.5,3386.0,2835.5,3353.0,3488.0,3457.5,2993.0,3157.5,3701.0,3130.0,2867.0,3194.5,
000000000000000000b6_0,2300.0,2464.0,2278.5,2459.0,2546.5,2778.0,2644.0,2704.0,2339.5,2778.0,2800.0,2777.0,2844.0,2933.0,2532.0,2726.0,2703.5,3389.0,2750.0,2841.0,2841.5,2868.0,3328.0,2824.5,3079.0,2825.0,3061.0,2455.0,2393.0,2475.5,2831.0,2385.0,2166.0,
000000000000000000b7_0,2645.0,3051.5,2951.0,3159.0,3155.0,3210.0,3232.5,3422.0,2877.0,3155.5,3460.0,3153.0,3265.0,3333.0,3078.0,3103.0,3364.0,3562.0,3312.0,3571.5,3460.0,3752.5,3866.5,3109.5,3882.0,3166.0,3711.0,2771.0,2764.0,2803.0,3268.0,3042.5,3205.0,
000000000000000000b8_0,3214.0,3209.5,3400.0,3544.0,3105.0,2825.0,2978.0,2918.5,2986.0,3111.0,3075.0,3228.0,3324.5,3379.0,2783.0,2960.0,2993.0,3310.5,3225.0,3177.0,3145.0,3389.0,2978.0,3232.5,3202.0,3449.0,3308.5,3158.0,2867.0,3302.0,3043.5,3163.0,2847.0,
000000000000000000b9_0,3396.0,3238.0,3610.0,3592.5,3161.0,3220.5,3187.0,2971.0,3072.0,3055.0,2946.0,3556.0,3334.0,3721.0,3050.0,3121.0,3221.0,3399.5,3148.0,3198.5,3108.0,3318.0,3166.0,3266.0,3430.0,3452.0,3429.5,3458.0,2970.0,3371.5,3100.5,3169.0,3141.0,
000000000000000000ba_0,2881.0,3644.0,3377.5,3260.5,3231.0,3493.0,3327.0,3721.0,3112.0,3580.0,3422.0,3612.0,3505.0,3483.0,3375.0,3463.0,3455.0,3691.0,3454.0,3456.5,3161.0,3682.0,3788.0,3643.0,3843.5,3460.0,4182.0,3350.0,3625.5,3416.0,3629.0,3089.0,3310.0,
000000000000000000bb_0,3488.0,3458.0,3713.0,3475.0,3420.0,3268.0,3390.5,2360.5,3325.0,3170.5,3408.0,3534.5,3431.0,3318.5,3307.0,3186.0,3262.0,3517.0,3524.5,3284.0,3545.0,3594.5,3662.0,3486.0,3777.5,3588.5,3766.5,3309.0,3653.0,3614.5,3293.0,3357.0,3507.5,
000000000000000000bc_0,348.0,458.0,238.0,519.5,309.0,292.0,471.5,223.0,212.0,316.0,317.0,371.0,324.0,316.0,278.0,266.5,378.0,295.0,373.0,326.0,171.0,97.0,140.5,449.0,97.0,95.0,97.0,335.5,266.0,355.5,603.0,630.0,289.5,
000000000000000000bd_0,263.0,390.5,299.0,526.0,311.0,302.5,507.5,230.5,221.0,306.5,295.5,365.0,362.0,336.0,317.0,294.0,382.0,306.0,349.0,314.5,175.0,250.0,145.0,525.0,98.0,104.0,107.0,375.0,260.5,322.5,571.0,681.0,306.0,
000000000000000000be_0,2906.0,2978.5,2242.0,3186.5,3374.0,3618.0,3069.0,2999.0,2788.0,3288.5,3264.0,3039.0,2765.0,3045.0,2591.0,2600.5,2865.0,2971.0,3050.0,2877.0,2695.0,3430.0,3125.5,3249.0,3109.5,3262.0,3112.0,3307.0,3118.0,2828.0,3430.0,2949.5,2973.0,
000000000000000000bf_0,2814.0,2721.0,2431.0,2576.0,2603.5,3024.0,2828.0,2859.0,2816.0,2899.5,3105.0,2848.0,2962.5,2959.0,2857.0,2844.5,2649.5,2929.0,2783.0,2859.0,2659.5,2930.0,2790.5,3070.5,2929.0,2662.0,2990.0,2942.0,2802.0,3058.0,3268.0,2503.5,2850.0,
000000000000000000c0_0,2951.5,3115.0,3056.0,3280.0,2818.0,2777.0,2976.0,2908.0,2911.0,2952.0,3129.0,3121.5,3172.5,3096.0,2866.0,2856.0,3083.0,3210.5,3152.5,2921.0,2931.0,3126.0,3220.0,3551.0,3016.0,2853.0,3547.5,3579.5,3751.0,3475.0,2942.0,2817.5,3245.0,
000000000000000000c1_0,3613.0,3634.5,3257.0,2899.5,3263.5,2931.0,3174.0,3466.0,3398.0,3455.0,3369.0,3373.0,3454.5,3419.0,3237.0,3102.5,3040.5,3186.0,3290.0,3353.5,3111.0,3154.0,3690.0,3355.0,4021.0,3180.0,3756.0,3377.0,4431.0,3499.0,3431.5,3880.0,3490.0,
000000000000000000c2_0,3385.5,3924.0,3600.0,2826.0,3157.0,3112.0,2983.0,3042.0,3247.5,3050.5,3271.0,3283.0,3267.0,3406.0,3161.5,3412.0,2870.5,3231.0,3313.0,3491.0,3379.0,3349.0,3677.0,3238.0,3832.0,3365.0,3388.0,3670.0,4174.0,3871.0,3822.0,3624.0,3260.0,
000000000000000000c3_0,2792.0,3359.0,3241.0,3188.0,3383.5,3411.0,3270.0,3334.0,3266.0,3404.0,3446.0,3451.0,3487.0,3342.5,3636.5,3161.0,3451.5,3778.0,3744.5,3736.0,3689.0,3444.0,3918.0,3664.0,4369.5,3250.0,3750.0,3247.0,3389.0,3305.5,3221.5,3089.5,3246.0,
000000000000000000c4_0,2628.0,3291.5,2657.5,3080.0,3190.0,3149.0,2985.5,3063.0,3146.0,3164.0,3306.5,3242.0,3207.0,3168.0,3194.0,3363.0,2876.0,2917.0,3009.0,2953.0,3123.0,3811.0,3192.0,3299.0,3333.0,2835.5,2872.5,2958.0,2981.0,2983.0,3325.0,3076.5,3231.5,
000000000000000000c5_0,3201.0,3736.0,3130.0,3183.0,3146.0,2951.5,3099.0,3370.0,3471.0,3647.0,3755.5,3517.0,3668.0,3413.0,3726.5,3464.0,3602.0,3887.0,3929.5,3232.0,3310.0,2574.0,3351.0,4028.0,4262.0,3210.0,3178.5,3677.0,3700.5,3299.0,3510.5,3650.0,3754.5,
000000000000000000c6_0,2995.5,3616.0,3396.0,3268.0,3337.5,3172.0,3546.5,3743.0,3474.0,3306.0,3570.0,3541.5,3576.0,3568.0,3470.0,3422.0,3152.0,3100.5,3166.0,3247.0,3651.0,3597.0,3702.0,3664.0,4051.5,3464.0,3724.0,3391.0,3563.5,3511.0,3522.5,3550.0,3225.5,
000000000000000000c7_0,3195.0,3803.0,3362.0,3019.5,3546.0,2971.0,3190.0,3527.5,3630.0,3413.0,3512.0,3314.5,3622.0,3145.0,3360.0,3323.5,3285.0,3290.0,3404.0,3433.0,3685.5,3441.5,4017.0,3935.0,4208.0,3184.0,3707.0,3679.0,3366.0,3331.0,3081.0,3392.5,3174.5,
000000000000000000c8_0,2739.5,3554.0,3345.0,2957.0,2796.0,3156.0,3447.0,3003.0,3141.0,3095.0,3095.0,2891.5,3293.5,3315.5,3282.5,3183.0,2994.0,3351.0,3327.0,3040.0,3379.0,3262.5,3702.0,3386.0,3738.0,3194.5,3784.5,3482.0,2763.0,3703.0,3090.5,3394.5,3260.0,
000000000000000000c9_0,3169.5,3527.0,3192.0,3159.5,3225.0,3210.0,3492.0,3256.0,3374.5,3198.0,3419.0,3457.0,3438.0,3543.0,3388.0,3328.0,3595.0,3535.0,3487.0,3608.5,3364.0,3488.0,3743.5,3320.0,3729.0,3180.0,3585.0,3021.0,3367.0,3198.0,3668.0,3432.0,3177.0,
000000000000000000ca_0,2977.0,3269.5,2315.0,2693.0,2821.0,2775.5,3138.0,2883.0,2876.0,2848.5,3205.0,3341.0,3135.0,3324.0,3401.0,3227.0,3136.0,3343.5,3072.0,3314.0,3212.0,3364.0,3983.0,3265.0,3839.0,3395.0,3757.5,3081.0,2498.0,3162.5,2780.0,2948.0,2578.0,
000000000000000000cb_0,2910.0,2948.5,3046.0,2644.0,3245.0,3040.5,2949.0,2899.0,3226.0,3284.5,3195.0,3202.5,2894.0,3098.5,3176.0,3160.0,3271.0,3328.0,3247.5,3531.0,3708.0,3701.0,3846.0,3141.0,3867.0,3311.0,3942.5,2849.0,2827.5,3255.5,3294.0,3191.5,3078.0,
000000000000000000cc_0,3165.0,3511.0,3198.0,3117.0,3274.0,3266.0,3522.0,3518.0,3570.5,3569.5,3628.0,3447.0,3092.0,3432.0,3378.5,3520.0,3430.5,3397.0,3361.0,3722.0,3486.0,3253.5,3727.0,3007.0,3726.0,3413.0,3577.5,3125.0,3399.0,2978.5,3542.0,3368.0,2989.0,
000000000000000000cd_0,2720.0,3108.0,3172.5,3186.0,3009.0,2990.0,3372.5,3307.0,3146.5,3050.0,3145.5,2762.0,2899.5,3119.5,3093.0,3054.0,3088.0,3016.0,2911.5,3325.0,3302.5,3048.5,3257.5,3300.0,3428.0,3425.0,3386.5,2960.0,3515.0,3672.0,3345.0,3105.0,2989.0,
000000000000000000ce_0,2956.0,2992.0,2816.5,2820.0,2558.5,2638.0,3217.0,3306.5,3335.0,3034.5,3004.5,2765.0,2674.0,2841.5,3067.0,3045.5,2922.0,2972.5,2821.0,3447.5,3451.0,2935.5,3206.5,3848.0,3429.0,3151.0,3407.5,3463.0,3215.5,3061.0,2871.0,3059.5,2816.0,
000000000000000000cf_0,2756.0,3211.0,3189.5,3031.5,3130.0,3066.0,2967.0,3002.0,3089.0,3591.5,3130.0,3509.0,3124.0,3415.5,3192.5,3259.0,3475.0,3306.5,3401.0,3448.5,3294.5,3254.0,3745.0,3011.0,3905.0,3554.0,3935.5,2772.0,2760.5,3301.0,3011.0,3272.0,3235.0,
000000000000000000d0_0,3656.0,2787.0,2745.0,2680.0,2749.0,2734.0,3050.5,3063.5,2928.5,3332.5,3154.0,2970.0,2454.5,3147.0,3152.5,3038.0,3198.0,3287.0,3227.0,3555.5,3524.0,2437.0,3306.5,3989.0,3318.0,3477.0,3442.0,4014.0,2842.5,2998.0,2816.0,2769.5,2622.0,
000000000000000000d1_0,3092.5,4392.0,2254.0,3032.0,2691.0,2216.5,2475.0,2881.0,2954.5,2742.0,2948.0,2841.0,3197.5,2916.0,3307.0,2887.0,2946.0,3120.0,2963.0,3409.0,3144.0,3235.0,3518.0,3175.0,3444.0,3172.0,3621.0,2999.0,2802.0,3222.0,2389.5,2643.0,2502.0,
000000000000000000d2_0,3116.0,3762.0,2471.0,3346.0,2600.5,2170.5,2459.0,2808.0,2932.0,2625.5,2867.5,2768.0,2964.0,2921.0,3053.5,2857.0,2781.0,2883.0,2769.0,3287.5,3041.5,3197.0,3537.0,3442.0,3377.0,3067.0,3629.5,2545.0,2725.5,3340.5,2906.0,2602.0,2378.0,
000000000000000000d3_0,3216.0,3456.0,3415.0,3134.0,3430.5,3293.5,3238.5,3374.5,3895.0,4156.0,4039.0,3907.0,3538.0,3632.0,3675.0,3617.0,3598.0,3812.0,3770.0,3538.0,3910.0,3437.0,3811.0,3537.0,4215.0,4040.0,4100.0,3267.5,3754.0,3327.0,3629.5,3478.0,3801.0,
000000000000000000d4_0,3222.0,3686.0,3341.0,3243.5,3486.0,3597.5,3612.5,3582.0,3794.0,3712.0,3442.0,3480.0,3590.5,3510.0,3386.5,3660.0,3558.0,3457.0,3582.0,3864.0,3775.0,4016.0,3859.0,3527.0,4267.0,4008.5,4357.5,3408.5,3518.0,3436.5,3680.0,3572.0,3520.0,
000000000000000000d5_0,3366.0,3628.0,3637.0,3332.0,3667.0,3987.0,2535.5,2962.5,3604.5,3567.0,3301.5,3482.0,3548.0,3338.0,3405.0,3580.0,3252.0,3275.0,3085.0,2882.0,4057.0,3814.0,4159.0,3589.5,3888.5,4160.0,4544.5,3663.0,3806.0,3496.0,3772.0,3859.0,3903.0,
000000000000000000d6_0,2529.0,2950.0,2436.0,3324.5,3882.0,2947.0,2958.0,2649.0,3128.0,3396.0,3401.0,3700.0,3179.0,3442.0,3441.5,3470.0,3539.0,3128.5,2891.0,3076.0,2830.5,3808.0,3550.0,3075.0,3655.0,3910.0,3196.0,2856.0,3683.0,3236.0,3146.0,3127.0,2627.0,
000000000000000000d7_0,2428.0,2504.0,2855.0,3079.0,3136.5,3615.5,3174.0,3234.0,3234.0,3279.0,3259.0,3420.0,2878.0,3380.0,3430.0,3403.0,3444.0,3598.0,3459.0,3660.0,3600.0,4208.0,3873.0,3211.0,4061.0,3805.0,4133.5,3337.0,2252.0,3398.0,3058.5,2827.5,2995.5,
000000000000000000d8_0,2016.0,2982.5,2992.0,2873.5,2821.0,3179.0,2987.0,3024.0,3233.0,3206.0,3149.0,3335.5,2948.0,3142.5,3383.0,3399.0,3370.5,3535.5,3274.0,3667.0,3382.5,3329.0,3760.0,2744.0,4033.0,3545.0,3836.0,2168.0,2858.0,3681.0,2980.0,2951.0,2969.0,
000000000000000000d9_0,3380.5,4008.0,3738.5,3564.5,3741.0,3377.5,3752.0,3616.0,3821.0,3666.0,3542.0,3443.0,3605.0,3346.0,3467.0,3546.0,3266.0,3469.5,3460.0,3519.5,3836.5,3524.0,3651.0,3794.5,3545.0,3319.0,3662.0,3969.0,3671.0,3494.0,3692.5,3746.5,3626.0,
000000000000000000da_0,2974.0,3327.5,3258.0,3449.0,3133.0,2709.0,3167.0,3541.5,3486.5,3426.0,3686.0,3117.0,3079.0,2966.5,2291.0,2940.0,2866.0,2968.0,2993.0,2860.5,3087.0,3187.0,3394.5,3266.0,3860.0,3267.5,3754.0,3351.0,3178.0,3173.0,3947.0,3359.0,2768.5,
000000000000000000db_0,2610.0,3030.0,2616.0,3366.5,3006.0,3459.0,3293.0,3427.5,3279.5,3505.0,3465.0,3030.0,3256.5,2961.5,2909.0,3103.0,2738.0,3094.0,3044.5,3096.0,2945.5,2847.5,2918.0,3299.0,4317.0,3715.0,3199.0,3336.0,3401.5,3358.0,3580.0,3330.0,2847.5,
000000000000000000dc_0,3132.0,3774.5,3066.0,3678.5,3196.0,3090.0,3258.0,3563.0,3729.0,3597.0,3481.0,3163.5,3480.0,3277.0,3550.0,3639.0,3129.0,3555.5,3629.0,3464.5,3415.0,3712.0,3813.0,3836.5,4119.0,3363.0,3734.0,3662.5,3753.0,3875.0,3695.0,3586.0,3583.5,
000000000000000000dd_0,3342.0,3817.0,3897.5,3481.0,3687.5,3439.0,3396.0,3313.0,3245.0,3193.0,3494.5,3656.0,3845.5,3471.0,3425.0,3306.0,3143.0,3405.0,3156.0,3188.0,3091.0,3403.5,3303.0,3647.5,3644.5,3686.0,3445.5,3576.5,3712.0,3879.0,3696.0,3438.0,3312.0,
000000000000000000de_0,3538.0,4456.0,4278.0,3953.0,4079.0,3628.0,3651.5,3735.5,3683.5,3426.5,4400.0,3923.5,4667.0,3633.0,3760.5,3576.0,3270.0,3755.0,3743.0,3474.0,3478.0,3834.0,3616.0,4112.5,3958.0,4239.0,4008.0,3963.0,4488.0,4562.0,4023.5,4134.0,4093.5,
000000000000000000df_0,3255.5,3859.5,3296.0,3428.0,3317.5,3002.0,3932.5,3441.0,3316.0,3370.0,3512.5,3331.5,3815.0,3342.0,3596.5,3410.0,3062.5,3597.0,3434.5,3633.0,3543.0,3775.5,3746.0,3836.0,3787.0,3502.0,3884.0,3703.0,3573.5,4752.0,3976.0,3477.0,3482.0,
000000000000000000e0_0,3203.0,2988.0,2986.0,2931.0,3171.5,2948.0,2958.0,2943.0,2982.0,2907.0,2793.0,3086.0,3021.0,3148.5,2835.0,2745.0,2861.0,3161.0,2763.0,2806.0,2781.5,3082.0,2998.0,3056.5,3231.5,3098.0,2943.0,3288.0,2971.0,3163.0,3116.5,2667.0,2784.5,
000000000000000000e1_0,3404.0,3629.5,3674.0,3694.0,3914.0,3511.5,3625.0,3533.5,3569.0,3497.5,3319.5,3967.0,3714.0,3608.0,3520.0,3256.5,3549.0,3790.0,3581.0,3310.0,3489.0,3516.0,3572.0,3577.5,3900.0,3567.5,3900.0,3871.0,3369.5,3703.0,3590.5,3316.0,3263.0,
000000000000000000e2_0,2970.5,3297.0,3240.0,2853.0,2936.5,3050.0,2685.5,3043.0,2990.0,2747.5,3013.0,2895.0,2860.0,3201.5,3083.0,3013.5,3067.0,3252.0,3201.0,2924.5,2938.0,3462.5,3328.0,2965.0,3467.0,3428.0,3425.0,3291.5,2766.5,2885.0,2989.0,2643.0,2891.0,
000000000000000000e3_0,2738.5,3344.5,3611.0,2891.5,3495.0,3104.0,2967.0,3042.0,3495.0,2942.5,3318.0,3368.0,3498.5,3364.0,3475.0,3519.0,3216.0,3494.0,3232.5,3143.0,3272.0,3274.0,3421.0,3300.0,3410.5,3839.0,3115.0,3789.0,3243.0,3799.5,3217.5,2788.5,3034.0,
000000000000000000e4_0,3265.5,3206.0,3304.0,2830.0,3240.0,2733.0,3482.0,2841.5,2823.0,3071.5,2795.0,2907.5,3206.5,3044.0,3006.0,3103.0,2556.0,3034.0,2930.5,3056.0,2923.0,3205.0,2901.0,3355.0,2940.0,3402.0,3040.0,3415.5,2482.0,2745.5,3048.5,2375.0,2495.0,
000000000000000000e5_0,3545.5,2998.0,3488.5,2934.5,3025.0,3005.0,3042.0,3016.0,3044.0,2763.5,2922.0,3123.0,3182.0,3105.0,3158.0,3123.0,2949.5,3134.5,3105.5,3084.0,3109.0,3096.5,3037.5,3357.0,3109.5,3121.0,3196.0,3230.5,2919.0,3135.5,3185.0,2597.0,3138.5,
000000000000000000e6_0,3772.0,4107.0,3471.0,3833.0,4595.0,4115.0,4238.0,4330.0,4173.0,4260.0,3895.5,3395.0,4046.0,3810.5,3685.0,3865.5,3245.0,3323.0,3933.0,4194.0,4311.0,4502.5,4819.5,4000.5,4323.0,5683.0,5545.0,4159.0,4684.0,4444.0,3777.5,3889.0,4670.0,
000000000000000000e7_0,3013.0,3853.0,2982.0,3109.0,3557.0,3267.0,3209.0,3556.0,3650.0,3743.0,3476.0,3107.0,3467.5,3431.0,3366.0,3528.0,3424.0,3122.0,3709.0,3789.0,3519.0,4010.5,4033.0,3343.0,4154.5,4100.0,4358.5,4074.5,3733.0,3347.0,3207.0,3456.0,3482.5,
000000000000000000e8_0,3376.5,3654.0,3344.5,3499.0,3765.0,3416.0,3886.0,3629.0,3822.0,3909.0,3641.0,3630.5,3543.0,3564.5,3266.0,3345.0,3286.0,3549.5,3628.0,3266.5,3739.5,3485.0,3815.0,3969.0,3777.0,4510.0,5234.5,3763.5,4258.0,4001.5,3926.5,3268.5,4026.0,
000000000000000000e9_0,3136.0,3403.0,3643.5,3513.0,3948.0,3147.0,3471.0,3484.5,3452.0,3703.0,3505.5,3724.0,3702.0,3451.5,3672.0,3695.0,3782.5,3859.5,3530.0,3339.0,3760.0,3625.0,3569.0,3758.0,3581.5,4212.5,4385.0,3744.0,3652.0,3692.0,3366.5,3271.0,3616.5,
000000000000000000ea_0,4446.0,3488.5,3922.0,3559.0,3416.0,3152.0,3396.0,2985.0,3089.0,3324.0,3198.5,3583.0,4176.5,3481.0,3421.0,3286.0,2987.0,3080.5,3541.0,3125.5,3396.0,3645.0,3335.0,2953.0,3624.5,3504.5,3740.0,3752.0,3290.0,3259.0,3081.0,3082.0,2892.5,
000000000000000000eb_0,3355.5,3794.5,3223.5,3694.0,3215.5,4092.5,3695.0,3772.0,3258.0,3373.0,3342.0,3686.5,3344.0,3319.0,3489.0,3419.0,3432.5,3396.0,3609.0,3381.5,3614.0,3069.5,3701.0,3853.0,3754.5,3736.0,3744.0,3203.5,3150.0,3623.0,3647.0,3587.5,3458.5,
000000000000000000ec_0,2705.0,2933.0,3407.0,3191.0,3227.5,2691.0,3713.5,3737.0,3453.5,3840.0,3143.0,3654.0,3733.0,3253.0,3370.0,3415.0,3276.0,3456.0,3539.0,3507.0,3469.0,3124.0,3706.0,3210.0,3666.0,3594.0,3746.5,2785.0,3501.0,3221.0,3165.0,3273.5,2937.0,
000000000000000000ed_0,3137.5,3383.0,3067.0,3694.0,3396.5,3322.0,3199.0,2748.0,3198.0,3523.5,2557.0,3721.5,3104.0,3223.5,3482.0,2820.0,3245.0,3132.0,3137.0,3106.0,3213.0,2959.5,3699.0,3066.5,4004.0,3472.0,4036.0,3405.5,3551.5,3794.0,3307.5,3628.0,3237.5,
000000000000000000ee_0,3033.0,3229.0,2586.5,2645.0,3039.5,2996.5,2957.0,3114.0,3179.0,2990.0,3314.0,2865.0,3438.0,2860.0,2677.5,2845.0,2812.0,2792.0,2473.0,2816.5,2777.0,3063.0,3343.0,3172.0,3637.5,3201.0,3350.0,2906.0,3423.0,3301.0,3359.0,2992.0,2743.0,
000000000000000000ef_0,3172.0,3595.5,3397.0,3502.0,3199.5,3151.0,3568.0,3675.0,3550.0,3589.5,3389.5,3247.0,3575.0,3200.0,3425.0,3333.0,3348.0,3482.0,3550.0,3622.0,3429.0,3700.0,3634.0,3878.0,3920.0,3452.0,3674.5,3096.0,3181.0,3710.0,4547.0,3663.5,3233.0,
000000000000000000f0_0,2938.0,3692.0,3748.5,3631.5,3723.5,3704.0,3642.0,3661.0,3444.5,3282.0,3483.5,3703.0,3320.5,3661.5,3551.0,3510.0,3380.0,3493.0,3665.5,3520.0,3216.0,3686.0,3867.0,3766.0,4128.0,4292.0,3720.0,3750.0,3396.0,4381.0,3802.0,3367.0,3485.0,
000000000000000000f1_0,3095.0,3204.5,3521.0,3470.0,3154.5,3269.0,3174.0,3380.0,3276.5,3477.0,3329.0,3288.0,3688.5,3121.0,3037.5,3370.0,3102.0,3115.0,3137.0,3287.0,3288.0,3188.0,3494.0,3065.0,3774.0,3553.0,3710.5,2937.5,3085.5,3780.0,3590.0,3291.0,3361.0,
000000000000000000f2_0,2387.0,3308.0,2903.5,3246.0,3442.0,3473.0,3650.0,3623.0,3472.5,3208.0,3098.0,3553.0,4102.0,3128.0,3021.0,3295.0,3310.0,3103.5,3272.0,3376.0,3350.0,3360.0,3746.0,2887.0,3697.0,3405.5,3732.5,2715.0,3280.5,3510.0,3763.0,3496.0,3413.0,
000000000000000000f3_0,2844.0,3465.0,3408.0,3221.0,3212.5,3355.5,3308.5,3303.0,3293.0,3375.0,3376.0,3419.5,2913.0,3131.0,3279.5,3410.5,3297.5,3425.0,3176.5,3259.0,3548.0,3663.0,3870.0,3102.5,3855.5,3445.0,3868.5,3148.0,3144.0,3338.5,3787.0,3571.5,3210.0,
000000000000000000f4_0,3300.5,3445.5,3215.0,3431.0,3532.0,3589.0,3618.0,3854.0,3549.0,3793.5,3875.5,3876.0,3992.0,3533.0,3749.0,3864.0,3803.5,3723.5,3685.0,4221.0,4152.0,3926.5,4171.0,3648.0,4493.5,4626.5,4472.0,3225.0,3175.0,3604.5,3884.0,3124.0,3567.5,
000000000000000000f5_0,3148.0,3113.0,3196.0,2868.0,3175.5,3221.0,3285.0,3204.0,3329.0,3834.0,3189.0,3422.0,2913.5,3197.0,3058.0,3497.0,3200.0,3074.0,3350.0,3396.5,3739.0,3771.5,3897.0,2891.0,4134.0,4039.0,3874.5,2667.5,3105.0,3162.0,3448.0,3101.5,3042.0,
000000000000000000f6_0,3064.0,3058.0,3205.5,2865.0,3092.5,3200.0,2893.0,2971.0,3130.0,3699.0,3062.0,2977.0,2764.0,2878.5,2683.0,3091.0,2799.0,2615.0,2943.0,3050.0,3290.0,3396.0,3473.5,2790.5,3778.0,3843.5,3707.5,2507.5,3075.0,2908.0,3125.0,2894.0,2794.0,
000000000000000000f7_0,3114.5,3059.0,3318.5,3097.0,3226.0,3225.0,3172.5,2473.0,2752.0,3512.0,3394.5,3500.0,3033.0,3161.5,3315.0,3394.0,3043.0,3804.5,3440.0,3772.0,3902.0,3611.0,3981.0,3098.5,3972.0,3552.0,4363.0,2799.0,3468.0,2956.0,3443.0,3152.0,2932.5,
000000000000000000f8_0,3086.0,3055.5,3168.5,3255.5,3226.5,3411.0,3199.0,3050.0,3225.0,3622.0,3617.0,3669.0,3392.5,3674.0,3434.0,3480.5,3430.0,3489.0,3758.0,3526.0,3871.0,4210.0,4016.0,3252.0,4159.0,4009.0,4339.0,3203.0,3538.0,3566.0,3469.5,3149.0,3279.5,
000000000000000000f9_0,3423.0,3771.0,3195.5,3172.0,3133.0,3138.0,3312.0,3147.0,3220.0,3562.0,2985.0,3166.0,3678.0,3201.5,3165.5,3140.0,3297.0,3226.0,3104.0,3099.5,3141.0,2875.0,3461.0,3374.5,3435.0,3211.0,3461.0,3329.5,3506.0,3020.0,3495.0,3396.0,3207.0,
000000000000000000fa_0,2557.0,3218.0,2858.0,2962.0,3106.0,3064.0,2965.0,3007.0,3021.0,2847.0,2978.5,3046.5,3222.5,2941.0,3095.5,3208.0,3177.0,3111.0,3370.0,3068.0,3330.0,3688.5,3419.0,3038.0,3688.0,3102.0,3410.5,3009.0,2948.5,2854.0,3059.0,3237.0,2849.5,
000000000000000000fb_0,2980.0,3387.0,3293.0,3199.0,3185.0,3145.0,3161.0,3242.0,3288.0,3158.0,3238.5,3091.5,3052.5,3240.0,3276.0,3344.5,3193.0,3165.0,3016.5,3321.0,3339.0,3178.0,3458.0,3147.0,4035.0,3400.0,3610.5,3298.0,3211.0,2939.5,3345.5,3466.0,3295.0,
000000000000000000fc_0,3156.0,3196.5,3183.0,3043.0,2813.0,3034.5,2843.0,3312.0,3251.5,3392.0,3176.5,3009.0,3211.0,3049.5,3191.0,3260.5,3286.5,3158.0,3311.5,3405.0,3349.0,3265.0,3529.5,3162.0,3771.0,3505.0,3455.0,3110.0,3119.0,3496.0,3920.0,3295.0,3372.0,
000000000000000000fd_0,4136.5,3982.5,3790.5,3628.0,3416.0,3472.0,3222.0,3587.0,3517.0,3511.0,3431.0,3414.0,3959.0,3975.0,3849.0,4099.0,3685.5,3439.0,3479.0,3724.0,3778.0,4006.0,3850.0,4021.5,4454.0,3928.0,3854.5,3909.0,3587.0,3606.0,3870.0,3922.5,3961.0,
000000000000000000fe_0,3462.0,3880.5,3363.0,3401.0,3569.0,3385.0,3377.0,3775.0,3448.5,3491.0,3671.0,3319.0,3257.0,3251.0,3572.0,3369.0,3475.0,3348.0,3241.0,3432.0,3449.0,3260.5,3725.0,3527.0,3840.5,3300.5,3590.0,3422.0,3612.0,3740.0,3488.5,3455.0,4037.0,
000000000000000000ff_0,313.0,440.0,299.0,447.5,328.0,316.0,485.0,212.5,214.5,300.0,312.5,318.0,345.0,313.0,260.0,283.5,373.5,304.0,343.0,309.0,171.0,106.0,140.5,446.5,104.0,102.5,100.0,347.0,270.0,355.0,601.0,629.0,271.5,
00000000000000000100_0,300.0,402.0,337.0,526.5,349.0,272.0,442.5,223.5,217.0,274.0,309.0,320.0,352.0,370.0,278.0,286.5,385.5,295.5,421.0,314.5,172.0,252.0,155.0,446.5,100.0,102.0,109.0,265.0,266.5,353.0,567.0,634.0,325.0,
