system:index,Greenness,Greenness_1,Greenness_10,Greenness_11,Greenness_12,Greenness_13,Greenness_14,Greenness_15,Greenness_16,Greenness_17,Greenness_18,Greenness_19,Greenness_2,Greenness_20,Greenness_21,Greenness_22,Greenness_23,Greenness_24,Greenness_25,Greenness_26,Greenness_27,Greenness_28,Greenness_29,Greenness_3,Greenness_30,Greenness_31,Greenness_32,Greenness_4,Greenness_5,Greenness_6,Greenness_7,Greenness_8,Greenness_9,VALUE,.geo
00000000000000000000_0,569.8271,871.38324,302.3151,357.6632,1499.6473,528.1708,549.1224,622.5456,408.3526,994.1078,1000.4394,657.146,684.9941,465.573,513.2912,690.3834,745.4684,599.6717,597.8331,637.4313,442.1212,1052.8809,1589.5074,1001.67957,719.5278,1209.186,738.95605,922.9197,1354.1244,885.3857,397.8514,387.96973,1238.3824,1.0,
00000000000000000001_0,520.27106,1003.3332,245.2668,830.1774,384.70566,767.7966,248.6223,922.8535,889.805,889.049,751.5492,795.8756,989.24,525.8458,413.4602,815.242,829.1123,919.0584,887.2488,918.7403,784.5005,639.8521,1151.7272,919.2658,1041.6802,947.4007,1002.276,872.1051,1089.3043,1021.5734,1258.912,593.5598,814.9176,1.0,
00000000000000000002_0,2044.3008,2311.0793,2067.9785,2059.3323,2125.409,2061.0642,2037.8723,1895.2075,1889.4136,1650.0403,1875.8875,1481.4076,1916.6719,1433.0706,1741.9983,1972.3315,2091.1265,2023.1346,1984.2205,1870.2659,1615.7915,2214.7847,2334.102,2364.4077,2259.3672,2128.5386,2279.745,2161.8215,2373.856,2001.8628,2130.463,2115.1824,1957.5223,1.0,
00000000000000000003_0,181.8763,891.9521,220.2093,684.5873,871.528,552.9225,295.1892,547.13043,522.77783,849.8898,453.0758,313.6972,1284.4879,249.0446,175.52756,497.95264,689.8013,725.4596,298.3389,964.0546,526.5688,201.2776,1143.5424,882.8791,1022.8348,312.2134,893.07556,237.0903,1376.4082,971.9927,1088.4755,365.6084,864.1336,1.0,
00000000000000000004_0,1560.9509,1648.9314,1261.1431,1495.3745,1740.675,1637.7825,1239.4436,1168.8058,1267.1241,1322.4647,1236.4515,1181.5999,1788.0814,1462.2256,1279.749,1332.3965,1465.1289,1583.7825,1347.0684,1399.0789,1105.3005,2073.2861,1849.691,1778.1089,2023.6157,1863.7198,1680.5498,1896.8608,1793.2402,1729.992,1666.2344,1341.2626,1660.9375,1.0,
00000000000000000005_0,1688.0342,2021.6008,1210.0996,1348.1455,1106.7666,1262.9489,1025.59,1107.4951,1202.4705,1345.2787,1393.4949,1124.8606,2043.7157,1455.2146,937.34656,1181.2733,1175.9352,1644.96,1608.2222,1259.4761,1331.6586,1044.7145,1809.9492,1053.3372,1612.1317,2124.3542,1657.8235,1178.0187,1946.7776,1345.5994,1512.5177,1058.4551,1440.3176,1.0,
00000000000000000006_0,1116.9117,1406.149,684.28876,1176.4751,1855.0941,1283.4764,938.4594,977.499,1065.8698,1337.9862,1095.8335,975.3361,1168.3806,1010.03613,792.5853,1061.3741,1160.4724,968.1438,1325.0762,884.03015,944.98254,1372.0432,1722.6888,1481.6421,1047.3162,1329.2211,1350.686,1356.6116,1949.6057,1157.5293,1065.3344,596.5411,1743.2996,1.0,
00000000000000000007_0,1741.6353,1441.0717,807.372,860.0381,1095.5233,979.0182,953.8589,904.4852,949.2822,813.4269,892.768,1071.6774,1399.5093,1065.353,989.2342,941.87555,861.2912,1210.5568,923.8427,996.11743,773.5594,1143.7588,1303.8787,1423.3444,1327.5078,1408.7688,1348.0247,952.62665,1034.1663,1121.2101,868.9767,745.24554,764.1644,1.0,
00000000000000000008_0,406.31213,1571.593,248.8855,766.67474,552.5351,1050.0706,881.548,1135.2788,1021.3501,857.4052,1111.4001,1039.6776,1507.7891,1083.3466,1037.2793,1184.7651,1177.5717,1337.2052,1309.5092,1145.1158,1093.3643,1520.2163,1752.6554,1662.1221,1645.8827,1532.8871,1596.1083,682.7804,1770.5498,1103.3823,1118.8665,1355.9116,1421.4326,1.0,
00000000000000000009_0,1798.9607,2127.8381,1276.0754,1390.5848,1432.9707,1350.9067,1219.405,1149.3862,1266.3625,1174.5548,1158.8538,1199.2513,1527.6404,1040.981,1175.3727,1065.0289,1351.8716,1421.8575,1402.8071,1075.305,911.1664,1209.0127,1837.9099,1413.5228,1754.7817,1223.7556,1598.1006,1405.4653,1257.9784,1501.9427,1431.6151,1450.4362,1727.1998,1.0,
0000000000000000000a_0,275.87634,392.6796,245.5875,330.78775,306.1043,257.3911,290.4167,267.68677,265.61353,315.4982,236.7945,255.62305,288.8872,280.137,229.29825,365.24268,472.014,279.83618,310.1554,272.3906,251.2704,263.5942,315.9203,437.79056,395.5011,296.8673,369.56372,220.57071,356.38428,288.66754,504.2657,376.38934,333.1072,1.0,
0000000000000000000b_0,673.6353,1170.9806,477.4542,1094.3127,1281.9517,1150.2286,610.33905,1163.6394,1011.1477,933.6355,959.0466,931.8166,1720.7756,645.7684,527.5579,1232.2402,1295.4211,1033.2257,1335.0468,1305.1245,1209.4054,1006.0913,2012.3339,1497.6798,1820.3428,1541.6454,1555.4294,946.7687,1494.8789,1537.1469,1600.895,1360.712,1195.9708,1.0,
0000000000000000000c_0,1233.5741,1536.3774,892.2009,1261.8022,1293.7815,961.3281,778.8055,1118.499,1185.8983,1101.7014,941.42786,1111.1185,692.95703,903.0271,919.8609,1106.937,1077.8844,1072.0674,1103.1903,908.91486,635.5659,1141.6615,1369.2917,1348.2544,1672.2527,1245.9478,1369.4701,1356.6322,1745.1095,1240.1597,1317.0688,907.264,1312.617,1.0,
0000000000000000000d_0,2204.8833,2076.8862,2327.0479,2151.525,2312.0605,1987.0049,1884.2734,1528.0491,1749.6711,1111.4032,1496.8126,1444.2286,1992.3936,1913.4966,1832.6194,1706.9943,1782.1819,1790.3043,1774.0367,1821.711,1348.762,2164.8213,2127.2288,2045.7576,2213.0596,2136.7239,2340.362,2344.13,1801.0806,1891.0105,1811.4688,1854.6909,1740.5531,1.0,
0000000000000000000e_0,2025.5305,2146.441,2222.738,1917.1877,2083.313,2061.359,1873.2041,1807.9573,1844.1476,1834.5326,1894.8326,1946.7422,2271.545,1983.0316,2008.7083,1929.9738,1826.439,1982.349,2092.6436,2035.2966,1987.9696,2391.8984,2503.4578,2411.1172,2385.0034,2498.9485,2454.556,2536.4558,2415.2188,2332.869,2308.5781,2106.218,1968.5754,1.0,
0000000000000000000f_0,1850.033,2097.8389,505.3724,1512.8818,1821.0605,1923.0693,1651.953,1855.4637,1783.0842,1648.4928,1840.4934,1753.6787,2226.573,1793.9712,1689.2974,1794.6863,1677.1888,1807.5466,1858.7036,1689.0312,1518.76,1972.9803,2104.916,2293.0332,2118.79,2135.612,2163.6643,2092.6565,1037.7452,1805.6184,1851.2198,1934.3779,1676.819,1.0,
00000000000000000010_0,1115.8518,1913.1364,1540.2605,1302.3689,1056.4341,1711.9211,1337.6589,1398.7208,454.1912,1383.5796,1159.852,1140.8573,1856.8921,911.7024,1033.3015,1074.5504,1020.53564,1145.1793,1317.9888,1033.9515,530.7654,1171.0792,1800.1392,2117.9512,1773.4962,1033.1653,1293.117,2403.0254,2331.4727,1301.7747,1430.8636,1438.8655,1832.2683,1.0,
00000000000000000012_0,1679.883,1977.161,1732.4448,1774.8613,1915.4202,1894.8071,1709.1354,1947.0583,1539.1793,1522.849,1769.7643,1768.0599,1948.5428,1754.0834,1709.7847,1756.0627,1835.1246,1770.7343,2090.287,1619.8995,1367.7228,1408.8943,1705.7867,2118.635,2228.3772,1754.1946,1834.5784,1815.9054,1620.2649,1882.9768,1941.1377,2016.5037,1773.384,1.0,
00000000000000000013_0,866.4492,1925.2711,1432.9974,1525.7849,1528.2828,1580.254,1365.1068,1289.857,1233.9043,1047.9048,1310.3333,1260.0809,2030.4762,1442.1765,1399.5038,1277.9657,1303.0808,1548.9109,1396.8511,1427.5674,1102.816,1542.2634,1815.6536,2214.4758,1896.6926,1718.7239,1852.4359,1816.6829,1974.1715,1916.9637,1772.945,1091.2427,1473.2815,1.0,
00000000000000000014_0,1320.8488,2073.6753,1800.9491,1848.9088,2289.3308,1755.2134,1883.5803,1451.7761,1350.0236,1551.1783,1481.31,1653.3625,1982.0565,1898.5486,1681.4355,1599.3251,1499.6472,1856.633,1720.7456,1809.7583,1533.1588,1925.606,2072.043,1577.9406,2079.541,2217.5068,2043.0292,1622.9791,1999.1926,1861.5474,1383.2451,1659.7574,1889.6649,1.0,
00000000000000000015_0,2614.8442,2470.735,2679.9392,2116.9053,1995.021,2209.913,2094.2593,1811.7222,1852.272,1717.4591,1978.375,2060.312,2682.6204,2018.4026,1993.1816,1883.342,1806.8318,2112.9434,2424.6177,2109.9236,1791.4818,2562.4114,2436.2393,2427.4768,2375.4866,2482.3203,2369.1526,2731.944,2363.162,2353.5896,1336.7753,1788.1943,2459.5635,1.0,
00000000000000000018_0,1438.6053,1150.495,984.1301,1033.7395,1293.5638,1197.6014,958.7487,726.2099,885.3533,839.226,614.8336,1100.518,1174.3735,1189.7408,878.7134,1085.5574,928.99066,1270.9395,1232.2744,1059.4746,814.8608,1555.3503,1432.3973,1361.346,1298.009,1541.0544,1677.1584,1530.8536,1080.472,1052.5009,1061.8477,1132.2449,927.419,1.0,
00000000000000000019_0,1135.2712,1599.658,1003.1303,1425.3838,1769.7737,1361.3918,1292.3416,1380.7617,1227.2959,1439.0835,1412.166,1378.045,1439.9089,1241.4651,1301.7874,1332.9968,1179.39,1387.5555,1571.741,1625.2789,936.1664,1558.6794,1779.608,1631.3761,1620.1854,1608.4447,1804.9895,1433.3164,1794.5986,1501.5493,1111.0728,408.0577,1809.5942,1.0,
0000000000000000001a_0,1605.5587,1547.1792,1467.2812,1368.6462,1475.7528,1508.019,999.7282,1226.8398,1130.7866,735.15173,1125.3215,995.4852,1452.9751,1134.8228,1009.1175,716.77,516.3748,857.905,1175.2368,1090.7102,1007.2428,1400.9825,1295.2126,834.9851,1390.8853,1661.6343,1522.3534,1468.3271,1272.0594,1403.382,562.0386,1010.3882,1293.9834,1.0,
0000000000000000001b_0,915.5749,1391.8427,732.2849,1119.9358,1468.3145,1244.9495,1115.5637,1159.8014,1233.8632,1177.9922,1139.057,1186.7495,1326.773,1200.1615,1020.56274,1218.778,1516.331,1247.6543,1248.8254,1332.0754,1095.8896,1246.7288,1623.811,1579.8021,1518.4082,1333.7589,1388.5883,1173.6796,1584.6039,1031.5046,1420.9011,1409.0908,1222.4272,1.0,
0000000000000000001c_0,1759.4521,2384.8745,1966.9106,1819.2347,2108.3003,2185.7764,2028.1595,1828.9761,1389.031,1555.1147,1402.3969,1373.4996,2252.4304,1668.1461,1646.8049,1724.6326,1477.7471,1673.9353,1843.4648,1528.1274,1681.0668,2453.606,2259.353,2340.8772,2167.4878,2614.9077,2944.796,2897.4766,2330.3923,2008.4456,1868.8987,1782.554,2467.6855,1.0,
0000000000000000001d_0,2720.5334,2845.2974,1927.3638,2848.4922,2010.748,2165.2053,1747.7316,1480.7019,1205.3885,1758.1184,1619.2003,1205.394,2744.916,1672.3282,1993.1996,1551.1482,1659.769,2284.7954,1899.2664,1983.2933,1644.4354,1921.779,1092.1884,2812.3125,1527.7705,1470.7649,1847.3718,3025.202,2894.0498,2765.2546,2171.0942,2247.27,2227.2104,1.0,
0000000000000000001f_0,2764.8672,2545.0579,1854.4817,1506.38,1861.534,1564.029,1779.771,990.513,1213.7974,1439.318,1255.0281,1462.201,2264.4612,1351.9724,1556.6422,1496.0868,1654.6964,1645.4438,1761.8124,1376.437,1148.704,1727.0515,1731.0151,2172.9983,2079.295,2262.2927,1902.5991,1916.569,2393.6492,1586.7872,1434.2234,1823.5361,1706.0175,1.0,
00000000000000000020_0,1882.6552,1846.7407,2077.1921,1901.3033,1919.7908,2072.4849,1597.0269,1767.542,1407.8683,-162.3834,747.00854,1150.7544,1680.8958,1238.1412,1054.8337,914.7704,923.1162,910.2871,1111.7197,1300.4541,1126.552,239.97,811.9756,1780.98,854.3242,899.4263,1062.2548,2449.0815,2392.56,2025.8209,1580.9363,1885.1064,2086.4016,1.0,
00000000000000000021_0,1449.8599,1805.6798,901.91174,1385.6809,896.5741,1150.4205,1082.0132,741.8656,1076.4023,1231.8868,1312.8905,1523.7141,1574.065,1242.5619,1151.7942,1187.745,1074.6422,1101.5652,1151.1884,1258.4269,1063.4462,1212.1215,1746.7905,1301.279,1811.4362,1599.9167,1576.3762,1837.7556,1872.7505,1032.8529,1421.5704,1447.7129,1263.9215,1.0,
00000000000000000022_0,1254.4489,1683.5453,1275.8945,1498.6493,1826.2418,1654.3623,1392.2216,1314.0225,1500.3356,1416.8971,1300.4016,1524.3308,1670.862,1544.8605,1502.1304,1530.1824,1424.2275,1824.6099,1674.524,1599.2367,1289.7505,2080.9053,1906.2131,1697.7264,1499.8252,1636.088,1927.4865,1627.1049,1744.7437,1428.0513,1371.8635,1375.5804,1859.9062,1.0,
00000000000000000023_0,2957.2832,2922.3396,2457.3958,2479.835,2201.3416,2384.1646,1913.6338,1104.0441,1220.8862,1429.3282,1036.194,1211.7983,2990.2126,1738.6368,1285.3036,1373.4663,1350.793,1609.2551,1941.7737,1460.1105,833.045,1679.9661,1629.7336,3019.274,1766.9888,1893.5898,2030.9595,770.5348,2418.738,2270.3762,1824.5652,2004.425,1654.5642,1.0,
00000000000000000025_0,771.005,1667.9528,271.2325,609.15405,1374.9481,832.5576,421.2375,973.5122,601.2006,810.3712,788.5562,846.05676,1712.2533,685.6022,461.3682,801.01105,601.9824,716.2405,969.759,726.3635,480.31842,896.8777,1250.1096,1655.7253,976.3575,1391.5149,1121.9156,1782.9996,1623.9535,1953.6797,620.9412,1154.4342,1914.8479,1.0,
00000000000000000027_0,1841.8439,2282.1653,1808.0198,2201.7295,1932.2488,1392.3944,1446.1647,1514.9088,1232.858,1103.5056,1283.0037,1446.7354,2245.771,1278.505,1542.4855,1714.2501,1538.0632,1843.9681,1762.8928,1638.9805,1224.3954,1780.4573,1878.6503,2060.8916,2327.3528,2018.7976,2072.8213,1930.9192,2605.024,1846.1865,2026.6182,1722.7797,1590.039,1.0,
00000000000000000028_0,1142.73,1528.9757,1084.8925,1372.5076,1650.6191,1113.8757,1089.004,1063.4718,1099.1775,1206.3352,1233.8036,1379.8429,1321.7678,1250.3741,1163.5629,1313.0398,1238.9894,1427.4866,1588.699,1391.7181,1232.882,1484.4749,1769.167,1585.0739,1569.668,1792.4935,1662.6677,1736.6298,1473.5422,1178.6094,1420.158,1161.6562,1618.9254,1.0,
00000000000000000029_0,1473.0326,1961.406,1997.8785,2000.0133,1772.2123,1678.8344,1637.5854,1513.946,1570.1188,1453.7819,1731.3358,2006.5947,1694.3516,1825.5458,1899.0944,1385.8712,1872.1989,1518.6046,1882.282,1698.3293,1583.8062,2169.2646,2128.4993,1397.7438,2158.0732,2028.8943,2290.1184,2481.6616,2006.0693,2052.9236,1632.2522,1431.6531,1900.4939,1.0,
0000000000000000002a_0,1381.402,1445.5336,1451.6053,1530.9128,1897.707,1428.7092,845.7732,1263.3883,1238.3127,1291.6644,1058.694,1284.6088,1616.2439,1439.265,1377.9595,1288.4023,1301.6146,1554.8604,1437.5154,1513.7678,1451.6979,1740.1267,1663.2861,1498.6492,1828.0613,2120.3577,1871.9001,1751.1671,1751.4668,1531.718,1527.8806,1560.0771,1709.9939,1.0,
0000000000000000002b_0,684.70447,464.3453,2299.4067,2052.24,1762.1938,836.0294,385.11575,440.49506,659.1775,769.4722,1116.7819,1263.8914,401.57147,968.96716,643.9128,646.4564,904.08453,859.9528,937.3435,912.2223,644.0864,985.1091,1079.312,450.58936,1475.0842,1221.7596,223.7245,409.08118,1031.483,522.9244,487.36426,897.0169,1432.1115,1.0,
0000000000000000002c_0,2790.6372,1398.5868,3201.7805,3037.4849,3012.045,2803.456,2411.5715,2362.4556,2340.5552,2095.2207,2272.421,941.2494,2938.1108,2371.425,1668.482,1306.604,1562.6669,2068.1714,1670.0449,1591.853,1570.5298,1943.9202,2032.7181,3404.0483,2425.0955,2478.7676,2411.3796,3431.707,2931.4978,3200.0444,2651.8667,2628.4778,2758.0134,1.0,
0000000000000000002d_0,1575.6749,1528.6465,1447.4294,1522.5447,1734.117,1297.2607,1405.0688,825.92883,979.2414,1074.7014,1216.9639,1531.386,1382.2712,1459.8312,854.631,882.7036,1257.4052,1318.8956,1174.6492,1303.7697,1004.8054,1502.5576,1540.7765,1246.4891,1787.5642,1916.5114,1839.8481,1796.9434,1503.934,1632.0648,1279.605,1321.8127,1359.3802,1.0,
0000000000000000002e_0,1683.6189,1421.6335,1779.9541,1237.2253,1776.9033,1213.5265,822.8475,666.6372,243.1606,292.5642,799.9714,573.72614,1618.5979,1146.8407,1517.1093,1211.2695,1354.3853,1462.587,1391.0247,1373.2173,1160.3583,617.67664,1699.5234,1364.7731,1845.6633,1892.3623,1692.6583,1618.0826,1911.9445,1421.3774,298.49335,707.7261,1069.5756,1.0,
0000000000000000002f_0,2074.0603,2125.4006,1727.6611,1705.5968,1913.0032,1804.9268,1581.55,1497.4172,1395.1779,1550.1135,1436.0448,1360.3951,2011.5542,1446.7292,1402.1401,1417.044,1289.3477,1295.1753,1605.9084,1638.0854,1523.6246,1914.4674,2158.6975,2077.7417,2249.4219,2429.9048,2233.381,1869.0272,2622.1365,1952.4651,1870.9009,1616.9097,1953.915,1.0,
00000000000000000030_0,901.118,864.5002,668.3774,1110.1353,1758.2284,1000.2925,878.39014,876.3915,747.7198,1017.36487,1067.298,888.3827,1110.2133,956.8077,867.387,932.0878,785.9267,829.4293,1018.397,1045.3795,866.9162,1215.1973,1311.3342,1272.2281,1058.411,1323.2521,1477.6371,1371.5741,1123.786,1565.8949,783.4126,382.00574,1458.8767,1.0,
00000000000000000031_0,1624.2892,1886.9844,1748.4426,1610.2736,1835.4482,1646.1848,1714.8822,1394.0029,1462.344,1394.1086,1426.3892,1582.6487,1834.0284,1385.7048,1244.3074,1516.1798,1304.8583,1574.3608,1581.8918,1470.0132,1264.2476,1963.7766,2081.5874,1912.7163,2206.2341,1963.3575,2094.3835,1856.8156,1939.5248,1682.4635,1870.929,1672.1252,1567.9839,1.0,
00000000000000000032_0,1897.631,1932.3215,1902.518,665.8875,1457.4581,1975.9869,1682.1844,1426.9934,1901.4701,1148.9945,1453.5358,1856.439,2009.485,1275.5186,1727.029,1831.9968,1510.0582,1761.1367,1840.3999,1761.7896,1786.3232,2173.6768,2234.0771,2042.705,2263.1738,3123.5515,2656.3545,1868.6399,1950.2032,1764.7573,1929.1989,1848.8655,1948.8046,1.0,
00000000000000000034_0,1525.2288,1957.2534,1597.8579,1600.4615,1782.2567,1673.203,1469.8123,1443.7949,1454.5898,1263.5486,1382.5107,1542.1792,1856.4146,1434.7549,1431.8435,1320.7346,1329.5186,1639.1045,1431.7065,1464.6442,1029.423,1456.2483,1662.804,1968.4445,1639.1857,1507.6802,1823.49,1791.9684,1943.6515,1679.7102,2052.4744,1746.0717,1463.168,1.0,
00000000000000000035_0,1426.2114,1654.0374,1689.9111,1666.3569,1760.7412,1536.3794,1300.0319,1371.8375,1236.4753,1077.7588,1439.3029,1158.171,1588.1187,1484.1438,1323.9313,1283.036,1434.7224,1545.7388,1508.5668,1537.5338,1172.2092,1873.4269,1846.8269,1587.9446,1915.2992,2130.2244,2144.0447,1876.946,2140.2725,2011.7886,1452.2339,1278.6782,1694.8018,1.0,
00000000000000000036_0,1460.9661,1614.7509,1338.5085,1430.0548,1309.1095,1180.6809,1359.8838,903.5107,1065.44,720.7525,1071.6288,1064.087,1574.5292,1031.547,1047.1458,968.7366,965.8455,1034.7076,1070.4365,965.9073,531.3994,1050.0638,1175.916,1585.4214,1377.1362,1354.7089,1406.8888,1857.1367,1315.644,1434.5289,1474.0281,1401.8583,1201.9673,1.0,
00000000000000000037_0,145.49036,101.2204,93.19,38.2258,53.7376,92.5739,65.9768,-74.4126,-114.7218,160.4148,195.7545,112.6931,76.4294,62.345253,39.9975,101.0718,83.4884,84.1284,109.752,107.4461,134.1869,200.3949,65.6015,42.4429,-15.19875,128.8436,193.787,-30.7835,25.8998,-41.3113,29.52565,143.7303,95.727554,1.0,
00000000000000000038_0,1042.7466,1376.1545,1080.0468,1029.243,1335.5968,1021.6243,1013.1158,473.2788,754.3661,626.7074,569.41345,753.7877,1147.2682,856.8666,860.448,708.78766,628.2648,1069.814,979.7982,880.87585,666.41455,1005.7601,1128.7457,1188.6454,1170.5986,1487.7178,1293.4856,1395.0944,1310.7823,985.1835,1000.3865,833.9717,866.75854,1.0,
00000000000000000039_0,1761.7917,1689.127,1665.3214,1775.1694,2129.401,1871.3029,1794.1613,1675.332,1094.7542,1741.2869,1001.838,1509.0115,1894.573,1605.2861,1344.9209,1299.6685,778.5687,1886.8464,1423.4261,2044.9583,736.0336,1622.5942,1763.8456,1831.4608,1722.1171,2013.2532,2055.3743,2524.0322,2031.8619,1456.9391,1110.0244,1019.93304,1502.8164,1.0,
0000000000000000003a_0,2095.6958,2008.7498,1546.4666,1623.837,2017.092,1843.2667,1664.5808,1642.1399,1738.3463,1455.95,1469.3304,1437.072,1975.3428,1394.8062,1636.591,1376.846,1641.8354,1364.7993,1574.699,1613.7526,1484.0468,2259.037,2067.7341,2122.294,1881.8145,2091.38,2029.0323,2133.6763,1821.7802,1555.0526,1787.3154,1948.493,1435.6948,1.0,
0000000000000000003b_0,1727.1945,1740.976,1051.5774,1116.8442,1183.9224,1066.7747,1145.7308,894.677,812.2336,771.0218,1060.949,1106.1925,450.151,1087.8562,1102.145,829.2594,1034.7979,1090.9338,1235.6956,1032.5795,996.6724,1201.2322,1292.1577,717.7193,1285.9786,1368.9941,1345.3201,1274.0211,1474.602,1110.041,1078.7936,1003.1829,1256.1313,1.0,
0000000000000000003c_0,398.23434,2200.5645,1368.0667,1456.3986,1565.6499,1661.7966,1379.6018,1313.2968,1368.1788,1322.3949,1334.3398,1252.0413,1987.4463,1471.6223,1564.7189,1494.84,1516.8254,1615.6042,1538.8058,1641.7938,1427.3701,1938.7289,2075.9458,1981.8566,2358.4448,1915.4563,2113.2246,1817.3047,1319.3955,1824.7395,1620.4729,1626.8613,1530.5669,1.0,
0000000000000000003d_0,457.0439,1387.4224,2306.7693,1985.4033,1973.7404,1860.0912,1838.866,1014.2412,972.2949,1015.9488,998.7292,1376.88,2095.8462,1629.0581,1323.9836,1106.939,1209.4059,1483.4185,1386.77,1133.8529,1058.0426,1728.5371,1839.9648,1463.7102,1668.0039,2026.237,1971.4865,2189.2588,1832.4323,1859.5039,2077.4539,1924.4268,1937.9438,1.0,
0000000000000000003e_0,1481.5056,1661.8503,1711.7257,2023.9249,2419.0698,2201.636,2413.6199,2182.8093,1558.2593,1911.1194,2173.8555,2174.4019,1527.2537,2083.3884,2246.8228,304.4066,389.37958,1011.0108,1740.3444,1670.3904,713.8534,1750.5634,1653.6733,1726.1003,2187.3438,1421.7747,1830.5107,1648.9087,1834.389,1656.1364,1293.822,1157.6464,1488.3174,1.0,
0000000000000000003f_0,2625.1863,2282.2952,2412.7344,1887.4878,2364.267,2055.248,1886.0282,1674.9031,1703.7886,1390.1997,1678.6464,1728.1436,2259.511,1955.4633,1713.6666,1614.143,1450.2948,1874.245,2053.3518,1696.252,1490.481,2415.9565,2283.987,2170.6936,2356.913,2469.5247,2482.773,2518.7773,2150.11,2333.604,1945.8483,2021.8763,2289.3208,1.0,
00000000000000000040_0,1638.9088,1820.8562,1127.1086,1513.5007,1657.6833,1411.8658,1217.131,1215.7637,1120.1732,1004.78735,1336.2086,1303.577,1864.4512,1433.9471,1191.8022,1100.3494,1263.4395,1477.1311,1419.6289,1312.4496,1168.4633,1599.5376,1813.8843,1808.7385,1783.4869,1622.4973,1311.9287,1815.2764,2187.0874,2035.3705,1484.6047,1491.2634,1164.6018,1.0,
00000000000000000041_0,1380.2974,1417.5804,1037.5258,812.4541,1049.1046,1212.3187,1098.9929,1013.43787,1177.9604,935.2221,1173.9332,1212.0338,1329.1082,1113.5818,890.9507,1137.5548,1049.8118,950.8977,974.2656,1092.1881,1048.52,1122.2584,1362.3213,1344.4813,1333.5872,1417.7483,1469.9476,1339.8839,1355.3569,1291.0264,1224.1665,976.73834,1038.1565,1.0,
00000000000000000042_0,1637.4248,2081.4685,1894.3386,1951.104,1990.2811,1794.258,1691.0581,1670.4619,1589.753,1031.6993,962.6625,1461.3711,2492.79,1330.6614,1503.9558,1387.3766,1490.2681,1849.7056,1477.2196,1845.3977,1461.1398,1912.1409,1663.5968,2482.3416,1322.0217,1107.6575,2173.2412,2524.066,2161.1187,2265.103,2123.243,2036.6228,2039.5201,1.0,
00000000000000000043_0,1872.9342,1630.409,1878.5082,1593.6545,1537.8442,920.6465,1275.1775,1431.4933,634.5,726.6314,1345.0315,1392.3098,1815.1833,1194.394,1085.437,1104.2749,244.34799,727.5217,1000.70654,1608.177,1639.5632,2867.9084,2658.685,1622.0217,2603.8848,2659.3389,1256.2407,1440.8835,1872.1653,1946.4263,1778.337,2300.009,2055.689,1.0,
00000000000000000044_0,1502.4314,1771.4333,1240.799,1933.4651,2395.306,2012.6786,2077.2341,1760.7496,865.3987,1073.5764,839.0073,1259.8448,1986.0564,1625.1113,1214.0402,1425.5018,1535.8682,2339.1748,1738.8195,1848.8127,139.5641,1881.9231,1106.2963,1968.8862,1471.9497,799.50525,1916.2233,2143.4897,2285.6316,1995.0018,2067.1294,1828.2614,2316.6167,1.0,
00000000000000000045_0,1971.9113,1863.6438,1392.9883,1393.2944,1713.5481,1299.9556,1527.1252,1999.0596,1397.6844,1291.3164,675.3662,942.659,1650.5269,1257.833,514.4852,934.48706,785.2792,1419.0084,1743.306,233.77695,798.7228,1651.6898,1746.6991,1362.6367,1554.7839,1039.3745,1592.4031,1427.4569,1865.3452,2221.504,1314.0117,1917.165,1826.3203,1.0,
00000000000000000046_0,1606.5437,1783.9302,2292.4668,1993.3884,2076.1963,1894.6426,1966.2944,1830.6445,1371.2827,13.7716,1269.202,1356.4945,1732.3502,1775.5542,1892.2202,1698.4023,1431.1353,1474.607,1709.3925,1878.9539,1657.423,2154.4292,1887.2311,1630.4987,1975.5771,2020.3346,1816.8213,1690.5461,1795.6279,1711.2543,1854.512,2141.9814,2022.4502,1.0,
00000000000000000047_0,970.45154,864.749,712.9773,988.3669,855.4735,698.0747,797.6787,698.7081,751.5426,755.2358,954.4098,956.9384,1186.3264,903.2436,808.2191,694.6185,776.5074,857.2764,845.8025,787.5516,732.8191,782.578,916.7196,1200.2167,1069.9753,1172.2542,1039.4058,1010.5737,948.8983,708.2893,792.7219,902.596,804.4709,1.0,
00000000000000000048_0,2201.66,2636.5,2620.3188,2429.398,2783.4646,2780.825,2539.8896,2568.1792,2429.8237,1660.0953,1663.2632,1797.2596,2642.2666,2147.9343,2036.4509,1825.7968,1530.6648,2000.3943,1548.6093,1792.2069,1369.6099,1831.3828,1890.8345,2567.4392,1959.2859,1845.6342,1355.8562,2656.8105,2687.775,2767.1792,2629.8188,2063.5208,2701.1045,1.0,
00000000000000000049_0,616.8408,361.3909,1528.7035,1153.6562,1341.6448,1390.2781,1254.9084,958.14233,1381.6108,1231.5022,1026.3239,1117.5352,654.7365,1105.6733,1218.6409,946.1699,892.8226,973.6138,1144.6628,1238.1525,841.9199,1234.8997,1312.5884,1149.2395,1890.0991,1229.4803,1827.8595,983.81866,765.8045,663.9541,605.3955,566.5721,1237.7328,1.0,
0000000000000000004a_0,2120.3672,2405.9111,2495.293,2174.6516,2527.49,2477.981,2421.085,2274.4795,2085.0508,35.0264,758.3008,1189.7959,2589.2607,1844.1171,1493.8064,880.0005,823.0474,1612.6508,1702.548,775.00037,707.2934,665.7709,2128.2144,2585.6392,2080.905,2554.1765,1710.669,2569.6648,2485.981,2562.296,2368.1135,1983.3093,2362.1304,1.0,
0000000000000000004b_0,982.85364,895.65283,936.9824,588.36176,2028.3787,1975.7482,1375.4254,1264.0024,1221.1458,1418.6545,711.357,673.6642,1242.2437,639.8478,1012.3037,1162.387,640.2705,479.7681,954.1538,1246.7087,1066.3812,1029.6892,1447.4294,847.3635,1119.5403,1278.1206,1725.5833,1028.5197,1745.6979,1779.7437,2026.7269,1704.0256,1505.3087,1.0,
0000000000000000004c_0,1300.2432,1390.2532,1059.4707,1201.2345,1133.8774,1240.0862,946.48486,892.8257,1010.7324,973.05457,1095.7377,1224.7666,1010.8744,1243.7158,937.14044,742.0185,966.7943,1228.4541,1201.3129,975.2248,1017.6226,1638.8059,1790.1244,1501.5377,1527.5359,1478.5836,1602.5886,445.736,535.1293,782.3843,711.3508,648.902,622.51624,1.0,
0000000000000000004d_0,592.1151,2314.9702,1549.5844,932.26654,1327.1455,2721.021,2096.047,640.8782,831.75476,1494.6262,1376.1635,1130.5354,2507.0667,998.6144,867.1686,1101.0149,1312.539,1328.249,1519.5137,1305.343,1296.748,1896.408,1467.6102,2125.4392,1468.3048,1830.3157,1306.6782,2261.4087,2406.532,2006.5302,1692.7894,1732.6055,1801.6951,1.0,
0000000000000000004e_0,1328.9365,1903.7551,1016.4702,1674.349,1865.2131,1426.8335,1658.2404,1967.2819,1543.535,1505.8982,1456.1617,1011.6128,1918.5092,1178.9111,974.2494,1626.3706,957.2618,1223.441,1181.0918,1131.4695,942.3382,1982.9856,1815.5275,1707.5632,2017.0085,1788.5541,1844.467,1988.0287,2083.9768,1774.8953,1451.604,385.3059,1252.977,1.0,
0000000000000000004f_0,464.2738,325.3691,72.0388,1460.2845,886.7604,1403.736,1688.4097,1439.064,1199.0774,616.2483,566.4048,1473.3118,650.3925,1249.6877,996.66296,1444.9247,47.4188,926.334,863.6687,1264.2793,765.4591,1209.793,1114.9128,253.5877,1950.2972,1244.4103,1720.8412,1500.409,1325.6897,1153.5503,1595.7524,427.6632,1284.7571,1.0,
00000000000000000050_0,488.1782,479.0105,805.3648,1168.0554,636.7455,1226.5312,1221.6436,848.9857,957.3581,320.04608,847.6692,762.7048,834.98926,1399.1362,738.97174,1179.4226,1086.8385,463.3535,1174.247,1320.2726,1033.341,728.9638,1147.985,659.8886,1268.011,1409.2776,1352.4022,1129.2983,587.3308,598.95166,475.9362,1002.6911,1385.1536,1.0,
00000000000000000051_0,1628.8037,159.9131,1276.2108,1941.8141,431.3377,1917.7183,1778.5132,640.4858,935.76587,772.7626,1131.5354,1583.4178,814.3807,1616.8267,1486.648,1660.2399,1144.9404,1755.6069,1712.4786,1383.6512,426.3593,1085.6714,1004.1752,942.6443,304.30936,984.6566,1061.1553,811.8262,1049.6277,714.4231,2493.2427,1970.9036,371.0174,1.0,
00000000000000000052_0,1910.3372,2115.3657,1288.0757,2007.495,1949.1649,2057.346,1866.9124,1930.8596,1810.0483,1552.3441,1707.701,1830.0652,2271.2366,1728.1403,1753.0208,1799.8896,1866.1077,1826.5205,1923.8036,1616.7167,1343.2812,1901.0349,2105.5725,2332.9045,2089.793,2062.6963,2096.4653,2354.8293,2416.548,2017.6173,1134.2563,1624.2493,1510.1792,1.0,
00000000000000000053_0,1131.9829,1132.5334,194.3774,952.6042,1376.2974,1720.7227,1189.2437,1133.5717,1247.416,1369.3625,1164.4186,959.1836,775.99695,905.7918,1166.8843,1050.5363,810.8819,810.60815,862.61206,928.06714,506.9454,1814.5072,1524.7996,616.3487,1630.0122,1391.801,1407.3788,528.2921,1027.2228,176.37326,391.10345,313.1785,189.1614,1.0,
00000000000000000054_0,1665.0946,184.8042,722.8832,747.59534,1189.8705,1514.376,1616.8212,1360.7206,1228.5521,757.51526,1095.6611,958.6948,811.32416,1398.2208,1305.2842,1604.6083,1313.7917,1805.2717,1669.7749,1467.2377,1376.5056,1834.8624,1916.5284,1002.4105,1737.2441,2277.5317,731.20776,831.9097,1496.343,904.2788,2225.814,1665.0775,844.64,1.0,
00000000000000000055_0,761.524,375.4539,1341.1475,1389.785,940.5114,1767.3541,1231.4689,1148.1204,956.4568,1308.8618,729.5615,1141.5591,519.1414,755.9359,1172.2288,1371.394,401.36603,990.0319,858.3312,859.2664,784.0546,1366.7697,1216.2456,747.2829,893.2434,1123.7264,1195.0927,1105.1531,1624.1351,934.43567,1209.7928,981.3939,1225.159,1.0,
00000000000000000056_0,1132.5052,1185.7354,418.3917,639.66504,610.5102,1879.4062,1105.6179,1122.328,558.8957,1582.6322,1347.227,1223.8064,1451.0732,960.1995,1095.3219,1145.5698,770.2105,1432.9005,1351.7246,882.7456,1060.2594,1361.9336,1363.7288,590.009,1793.8387,1682.3059,1691.4143,1644.5612,1092.7957,158.4198,354.9139,529.3381,116.7304,1.0,
00000000000000000057_0,1410.233,1196.1106,2537.9746,1836.1892,1194.2434,1193.5521,1372.4788,992.7179,806.047,364.8848,915.5812,1124.7827,483.5802,1167.7771,888.5496,1063.7693,995.49963,1330.626,1474.1814,977.3196,1136.0854,1888.0236,1355.9573,603.4964,665.4679,1382.314,1414.0096,989.31396,1181.7161,565.8176,1358.5143,1953.435,2233.8286,1.0,
00000000000000000058_0,1151.4657,1155.8931,411.9253,578.06335,417.6419,1647.6947,986.8222,955.8348,453.0204,1208.1675,1183.5408,1173.8967,1023.0807,991.5558,1128.2234,1250.7407,588.9588,1634.4644,1397.4354,736.1367,1121.0404,1419.8971,1495.5377,640.7134,1925.5679,1600.7623,1709.9073,1494.1919,1139.67,145.09795,268.707,451.9859,178.4128,1.0,
00000000000000000059_0,1045.1444,630.53937,207.7254,305.1307,797.9233,223.9135,1120.4049,898.6036,350.7024,1111.7714,967.6704,945.1622,909.8068,866.4074,864.7053,1103.3615,718.6898,1119.0262,692.5316,1091.2946,879.9914,1563.3276,1561.3208,1275.0002,2091.91,1159.5408,1936.5032,2045.1802,1661.2782,706.0883,171.9057,405.5098,455.54828,1.0,
0000000000000000005a_0,688.6269,619.1315,1494.335,1386.4744,487.6478,1247.8932,1227.8223,945.869,526.4174,750.0566,957.4253,1125.3547,464.26184,1040.9491,1222.3232,261.9382,1043.8643,1441.2507,1294.6919,1322.4086,236.0291,948.1663,1457.1205,851.7665,989.5203,1221.6713,1432.4873,847.428,1158.5665,689.62573,1149.831,1652.5125,1601.359,1.0,
0000000000000000005b_0,1094.662,1409.7815,936.8749,983.0471,1312.4753,1499.0613,265.80438,210.9232,594.20105,-130.3872,-372.30826,-319.271,1364.0293,-294.21005,-320.3353,-251.66415,-291.5334,-391.9521,-249.258,-333.8651,7.0219,-175.2541,-119.7997,1472.8699,-191.8759,30.5017,-42.9117,1118.1426,1737.0673,1591.7903,1159.5244,1299.408,1352.6709,1.0,
0000000000000000005c_0,914.4924,1129.9917,1002.7594,1275.7168,1438.5979,1492.4999,1176.9021,872.8159,1125.8713,956.6178,384.2642,122.9939,1293.3396,62.13025,83.176346,129.058,31.928902,152.6605,218.1622,313.6144,598.3045,521.1702,378.9222,1544.6344,411.3125,1196.7664,1352.9283,1815.1843,1451.678,1581.3461,1073.8073,1126.6052,1254.1421,1.0,
0000000000000000005d_0,1302.6992,974.0882,1573.531,1262.4847,1406.3824,1148.8025,1297.1729,846.96,637.8324,683.2043,953.34595,1120.3344,1428.9146,1216.8215,1012.8827,1291.2869,1201.3058,1237.1166,1521.1488,1753.2758,1316.9358,1819.4528,1368.822,1401.0201,1865.2155,2035.1489,1719.7998,1727.3892,1310.2144,1593.0092,1062.8667,1353.8623,1266.2748,1.0,
0000000000000000005e_0,1379.9691,1788.4458,1330.8489,1568.9735,1591.8074,1559.5751,1698.7278,1231.5698,674.386,-27.5106,371.4273,400.121,2284.1953,122.8364,189.078,-111.1342,-262.91602,150.9909,-35.9477,-117.3514,10.1914,152.4366,121.6376,2153.1228,164.5211,99.7705,194.01895,2331.0874,2368.9165,2115.671,1520.3337,2132.527,1409.987,1.0,
0000000000000000005f_0,725.3882,824.5447,1296.3727,1628.5378,2286.0024,1600.2222,1576.4448,1314.3774,1182.9468,1057.0516,1102.8938,921.245,1253.511,1241.4414,522.70044,-128.92215,-337.80237,-409.7436,-290.1399,-519.0712,-73.3571,-159.7504,-124.4427,1107.9149,-182.8741,-200.0258,-225.11545,848.1471,971.32666,1172.6569,1394.4001,1284.9203,1509.6626,1.0,
00000000000000000060_0,1699.2302,1809.1422,1077.1814,1396.2896,1476.8177,1041.2627,1223.466,617.4671,700.4394,672.8804,1269.0763,1132.5645,1948.9509,1103.2021,796.7046,993.2295,556.9778,1285.4072,1114.2052,789.768,969.901,1232.2017,1216.7247,1876.6777,1104.31,1326.295,1269.3169,434.3571,1466.0693,1491.6768,908.1442,1365.1215,1182.3457,1.0,
00000000000000000061_0,1063.046,1844.1392,-304.7312,-403.83148,-359.3954,-348.06512,-660.9072,-390.75595,-462.0478,-708.873,-589.5518,-610.1345,-253.0777,-580.4933,-547.9568,-426.304,-604.6026,-674.0111,-669.411,-720.28625,-303.9418,-262.9752,-387.72784,-451.38055,-263.2156,-296.8842,-346.8335,-415.9497,-135.0597,-314.94266,-95.353004,-100.8606,-195.71155,1.0,
00000000000000000062_0,1249.206,2072.168,-122.709,627.5424,1262.5636,1351.895,-459.3632,-7.1041,-177.4102,-296.5854,-433.4514,-437.4718,2079.7737,-433.8638,-446.8388,-219.9679,-496.63275,-461.8327,-442.438,-444.9567,1879.5083,840.2383,1966.4558,1998.0216,1429.1359,1786.1172,2314.5122,2442.1335,1889.473,-162.03494,815.2707,1331.5269,1619.5052,1.0,
00000000000000000063_0,1318.6958,1365.3464,-102.027954,-257.90033,-377.4408,-349.6511,-576.177,-395.09058,-414.75848,-658.4743,-520.0752,-540.4505,1974.2441,-580.78564,-523.5874,-442.1949,-526.7271,-620.75793,-591.28296,-686.9485,-333.8252,-340.3637,-420.63675,416.64838,-302.6388,-341.0331,-388.76215,333.9901,-69.3285,-190.5134,-12.454407,-7.216649,-121.54815,1.0,
00000000000000000064_0,3016.1033,2850.6138,2504.99,1959.5348,1975.1321,1797.6921,1604.62,1080.968,1436.2488,1095.161,1371.7653,1694.6792,3093.641,1481.5173,1587.8914,1707.2885,1532.9828,1595.814,1951.6191,1302.5502,1259.3405,1577.5417,1927.0631,3140.398,1989.1711,2414.6252,2605.5542,3366.4358,282.28992,2570.4543,1778.7445,2032.7186,2174.463,1.0,
00000000000000000065_0,1433.1777,2012.623,1509.7051,1504.9967,2121.952,1091.7722,1085.969,432.44202,182.4772,412.09747,1053.8158,854.0686,336.84744,1527.299,1285.2756,935.9732,994.4535,1673.8455,1059.2164,790.8,1216.5461,1688.243,1621.2802,692.91626,1259.1327,1808.9904,1836.3649,683.5081,628.64624,928.0471,1253.0931,1940.0759,1573.9705,1.0,
00000000000000000066_0,2419.312,2260.6226,1605.796,1481.2549,1735.9454,1662.3602,1381.0125,961.79425,948.0154,1014.1139,1410.7009,1504.7559,2387.7017,1669.492,1291.978,1145.1865,1098.2572,1398.426,1544.5051,1333.4275,586.63306,1836.5186,1029.1768,1926.886,1446.477,2190.459,1975.0095,2666.0542,2002.2474,2526.5654,548.0128,1333.047,1410.8717,1.0,
00000000000000000067_0,656.23,942.0282,1116.9941,1125.4109,1105.3743,850.7825,683.7876,738.166,750.4508,671.86804,891.4258,818.74524,914.2576,917.1441,857.6388,740.3995,991.5655,911.9373,1023.13544,868.06775,816.0182,1096.0228,1206.996,1146.7863,1263.3138,1231.6962,1273.6909,1079.804,854.0509,359.3909,1137.915,1402.3829,1129.7654,1.0,
00000000000000000068_0,1961.085,1764.5823,2305.6807,2052.0957,2327.3904,2063.815,2065.6697,555.88135,1437.9481,927.63416,926.4352,1166.3225,1986.5935,1338.5066,1097.2894,1023.82996,941.3233,1256.2161,1066.3226,585.7047,618.5104,1355.2894,1578.7432,1730.0198,1600.643,1375.2,1607.1532,1914.0652,2171.9673,2470.9438,1674.2474,2349.2415,1939.3198,1.0,
00000000000000000069_0,729.7903,1646.1123,604.9228,1031.4829,1005.6224,1323.9948,1359.9325,598.96936,680.316,608.0593,472.7668,487.3784,876.2251,348.8496,310.6283,294.8086,163.182,522.7468,696.0234,560.9124,445.9248,264.9151,81.6036,644.16394,137.3051,336.7349,19.702751,718.3414,856.9446,1020.6249,1209.9403,1282.8805,787.7062,1.0,
0000000000000000006a_0,1737.0637,1636.6047,1022.74023,1059.1526,1331.085,1069.7539,1134.2836,797.7709,605.5612,830.8594,813.2038,921.6373,1339.3317,1040.7504,851.7442,856.7859,663.2346,664.04333,1528.9822,336.8624,388.5512,931.6889,1216.2002,394.7339,1296.4457,1299.146,1197.5797,1519.8999,1243.6298,1613.876,1269.4967,1368.8295,1130.3446,1.0,
0000000000000000006b_0,1367.7864,1304.0793,1517.1738,1378.5464,1660.0078,1426.1388,1534.7054,1104.4854,804.1242,935.4548,979.6702,1238.2528,1589.4226,1286.686,1334.3451,1188.8575,935.6253,1366.1504,1282.6688,1273.7957,998.6727,1614.759,1674.2828,1337.6791,1597.7323,1829.092,1781.3844,1327.6003,1228.5619,1427.4783,1160.6152,1489.2598,1488.011,1.0,
0000000000000000006c_0,1512.8547,1274.6046,1246.4845,1295.576,1332.6309,1384.4059,1570.7239,1065.127,826.811,727.1308,985.73816,1502.908,1683.2494,1256.716,1167.1096,1191.9344,868.4764,1309.1329,1236.2281,721.2957,907.8718,1603.1565,1724.6534,1584.0278,1271.3333,618.9793,1389.6934,1311.4799,1193.1285,1280.1067,937.9235,1108.4713,1464.5305,1.0,
0000000000000000006d_0,1144.3335,1383.0651,1016.15466,1058.7273,1191.5695,1199.4008,1330.4026,1111.7804,1093.2937,310.3102,432.1358,810.24365,1344.0205,1012.4696,885.4428,708.3262,888.97034,997.8596,1063.6852,870.3714,790.9876,1097.6753,1143.3422,1530.4353,1143.9711,985.05774,1228.6312,1038.4698,748.672,1150.8013,821.9841,953.6632,956.6542,1.0,
0000000000000000006e_0,1801.2439,-2.0506,-336.09314,-338.1853,-249.2888,-338.59476,-588.1033,-452.6685,-524.46027,-674.5802,-548.8808,-545.2572,-270.9809,-494.2322,-631.4643,-502.18985,-680.8138,-647.4002,-683.9741,-622.33435,-382.4408,-289.1104,-406.18036,-494.29535,-332.3636,-322.5682,-375.6393,-567.4891,-195.93805,-333.312,-49.72455,-38.1787,-238.315,1.0,
0000000000000000006f_0,341.40155,494.3248,-186.84256,-214.71506,-274.2541,-142.6732,-489.14374,-342.4604,-294.1486,-491.7656,-413.9724,-437.1854,756.8817,-352.1031,-437.008,-348.25,-528.36505,-415.3265,-402.297,-527.0614,-331.4864,-303.7556,-203.82416,-354.1551,-225.3135,-298.5959,-309.7624,-383.3803,-80.878296,-146.9659,-88.9574,92.3998,-109.144745,1.0,
00000000000000000070_0,2433.54,1925.9843,1711.355,1517.5957,1592.7471,1428.7892,1604.7283,1164.6592,1289.447,944.0485,902.5499,1285.981,2477.515,1383.163,1401.2252,1175.6013,929.205,1469.1687,1481.6726,1185.7357,1056.6301,1420.5599,1645.7792,1504.0477,1777.3385,1523.198,2058.7522,2302.3792,1880.5321,1802.8588,1490.4187,1853.719,1653.3625,1.0,
00000000000000000071_0,835.28,174.04614,-405.42273,-310.4179,-322.8042,-328.16528,-643.05225,-448.76074,-448.09473,-665.1166,-533.00354,-537.2512,1135.5719,-496.34363,-567.5177,-464.83618,-631.4205,-616.3084,-640.0001,-652.849,-349.9712,-393.0374,-288.9749,-433.27435,-327.5187,-293.8945,-383.8998,-531.1729,-138.0109,-299.4748,-31.7509,-54.637,-235.69214,1.0,
00000000000000000072_0,2060.1167,1705.0146,-137.8734,-306.5869,-295.5627,-387.86725,-569.9756,-452.1353,-526.4126,-682.7944,-555.0238,-565.1399,43.89925,-504.3419,-670.5882,-487.6845,-585.0064,-685.7903,-675.972,-653.1767,-314.1202,-286.9451,-429.9049,-346.5535,-411.4815,-369.1442,-463.80078,1158.4427,-178.76595,-286.74744,-29.99275,12.4041,-247.59529,1.0,
00000000000000000073_0,1662.9802,1919.2341,1506.6196,1716.5421,1506.2928,1146.7966,1245.4788,974.1898,1224.066,1546.1302,1276.6447,1262.5308,1736.0122,1152.4653,1119.1155,1131.5653,1105.7966,1340.5961,1425.8208,1305.4758,826.086,1457.6924,1368.4465,1887.5896,1275.9663,1750.5754,1773.47,2206.495,1273.4106,1472.9631,1680.2408,1789.9866,1633.187,1.0,
00000000000000000074_0,1573.8479,1785.1873,1576.2996,1534.6053,1994.6628,1658.4272,1798.9889,1290.5991,1158.6903,345.6346,686.5716,721.0576,1712.9429,661.3052,488.4563,673.31433,269.793,654.4807,580.188,185.7896,93.4267,480.1316,610.8053,1824.0115,657.1311,606.7464,662.8233,1607.9656,2074.7466,1588.7317,1773.5867,1816.7227,1593.918,1.0,
00000000000000000075_0,2237.2998,1911.5717,1373.0642,1510.3893,1582.3031,1505.556,1549.9858,1130.4338,1177.3774,1166.3737,1397.374,1547.9489,1320.8939,1595.9661,1390.7188,1463.2593,1228.1418,1480.1816,1579.3862,1342.0078,1319.55,1675.6324,1790.2056,1523.7916,1937.1215,1967.5411,1934.4321,1129.9174,1575.6482,1515.8921,1213.1943,991.3786,1221.317,1.0,
00000000000000000076_0,1143.6956,1686.082,1281.2141,1303.4784,1713.1447,1156.1636,1285.846,1290.2294,1033.0942,993.2928,1186.8738,1351.3802,1987.6594,1456.7064,1122.7172,1269.1945,1416.8884,1464.2538,1471.9493,1428.1091,1226.9595,1662.5894,601.3991,2019.8542,701.7688,596.0426,751.3215,1756.6858,1331.5946,1468.7512,1392.189,1396.5929,1446.1394,1.0,
00000000000000000077_0,1711.1263,1792.113,1470.302,1458.1089,1692.4862,1357.4943,947.6621,1183.7172,1101.6919,1091.595,1304.5708,1286.9016,1844.1252,1359.6956,1180.8806,1047.6448,959.2269,1386.4402,1217.1328,1210.3228,914.7032,1578.7634,1711.323,1984.8282,1644.9993,1574.4106,1373.7684,1634.5924,1670.7393,1613.9814,1334.8658,1639.6364,1584.0648,1.0,
00000000000000000078_0,2270.997,1804.7574,-302.18396,-331.063,-310.2284,-323.13574,-559.85406,-463.94708,-478.5885,-623.4766,-542.93225,-527.1134,-207.3415,-517.9923,-591.7229,-508.1576,-448.9608,-636.7206,-642.3966,-610.8295,-362.4948,-287.4699,-349.83755,-491.43893,-324.9943,-351.9067,-366.00458,-536.8308,-240.57858,-283.8157,10.262499,1298.4052,-230.7724,1.0,
00000000000000000079_0,2176.4219,2391.1082,-319.9978,-250.5827,-306.5908,-284.242,-541.5776,-465.9085,-520.404,-640.64014,-514.7056,-540.9758,1673.257,-502.12845,-623.47046,-512.7128,-682.6664,-624.7534,-680.8518,-624.9338,-428.7826,-389.0243,-422.4655,-448.7837,-335.3357,-356.4631,-436.0155,-311.1074,-170.75385,-258.2849,310.63394,69.4941,-256.09338,1.0,
0000000000000000007a_0,2537.4058,2392.0261,1659.3433,1655.481,1943.1937,1401.5889,1417.5345,826.8312,752.5042,944.7484,1081.9402,1294.2961,2304.963,1611.159,1248.7625,1097.0115,1496.4861,1362.2539,1418.9514,1371.9663,940.8742,1839.3965,1571.5634,1259.0985,1311.0376,1753.4615,1920.7474,2736.0923,1077.6768,2506.4297,1975.3911,1756.5026,1440.1086,1.0,
0000000000000000007b_0,598.4094,801.1631,906.01605,1037.6628,1095.3112,741.1891,754.5778,585.0336,492.4405,504.7289,751.0842,946.3284,1029.3452,874.10565,669.7738,973.5208,858.31,1144.3804,1152.076,1088.497,846.33374,1483.5693,1382.6096,1064.9487,1354.613,1289.0735,1391.607,1057.968,1063.971,812.9125,1018.989,1102.5,965.5951,1.0,
0000000000000000007c_0,539.1629,2131.7969,-178.5616,269.8142,22.2739,-310.8166,-499.57324,-397.495,19.7601,-254.5411,-317.4124,-447.8738,1750.2444,-234.52594,-566.60864,-445.25653,-631.0306,-542.6582,-507.3772,-337.4744,-113.9457,-151.26135,-96.4837,1506.9946,-136.2533,-241.87466,-145.81055,1234.8531,-153.4838,-88.3587,98.8932,73.1313,-200.43216,1.0,
0000000000000000007d_0,1429.5103,864.54956,1200.7349,1229.3938,1043.1913,1210.4696,1420.5027,892.5534,606.2136,743.3366,822.658,1189.8811,984.3813,1229.3391,1199.9155,1118.0195,1060.0474,1341.2202,1261.1085,1086.1404,781.7388,1325.127,1358.1083,1423.7628,1159.7057,1399.8883,1611.4824,1846.6827,1533.4324,1385.0461,1109.531,938.2505,1015.4938,1.0,
0000000000000000007e_0,2264.4253,2131.2908,2238.4165,681.3431,2237.1223,1800.272,1628.9265,929.9802,818.57715,1039.157,1609.2334,1347.196,2645.641,1589.459,1240.7166,1152.28,1046.2281,1589.6113,1333.2058,931.92,1159.0822,1638.801,1339.0869,2525.88,1344.3716,1744.1571,1665.3314,2777.9153,2564.0415,2629.1558,2099.7273,2464.3455,2283.8472,1.0,
0000000000000000007f_0,970.3469,1210.0828,883.2753,1057.096,710.2153,1076.9978,908.16516,1057.5675,928.146,842.9074,836.2742,968.0689,1285.9742,1043.4928,722.2028,796.8325,788.2846,1107.7844,1033.8005,989.04333,672.2015,1016.3149,1146.5808,1278.6808,1127.8594,1036.3455,1307.2247,1374.8059,1188.3005,895.3371,866.0668,1006.2578,1107.1133,1.0,
00000000000000000080_0,256.44672,910.0385,340.5857,411.80804,945.9945,1203.1699,-148.6633,-119.9534,130.544,-76.1244,-77.4038,-194.6768,1476.6257,-56.699753,-146.4077,-90.44785,-222.2036,15.0169,-46.11905,-83.32965,-103.033,-131.27565,-52.0793,-195.2593,-104.5653,-117.63185,-33.623,45.8764,202.8826,68.1278,222.9032,144.5791,148.4846,1.0,
00000000000000000081_0,1066.8883,1919.5297,17.7045,44.277252,255.5839,-5.4753,-72.3802,-154.4336,-156.1145,-46.495346,-91.5273,-330.0218,118.8235,-472.0186,-620.4086,-431.3564,-614.2642,-438.10904,-434.15,-374.1652,-145.507,53.9662,903.3423,-63.3842,-141.81586,-213.27805,-268.3502,-210.8741,955.0804,15.8542,233.7415,-2.4965,-128.73175,1.0,
00000000000000000082_0,870.8854,515.0756,768.48584,1343.8169,1236.7549,1117.0986,1334.608,830.3165,726.087,538.8141,1103.8522,1251.3025,415.6166,1187.6437,850.56104,885.22516,945.6335,1202.5753,1104.307,953.3722,946.6348,1356.1603,1423.8391,1378.0945,1613.9725,1441.4854,1457.2795,1171.1045,1117.201,1228.5052,1267.3289,1111.4558,1288.9738,1.0,
00000000000000000083_0,1078.6647,609.5664,651.2811,1135.4878,898.59216,835.4136,802.3074,607.8518,611.3324,470.472,822.8312,874.2824,473.7535,765.6658,577.4161,646.5893,842.2396,983.8749,719.5513,683.24097,507.27112,838.7345,911.6512,586.7932,963.2421,926.2503,934.7945,617.8355,865.9616,747.9589,1155.5001,808.6564,990.5927,1.0,
00000000000000000084_0,518.6479,1294.6426,-183.15039,255.4202,1638.2977,-328.2288,-396.41626,38.2846,-62.5418,-86.351,-161.4816,-400.2992,2271.575,-493.5214,-558.6974,-439.06055,-344.0733,-361.0326,-248.5123,-239.8298,-93.6366,194.77304,-35.79615,1660.2367,-123.50314,-245.26515,-51.1832,-329.8844,1441.4176,1265.6648,292.4342,439.77203,-109.42855,1.0,
00000000000000000085_0,2879.7954,3092.764,2895.2332,962.00806,2159.7937,1841.9626,1496.8029,1555.3958,1625.1047,1020.6618,913.4955,1479.4987,2879.6897,1616.832,1255.9259,1180.4216,1161.7832,1616.59,1509.3638,1476.026,982.80383,1653.3035,1721.2238,2832.152,1883.5186,1719.4625,2016.8638,3053.5762,2613.292,2661.0718,2377.3025,1494.8685,1975.8428,1.0,
00000000000000000086_0,1313.1887,1151.7526,732.8627,713.2085,710.4975,1036.5154,1104.1295,894.9229,697.7742,933.5396,953.80164,882.0302,1398.1956,901.3561,818.1102,464.19785,654.8268,842.15967,1328.742,1047.5292,551.6863,1399.5577,1453.6501,921.1764,1305.1509,1559.782,1214.3258,1177.7721,1606.8081,1632.1418,978.49634,1107.1984,996.1511,1.0,
00000000000000000087_0,1283.4043,1298.9451,567.35754,428.7635,330.1591,416.90994,342.92554,320.1288,215.0662,302.2598,299.12982,354.2711,1675.43,360.8519,188.7608,316.3496,340.23825,364.3136,431.7336,344.9925,245.0418,813.9946,559.1669,1594.3147,703.76245,766.62714,859.14655,1799.5219,981.6509,412.5024,355.7995,414.99335,592.1278,1.0,
00000000000000000088_0,796.0597,539.9772,302.71823,1350.5359,1245.9397,1268.8575,1529.9047,1069.6276,96.89215,250.757,-160.3556,-119.8026,25.5609,-216.94525,-546.7324,-185.93845,216.18231,1255.5945,727.455,1205.8801,970.0722,1490.7534,1079.0303,943.8711,1263.5804,-170.36261,236.1041,1487.9609,2368.7964,1657.5869,1220.2076,1632.7305,686.73486,1.0,
00000000000000000089_0,2730.648,2434.9663,2179.8706,2123.8225,2260.8801,2153.1646,1740.0767,1406.6862,904.7584,1448.828,1476.7173,1264.7938,2771.0781,1760.7151,1272.1472,1125.1533,1002.9532,1558.2047,1471.4492,1331.7185,890.2818,1457.2085,1894.3053,2678.8955,1604.1162,1930.2246,2019.3298,2742.2354,682.1833,1584.4115,2024.7142,2281.542,2396.903,1.0,
0000000000000000008a_0,475.4904,580.7029,1197.6418,1834.7596,1277.1086,2207.7573,787.0853,1309.2341,1232.3896,39.2692,-157.198,-209.9845,352.8532,-172.2108,-563.0345,563.0118,1488.3003,1266.2502,1212.0531,1199.301,508.68982,1574.4016,1361.2905,1248.8438,1393.1084,1756.5464,1634.9454,2158.6543,1994.587,2172.3755,1736.814,1790.246,690.93634,1.0,
0000000000000000008b_0,1926.2295,1896.6819,1600.0465,1104.3687,1294.608,1354.897,1336.962,1164.4408,580.7351,1062.7628,1580.5225,1055.826,2123.8064,978.4869,728.05835,1117.1375,820.78796,1178.519,1203.8763,1050.9452,833.7622,1375.4591,1550.6265,2241.667,1537.4214,1778.0735,1793.7123,2328.832,338.75458,1612.3661,1315.8472,1309.7338,1514.0692,1.0,
0000000000000000008c_0,1550.327,1965.9792,616.60205,1027.6139,1246.1022,1441.3164,1144.0017,1019.0344,742.0708,671.1846,1147.7065,992.7736,1588.4724,1215.2506,1130.05,1019.4873,878.8629,1449.1353,1032.8807,1356.8928,830.786,1206.9587,1525.3584,1340.9822,1374.6047,1560.6788,1706.6975,1809.594,1086.096,1393.0354,1642.543,1795.4259,1563.1403,1.0,
0000000000000000008d_0,1808.0962,1990.0669,1426.2075,1115.8287,1529.6505,1608.4948,1546.0325,1258.508,1052.9188,1035.4753,1490.9019,1608.7122,2078.4758,1604.6624,1395.55,1387.2808,1286.0116,1561.4292,1570.1252,1401.9358,865.2645,1823.6555,1639.1111,2030.5999,1636.1538,1620.1643,1818.1998,1506.4557,991.5386,984.5567,1332.5792,1185.2435,1473.5686,1.0,
0000000000000000008e_0,1473.2518,1293.5784,1374.0295,1409.0142,1138.9441,1384.4403,1250.0894,1005.5658,868.6196,565.3094,904.534,1378.2792,1978.8785,1319.6746,1368.2848,865.1697,1041.6309,1316.6348,1165.0288,812.1579,1357.0454,2331.7979,2077.9858,1903.3145,2121.5344,2230.3774,1007.2436,1972.4686,1472.4592,1948.1742,2091.5518,1638.1392,1374.9906,1.0,
0000000000000000008f_0,1785.1763,1153.376,1361.4863,1373.2474,1112.55,1187.07,768.8052,1178.917,979.5534,1054.8447,1250.7954,1275.6025,651.71875,1207.7532,1093.4382,1193.7952,1225.0719,1340.1458,1361.3099,1149.4448,1029.733,1455.9415,1496.6648,1409.7985,1451.2146,1471.2275,1645.4478,1014.0597,1142.7535,1091.7303,1298.5602,1476.566,1501.8243,1.0,
00000000000000000090_0,1616.5673,1851.286,1434.7004,1825.2356,1863.8177,1654.455,1430.5421,1405.8353,1085.383,1239.7604,1292.2052,1407.0175,1679.6843,1581.019,1392.9929,1124.8088,1232.9255,1382.4872,1261.7502,1411.1418,844.924,1937.4319,1437.0381,2029.2361,2048.221,2137.3855,2170.2148,2087.8174,1956.2627,1933.0358,1864.9015,1898.7605,1831.7325,1.0,
00000000000000000091_0,1303.6982,1444.477,982.2503,1234.0175,1327.4913,1214.8156,829.759,544.5998,476.8132,548.2,792.427,1125.8657,2073.6526,1318.7393,879.9594,782.567,788.61755,1224.7014,880.2547,972.3634,517.5542,1426.5269,1444.35,1514.641,1219.4679,1469.0427,1577.363,1626.2035,1468.5796,1713.8123,1767.4863,1393.4236,859.9981,1.0,
00000000000000000092_0,1917.0677,1940.9072,1088.4905,1270.0427,1350.4114,1026.7234,1313.7188,945.1278,1051.3727,935.1476,1175.6476,1375.3562,2190.9568,1340.2236,734.6906,870.4927,638.9874,854.04785,1074.5807,881.48535,609.363,1330.7463,1213.5696,1883.8966,1040.8252,1171.2991,1202.4971,1113.1315,1481.8652,1557.8568,1499.0886,1303.5593,1156.3359,1.0,
00000000000000000093_0,746.2795,1883.7019,809.2549,953.1771,1586.6075,1631.5708,310.41498,1166.1038,661.3655,156.7092,-89.62,-160.45331,1560.2351,-110.913,237.00284,1214.9008,642.9281,1195.0662,1219.9137,1043.6604,876.2482,1094.4866,1262.4945,579.2711,1255.4011,1231.5927,1427.8652,385.8764,2314.401,1413.0769,1463.5092,1470.3711,527.0344,1.0,
00000000000000000094_0,2871.607,2899.1123,1971.79,1572.3252,1660.5758,1412.9768,1685.6333,1324.8922,906.1198,962.5066,1278.0125,1351.1238,2924.786,1651.4135,1214.3994,1276.4768,1220.5452,1567.3195,1463.5961,1338.4202,1045.0637,1664.8948,1882.2714,2600.9834,1767.4637,1561.038,1866.1914,2032.5665,1539.9951,1726.4695,1521.8378,1693.7383,1624.4469,1.0,
00000000000000000095_0,2148.6123,1924.4424,2267.0786,1527.5596,1830.9468,1527.1204,1607.5985,1085.4279,1077.596,1057.4965,1381.8589,1355.9851,2047.6145,1789.9108,1309.5422,1247.7542,901.8118,1755.6206,1596.8835,1132.7488,921.6286,1550.7072,1699.2643,1958.1741,1080.2466,1934.7468,1942.4357,2170.0547,1811.6144,2246.1458,1765.3616,1633.436,1625.7913,1.0,
00000000000000000096_0,2042.4589,1979.4753,1818.9989,2058.1516,2285.1504,1959.7242,1803.9331,1491.6909,952.9805,1270.8906,1487.2181,1736.9999,2330.7502,1769.9961,1386.7614,1530.0968,1171.8367,1853.2467,1597.1984,1524.5063,1665.6571,1901.3383,2114.8218,2184.1616,1931.6646,1934.7944,1704.7769,2299.1763,797.479,1703.3887,927.6582,1695.3335,1867.8799,1.0,
00000000000000000097_0,2205.7234,2252.7983,1710.944,1708.8042,1823.0111,1481.6073,1559.4984,1405.7793,1188.8221,1304.1836,1611.7229,1506.6381,2228.7234,1537.3988,1348.9585,1324.6497,1087.5094,1484.9731,1533.5352,1494.5947,1361.4974,1749.512,1840.0636,2174.3267,2050.495,2170.2192,1883.4436,2038.408,543.0138,1712.6729,623.876,1414.2317,1649.7362,1.0,
00000000000000000098_0,1751.5573,2035.3132,1219.8262,1521.9924,1699.6471,1237.3231,1375.7823,1154.0125,941.8148,1004.4998,1180.5947,1144.532,1765.5189,1296.5753,1192.657,1223.4902,1035.4211,1481.4006,1354.8486,1419.3424,936.2182,1669.6279,1528.9199,2024.1362,1555.9203,1760.1646,1661.1731,1874.184,1965.0732,2220.5256,1222.678,1392.3413,1502.0763,1.0,
00000000000000000099_0,1581.7113,1779.9382,1608.5581,1599.6445,1461.3925,1247.4912,1230.8604,1326.293,1621.714,1528.217,1507.9395,1604.901,1888.4666,1723.9866,1649.2341,1545.1532,1546.018,1480.0798,1102.4008,1197.7329,794.9674,1432.8195,1315.9685,1705.7789,1197.413,1488.5334,1506.7987,1449.164,1786.9731,461.3589,768.5572,934.2561,1498.7749,1.0,
0000000000000000009a_0,2188.8992,2111.7395,1944.7006,1893.9934,2096.3352,1820.134,1752.5634,1891.8405,1569.0254,539.0538,298.7406,781.0092,2251.4937,653.6166,1003.5881,1482.1311,1442.8375,1519.9054,1350.8632,1519.4482,1566.1315,2262.7534,1886.277,2202.185,1882.7229,2252.8271,1984.8635,2157.8372,2254.4973,2189.91,1430.5099,1771.4525,2000.6234,1.0,
0000000000000000009b_0,1261.1871,1242.8704,1104.7197,1328.3378,1455.601,1034.7163,348.42935,736.518,684.4358,871.8717,796.181,908.6731,1218.7151,1205.326,902.1625,738.4798,497.3726,997.9261,1168.8796,1054.8282,839.9314,1419.4908,1464.9069,1162.9316,1331.8726,1596.1945,1246.9495,1358.3354,1136.9678,1362.543,1016.88165,1082.4263,1083.3157,1.0,
0000000000000000009c_0,1303.9509,1416.4235,990.323,1022.84,921.4973,1078.6404,1089.7836,778.2578,636.191,524.627,578.2462,759.3702,1499.1272,1040.8201,657.5254,722.9762,524.8814,1034.5005,688.502,759.2945,451.4714,804.9313,1425.7355,1423.3486,1438.15,1467.4441,1346.2534,1457.6475,1234.0232,583.6564,703.1221,822.48303,900.4623,1.0,
0000000000000000009d_0,1215.3339,873.0042,1649.5388,1684.023,1782.7467,1954.8376,691.283,1354.1168,791.4918,1427.1603,1212.7007,1111.0994,1489.0936,1836.6003,1619.4458,1924.1534,1086.9425,1470.1124,1763.9756,1921.3458,1680.5735,1758.4294,2441.5327,1282.5106,2209.3948,2346.7842,2291.9934,1510.3082,973.8275,1116.2122,1095.2872,1184.4578,1312.2888,1.0,
0000000000000000009e_0,1063.7931,1378.0273,975.0757,1162.226,661.5754,1182.8246,1096.5364,699.7982,239.1058,627.546,-11.7177,-246.4664,917.6396,-8.937,-106.5572,-145.8478,-101.1444,-106.9704,842.683,1048.9667,369.0914,617.9529,822.5075,1053.0052,897.4423,1134.503,1113.9371,1346.1221,353.8291,500.8136,1060.4055,837.3659,1141.1576,1.0,
0000000000000000009f_0,1182.1075,876.76514,1087.458,1112.9984,1095.4991,1143.0762,1067.0736,719.177,695.081,727.7864,701.72034,678.9701,889.9142,866.7322,781.1022,727.5375,585.1788,947.248,745.0852,750.04443,588.7054,1198.0868,1236.4141,842.6016,1287.8308,1524.013,1367.7867,972.0588,828.9205,744.7417,952.5554,946.1625,977.0013,1.0,
000000000000000000a0_0,1175.2778,1559.1561,1258.2382,1183.1426,437.42346,1176.5082,1187.9637,906.67346,778.2123,847.50195,70.1941,-79.3609,893.1111,6.5226,14.4389,-14.0863,34.33405,149.7594,1124.4172,726.7809,322.2308,741.4589,715.8745,1208.4745,881.13025,999.0044,986.1278,1560.1924,270.3433,713.78925,1111.1263,799.2684,1222.0079,1.0,
000000000000000000a1_0,1628.8899,1239.286,1313.9662,1507.7996,745.3026,1209.6943,903.2338,778.4785,468.8051,665.63464,794.07874,740.1961,962.5222,939.7177,583.8427,817.536,482.96045,501.89435,754.1732,997.19275,671.0556,921.6889,1152.6869,651.4504,1293.134,1069.3263,942.8473,732.41534,582.4647,969.808,836.072,239.7086,1088.2844,1.0,
000000000000000000a2_0,700.1261,926.5884,1674.2507,1507.2338,1585.8284,1521.8997,1053.0319,784.2533,440.4556,474.75922,674.3822,773.7943,1284.795,836.10345,674.9804,695.9907,474.1744,474.42395,301.7902,461.38385,229.4018,841.88794,787.5942,1219.4851,776.4753,836.8368,843.2003,1468.3167,1370.6812,1400.7013,1316.2771,1442.6458,1283.5837,1.0,
000000000000000000a3_0,329.6635,240.8327,1095.6884,1333.5431,1549.1554,697.6255,1103.2979,839.9162,8.8836,456.1534,504.63208,920.91614,352.8441,1227.5118,1340.9486,846.32434,1098.2646,1198.038,1142.0681,656.7152,1178.7526,1136.2731,1099.2947,248.0854,1366.825,1318.1125,502.1664,253.9079,274.3971,249.4485,362.6835,623.006,687.776,1.0,
000000000000000000a4_0,1352.101,905.6216,1587.4857,1528.9553,1329.4622,1514.4463,1383.3391,652.3148,784.807,585.5558,817.7383,1137.9805,963.1585,1115.0304,797.4438,715.4161,571.2426,1040.6216,706.0822,635.5277,374.5406,1109.2356,1097.2021,1194.0134,1135.9243,683.0062,453.091,1333.5787,1085.1975,1272.7922,1367.5306,1263.206,1246.5651,1.0,
000000000000000000a5_0,2157.192,1376.8619,2041.831,1936.4155,2106.4033,2071.8552,1842.4537,1547.0062,1567.0386,1105.3276,1349.5852,1580.085,1652.2651,1687.3289,1763.8185,1701.4119,1588.9706,1877.5532,1789.3236,1862.4305,1597.3928,2105.3735,2190.2258,1902.8018,1096.7314,1299.9426,1397.3713,2065.5876,1834.2903,2094.3574,1788.0813,1813.0343,1967.3738,1.0,
000000000000000000a6_0,1089.0042,782.561,969.8514,733.5861,1827.0852,889.81995,849.7769,703.6997,522.141,288.1588,745.4644,830.0708,503.1506,1486.4167,1429.6846,1011.0669,1337.6345,1616.7173,1736.1776,1737.8876,1090.8562,1739.5142,915.83325,635.15356,903.3373,1018.9446,371.89725,1322.7478,1402.699,885.8787,1402.0414,1940.3768,1801.8824,1.0,
000000000000000000a7_0,563.4562,730.9093,554.7345,399.9011,744.5781,709.2529,978.8905,1385.5892,383.6679,681.648,793.1367,845.8015,994.0025,867.8242,933.1147,1017.17444,893.91907,977.87756,815.6512,1008.86084,812.9492,1148.6194,1313.9836,1073.3069,1629.5712,1542.8098,2031.0591,1545.2278,1574.169,596.0726,280.63318,347.89185,159.08975,1.0,
000000000000000000a8_0,1856.9764,703.7058,968.26465,1859.6143,554.3351,1299.8083,994.4488,1138.0161,955.53186,730.8958,840.33203,1493.8623,1249.1096,1604.7087,74.458496,445.9273,535.2666,804.6418,1142.9095,563.2598,1128.804,1474.8033,1689.1309,1709.1619,1447.5844,1406.8997,1345.8794,2485.5679,2081.8645,2008.4272,1892.6008,1789.4742,1652.0402,1.0,
000000000000000000a9_0,1880.4097,1703.8428,1289.1815,1838.846,2246.0918,2091.0273,1050.1409,969.84973,1119.1631,1290.6167,1505.5886,1258.639,1907.7867,1286.8823,1192.3575,1206.3289,1182.3534,1622.0278,1265.4344,1259.574,856.188,1910.2358,1938.6082,1823.1804,1819.0732,1855.7281,1773.1161,2086.5393,1689.1575,1848.7314,1832.3435,1706.8802,1219.1343,1.0,
000000000000000000aa_0,570.8653,957.2523,450.71405,665.3352,518.13513,753.3288,622.3297,965.2686,879.4728,906.5447,806.91223,816.2246,1030.1293,826.062,545.076,962.53613,1066.9026,808.0344,1004.95764,921.1939,899.8506,782.5029,1251.5369,1337.8958,1343.6294,1007.0075,1075.8314,882.063,1251.2576,566.3325,858.5367,1168.6621,1197.9734,1.0,
000000000000000000ab_0,1556.9922,1664.0468,825.9852,408.38095,651.6913,383.184,920.4271,762.7727,178.33011,43.9415,-50.7968,852.7107,1288.0845,1257.1931,846.6275,660.4284,961.06934,698.58057,1099.7258,949.3972,268.2958,1023.8888,1224.7181,1258.5758,928.2416,1102.992,971.1413,1854.8032,1963.4205,1650.8278,389.38974,1655.3019,1662.8936,1.0,
000000000000000000ac_0,1584.2538,1994.5063,1742.5607,1816.1719,1502.7778,906.5506,864.1212,877.4849,254.9096,197.4626,565.5127,771.7566,1434.6152,1358.814,1272.6896,1007.00006,262.9283,315.63635,983.5884,646.4928,685.2251,392.4124,1310.7421,2019.2347,1358.8486,1090.0107,1648.2175,1867.5459,2041.1533,886.6511,911.1571,1200.8809,1268.3867,1.0,
000000000000000000ad_0,1652.0376,1686.8591,1377.9636,1734.2117,1780.2616,1292.0205,962.165,757.9044,936.4258,578.2842,384.5098,753.8569,1507.5757,1002.4381,859.451,704.5796,965.61975,601.6287,1007.3644,1150.469,874.315,374.9003,1425.4558,1735.2462,968.9731,1346.3997,1200.9626,1444.4961,2691.587,508.3065,583.63666,1002.55273,1106.9161,1.0,
000000000000000000ae_0,918.7881,1588.7725,1846.3198,1946.762,1948.814,1971.0352,1895.4197,1751.3674,1464.472,814.993,461.9178,1218.9045,1506.5823,1561.3818,1584.849,1619.6514,1535.1475,1285.7065,1995.7352,1735.6447,1468.2849,692.13745,1438.2283,522.4199,1711.7565,1090.2319,2093.0115,1640.0605,271.3239,1592.1265,1875.1804,1897.2405,2202.2495,1.0,
000000000000000000af_0,964.7501,912.4767,1314.7417,1158.2179,930.0446,1263.5312,775.2399,829.1109,136.26639,-85.9956,421.0343,63.7076,1242.2048,762.4074,124.7169,776.3588,153.1762,1281.068,1148.8508,1322.2512,880.3832,1177.9742,750.798,1161.1556,584.5737,1166.6333,1160.2205,1547.727,1219.1552,1672.3865,1333.1799,1060.7219,1424.1606,1.0,
000000000000000000b1_0,1282.6876,1527.1322,1278.9094,876.287,992.14526,473.5056,1225.8108,515.6031,204.2329,25.648602,149.0103,687.8534,1291.9167,1217.1509,913.00385,594.8207,773.5096,817.3097,1001.9959,845.5962,326.84882,774.1832,1092.2023,1324.2946,874.9404,1119.6864,1055.1941,1698.6351,1722.9998,1466.226,326.9642,1298.31,1385.0835,1.0,
000000000000000000b2_0,1774.9796,1689.8542,1620.9911,1685.8269,1752.5981,1550.9222,1581.2042,1571.4696,1347.8654,1164.6343,1164.2212,1345.7036,1816.9459,1299.9838,1302.3789,1299.7126,1249.829,1446.9541,1349.9375,1241.3744,1201.2336,1714.3027,1700.1854,2086.349,2090.4243,1680.0074,2156.516,2725.3015,1633.1184,1624.7004,1620.1895,1590.5536,1760.3777,1.0,
000000000000000000b3_0,1290.0975,1348.5354,1247.0957,1139.9987,1236.0125,1823.0632,1313.6976,1207.0232,495.11276,1212.0446,1172.635,919.1113,1587.7169,934.3914,1198.5912,1148.806,564.2561,1352.0177,1172.6932,1009.15,723.10693,1515.7715,1390.019,671.4387,1557.7041,1539.9445,1300.2075,1191.4526,1106.821,1107.5431,84.1986,752.2518,332.9764,1.0,
000000000000000000b4_0,2344.0537,628.05554,861.4022,822.2599,248.8671,2149.801,1550.0604,1265.2626,1078.168,678.81055,1240.1007,1744.1754,1475.549,1837.269,782.0206,1778.031,1042.8722,1670.5416,1814.6929,1644.9089,1183.205,1944.7213,2153.1157,974.0393,2456.2173,2271.1384,1568.5396,1608.6986,1753.891,1456.9672,2277.1443,1862.361,447.09,1.0,
000000000000000000b5_0,1252.7708,948.19775,1554.6703,1449.9839,1376.5748,953.665,900.4022,1271.3289,622.1852,669.1842,1011.28186,1038.2837,1164.8887,990.72205,1004.67566,878.6666,770.8679,1049.1248,867.027,1027.1038,761.6658,1252.7596,1566.4531,935.3076,1596.6902,1776.0966,1833.8606,1271.2261,1000.593,1067.9202,1069.2644,1238.5824,1323.3193,1.0,
000000000000000000b6_0,1437.1146,1935.9253,2139.296,1696.1421,1696.6917,1841.2363,1689.9432,1425.2552,1180.549,1023.8541,1219.567,1177.5071,2060.1934,1322.6368,1228.3137,1207.212,1263.7134,1558.3108,1625.4044,1473.7728,934.75,1680.3398,1686.2747,1345.2709,1888.9641,1760.4023,2001.738,1602.4923,1428.9304,2130.949,1467.8167,1364.6067,1487.4188,1.0,
000000000000000000b7_0,252.5189,618.16797,201.4241,284.0543,617.7531,355.119,111.057846,321.63495,209.5947,51.0291,283.5145,285.503,830.1564,315.84045,321.4451,387.89526,161.0172,254.1537,356.7696,464.9889,281.178,438.31775,494.2928,494.5891,658.96533,463.9322,350.0498,798.73944,592.8934,852.0209,981.1702,672.7616,257.6398,1.0,
000000000000000000b8_0,2221.8586,1037.9248,2272.8757,1918.4468,1987.8853,2454.4307,2466.6604,1769.5474,-309.659,661.81616,1228.1477,1174.9806,351.78775,972.8617,905.5026,869.9562,923.331,797.1334,1270.2573,1372.7542,1372.6201,885.71155,1659.1982,766.7483,1884.852,1420.0378,1833.9556,1377.8811,1260.6663,2031.7926,2423.3555,435.4858,1851.19,1.0,
000000000000000000b9_0,794.67865,699.8854,531.7752,1111.3749,935.5576,1680.7911,1351.5583,923.9448,1145.8212,776.1708,1257.1655,1197.702,1042.0573,1064.409,945.2584,886.8558,913.8297,1217.6722,1033.121,1170.7854,862.8332,1439.7927,989.9005,1145.1486,1600.5083,1198.1302,1642.2157,1411.4801,1367.8477,1316.7998,1100.5276,1161.6478,828.837,1.0,
000000000000000000ba_0,1592.9606,1703.0293,1749.924,1963.158,2221.2515,1806.2227,1857.1519,1844.1309,1647.3501,1759.1604,1670.5671,1557.405,1653.2087,1545.643,1503.1392,1499.7406,1420.4949,1514.4813,1545.2937,1588.4474,1503.9574,1874.9656,2164.0981,1776.4951,2152.698,2116.6707,2011.5887,1929.8198,1991.0803,1681.4823,1951.1528,1803.7068,1920.6455,1.0,
000000000000000000bb_0,2179.1443,2040.0515,2333.4104,2306.489,2181.3525,1987.1569,2071.1448,1517.738,1564.5132,1696.7701,1717.2725,1954.0502,2211.0442,2100.6418,1955.2986,1880.7736,1718.4327,2233.3345,2028.7031,1997.939,1757.1152,2415.9026,2190.2095,2244.1057,2039.9636,2432.0334,2340.628,2428.7502,2070.1626,2265.644,2193.2725,1883.9823,2175.4236,1.0,
000000000000000000bc_0,2352.4653,2292.834,1588.7715,2003.382,1537.195,2134.453,1770.3727,1644.1758,1752.6016,1593.6757,1732.029,1425.2418,1637.9904,1410.5104,1395.8029,1782.1143,1204.629,1367.2517,629.78546,1702.613,1341.4238,2190.8376,2252.4946,1967.197,2168.3323,2357.202,2158.1504,2076.4478,2402.755,2393.1997,2119.3823,1992.0275,1790.446,1.0,
000000000000000000bd_0,2501.099,2402.8896,1283.7186,1177.9155,1470.5627,1165.6072,1273.2391,919.5218,676.5814,734.5928,974.9995,1006.96704,2587.783,1214.6096,1073.9507,1243.2594,1549.6506,1476.9893,1444.4343,1337.2822,885.04626,1468.9487,1352.1663,2622.0967,1302.0771,1461.3042,1439.6763,2728.867,2580.9001,2526.5776,1192.315,1338.2924,1340.4535,1.0,
000000000000000000be_0,1218.3097,2081.8733,1099.6895,915.2484,989.5781,937.7278,1009.4761,774.4806,625.096,518.306,904.1372,617.7204,2033.7448,935.3526,713.95667,1071.7264,1121.0281,1230.7238,1073.2708,1066.7795,923.10333,1325.75,1284.1453,2391.6062,1252.1693,1430.333,1424.8994,2402.2988,759.4238,1793.2056,1022.4799,893.4599,1009.7857,1.0,
000000000000000000bf_0,2108.1526,2489.634,1539.3826,1731.8822,1287.1309,1492.5793,1803.4762,1240.0881,1534.2902,1501.8118,1718.3654,1172.8333,1323.7523,1241.9077,1255.4574,1777.847,1173.0662,1275.3387,759.72034,1668.0184,1713.8824,2246.4727,2183.628,1618.4753,1860.9415,1745.6187,1946.7834,1980.1177,2310.628,2412.0754,1768.0975,2169.692,1438.1996,1.0,
000000000000000000c0_0,1057.5409,-13.0458,1286.5846,1176.127,1212.5557,1181.4049,675.58203,885.6496,999.3255,523.05,1142.63,951.7981,810.6225,1407.7769,1282.8324,1005.7798,566.267,1218.9973,1048.199,1329.1157,1108.152,1896.102,2005.2505,1344.6508,2138.4937,2044.5403,2237.1758,1398.3636,1278.3629,950.72754,1064.7181,1324.5265,986.2053,1.0,
000000000000000000c1_0,1729.0857,1681.0852,1224.8123,1521.601,1455.1665,1324.5616,1263.7068,1027.3356,1088.2272,948.1636,1017.46857,1408.348,1765.0287,1366.4478,1378.7703,1277.2554,1239.3032,1603.3838,1546.4656,1267.6055,1168.8528,1694.5042,1571.5532,1559.8691,1689.6125,1667.632,1420.3798,1744.6106,1590.6414,1550.882,1602.9333,954.8612,1183.0007,1.0,
000000000000000000c2_0,2518.9453,45.02775,1343.098,1184.3059,1471.102,1346.9667,1066.4518,1240.3079,985.4488,745.6312,1899.666,928.1106,440.7931,1150.4174,1091.1953,1380.3534,221.9497,1253.2964,1583.9727,1837.7944,1327.449,2024.635,1175.1708,323.89795,1717.0138,1454.0885,1863.3638,429.84137,819.72046,492.8929,781.6365,1190.6133,2183.973,1.0,
000000000000000000c3_0,300.8539,205.4337,1992.1427,2151.545,1787.5627,1517.972,1915.8513,22.39085,437.9318,-6.6006,282.51755,1620.843,327.84735,1980.2374,989.0111,1283.5378,716.6166,1239.1912,338.11615,878.5287,1719.6758,1761.4648,1822.3708,918.9277,964.7469,1846.9847,1899.7635,1004.2744,1204.8604,2237.2642,1912.4122,1920.8942,1975.0275,1.0,
000000000000000000c4_0,1021.39197,1179.4369,1508.6858,1579.335,2115.5625,1222.2694,1257.6411,356.7594,211.44879,298.0822,490.587,1203.0178,1265.0118,1004.2102,826.1575,850.9186,579.6855,896.64575,634.5154,744.6371,503.1192,1660.3396,1258.3646,1142.4906,1456.9585,1048.8938,1480.6995,1560.9758,1894.6184,1916.46,1357.7916,1658.5112,1500.5228,1.0,
000000000000000000c5_0,1179.3511,1673.1447,1371.7996,1502.1215,1632.6099,1041.8875,1204.8083,323.581,166.2471,120.7497,276.0028,816.9138,1240.2408,743.7486,540.1052,696.3286,171.186,557.068,659.9415,683.7376,641.17,1585.0288,1375.5645,919.4171,1344.8494,1319.9843,1402.1755,1566.105,1902.0126,2277.4453,1069.2253,1096.082,1279.0125,1.0,
000000000000000000c6_0,1384.1439,1754.152,1447.5703,1628.1584,1700.4117,1146.3254,1294.58,318.3135,306.1897,185.22101,280.03802,957.36084,1328.135,894.3769,602.5399,844.3593,422.9852,642.56995,705.8028,907.50134,788.6772,1554.313,1299.7078,1083.7806,1432.0272,1460.624,1480.5314,1694.6423,2061.606,2367.785,1268.7083,1215.9192,1462.2382,1.0,
000000000000000000c7_0,1065.606,1842.25,1448.3531,931.8133,1461.6404,74.5743,325.4485,82.72915,-90.3343,-66.5776,136.1352,-45.34645,1716.0923,120.5856,659.2545,258.2555,141.2975,-61.917,-28.984,-68.6477,-101.5982,-255.90344,-139.3716,2275.7058,-107.5908,14.7944,41.07755,2316.4011,2089.5938,1658.5814,935.6361,1573.5137,1436.9998,1.0,
000000000000000000c8_0,2132.9077,1421.0125,2374.1162,1931.035,2448.8809,1535.961,1801.2135,1243.406,1144.2085,1102.176,1536.9666,1777.2125,2243.4485,1887.3842,1610.4648,1532.9658,1710.216,1822.8308,1772.7502,1424.3523,1464.6738,1843.2021,2314.8022,2339.4768,2041.6473,1945.8903,2042.3948,2693.6409,1458.1978,2314.516,2035.7101,2230.195,1937.1019,1.0,
000000000000000000c9_0,2192.243,2270.8408,2341.872,2030.9539,1677.9512,1433.2999,1613.9622,1177.9978,919.5281,1138.8091,1227.3468,1423.9329,2283.9443,1410.3176,1297.251,1177.5742,1129.6736,1403.0487,1394.2366,1329.2133,974.326,1463.1526,1763.9198,2434.9236,1870.5549,2052.9233,2207.567,2496.1833,2107.8818,2131.966,1971.2124,2114.2732,2038.801,1.0,
000000000000000000ca_0,1990.9626,912.50775,1291.6152,1237.0775,945.6847,364.7187,1499.6879,1493.0773,567.7223,399.0976,910.2958,539.16626,1756.4985,957.43835,787.28,784.0342,246.343,1286.1141,1239.8763,1095.175,838.6888,1655.3724,1592.906,205.3746,1505.8708,959.1675,1127.4937,649.2677,396.2643,578.2699,953.8614,1655.1982,1730.3889,1.0,
000000000000000000cb_0,2217.568,1598.3984,1377.4489,2251.2903,2071.0713,1683.0745,1255.9495,1404.3417,903.926,1047.4114,1365.628,1268.3905,2082.9915,1301.6221,1083.7546,840.45514,967.5802,1502.9116,1675.3467,1345.079,1013.387,1145.0652,1655.3606,2126.3682,1503.5997,1494.5837,1778.5964,2050.5393,2166.7285,2209.0562,1979.0117,1941.3921,2137.5847,1.0,
000000000000000000cc_0,1181.4941,1316.4437,1276.5419,1221.0851,1342.7908,1243.191,1145.029,959.64,1086.0073,890.3086,1174.2114,1301.044,1296.7234,1059.6892,1205.1877,874.236,987.9702,1363.5914,1335.6263,1624.4246,1498.3252,1731.679,1776.395,1307.2019,1480.8446,1673.8657,1214.4554,1550.6912,1433.7626,1348.6761,1137.9553,1360.1062,1084.925,1.0,
000000000000000000cd_0,1219.6714,1534.3511,1446.6995,1525.9253,1550.3099,1342.242,1531.2366,1206.6742,1195.957,900.1788,1237.3357,1466.6735,1764.0078,1320.1566,1363.227,1132.2314,1093.0098,1584.463,1270.5039,1117.2329,1397.3214,1274.0319,1440.6841,1763.4517,1647.9048,1413.8335,1570.9834,1652.2074,1460.5854,1243.1194,1272.8777,1444.5908,1627.2292,1.0,
000000000000000000ce_0,1281.4204,1672.9419,1672.8737,1813.3629,2337.216,712.0624,1691.4188,1126.6826,1171.9514,1006.8378,1505.1843,1329.5524,1876.8038,1700.8878,1627.1526,1936.4495,1866.8499,1841.1675,1964.9236,1576.0978,1067.3745,2003.3823,1987.9092,2028.8156,2209.001,2306.329,2152.4683,2125.6687,1554.3572,2430.5393,1967.3164,855.6917,2513.1511,1.0,
000000000000000000cf_0,2056.616,774.3972,2377.8245,1997.332,619.7768,1815.1783,1350.2144,1570.9823,911.8209,1014.0122,947.4154,1027.2783,605.1995,624.5014,1210.5203,1232.6776,1199.6827,1720.8048,1214.5848,1271.5234,1459.4509,1571.919,1921.4944,1345.3854,1891.3705,1824.7062,2399.5005,1319.0781,1687.7139,1500.0322,2546.7112,125.3461,2034.1853,1.0,
000000000000000000d0_0,1118.4009,1101.3091,992.1556,1419.9998,1728.5214,1342.5657,1372.1262,752.4435,907.0056,960.7564,1016.68616,923.9247,1115.867,1094.7466,1497.0356,944.1976,1086.5106,806.7074,702.91406,519.4376,665.489,1379.2815,1581.9828,1730.764,2045.4547,2549.179,2676.5073,1411.3828,1033.9865,1389.2561,1068.4595,1098.6345,1772.4116,1.0,
000000000000000000d1_0,420.2944,2158.404,1145.3634,915.1234,1474.2725,1226.0573,1327.799,1221.7909,862.41675,948.9603,896.46655,1172.2811,2133.2275,773.92615,961.75696,822.6583,1186.8826,1289.9702,1466.5344,1139.8044,830.764,1184.599,1254.8141,1665.1445,1527.9908,1510.5142,1391.1494,2285.8335,1506.4277,1156.0775,1139.685,1435.0704,1592.7969,1.0,
000000000000000000d2_0,1468.9976,1444.3845,1415.8561,1670.3615,2142.3276,1855.8179,1412.0398,1204.69,604.25543,-315.4908,-202.2488,-52.2835,1865.812,79.12109,-37.9198,-4.9156,-174.1213,-51.134003,-17.6256,-35.2256,39.9658,7.3672,-24.4631,1295.2429,-106.1581,-16.28915,-30.8946,1187.412,1850.0306,-0.4889984,263.8519,926.9076,1605.7294,1.0,
000000000000000000d3_0,637.091,1147.2526,352.0122,884.15063,985.7204,735.7594,824.7489,733.00867,687.1299,628.7146,840.84827,855.0237,1030.5947,738.1153,625.7961,596.5543,790.4112,839.73315,793.39636,1013.965,654.9606,906.5094,1165.2227,1006.561,1177.3671,925.78625,1057.6061,800.63416,976.455,645.15247,938.367,979.37555,1198.9247,1.0,
000000000000000000d4_0,1911.0302,2116.5747,2099.681,1895.6287,2178.7344,1804.7041,1575.1244,1712.3528,1234.0197,1509.2888,1742.2822,1752.6211,2020.1371,1851.2186,1842.8132,1831.3964,1223.7194,1765.041,1345.7976,1312.8159,821.66003,1637.3376,1791.2031,2007.0134,1606.427,1990.8394,2123.4062,2147.6045,1996.2036,1958.605,1709.4167,2137.0647,1867.0511,1.0,
000000000000000000d5_0,1038.606,168.44925,-303.8746,-461.36688,-362.935,-212.5755,-569.64233,-331.9088,-334.67792,-558.7414,-438.0606,-471.0692,1451.8729,-488.22235,-434.0101,-183.3787,-538.3654,-379.6852,-458.6942,-485.4701,-155.6156,-169.8755,-145.2077,-246.8201,-150.3945,-183.18454,-145.68056,-347.8354,-159.56256,-209.66095,-91.4648,-73.4728,-163.8927,1.0,
000000000000000000d6_0,2838.8174,2272.7383,148.7782,1475.2996,1395.6556,1270.9657,1637.7361,1180.2733,1259.2632,1218.2068,701.6282,1105.5916,2354.5186,1194.9563,60.9181,1336.6566,1001.34766,1086.2948,1230.5396,1131.012,1397.3455,2221.7349,190.2456,1706.4105,1773.5219,2540.7642,2100.7446,2426.3474,1609.0978,541.9342,235.4871,1615.6116,1101.8794,1.0,
000000000000000000d7_0,1381.6658,1827.8542,908.1758,1441.7661,1493.2559,1242.1235,1077.1613,991.5491,821.0888,830.39087,1126.0137,1080.7554,1660.2958,1108.044,1066.9165,914.77606,1204.5112,1238.576,1055.1405,963.9098,779.8726,1011.7977,1394.0981,1802.6951,1381.4331,1370.8337,1431.6649,1888.8281,1265.3516,1157.2769,1380.3821,1362.4435,1375.7712,1.0,
000000000000000000d8_0,2693.7676,2614.9868,613.6429,1495.3389,1879.4249,1036.8907,1754.8435,308.1067,913.71216,1111.6267,250.5853,1507.0684,2198.6072,995.7339,33.0631,2099.8948,791.3272,1224.6805,1440.418,1633.109,1580.7195,1491.2083,1783.019,2074.8716,1945.5203,2292.0803,1744.7576,2342.795,104.158,2237.3228,369.8386,2035.4307,1747.0513,1.0,
000000000000000000d9_0,-57.8447,-154.78395,-203.3902,-417.5192,-324.3746,-216.08154,-640.7862,-353.00345,-321.3296,-622.7337,-470.6449,-547.6006,-110.8777,-537.4059,-518.8908,-421.00952,-647.97595,-585.568,-614.039,-701.7036,-149.719,-198.4573,-213.7567,-342.3431,-169.678,-180.7425,-274.83838,-352.836,-49.962852,-282.3387,-103.674,-18.7258,-151.60585,1.0,
000000000000000000da_0,2891.984,2216.998,2491.3804,566.78204,1708.0856,1795.0253,1918.2649,1190.2308,1807.1028,1088.3164,1788.6726,1278.5806,2454.4492,1131.1885,1097.3428,1228.7026,1534.7725,983.1628,1237.914,1684.7139,1347.8726,1540.0258,471.13165,1863.3123,1065.5728,861.7917,2234.1868,2264.4734,1991.1324,1963.6226,467.0422,1365.6697,999.25146,1.0,
000000000000000000db_0,1640.5688,1988.2781,1738.1921,1558.4858,1819.9126,1708.8665,1309.6196,823.0773,1025.2808,1035.1135,1400.5066,1187.3097,2059.143,1242.8416,1080.8586,1142.2102,1372.5846,1304.2736,1483.1769,1105.3842,1050.7476,1392.9655,1502.2694,1774.6057,1454.3757,1904.7063,1655.5634,2012.4253,1561.6442,1756.1952,1422.5494,1803.6477,1476.417,1.0,
000000000000000000dc_0,1213.5573,1202.8711,976.5686,1006.2174,1434.737,966.1933,962.4326,788.7472,671.5067,892.0083,907.8418,983.2305,1767.8951,1084.8656,644.0214,832.2511,733.0875,1263.4954,879.60364,907.016,497.3209,1138.0116,1399.0205,1583.9419,1317.25,1104.4664,1344.6041,1352.2789,1060.2721,1311.799,1283.8412,1246.0181,1131.4487,1.0,
000000000000000000dd_0,839.9109,1582.2506,1993.1978,1550.6904,1953.6881,1657.8312,1457.6224,646.8466,1387.8138,1166.639,1391.3088,990.6588,2635.9202,1130.6523,1311.533,1056.9502,-16.242104,822.3516,1343.1106,428.1807,736.04425,1827.5388,1292.4623,2167.406,1182.2072,1446.9923,1357.7828,2239.6008,1873.7249,2062.0347,468.6036,2105.731,1144.8315,1.0,
000000000000000000de_0,300.7415,1199.1509,-270.0294,-502.34314,-284.5059,-213.8635,-658.7294,-348.1353,-396.0206,-652.453,-536.0612,-558.4952,-81.7295,-570.1998,-568.8633,-436.7788,-664.6537,-591.0852,-583.3194,-698.8843,-225.70099,-237.9573,-239.2347,-419.18634,-191.1054,-220.1114,-282.42505,-371.1935,-101.3075,-237.6237,-112.152,-221.7034,-203.5299,1.0,
000000000000000000df_0,1720.22,1224.7638,1527.9071,1454.291,1501.6783,1350.5098,1174.118,936.7782,898.6839,1251.1522,1028.3408,1351.6655,2207.2185,1267.6552,1380.6813,1257.0035,1008.10266,1462.265,1383.6042,1358.8502,851.9188,1531.6194,1499.8196,1131.9749,1591.6909,1840.1091,1789.114,1666.1802,911.9731,2227.2476,1857.094,1645.2769,1989.2877,1.0,
000000000000000000e0_0,936.8552,1380.0604,278.943,-476.0578,-337.33,-194.8321,-582.1961,-324.7707,-409.6196,-629.37866,-442.113,-561.1891,1476.574,-577.5803,-507.6843,-408.7456,-618.9585,-548.1767,-608.8428,-658.0578,-151.0512,-223.7467,-199.0789,435.424,-157.7639,-203.8963,-166.05905,424.2783,364.3139,23.53365,-49.6257,770.82056,-126.006996,1.0,
000000000000000000e1_0,232.0798,151.08725,-226.9512,-455.3482,-264.2026,-228.9491,-574.0375,-339.91055,-424.8371,-627.185,-485.4832,-537.17163,56.2593,-565.6164,-441.749,-388.2517,-523.9475,-560.9917,-556.3386,-661.63696,-144.8956,-298.8446,-220.02426,-232.7403,-157.8308,-177.9985,-150.7396,-349.00104,-179.72705,-193.97795,-5.9747,-26.897152,-164.3081,1.0,
000000000000000000e2_0,385.4317,48.7781,-183.6311,-493.37274,-328.5973,-259.394,-586.34094,-346.3174,-389.6213,-650.28674,-489.0386,-569.2853,414.6927,-591.3187,-507.1684,-391.6822,-652.4436,-568.1754,-606.15967,-671.78284,-196.1926,-233.9897,-182.5005,-181.0974,-155.5187,-248.7841,-176.08621,-359.795,-164.8322,-278.03723,-90.5687,209.3719,-186.19145,1.0,
000000000000000000e3_0,2368.6497,2217.088,2097.2063,1844.6105,1989.2041,1452.7139,1365.9779,689.8116,673.02124,1041.169,1033.9897,1441.7446,2197.3472,1464.8665,1482.2697,1239.0647,1125.4027,1768.2701,1803.8506,1469.245,1015.146,1975.1536,1987.709,2129.7744,1920.3699,1864.4712,2113.0088,2348.8506,2398.4612,2260.313,1700.9614,1979.0078,1907.5044,1.0,
000000000000000000e4_0,1393.3632,541.6571,774.6616,1223.9336,1016.5049,1367.7477,1228.9766,134.1385,1249.188,1465.4818,1409.5286,1484.1951,112.89,1609.3608,632.9022,1277.5394,1224.5963,1445.0192,473.4839,243.9744,502.2066,1206.4308,1072.8711,1771.9662,1335.51,1030.3247,971.3513,1805.0149,1121.3282,774.429,1373.3375,1417.2263,1105.2102,1.0,
000000000000000000e5_0,1338.0665,1642.519,1553.1029,1223.5544,1285.3846,1385.8269,1275.1013,1186.6521,227.08005,-8.1465,-153.7232,-447.89612,1772.3926,-450.4973,-447.2784,-331.0702,-517.4922,-521.0978,-519.11743,-577.8211,-193.87509,-228.3588,-200.9074,1952.8008,-159.6732,-171.1424,-131.7784,1957.9688,2118.8047,2107.2632,1820.1663,1827.6799,1639.0681,1.0,
000000000000000000e6_0,1311.7439,1499.4235,1425.6263,1547.7856,1242.7323,1291.5626,1551.5312,1004.5832,945.7794,768.7048,919.5683,1402.7521,1498.1619,1266.5342,778.1935,816.2326,945.30396,1301.2823,1605.9814,932.2188,1329.0483,2532.173,2367.6172,1432.3021,2156.9136,2070.2546,2133.3667,1388.003,1027.0836,1519.1511,1224.7709,1132.31,1293.232,1.0,
000000000000000000e7_0,2344.7676,1980.9382,1451.7686,1450.0443,1722.76,1336.9858,1397.8958,992.90234,668.6271,937.9226,1284.0977,1378.1116,2266.5552,1294.1246,1259.7754,1184.1643,1119.6958,1523.3284,1493.2589,1359.9662,1112.039,1701.7334,1793.1887,1982.3885,1418.2393,1953.4725,1885.2532,1581.0715,1364.2312,1276.742,1376.8575,1516.8131,1544.7864,1.0,
000000000000000000ea_0,797.5695,1623.352,896.7902,978.5681,1387.5864,1089.087,935.3941,963.571,804.39453,1011.3534,980.87695,970.5004,1274.7651,1059.0552,891.2783,1098.5704,1380.7354,1179.8064,943.6394,1110.118,975.8594,881.0625,1218.2174,1433.956,1442.2561,1365.7917,1205.7834,1431.1055,1110.3284,1183.5325,1191.3907,1499.5085,1092.781,1.0,
000000000000000000eb_0,815.4676,-88.9597,-173.85034,-399.6654,-267.9699,-233.91675,-539.55493,-327.38867,-373.5125,-583.1318,-474.2576,-441.2173,-113.6066,-518.3954,-477.1046,-410.1854,-614.6469,-574.7311,-546.4853,-673.8532,-261.7402,-238.17175,-287.1163,-270.3688,-199.0661,-253.29144,-283.67242,-338.4133,-122.445755,-220.2994,-47.8022,-36.098503,-150.8777,1.0,
000000000000000000ec_0,866.0669,1591.9114,1377.2612,1514.9683,1624.9681,1357.8563,1513.448,1029.8318,1010.1238,750.8838,342.6788,177.325,1978.0763,131.299,-364.67438,-291.3166,-535.7781,-544.8296,-439.791,-552.9974,-84.0801,-240.5902,-266.904,1601.3802,-222.9678,21.1586,137.5726,552.8833,822.2151,345.6012,825.335,849.6869,1036.2693,1.0,
000000000000000000ed_0,716.1627,1296.8146,870.77234,1289.9514,1374.5981,1412.155,1362.2776,1199.0647,1011.9839,460.04852,1135.8896,939.7464,1138.7725,903.4191,938.0933,877.1404,882.8278,1088.0673,883.4974,1134.9298,904.1454,1158.6487,1198.2614,1618.5356,1456.9043,1402.8468,1246.0122,1342.78,1492.6396,870.2873,1280.4413,1652.2653,1256.3271,1.0,
000000000000000000ee_0,1400.2938,720.76013,1591.2953,634.6107,792.5025,1279.719,526.2465,106.3333,1083.0198,812.3264,961.2019,1280.4496,1234.0583,1153.4917,167.16,1523.3977,693.994,690.0811,578.0768,1366.2719,1040.82,994.83777,1259.4285,1983.2894,780.2193,564.1761,1102.0936,1958.4436,2161.4304,2222.1702,826.9133,989.0752,1534.1002,1.0,
000000000000000000ef_0,886.69696,-194.62259,-271.0341,-544.2763,-311.9521,-297.4751,-626.7971,-412.1961,-423.2948,-669.9927,-567.1972,-598.253,-236.094,-597.1454,-513.89856,-402.75232,-620.76025,-614.5407,-639.4088,-698.8896,-283.305,-310.4029,-341.81934,-395.9653,-235.3154,-276.87704,-251.0351,-389.8649,-143.7119,-317.3946,-140.1516,-28.5271,-212.0615,1.0,
000000000000000000f0_0,1046.9802,1460.3741,1684.6733,1696.5326,1620.4928,1700.6603,1662.8744,1394.9637,858.8855,495.4754,1501.978,968.0089,1538.7164,996.2551,914.34607,860.4647,1051.0759,1146.2635,1174.279,1208.8525,1044.7814,1417.487,1347.4883,1628.162,1526.6132,1670.5956,1449.2554,1697.4473,1348.1163,868.62427,1382.7091,1470.8049,1531.4427,1.0,
000000000000000000f1_0,1199.0656,1770.4829,-84.992805,-102.0549,-115.26,-117.7811,-367.02344,-266.16034,-302.5122,-298.429,-343.8179,-404.7358,915.1775,-430.0994,-356.0758,-258.4027,-484.092,-466.44653,-402.06287,-390.52835,-108.0562,-116.2378,-268.45294,535.1708,-111.9821,-36.141747,-148.976,287.4103,442.0273,77.1818,151.4868,168.3168,121.0008,1.0,
000000000000000000f2_0,559.8508,1136.0273,734.89276,962.6622,1276.2478,1045.2413,1128.9236,861.9112,629.4973,511.111,1038.7583,732.0844,1123.643,682.29266,491.88983,682.6204,724.1457,798.2444,687.02,777.4149,546.187,791.0013,910.1213,1439.0582,1097.4733,1007.6443,822.62463,1075.6938,1083.2384,784.0421,1095.877,1273.2069,1066.5828,1.0,
000000000000000000f3_0,762.7124,1596.513,-223.7602,-441.41605,-361.8651,-436.4865,-664.3594,-446.0755,-449.9723,-689.6512,-556.33594,-572.00146,2033.6965,-573.7918,-501.32495,-370.28986,-504.6254,-617.2314,-603.23376,-672.9712,-231.268,-254.93484,-179.5037,-319.67706,-189.1203,-197.33945,-248.5894,-395.622,-123.6606,-239.4098,-51.9742,-153.7719,-302.9346,1.0,
000000000000000000f4_0,1425.3298,1801.0835,-353.8831,-515.1474,-314.5012,-393.273,-639.0457,-438.3981,-429.5076,-704.4104,-574.2163,-578.17505,-239.8559,-586.26733,-530.1094,-433.9524,-601.5243,-666.9309,-692.9414,-644.6765,-274.2778,-310.4198,-399.24493,-375.3412,-261.5626,-293.5911,-342.2608,-372.4572,-129.8697,-300.7734,-92.0219,-130.8288,-234.20554,1.0,
000000000000000000f5_0,959.52844,1233.1476,-158.5106,145.9691,1788.7161,1118.0731,-473.3493,-389.3911,-116.3739,-231.95111,-261.4942,-199.6583,1757.0929,-229.3444,-47.2788,-111.553,-272.3737,-94.75925,-193.2541,-168.70715,-87.6101,-205.5429,-109.9125,594.0865,-110.2495,-120.5139,-68.5712,-314.6739,430.5407,-176.1521,10.5976,322.56415,1373.8864,1.0,
000000000000000000f6_0,169.5494,696.53156,22.37135,-357.5446,-291.5705,-152.5743,-626.6974,-299.3155,-333.7584,-517.5754,-372.879,-473.94128,9.4643,-536.695,-429.32675,-296.50873,-543.4293,-553.7479,-521.1416,-585.8982,-208.0698,-184.9284,-227.7028,-252.0719,-202.5196,-218.2231,-292.6549,-322.4714,-19.884602,-72.38,-42.1994,-147.9854,-76.4562,1.0,
000000000000000000f7_0,1517.2203,1149.2684,1468.091,832.5484,1066.0848,1617.8805,724.3629,169.1048,788.885,661.593,695.4816,1009.4122,571.9684,1017.7314,104.73465,1034.6307,795.59106,872.0093,1234.054,1087.649,944.9156,1300.3674,1556.0225,1948.5293,1430.2922,1207.6525,1280.4373,1999.9724,677.0944,1989.3813,985.6105,1210.7986,1561.781,1.0,
000000000000000000f8_0,1385.5111,1879.7979,-343.2615,-500.4993,-315.5956,-376.8096,-656.9606,-437.5645,-413.0476,-726.71936,-579.9663,-538.1816,-230.9162,-548.8105,-525.6588,-448.95105,-595.1123,-633.7793,-661.8682,-688.7169,-350.1133,-309.6883,-391.17468,-401.09924,-266.0516,-290.6435,-344.5506,-358.1355,-117.4867,-239.5817,-104.8229,-134.7039,-236.103,1.0,
000000000000000000f9_0,1022.9221,1307.3824,165.58176,178.95805,1535.8683,1182.0292,-512.4599,-398.81177,-340.8541,-365.97998,-249.69885,-352.1664,-58.2376,-317.71448,-439.9474,-287.1068,-419.43634,-247.19975,-301.7074,-328.8762,-126.77971,-196.7069,-262.0557,281.6753,-203.6838,-144.7644,-155.8088,-252.4935,1766.7007,-154.2955,30.9473,167.8004,378.1511,1.0,
000000000000000000fa_0,1498.7755,1392.23,720.8486,885.43915,1534.5256,695.1009,-515.294,-373.992,-146.94334,-244.9939,-210.39455,-257.9198,343.6795,-271.34122,-537.9844,-387.0882,-309.79645,-162.574,-165.5226,-207.8092,-135.573,-253.1384,-234.9708,1309.603,-122.3907,-76.2012,-86.15795,1040.3738,2381.364,36.8155,237.3324,559.4459,2176.457,1.0,
000000000000000000fb_0,1890.791,1807.06,-296.1182,-477.26074,-346.8126,-363.29224,-633.7898,-448.008,-458.5782,-718.8084,-579.7782,-615.4216,-261.9197,-552.013,-544.3016,-450.67154,-507.39728,-661.5215,-609.52563,-716.97046,-293.4582,-327.1288,-411.4782,-402.21057,-257.3858,-286.0907,-338.1338,-424.3364,-140.2009,-319.212,-140.4603,-120.9824,-279.39114,1.0,
000000000000000000fc_0,1298.3204,1916.4438,-277.1296,-452.8479,-349.3293,-378.8163,-672.9005,-427.916,-460.3034,-725.6916,-576.2414,-569.9601,-222.0014,-538.75616,-541.86707,-513.00116,-655.366,-613.5352,-667.2882,-705.5683,-311.9191,-250.3856,-346.5243,-331.2791,-299.7502,-341.12836,-382.3845,-398.9326,-147.6752,-242.4304,-75.3203,-171.6303,-295.1452,1.0,
000000000000000000fd_0,1819.4141,1943.9761,608.6923,1232.9075,642.84827,676.1748,870.5934,920.9664,1217.466,1290.8267,1311.3455,1266.7693,1761.0852,1649.1465,1408.4121,1386.1426,1247.3508,1594.0779,1441.408,1387.7283,1256.1863,1749.1396,1693.7876,1948.8203,1844.2009,2024.2659,1919.605,2017.0533,1909.1069,688.3515,808.9573,264.3168,754.594,1.0,
000000000000000000fe_0,1668.2632,1452.9827,1549.7974,1979.3251,1958.7712,1763.3647,1832.4153,496.9721,939.3576,1003.69995,1162.2025,1292.888,1962.3224,1436.9498,861.1781,964.0099,993.5636,1407.767,1343.915,839.8608,621.9898,1447.2062,1158.7078,2014.6821,1139.0575,940.72906,904.1391,1937.1094,2109.4224,2132.2126,847.6198,1404.4727,1495.6775,1.0,
000000000000000000ff_0,1500.8613,1027.2181,367.98486,2094.8123,1517.8694,1337.3845,1216.169,189.62305,848.8574,969.6361,1071.2603,1181.0015,1722.2528,1089.366,1268.3116,981.13245,831.46277,1073.7007,1270.2644,974.631,1105.1279,1130.2615,672.8367,1642.3127,618.76,887.6276,969.45166,1854.2004,1673.1252,1621.3054,1353.5583,1702.0208,787.8698,1.0,
00000000000000000100_0,1125.4581,1864.5327,-275.1833,-526.77637,-396.5302,-512.54065,-670.171,-476.26788,-544.13135,-734.1008,-586.6098,-673.4108,1571.377,-555.0772,-548.5868,-518.90356,-592.7754,-645.5697,-678.2732,-683.42896,-260.3612,-269.4777,-433.3599,26.867691,-283.649,-388.3877,-410.9923,-349.4666,1775.1182,-256.90704,-135.4407,-48.0512,-323.4016,1.0,
