system:index,SWIR2,SWIR2_1,SWIR2_10,SWIR2_11,SWIR2_12,SWIR2_13,SWIR2_14,SWIR2_15,SWIR2_16,SWIR2_17,SWIR2_18,SWIR2_19,SWIR2_2,SWIR2_20,SWIR2_21,SWIR2_22,SWIR2_23,SWIR2_24,SWIR2_25,SWIR2_26,SWIR2_27,SWIR2_28,SWIR2_29,SWIR2_3,SWIR2_30,SWIR2_31,SWIR2_32,SWIR2_4,SWIR2_5,SWIR2_6,SWIR2_7,SWIR2_8,SWIR2_9,VALUE,.geo
00000000000000000000_0,124.0,193.0,77.0,99.0,249.0,155.0,318.0,153.0,149.0,253.0,324.0,262.0,114.0,120.0,124.5,178.0,160.0,140.0,183.0,113.0,191.0,305.5,415.5,284.5,153.0,317.5,168.5,153.0,263.0,274.5,82.0,191.5,321.5,1.0,
00000000000000000001_0,196.5,298.5,83.0,237.0,54.5,208.0,93.0,276.5,266.0,271.0,318.0,272.0,249.0,226.0,150.5,284.0,252.0,275.0,264.0,304.0,295.0,169.0,325.0,287.0,313.0,235.0,283.0,217.0,308.0,343.0,475.0,210.0,218.0,1.0,
00000000000000000002_0,649.0,676.0,603.5,709.0,643.0,706.5,699.0,709.0,701.0,685.0,661.0,650.0,812.0,726.5,693.0,660.0,681.5,677.0,606.5,697.0,643.0,710.0,631.0,740.5,689.0,715.0,702.0,644.0,613.0,625.0,793.0,703.0,697.0,1.0,
00000000000000000003_0,31.5,273.0,32.0,256.5,285.0,154.0,161.0,223.0,177.5,277.0,244.5,142.0,315.5,112.0,47.5,199.0,180.5,184.0,191.0,336.0,227.5,21.0,351.0,268.0,342.0,88.0,285.0,35.0,355.5,328.0,438.0,160.5,267.5,1.0,
00000000000000000004_0,773.0,659.0,1018.0,1175.5,972.0,1163.5,1222.0,1203.0,1245.0,1042.5,1143.0,1202.5,641.0,1082.0,1286.5,1315.0,1125.0,1034.0,1101.0,1109.5,1276.0,1490.5,1074.0,780.5,948.5,1014.0,1282.0,647.0,728.5,614.5,1098.0,1106.0,1090.0,1.0,
00000000000000000005_0,652.5,673.5,696.0,763.0,804.0,1066.0,825.0,888.0,674.0,830.5,1041.0,880.0,822.5,673.0,721.0,982.0,810.0,534.0,759.0,644.0,913.0,575.0,1125.5,1468.0,639.0,828.0,904.5,898.0,961.0,862.0,1118.5,653.0,1344.5,1.0,
00000000000000000006_0,363.0,338.5,183.5,255.5,364.0,376.0,274.0,229.0,307.0,331.0,359.0,263.0,252.0,296.0,227.0,309.0,334.0,266.0,312.5,224.0,316.0,348.0,345.0,387.5,250.0,425.0,353.0,394.0,404.0,352.5,235.0,103.0,398.5,1.0,
00000000000000000007_0,556.0,430.5,898.0,921.0,987.0,930.0,955.5,864.0,871.5,982.0,937.0,834.5,440.5,945.5,1005.5,1160.5,907.0,815.0,1062.0,829.0,979.0,1068.0,984.5,466.0,800.0,822.0,839.0,903.5,688.0,1124.0,1059.5,1006.5,868.0,1.0,
00000000000000000008_0,201.5,396.5,92.0,285.5,384.0,415.0,386.0,415.0,427.5,429.0,426.0,388.0,323.0,369.0,409.0,470.0,415.5,420.0,391.0,442.0,450.0,472.0,470.0,384.5,446.0,450.0,439.0,226.0,397.0,242.0,400.0,429.0,354.0,1.0,
00000000000000000009_0,546.5,608.0,867.0,866.0,1073.0,837.0,1035.5,1080.5,823.0,1016.0,812.5,796.5,607.0,854.0,793.0,1194.0,975.5,826.0,778.0,841.0,1235.0,973.0,1087.0,1102.5,945.5,1085.0,1213.0,676.0,1257.0,1185.0,920.0,1247.5,1013.0,1.0,
0000000000000000000a_0,38.0,108.0,43.0,98.5,129.0,94.0,125.0,95.5,89.0,158.0,91.0,108.5,98.0,114.0,74.0,138.5,119.0,86.5,34.0,87.0,117.0,59.0,120.0,243.5,132.0,75.0,124.0,30.5,151.0,76.5,289.0,169.0,97.0,1.0,
0000000000000000000b_0,251.0,338.5,176.0,353.0,473.0,328.0,289.5,336.0,323.5,410.5,312.0,274.0,435.0,318.0,424.0,438.0,400.0,389.0,399.0,442.5,384.0,254.0,486.5,519.0,476.5,383.0,432.0,172.0,382.5,382.0,563.0,429.0,414.0,1.0,
0000000000000000000c_0,316.0,449.0,543.5,652.0,995.0,835.0,729.0,812.0,593.5,731.0,813.0,865.5,940.0,675.0,584.0,1013.0,665.0,610.5,629.0,780.5,719.5,916.0,1196.0,745.0,967.0,758.0,1169.5,501.0,633.0,936.0,1192.0,539.0,983.5,1.0,
0000000000000000000d_0,1427.0,1153.5,1195.0,1057.0,891.5,1128.0,1013.0,1110.0,967.0,1129.0,1118.0,1064.0,1404.0,1031.0,980.0,968.0,989.5,953.0,965.0,1026.0,1046.5,935.5,828.0,1237.0,851.5,787.0,843.5,934.0,975.0,1137.5,1280.5,1361.0,1032.5,1.0,
0000000000000000000e_0,580.5,511.0,713.0,640.5,651.0,701.0,640.0,642.0,634.0,611.0,574.5,557.0,549.0,583.5,607.0,627.0,620.5,597.0,607.5,613.5,575.0,625.0,638.0,687.0,625.5,633.0,626.0,576.0,515.0,581.0,628.0,695.0,718.5,1.0,
0000000000000000000f_0,437.0,573.5,135.0,397.0,624.0,503.0,501.0,486.0,495.0,552.0,488.5,468.5,396.0,495.0,479.0,531.5,475.0,464.0,444.0,469.0,445.0,492.0,535.5,527.0,529.0,484.0,499.0,386.0,1062.0,582.0,527.0,581.0,526.0,1.0,
00000000000000000010_0,526.5,672.0,345.0,583.0,592.0,708.0,597.5,601.0,1014.0,539.0,999.0,694.0,531.0,562.0,774.0,837.5,813.5,644.0,509.0,691.0,952.0,782.0,1080.0,677.5,1088.0,868.0,1023.0,647.0,711.0,355.5,760.0,701.0,630.0,1.0,
00000000000000000012_0,855.5,740.0,703.0,861.0,825.5,932.5,978.5,830.5,1007.0,882.0,779.5,792.5,697.5,925.5,966.5,977.0,992.0,900.0,775.0,925.5,749.0,1445.5,898.5,686.0,816.0,880.0,1133.0,687.0,1280.0,903.0,932.5,975.0,942.0,1.0,
00000000000000000013_0,984.0,999.0,634.0,801.0,826.0,892.0,789.0,1120.0,900.0,849.0,837.5,853.0,745.0,757.0,859.0,946.0,812.0,767.5,654.0,898.0,1203.0,939.5,1043.5,776.0,830.5,757.5,794.0,556.0,880.0,704.0,908.0,908.0,1090.5,1.0,
00000000000000000014_0,1254.0,988.0,1039.0,1098.0,1141.0,1188.0,993.0,1132.0,1109.0,1025.0,1207.0,1029.0,1172.0,932.5,918.0,1120.0,1050.5,883.5,897.5,962.0,945.0,986.0,942.5,1428.0,966.5,892.0,836.0,1446.5,1400.0,1153.0,1224.0,744.0,1297.0,1.0,
00000000000000000015_0,830.5,780.5,863.5,1269.5,1124.5,1075.5,945.5,967.0,917.5,948.0,921.0,887.5,752.0,828.5,880.0,840.0,825.5,765.0,768.0,761.5,785.0,758.0,757.0,856.5,723.0,786.0,759.0,732.0,765.0,769.5,1287.0,1144.0,950.0,1.0,
00000000000000000018_0,809.0,675.0,506.0,501.5,488.0,762.0,753.0,1096.0,955.0,912.0,1111.0,670.0,591.5,799.0,897.0,928.0,761.5,748.5,707.0,798.0,1046.0,1096.0,904.5,638.0,873.5,716.0,867.0,603.5,466.0,611.0,917.5,1014.0,759.5,1.0,
00000000000000000019_0,317.0,341.0,246.0,320.0,348.0,371.0,365.0,388.0,317.0,354.5,426.0,364.0,301.0,374.0,342.0,356.0,346.0,323.0,357.0,403.5,315.0,347.5,444.0,391.0,362.0,394.5,429.0,354.5,357.0,306.5,337.0,162.0,418.5,1.0,
0000000000000000001a_0,792.0,689.0,644.0,617.0,544.0,815.5,792.0,870.0,880.0,817.0,778.0,966.0,585.0,929.0,1248.0,1359.0,1593.0,1258.5,977.0,1189.0,1117.0,1514.0,1190.0,877.0,1204.0,896.0,986.5,855.0,735.0,655.0,1161.0,1016.0,772.0,1.0,
0000000000000000001b_0,203.0,321.0,163.0,301.0,398.0,327.0,329.0,298.0,331.0,395.0,367.0,326.0,271.0,292.0,275.0,368.0,383.0,287.5,319.5,316.0,396.0,260.0,416.0,373.5,411.0,343.0,377.0,292.0,344.0,258.0,414.0,383.5,374.0,1.0,
0000000000000000001c_0,755.0,620.0,858.0,803.0,743.0,933.0,890.0,906.5,900.0,834.0,955.0,883.0,738.5,961.5,890.5,886.5,885.0,907.0,860.0,1034.5,709.0,987.0,868.0,792.0,882.5,703.0,804.5,626.0,893.0,740.0,892.5,710.0,783.0,1.0,
0000000000000000001d_0,703.5,711.5,1201.0,1102.5,1041.0,1111.5,1232.0,1302.5,1462.0,985.0,1126.0,1411.0,699.5,1112.0,969.0,1234.0,966.5,943.0,1032.0,975.5,1052.0,1324.0,2011.0,707.5,1808.0,1704.0,1452.0,1061.0,1021.0,942.5,1160.5,1144.5,1014.0,1.0,
0000000000000000001f_0,704.0,960.5,1267.0,1288.0,1141.5,1324.0,1068.5,1728.0,1115.5,990.0,1238.0,1082.0,1095.5,1193.5,1174.0,1225.0,1127.0,996.0,887.0,1353.0,1280.5,1262.5,1168.0,1313.5,1026.0,1085.0,1201.0,1390.5,1071.0,1230.0,1476.5,1417.5,1353.0,1.0,
00000000000000000020_0,792.0,964.5,979.0,860.0,828.5,820.0,952.0,811.0,963.0,1196.0,1269.0,908.0,1078.0,926.0,997.5,1239.5,1103.0,938.0,1177.5,1034.0,890.0,588.0,359.0,994.5,477.5,380.0,468.0,831.0,851.0,886.0,1065.5,940.0,875.0,1.0,
00000000000000000021_0,365.0,440.0,381.0,666.5,555.0,439.0,689.5,979.0,839.0,678.0,636.0,478.5,449.0,490.5,487.5,693.0,559.0,646.5,606.0,587.0,546.5,377.0,709.5,1047.0,676.0,570.0,544.0,680.5,834.0,658.0,696.0,877.0,647.0,1.0,
00000000000000000022_0,786.0,782.0,541.0,776.5,761.0,1062.0,816.5,1039.0,794.0,786.0,872.0,796.5,759.5,700.0,745.0,905.0,725.0,711.0,722.0,743.5,743.5,1051.0,713.0,1083.0,1081.5,701.0,897.0,568.0,793.0,712.0,801.0,907.0,884.0,1.0,
00000000000000000023_0,863.0,818.0,1319.0,1383.5,1260.5,1487.5,1516.0,2019.0,1952.0,1504.0,1619.0,1536.0,750.0,1332.5,1769.0,1638.0,1673.0,1332.5,1062.5,1598.0,1687.0,1749.0,1513.0,786.0,1813.5,1427.5,1522.5,2594.0,1653.0,1117.0,1650.5,1549.5,1708.5,1.0,
00000000000000000025_0,161.0,499.0,176.0,212.5,439.0,710.0,283.5,480.0,479.0,525.0,681.0,466.0,566.0,295.0,313.0,405.5,322.5,219.0,447.0,675.0,287.0,707.0,676.0,491.5,339.5,520.0,630.0,398.0,548.0,595.5,271.0,641.5,719.0,1.0,
00000000000000000027_0,465.5,500.0,808.0,703.0,601.5,879.0,774.0,657.5,760.0,697.0,648.5,665.0,511.0,838.0,811.5,738.0,643.5,648.0,621.0,944.5,949.0,914.5,904.0,625.0,1063.0,1093.0,919.0,1178.0,898.0,981.0,953.0,1254.5,1034.0,1.0,
00000000000000000028_0,423.0,521.0,403.0,411.5,412.0,767.0,594.0,598.0,495.0,581.5,522.0,429.0,560.0,548.0,478.0,457.0,516.0,449.0,490.0,502.0,543.0,686.0,530.0,526.0,457.0,459.0,521.0,480.0,479.0,461.5,550.0,377.0,514.0,1.0,
00000000000000000029_0,869.0,766.5,895.0,858.0,1080.0,913.0,844.0,875.5,819.0,1101.0,1091.0,740.0,861.0,850.0,788.0,1279.5,976.0,977.0,866.0,859.0,1232.5,1462.0,1063.5,1186.0,1091.0,1095.0,1164.0,823.5,848.0,746.0,769.0,931.0,933.0,1.0,
0000000000000000002a_0,699.0,932.0,780.0,711.0,710.5,735.0,814.0,1088.0,908.5,912.5,1126.0,784.0,741.5,850.0,787.0,924.0,675.0,698.5,792.0,992.0,866.5,998.0,721.5,1018.0,747.5,698.0,824.0,806.0,956.0,740.5,914.0,1300.0,1049.0,1.0,
0000000000000000002b_0,1015.0,1348.0,763.0,791.0,812.0,1870.5,2343.0,1977.0,1532.5,1287.0,1363.0,958.5,1103.0,892.0,961.0,1123.0,1119.5,905.0,915.5,971.0,837.0,959.0,1112.5,1422.5,931.0,895.5,1709.0,808.0,818.0,896.0,952.0,1692.0,1214.0,1.0,
0000000000000000002c_0,761.0,1384.5,786.0,789.5,740.0,783.0,816.0,734.5,744.0,703.0,745.0,1991.0,1144.0,1175.0,1700.5,2012.5,1471.0,1190.0,1414.0,1680.0,1429.0,1708.0,1344.0,945.0,1097.0,1207.0,1230.5,803.0,788.0,790.0,744.0,740.0,772.0,1.0,
0000000000000000002d_0,1319.0,1134.0,1295.0,932.0,810.5,1241.0,975.0,1195.5,1033.5,885.5,977.0,830.0,1060.5,936.0,1812.0,1708.0,1309.0,1279.0,1243.5,1198.5,1071.0,1482.0,1026.0,841.0,1161.0,726.0,1144.0,891.0,1160.0,989.0,1277.5,1380.0,1086.0,1.0,
0000000000000000002e_0,894.5,956.0,862.0,1033.5,917.5,943.0,1057.0,1498.5,1439.0,1844.0,1279.0,1314.0,835.0,1215.0,1100.0,1270.5,1079.0,938.0,831.5,1013.0,918.5,362.5,943.0,1170.0,1044.0,883.0,896.0,973.0,876.0,904.5,1254.5,927.5,1097.5,1.0,
0000000000000000002f_0,590.0,543.0,839.0,851.0,862.5,1021.5,977.0,1066.0,992.0,938.0,1042.5,983.0,564.0,973.0,973.0,987.0,957.5,891.0,947.0,1086.5,1008.0,1324.0,1061.0,542.5,1079.0,936.0,994.0,987.0,830.0,825.0,1000.0,871.0,935.0,1.0,
00000000000000000030_0,364.0,696.0,220.0,370.0,514.0,328.0,348.0,492.0,373.0,372.5,437.0,362.0,483.5,317.0,325.0,310.0,261.5,233.5,313.0,392.0,362.5,442.0,421.0,715.0,304.5,345.0,400.0,548.5,668.0,608.0,569.5,436.5,622.0,1.0,
00000000000000000031_0,457.5,514.5,567.5,639.5,660.0,839.0,730.0,836.0,834.5,896.0,899.0,883.0,465.5,867.5,886.0,908.0,892.0,812.0,817.0,1014.5,916.0,946.0,1050.0,484.0,899.5,1027.5,1050.0,452.0,508.0,511.0,667.0,665.0,711.0,1.0,
00000000000000000032_0,495.0,545.0,439.5,868.0,700.0,708.0,664.0,713.0,618.5,1061.5,805.0,774.0,515.0,944.0,970.0,961.5,840.0,754.0,759.5,929.0,929.0,918.5,924.0,507.0,1012.0,874.0,825.5,469.0,510.0,477.0,522.5,537.5,534.0,1.0,
00000000000000000034_0,789.5,696.0,947.0,991.0,885.0,956.0,1033.0,1000.0,926.5,991.0,992.5,916.0,753.0,957.0,1037.5,1156.5,902.0,859.5,934.0,1009.0,1006.0,1294.0,1019.5,744.0,927.0,1066.5,981.0,585.5,685.0,683.0,953.0,911.0,1002.0,1.0,
00000000000000000035_0,818.0,686.0,758.5,715.0,707.0,867.0,805.0,911.0,853.0,872.0,980.0,879.0,746.0,774.5,816.5,811.0,830.0,713.5,800.0,843.0,889.0,915.0,844.5,834.0,807.0,753.0,788.0,784.0,807.5,703.5,925.5,659.0,834.0,1.0,
00000000000000000036_0,1073.0,770.5,991.0,1144.0,926.0,1292.0,1034.5,1308.0,1089.0,1285.0,1283.5,1242.0,705.0,1009.0,1236.0,1210.0,1152.5,1261.0,1120.5,1263.0,1472.0,1494.0,1255.0,865.0,1135.5,1314.5,1288.0,756.5,754.0,884.0,935.5,912.5,911.0,1.0,
00000000000000000037_0,198.0,224.5,139.0,221.0,211.0,242.0,164.0,181.0,194.0,216.0,204.0,189.0,168.0,161.0,162.0,202.0,256.0,173.0,173.0,209.5,197.5,296.0,141.0,167.0,138.5,154.0,195.0,191.0,236.0,231.0,304.0,227.0,165.5,1.0,
00000000000000000038_0,700.0,539.0,620.5,803.0,594.5,1131.5,745.0,1469.0,942.5,1057.0,1257.0,1109.0,517.0,1111.0,1090.5,1082.5,906.0,929.0,952.0,1034.5,1187.5,1545.0,954.0,682.0,752.0,568.0,875.0,610.0,710.0,776.0,837.0,649.0,1098.5,1.0,
00000000000000000039_0,1011.0,824.0,689.0,603.0,654.0,833.0,859.0,937.0,1242.0,789.5,1416.0,902.0,781.5,863.0,913.0,1001.5,1178.5,796.5,1042.0,871.5,1448.0,1451.0,953.0,838.0,1182.0,898.5,891.0,733.5,877.0,864.0,959.0,1145.5,940.0,1.0,
0000000000000000003a_0,484.5,509.0,508.0,581.5,398.0,506.0,574.0,661.5,554.0,669.5,724.0,650.5,524.0,664.0,643.0,736.0,695.5,629.0,667.0,691.0,614.0,790.5,650.0,491.5,781.5,613.0,679.0,485.0,430.0,605.0,836.0,615.5,819.5,1.0,
0000000000000000003b_0,452.0,484.0,613.0,658.0,694.0,951.5,778.5,991.0,882.0,1064.0,961.0,837.5,1134.0,786.0,866.5,1266.5,1015.0,970.0,948.0,877.0,927.0,1210.0,1095.0,1240.0,914.0,842.0,722.5,862.0,851.0,758.0,956.0,831.0,826.5,1.0,
0000000000000000003c_0,1133.0,698.0,724.0,941.0,774.5,859.0,915.5,1025.0,993.0,929.5,932.5,859.0,642.5,817.0,888.0,988.0,962.5,896.5,843.0,944.0,889.0,1126.0,876.0,828.0,825.0,1027.5,940.0,743.5,1209.0,740.0,850.5,774.0,869.0,1.0,
0000000000000000003d_0,2360.0,1018.0,374.0,486.5,518.0,615.0,612.0,1479.0,1220.0,1073.0,1477.5,1167.0,1062.0,1038.0,1122.0,1586.0,1495.0,1256.0,1167.0,1475.0,1357.0,1277.0,1354.0,1399.5,1293.5,1228.0,1467.0,1017.0,1119.0,1303.0,1016.5,565.0,568.0,1.0,
0000000000000000003e_0,262.5,373.0,445.5,509.0,518.0,544.0,573.0,643.5,806.0,634.5,620.0,618.5,335.0,578.5,541.0,1272.0,1093.0,708.0,1062.0,1255.0,942.5,1228.0,1050.0,389.0,1052.0,1331.0,1042.0,371.5,380.0,357.0,877.5,376.5,625.5,1.0,
0000000000000000003f_0,750.5,803.5,958.0,1129.0,1003.0,1091.0,1156.0,1233.5,1102.0,1120.5,1065.0,1236.0,1110.0,1036.0,1060.0,1131.0,1134.0,1143.0,1151.5,1215.0,1233.0,1047.0,1016.0,1143.0,1002.0,1038.0,963.5,922.0,916.5,992.5,1008.0,1138.5,1108.0,1.0,
00000000000000000040_0,573.0,631.5,1030.0,1164.0,952.0,883.0,1020.0,1013.5,1019.0,1070.0,938.0,1053.0,650.5,982.0,1034.0,1110.5,1058.0,948.0,1037.0,955.5,915.0,972.0,874.0,698.5,942.5,1001.0,1193.5,500.5,721.5,664.0,1167.0,974.5,1096.5,1.0,
00000000000000000041_0,522.0,464.0,711.0,1203.0,575.0,519.0,648.0,746.5,713.0,678.0,669.0,498.0,561.0,606.0,541.0,455.0,539.0,506.0,437.5,549.0,614.0,450.0,597.0,661.0,606.0,634.0,725.0,560.0,736.0,551.5,632.0,782.5,676.5,1.0,
00000000000000000042_0,859.5,624.0,573.0,658.5,661.5,820.5,829.0,878.0,812.0,1066.0,1353.5,1085.0,653.0,1138.0,1102.0,1081.0,1036.0,993.5,1138.0,923.0,1199.0,1256.0,1148.0,679.0,1948.0,1778.5,1192.0,671.5,644.0,627.0,662.5,638.0,552.0,1.0,
00000000000000000043_0,850.5,930.0,831.0,734.0,650.0,1293.0,843.5,1025.0,1116.0,1098.0,928.0,814.0,754.0,840.5,884.0,1033.5,1293.5,1286.0,1157.0,962.5,915.0,925.5,743.0,895.0,735.0,734.0,1377.0,757.0,829.0,724.5,914.0,864.0,872.0,1.0,
00000000000000000044_0,871.0,892.0,1192.0,738.0,775.0,819.0,727.0,806.5,1314.0,1211.0,1180.0,1148.0,707.0,889.5,1134.0,1153.0,922.0,819.0,733.0,723.0,1605.0,680.0,1454.0,833.0,1054.0,1548.0,1157.5,777.0,725.0,667.5,676.0,1052.0,773.5,1.0,
00000000000000000045_0,1242.0,1161.5,1223.0,1113.0,1051.0,1581.0,949.0,1045.5,1021.0,1064.0,1419.0,1037.0,1046.0,941.0,1303.0,1471.5,1372.0,908.0,945.0,1303.0,1262.0,1463.5,759.0,1333.0,1336.0,1309.0,970.0,1270.0,1235.0,1052.5,1405.5,1146.5,1170.5,1.0,
00000000000000000046_0,866.0,896.0,566.5,581.0,609.0,693.0,598.0,651.0,721.5,1498.5,1021.0,829.0,774.0,709.5,655.5,650.0,761.0,762.0,753.0,719.0,691.5,791.0,882.0,819.0,838.0,817.0,807.5,757.0,805.0,782.5,736.5,658.0,705.5,1.0,
00000000000000000047_0,421.0,601.5,275.0,471.0,471.5,508.0,700.5,557.5,599.0,527.0,497.0,516.0,482.0,437.0,606.0,827.0,687.0,556.0,601.0,802.0,507.0,539.0,717.0,628.0,623.0,501.0,463.0,504.0,481.0,388.5,629.0,529.5,783.0,1.0,
00000000000000000048_0,603.0,705.0,565.5,562.0,518.0,625.0,548.5,621.0,554.0,756.0,830.0,732.0,590.0,674.0,602.5,655.0,795.0,730.5,926.0,895.5,944.5,903.0,986.5,562.5,1011.0,1115.0,1434.5,610.0,628.0,567.0,662.0,501.5,626.5,1.0,
00000000000000000049_0,1506.5,2000.0,834.0,1054.0,1008.0,1286.5,1058.0,1354.0,1100.0,1013.0,1087.0,1078.0,839.0,909.5,1118.0,1206.5,908.0,883.5,997.5,1121.0,1068.0,1080.0,959.0,722.0,910.0,1048.0,1001.0,854.0,1826.0,694.5,961.0,350.0,792.5,1.0,
0000000000000000004a_0,426.0,561.0,536.0,512.5,518.0,580.0,574.0,554.5,514.5,1410.0,1132.0,892.0,544.0,917.0,851.5,1495.5,1314.0,814.0,808.0,1517.0,1434.0,1881.5,957.0,552.0,909.0,882.5,1245.5,494.5,521.0,525.0,576.0,532.0,608.0,1.0,
0000000000000000004b_0,881.0,1636.0,714.0,782.0,994.0,955.0,859.0,866.5,927.5,911.5,1068.0,844.0,1151.5,820.0,855.0,914.0,996.0,1337.0,957.0,1009.0,898.0,2240.0,811.0,1858.0,1029.5,901.5,851.0,744.0,1204.0,841.0,893.5,993.5,1118.0,1.0,
0000000000000000004c_0,395.0,460.0,438.5,647.0,604.0,647.5,709.5,926.5,845.5,848.5,733.0,660.0,929.0,594.0,745.5,772.5,830.0,737.0,670.5,839.0,590.0,457.0,474.0,557.0,543.0,589.0,476.0,408.0,460.5,438.0,628.0,456.0,556.5,1.0,
0000000000000000004d_0,1032.0,760.5,1170.0,1497.5,1163.0,784.5,809.0,1481.0,1454.5,1083.0,996.0,996.0,695.0,1278.0,1299.0,1433.5,997.0,868.0,945.0,1182.0,1027.0,1075.0,929.0,649.5,1413.0,1049.0,1392.0,607.0,590.5,596.0,963.0,746.5,1326.0,1.0,
0000000000000000004e_0,656.5,678.0,1097.0,864.0,909.0,1013.0,909.0,870.0,1025.0,937.0,1161.0,905.0,563.0,1042.5,1071.0,1001.5,851.0,669.0,787.5,941.0,887.0,904.0,805.0,652.0,888.0,873.0,951.0,611.0,584.5,580.5,748.0,1622.0,950.0,1.0,
0000000000000000004f_0,1623.0,1539.0,1355.0,1087.0,1494.0,1085.0,950.5,1055.0,900.0,966.0,1146.0,855.5,1101.5,883.0,993.0,872.0,758.0,936.0,1099.5,1048.5,990.0,969.0,1246.0,724.0,924.0,963.0,963.0,757.0,752.0,1075.0,1080.5,787.0,1184.5,1.0,
00000000000000000050_0,1363.0,1430.0,1242.5,1057.5,1220.0,1180.5,1020.5,1215.5,1113.0,1227.5,1178.5,1221.0,1182.5,985.0,1109.0,1042.0,893.5,1287.0,1040.0,1085.5,1199.0,1745.0,1241.0,1119.0,1416.0,1158.0,1225.0,935.0,1441.5,1358.0,1390.0,1035.0,1218.0,1.0,
00000000000000000051_0,653.5,807.0,1027.0,1029.5,1527.0,1007.5,865.0,1623.0,1153.5,1098.0,1053.0,1000.0,869.0,995.0,926.0,1022.0,1142.5,962.5,997.0,1055.0,1664.5,1671.0,1516.0,1198.0,1884.5,1512.5,1716.5,684.0,1337.0,1190.5,797.0,840.5,1492.5,1.0,
00000000000000000052_0,593.0,661.0,1143.5,813.5,901.0,970.0,969.5,890.5,842.0,762.0,722.0,741.0,592.0,750.0,779.0,780.5,745.0,694.5,722.0,767.0,821.0,981.5,869.0,969.0,861.0,851.0,809.0,652.0,692.0,644.0,861.0,858.0,829.0,1.0,
00000000000000000053_0,1424.0,1059.0,837.0,1310.0,1037.5,903.5,807.0,1054.0,1342.0,684.0,878.0,949.0,917.0,822.0,1200.5,1270.0,1013.0,667.0,1006.0,1331.5,812.0,1299.0,1030.0,853.0,1157.0,1045.5,1386.0,352.0,736.0,650.5,765.5,911.0,979.0,1.0,
00000000000000000054_0,695.0,1618.5,1103.0,1663.5,1403.0,1143.5,867.0,1002.0,929.0,1080.5,1069.0,1097.5,1070.5,1049.5,929.5,990.5,990.5,1034.5,1026.0,998.0,1154.0,1004.0,1029.0,1359.5,1215.0,1043.5,1370.0,684.0,851.5,1184.0,860.0,871.5,1578.5,1.0,
00000000000000000055_0,1125.0,1153.0,834.0,721.5,1274.0,919.5,862.0,1358.0,1176.0,879.0,1115.5,840.0,856.5,574.0,1103.0,1124.0,744.0,703.0,775.0,1538.0,717.0,1643.0,1253.5,795.0,1219.0,731.5,823.0,575.5,826.0,728.5,918.5,785.0,1072.0,1.0,
00000000000000000056_0,1257.0,1199.5,1210.0,1595.0,1896.5,916.5,1296.0,1441.0,1601.5,913.0,1129.5,1099.0,1030.0,1034.0,1195.0,1289.0,1453.5,825.0,1048.0,1689.0,962.5,1316.0,1215.0,1811.0,1350.0,1337.0,1440.0,682.0,849.0,1294.5,1209.0,1411.0,949.0,1.0,
00000000000000000057_0,811.0,1324.0,764.0,978.0,1067.0,1281.5,1045.0,1131.5,1118.0,1450.0,1167.0,1039.5,993.0,1139.5,1150.0,1280.0,1121.0,892.0,876.0,1088.0,1124.0,1417.0,1220.5,1602.5,1879.0,1508.5,1575.0,971.0,903.5,994.0,856.0,964.5,847.5,1.0,
00000000000000000058_0,1310.0,1109.5,1285.0,1560.5,2038.0,915.5,1195.0,1469.0,1643.5,982.5,1067.5,1039.0,1026.0,1032.0,1130.0,1215.5,1525.0,768.0,978.0,1698.0,1043.0,1325.0,1259.0,1854.0,1281.0,1267.0,1499.0,718.0,875.0,1388.0,836.0,1223.0,897.0,1.0,
00000000000000000059_0,1258.0,1630.0,1164.0,1383.0,1051.0,1133.5,1169.0,1456.0,1709.5,965.0,951.0,986.5,781.0,743.0,1245.0,1332.5,1204.0,775.5,793.0,1307.0,875.5,840.0,1385.5,810.0,1100.0,1044.5,1021.0,705.0,688.0,816.0,871.0,1162.0,1268.5,1.0,
0000000000000000005a_0,1420.0,1649.0,1208.0,1451.0,2010.0,1497.0,1282.0,1345.0,1489.0,1364.0,1284.0,1303.0,1583.5,1294.0,1308.5,2006.0,1294.5,1140.0,1274.0,1376.0,2003.5,2368.0,1799.5,1831.0,1946.0,1981.5,1807.5,1283.0,1456.0,1557.0,1371.5,1211.0,1233.5,1.0,
0000000000000000005b_0,1720.0,761.0,1276.0,662.0,604.0,1004.0,467.5,321.5,329.5,228.0,196.5,150.0,436.0,215.5,247.0,312.0,211.0,148.0,173.0,134.0,176.5,145.0,135.0,518.0,133.0,170.0,125.5,427.0,877.0,744.0,1127.0,980.0,1146.5,1.0,
0000000000000000005c_0,1511.0,790.5,1162.0,1002.0,781.0,970.0,751.5,636.0,632.0,602.0,382.0,302.5,465.5,321.0,412.5,455.0,320.0,323.0,239.0,345.0,341.0,291.0,315.0,748.0,302.0,381.0,407.5,747.0,880.0,871.0,1163.0,951.0,1113.5,1.0,
0000000000000000005d_0,1567.0,1708.0,1559.0,1685.0,1457.0,1721.0,1415.0,1667.0,1426.0,1610.5,1474.0,1387.0,1434.0,1541.0,1644.0,1348.0,980.0,1422.5,1198.0,823.0,674.0,775.0,1521.5,1418.0,1110.0,895.5,865.0,1257.0,1425.5,1405.0,1430.5,1384.0,1491.5,1.0,
0000000000000000005e_0,1266.0,860.0,1034.0,1097.0,1113.0,1242.0,876.0,984.5,971.0,628.0,432.0,404.0,569.5,550.0,698.0,694.0,502.5,537.0,444.0,470.0,424.0,489.0,590.0,770.5,439.0,419.0,474.5,689.0,720.0,709.0,1343.0,1099.0,1326.5,1.0,
0000000000000000005f_0,795.0,354.0,886.0,646.0,653.0,847.0,854.0,850.5,713.5,665.0,683.5,632.0,550.0,556.0,371.0,156.0,152.5,80.5,83.5,123.0,92.5,83.0,108.0,879.5,86.0,74.0,104.0,977.0,965.0,711.0,797.0,762.0,889.0,1.0,
00000000000000000060_0,649.0,639.0,889.5,778.0,1000.0,1322.0,858.5,1276.5,1143.0,1083.0,1167.5,837.5,609.0,991.5,1130.0,1226.0,1519.5,900.0,792.0,1151.0,1236.0,1269.0,1365.5,577.5,1360.0,982.5,1209.5,1556.0,1124.5,649.0,1237.0,1133.0,1240.0,1.0,
00000000000000000061_0,559.5,691.0,109.0,104.0,93.0,45.0,41.5,-1.0,55.0,47.0,61.0,38.5,39.0,20.5,33.0,82.0,22.0,37.0,35.0,52.0,58.5,34.0,55.0,21.5,54.0,24.0,34.0,22.0,57.0,83.0,65.0,347.0,32.0,1.0,
00000000000000000062_0,1125.5,789.5,176.0,265.0,433.0,600.0,91.0,102.0,101.0,93.0,83.0,89.0,622.0,74.5,90.0,101.0,81.0,82.0,75.0,86.5,485.0,266.0,398.0,683.5,325.0,409.5,484.0,564.0,856.0,95.0,543.0,427.0,695.0,1.0,
00000000000000000063_0,1280.5,1266.0,298.0,418.0,162.0,159.5,88.0,34.0,46.5,58.0,85.0,38.5,633.0,44.5,50.0,80.5,83.0,43.5,74.5,53.0,61.0,60.0,59.5,324.5,50.0,23.0,38.5,274.0,243.0,107.0,280.5,312.5,185.0,1.0,
00000000000000000064_0,861.0,829.5,1596.0,1348.0,1890.0,1807.0,1671.5,1702.5,1237.0,1471.0,1505.0,1445.5,751.5,1757.0,1629.0,1248.0,1418.0,1438.0,1226.0,1718.0,1260.0,2123.0,1656.0,764.0,1497.0,1171.0,1457.5,764.0,2682.5,1221.0,1529.0,1206.0,1594.0,1.0,
00000000000000000065_0,1050.0,877.0,1136.0,1003.0,1006.0,1896.0,2043.0,2422.0,2209.0,1840.5,1474.0,1472.0,2179.5,1202.0,1769.0,2059.0,1604.5,1158.5,1668.0,2050.0,1690.0,1955.0,1764.0,2255.5,2342.0,1716.0,1781.5,2006.0,2098.0,1616.0,1296.0,1098.0,1410.0,1.0,
00000000000000000066_0,653.0,718.5,1031.5,1008.0,1285.0,1347.0,1147.0,1557.5,1624.0,1267.0,1222.0,1259.0,656.5,1110.5,1321.0,1467.0,1453.0,1520.5,867.5,1237.5,1184.5,1290.0,1650.0,1131.5,1479.0,1006.0,996.0,758.0,1236.0,943.0,2207.0,1617.0,1416.0,1.0,
00000000000000000067_0,705.5,650.0,290.0,426.0,527.5,882.0,747.0,929.5,771.0,949.0,894.5,783.5,565.0,676.5,568.0,1093.0,831.0,787.0,857.0,853.0,835.0,486.0,852.0,1125.0,844.0,490.0,685.0,679.5,1118.0,1051.0,795.0,692.0,517.0,1.0,
00000000000000000068_0,877.0,803.0,598.0,709.0,656.0,680.5,648.0,1555.0,965.0,1247.5,1311.0,1277.0,795.0,1221.0,1548.5,1311.5,1353.5,1423.0,1531.0,1634.0,1512.5,1928.0,1792.0,795.0,1595.5,1608.5,1238.5,1143.5,948.0,873.0,953.0,808.0,692.5,1.0,
00000000000000000069_0,1981.5,1105.0,863.0,799.0,855.0,643.0,753.0,556.5,566.0,629.5,609.0,512.0,609.0,431.5,521.0,493.0,433.5,493.0,484.0,486.0,495.0,370.0,349.0,656.0,308.0,355.0,273.5,451.0,689.0,507.5,652.0,577.0,855.5,1.0,
0000000000000000006a_0,787.5,1165.5,1071.5,1118.5,802.0,1187.5,1085.5,1319.5,1211.5,1031.5,1113.0,1041.0,837.0,948.5,1048.0,1078.0,764.0,1149.0,1060.0,1714.0,1800.0,1352.5,1237.0,2008.0,1401.0,1281.0,1336.0,1160.0,1495.0,816.0,915.0,1063.5,1470.0,1.0,
0000000000000000006b_0,1064.5,1077.5,1182.5,1209.5,1000.0,1408.0,1008.0,1302.0,1375.0,1326.0,1438.0,1066.0,877.0,914.0,1104.0,1275.5,1391.0,1080.0,1034.0,1301.0,1188.5,1243.0,1154.0,1200.0,1158.0,1019.0,1188.0,1400.0,1851.0,1482.0,1154.0,1133.5,1314.0,1.0,
0000000000000000006c_0,1249.0,1309.5,1031.0,1117.0,880.5,917.0,763.5,1174.0,1059.0,1108.0,1120.5,732.0,943.5,753.0,865.0,821.0,817.0,764.5,870.0,1453.5,1328.0,1424.0,1379.0,1282.5,1729.0,2147.0,1817.0,1339.0,1886.0,1038.5,1610.0,1246.0,1157.0,1.0,
0000000000000000006d_0,320.0,356.0,516.0,560.5,717.0,875.0,594.0,762.0,663.5,1135.0,1059.0,859.0,430.0,755.0,743.0,957.5,1125.5,887.0,836.0,859.0,963.5,1105.5,1148.0,423.5,1084.0,880.5,1051.5,563.0,831.5,547.5,908.0,840.0,891.0,1.0,
0000000000000000006e_0,694.0,84.0,6.5,61.0,27.0,55.5,88.5,35.0,51.5,62.0,50.0,41.5,58.0,31.0,34.0,60.5,51.0,36.0,22.0,42.0,31.0,37.0,48.0,68.5,32.0,16.0,26.0,59.0,23.0,41.0,101.5,55.0,52.5,1.0,
0000000000000000006f_0,416.0,306.0,158.0,166.5,117.0,112.0,82.5,89.5,81.0,83.0,84.0,75.0,277.0,67.5,88.0,122.5,118.5,84.0,106.0,114.5,125.0,140.0,97.0,112.5,93.0,55.0,51.0,66.0,157.5,150.0,263.0,129.0,150.5,1.0,
00000000000000000070_0,827.0,1027.0,1212.0,1392.0,1505.0,1409.0,1121.5,1545.0,1342.5,1200.0,1343.0,1269.0,794.5,1264.0,1243.0,1169.0,1266.0,1353.0,1314.0,1572.5,1402.5,1831.0,1660.0,1586.0,1695.0,1597.0,1264.0,1097.0,1163.0,1473.0,1271.0,1289.0,1434.0,1.0,
00000000000000000071_0,670.5,134.0,50.0,39.0,34.0,31.0,75.5,32.0,35.0,61.0,69.5,70.0,315.5,44.0,34.0,59.5,35.0,38.5,54.0,51.0,30.5,153.0,58.0,41.5,30.0,19.0,29.0,25.0,23.0,41.0,227.0,55.0,-0.5,1.0,
00000000000000000072_0,643.0,481.0,87.0,225.0,99.0,134.0,71.0,32.0,21.0,37.0,80.0,46.5,87.5,53.0,58.0,89.0,51.0,26.0,52.0,54.0,26.0,123.0,56.0,94.5,48.0,24.0,46.0,451.0,81.0,61.0,101.5,55.0,64.0,1.0,
00000000000000000073_0,730.0,730.0,547.0,617.0,1191.0,1456.5,1108.0,1374.0,1066.0,761.0,1312.0,1028.0,663.0,940.0,1111.0,1010.5,1119.5,960.0,697.5,1091.0,1158.0,1624.0,1099.0,943.0,1721.5,1158.0,1140.5,690.0,1202.0,656.5,805.5,763.0,1128.0,1.0,
00000000000000000074_0,1278.0,1240.0,1036.0,1052.0,1143.0,1160.0,1065.0,1189.5,1248.5,1949.0,1755.0,1374.0,1295.0,1646.0,1783.0,2015.0,1570.0,1652.5,1798.0,1847.0,1732.5,2227.0,2277.5,1408.0,2172.0,2168.5,1992.0,1076.0,1145.0,1032.5,1324.0,1324.0,1141.5,1.0,
00000000000000000075_0,916.5,1215.0,1240.0,1032.5,1166.0,1083.0,1136.5,1247.0,1136.5,1085.0,1001.5,979.0,1360.0,875.5,954.0,931.0,1014.5,939.0,912.0,981.0,955.0,966.0,886.5,1442.0,833.0,777.0,744.5,1679.0,1453.0,1322.0,1714.0,1513.0,1434.0,1.0,
00000000000000000076_0,1210.0,1092.0,706.0,982.0,886.0,926.0,998.0,975.0,930.0,979.0,985.5,833.0,929.5,861.0,896.0,917.0,1032.5,873.0,980.0,1096.0,1039.0,1032.5,1674.0,1033.5,2159.0,1813.0,1738.0,870.0,1149.0,915.0,1093.5,989.0,960.0,1.0,
00000000000000000077_0,823.0,900.5,806.5,855.0,867.0,1062.5,1269.0,1257.0,1039.0,1123.0,1043.0,876.0,869.0,894.5,956.0,1086.5,1201.0,1071.0,1222.0,1223.0,1214.0,1339.0,1255.0,884.5,1181.5,1185.0,1562.0,861.0,951.0,905.0,1026.0,842.0,969.0,1.0,
00000000000000000078_0,549.0,640.0,119.5,88.0,27.0,62.0,90.5,35.5,31.5,37.0,86.5,41.0,75.0,72.0,31.5,67.0,105.0,46.5,55.0,51.5,35.0,87.5,60.0,47.5,36.0,28.0,40.0,37.0,19.0,16.0,65.0,352.0,48.5,1.0,
00000000000000000079_0,510.5,580.5,94.5,88.0,92.0,38.0,78.0,26.5,28.0,62.0,78.0,51.5,515.0,57.0,60.0,71.0,83.5,36.0,34.0,34.0,91.0,91.5,58.5,51.0,38.0,27.0,37.0,96.0,39.0,51.0,144.5,55.0,34.0,1.0,
0000000000000000007a_0,716.0,711.5,1081.5,1139.0,933.0,1510.0,1305.5,1666.0,1658.0,1455.0,1607.5,1338.0,652.0,1071.5,1553.0,1615.5,1130.0,1129.0,980.0,1233.0,1168.0,1094.0,1233.0,1768.0,1564.0,1329.0,1341.0,1191.0,1844.0,1064.0,1246.5,1219.0,1402.5,1.0,
0000000000000000007b_0,1176.0,1093.0,1137.5,1121.0,1065.0,1578.5,1659.0,1674.0,1645.0,1437.0,1358.5,1273.0,1379.0,1306.0,1312.5,1462.0,1064.0,1150.0,1195.0,1265.0,1345.5,1201.0,1185.5,1360.5,1375.0,1391.0,1263.0,906.0,1216.0,1090.5,1370.0,1105.0,1287.5,1.0,
0000000000000000007c_0,354.5,635.0,57.0,88.0,155.0,86.0,54.5,18.0,59.5,50.5,61.0,59.0,634.0,31.5,65.0,49.0,52.0,22.0,27.0,58.0,28.5,239.0,34.0,551.0,33.0,20.5,32.0,523.0,60.0,43.0,101.0,129.0,36.0,1.0,
0000000000000000007d_0,654.0,1203.5,653.5,782.5,973.0,1253.0,817.0,1179.0,1189.0,1171.5,1138.0,867.0,1154.5,712.0,932.0,1060.5,819.0,804.0,795.0,1010.0,1150.5,953.0,1038.5,1100.0,1131.0,1001.5,1018.5,811.0,1068.0,819.0,1161.0,1186.0,1136.5,1.0,
0000000000000000007e_0,960.0,1072.0,522.5,1769.0,947.0,1291.5,1327.0,1698.5,1847.0,1194.0,1218.0,1088.0,800.0,1286.0,1358.0,1668.0,1728.0,1235.5,1366.0,1743.0,1449.0,1784.5,1277.0,812.5,1953.5,1171.0,1475.0,774.0,698.0,660.0,758.5,614.0,680.5,1.0,
0000000000000000007f_0,915.0,622.5,470.0,747.0,926.0,758.0,663.5,587.5,498.0,634.0,631.5,559.0,810.0,451.0,597.0,837.5,643.0,812.0,518.0,705.5,897.0,986.0,850.5,800.0,1023.0,920.5,1002.0,681.0,718.0,741.5,1097.5,951.0,751.0,1.0,
00000000000000000080_0,786.0,461.0,132.0,180.0,296.0,440.0,94.5,39.0,121.0,62.0,61.0,71.0,401.0,53.5,55.0,79.0,69.0,122.0,29.0,87.5,40.0,171.0,70.0,50.0,34.0,31.0,81.0,66.0,101.0,43.0,184.0,-17.0,90.0,1.0,
00000000000000000081_0,444.0,622.0,136.0,118.5,149.0,91.0,135.0,43.0,70.0,101.5,56.0,72.0,167.0,38.0,35.0,78.0,72.0,40.5,50.0,58.0,80.0,147.0,238.0,85.0,31.5,31.5,37.0,66.0,368.5,108.0,1287.5,92.0,60.0,1.0,
00000000000000000082_0,903.0,1627.0,1093.0,946.0,1186.0,1454.0,1238.0,1381.0,1369.0,1411.5,1219.0,969.0,1489.0,978.0,1295.5,1503.5,1370.0,1179.0,1212.0,1336.0,1287.0,1439.0,1450.5,1130.0,1366.0,1184.5,1203.5,1227.5,1039.0,958.0,1108.0,1026.5,716.0,1.0,
00000000000000000083_0,344.0,1160.5,445.0,603.0,706.5,1025.0,835.0,967.0,966.0,972.5,915.5,817.0,1281.0,676.0,894.5,1105.0,1050.0,833.0,804.0,1066.0,1169.5,856.0,1330.0,1502.5,1221.0,847.0,975.0,717.0,1114.0,677.0,844.0,1384.5,899.0,1.0,
00000000000000000084_0,736.0,598.0,88.5,159.0,358.0,69.0,133.0,112.0,102.0,169.0,93.0,48.0,569.5,47.0,39.0,85.0,90.5,26.0,82.0,88.0,139.5,115.5,92.5,643.0,44.5,38.0,38.0,-12.0,372.0,227.0,1092.5,406.0,97.0,1.0,
00000000000000000085_0,841.0,769.5,773.0,1699.0,887.5,1159.0,1433.0,1252.0,917.0,1320.0,1430.0,1259.0,799.0,1146.0,1378.5,1536.0,1398.0,1454.5,1243.0,1436.0,1534.0,1846.0,1692.0,766.0,1599.0,1461.0,1639.0,695.0,815.5,681.0,867.0,1347.0,1257.0,1.0,
00000000000000000086_0,755.0,954.0,1438.0,1427.0,1368.0,1659.0,1079.0,1248.0,1092.0,917.0,1017.5,843.0,695.5,870.0,1132.0,1762.0,1620.0,1588.5,1068.5,1224.0,1551.0,1440.0,1203.0,1195.5,1417.0,1124.0,1244.0,1341.0,1068.0,981.5,1574.0,1354.0,1643.0,1.0,
00000000000000000087_0,901.0,839.0,527.5,626.5,719.0,827.0,708.5,832.0,816.0,740.0,686.0,767.0,866.0,688.5,946.0,928.0,743.5,634.0,750.0,734.0,1183.5,1193.0,893.5,1410.5,964.0,851.0,914.0,934.0,1316.0,847.5,930.5,915.0,625.5,1.0,
00000000000000000088_0,1041.0,1168.5,1973.5,992.0,789.0,450.0,692.0,871.5,106.0,250.0,69.0,48.0,90.0,6.0,59.0,62.5,140.5,432.0,253.0,715.0,330.0,889.0,243.0,389.0,460.0,59.5,151.0,440.0,769.0,505.0,1138.0,539.0,756.5,1.0,
00000000000000000089_0,902.0,774.0,1234.0,1019.0,1175.0,1384.0,1235.0,1459.0,1468.5,1234.0,1265.0,1732.0,699.0,1145.0,1503.0,1861.0,1857.0,1465.0,1479.0,1510.5,1739.0,2031.5,1425.5,790.0,1830.5,1473.5,1397.5,649.0,1786.0,1649.0,1226.5,1105.0,1122.0,1.0,
0000000000000000008a_0,1100.0,1048.0,1350.5,1032.0,1057.0,745.0,470.0,465.5,761.0,114.0,55.5,79.0,172.0,36.0,77.0,263.0,595.0,323.0,588.0,843.0,1106.0,870.0,665.0,391.0,503.0,526.0,826.0,574.0,920.0,651.0,680.0,576.0,1743.0,1.0,
0000000000000000008b_0,655.0,977.0,913.5,1091.0,1024.5,1279.5,876.0,1110.5,1852.0,1336.0,1163.5,1165.5,969.0,993.0,1449.5,1575.0,1279.0,1327.0,1037.0,1263.5,1567.0,1774.0,1718.0,896.5,1874.0,1182.0,1192.0,740.0,1345.5,799.0,1278.0,1256.5,995.0,1.0,
0000000000000000008c_0,499.0,554.5,720.0,843.0,742.0,769.0,760.5,948.0,1001.0,1061.0,860.0,1016.0,461.5,556.5,689.0,1054.5,945.0,717.5,901.0,789.0,829.0,1328.0,867.0,924.5,1063.5,721.0,810.0,470.0,793.0,574.0,658.5,608.5,577.0,1.0,
0000000000000000008d_0,485.0,545.5,566.0,1066.0,1175.0,983.0,948.0,1105.0,1070.0,998.0,848.0,689.0,517.0,703.0,737.0,899.5,792.0,801.0,664.0,841.0,1041.5,907.0,991.0,550.0,947.0,886.0,920.0,882.0,1250.5,1083.0,1201.0,1009.0,931.0,1.0,
0000000000000000008e_0,1854.5,1505.5,1301.0,1329.0,1719.0,1456.0,1471.0,1517.5,1455.0,1466.0,1715.5,1605.0,1112.0,1285.0,1198.5,2195.0,1541.0,1457.5,1435.0,1941.0,1248.0,1111.0,1211.0,1514.0,1199.5,1091.0,2158.0,996.5,1747.0,1321.0,1199.0,1192.5,1666.5,1.0,
0000000000000000008f_0,560.0,1192.0,502.5,472.0,785.0,893.0,1049.0,1083.0,852.0,908.0,684.0,710.0,971.0,809.0,694.0,696.5,825.5,647.0,651.0,744.0,722.0,728.0,692.0,1172.0,704.5,608.0,676.0,753.0,1191.0,683.0,1116.0,1025.0,891.0,1.0,
00000000000000000090_0,1170.0,1148.0,969.0,938.0,1003.0,1110.0,937.0,1077.0,1192.5,980.0,981.0,815.0,1117.5,888.0,910.0,1126.5,994.0,1005.0,974.0,1050.0,1162.0,900.5,1093.5,1042.0,864.0,661.5,640.0,943.0,929.5,723.0,928.5,779.5,861.5,1.0,
00000000000000000091_0,1011.0,850.0,1430.0,1396.0,1172.0,1806.0,1846.0,2269.5,1744.0,1684.0,1629.0,1463.5,803.0,1142.5,1408.0,1779.0,1189.5,1218.0,1248.0,1608.0,2108.0,1763.0,1817.0,1174.0,1697.0,1404.0,1597.0,1065.0,1459.0,936.0,1172.0,1320.0,1873.0,1.0,
00000000000000000092_0,1003.5,901.0,1457.0,1313.0,1201.0,1344.0,958.0,1144.0,960.0,995.0,951.0,950.0,759.0,874.0,1431.0,1829.0,1570.0,1550.5,1349.0,1539.0,1635.0,1637.0,1678.5,1110.0,1684.0,1377.5,1628.5,1614.0,1508.5,1249.0,1244.0,1348.0,1553.5,1.0,
00000000000000000093_0,1100.0,805.0,945.0,418.5,519.0,627.0,288.0,439.0,308.0,200.0,146.0,118.5,563.0,147.0,147.5,705.0,458.0,473.0,571.0,673.0,710.0,704.0,688.5,344.5,754.0,512.0,754.5,133.0,549.0,361.0,601.0,501.0,937.5,1.0,
00000000000000000094_0,804.5,947.0,1098.0,1097.0,1403.0,1312.0,1164.0,1140.0,1278.5,1275.0,1217.5,1286.0,768.0,1230.0,1566.0,1619.0,1515.5,1293.0,1239.0,1197.5,1473.0,1556.0,1547.0,1058.0,1560.0,1530.0,1538.5,1026.0,1578.0,1450.0,1368.0,1151.0,1439.0,1.0,
00000000000000000095_0,537.0,644.0,810.0,1181.5,1001.5,1351.0,1111.0,1475.0,1095.0,898.0,1279.0,1005.5,645.5,778.0,1002.5,1228.5,1055.0,818.0,1182.5,1295.5,1055.0,1530.0,1324.0,988.0,1633.0,1032.0,1021.5,808.0,1245.0,809.0,1134.0,949.0,1158.0,1.0,
00000000000000000096_0,752.0,669.0,1346.0,1266.5,1214.5,1479.0,1331.0,1609.0,1835.5,1466.5,1370.0,1186.5,576.0,1194.5,1707.0,1597.0,1570.0,1271.0,1039.0,1442.0,1277.0,1807.0,1627.0,661.5,1649.0,1189.5,1657.0,560.0,1733.0,1310.0,1766.0,1049.5,1339.0,1.0,
00000000000000000097_0,658.0,655.0,1025.0,914.0,931.0,1130.0,888.0,1202.0,1151.0,1018.0,1083.0,857.0,550.0,912.0,995.0,972.5,1215.0,827.5,838.0,940.0,997.0,1279.5,1015.0,702.5,988.5,852.0,1109.0,572.0,1877.0,1060.0,2317.0,773.5,1042.0,1.0,
00000000000000000098_0,477.0,528.5,593.0,647.0,726.0,594.0,604.0,962.0,1023.5,893.0,953.5,783.5,408.0,808.0,770.0,971.0,894.0,713.0,801.0,832.0,1090.0,1166.5,1027.0,534.5,1066.0,829.0,1089.0,473.5,464.0,481.0,405.0,437.0,823.0,1.0,
00000000000000000099_0,522.0,560.0,963.5,934.0,949.0,972.5,928.0,933.0,875.0,911.0,803.0,741.0,486.5,721.0,816.5,819.0,687.0,618.5,827.0,1026.0,1020.0,925.0,1024.0,575.0,1107.0,934.0,1097.0,539.5,643.0,899.0,1122.0,962.5,1109.5,1.0,
0000000000000000009a_0,574.0,538.0,407.5,460.0,438.0,422.5,433.0,457.0,505.0,984.0,1358.0,1016.0,521.0,697.5,797.0,894.5,868.0,810.0,1147.0,918.0,786.5,813.5,699.0,501.0,766.5,670.0,713.0,486.5,498.0,477.0,873.0,530.5,515.0,1.0,
0000000000000000009b_0,920.5,751.5,604.0,641.0,617.0,1106.0,1413.5,1139.5,1226.0,810.5,1206.0,826.5,729.0,753.0,930.0,1090.0,1441.0,962.5,1063.0,1006.0,1102.5,1278.0,1174.0,787.0,1032.5,675.0,1102.5,703.5,1175.0,717.0,1143.5,775.0,1044.0,1.0,
0000000000000000009c_0,1751.0,1803.0,2155.5,2010.0,1843.0,1693.0,1975.5,2024.5,2007.0,1863.0,2133.0,1738.0,1563.0,1610.5,2048.0,1811.0,1755.0,1540.0,1824.0,1947.5,2182.5,1259.0,2025.0,1635.0,2027.0,2140.0,1950.0,1495.5,1971.0,2852.0,2222.0,1727.5,2250.0,1.0,
0000000000000000009d_0,909.0,984.0,1153.0,1056.5,837.0,1035.0,1941.0,1018.0,1985.5,799.0,1025.0,1299.0,633.0,1062.0,819.0,866.0,1342.0,983.5,859.0,999.5,1103.0,971.0,1040.0,964.0,1076.0,1041.0,1036.0,563.0,930.0,1269.0,1582.5,1273.0,1191.0,1.0,
0000000000000000009e_0,830.0,1153.0,1480.0,968.0,1274.0,1170.0,1002.0,1389.0,1776.0,1104.0,1837.0,314.5,862.0,227.0,171.0,190.0,243.0,204.0,475.0,1370.0,1063.5,677.0,1471.0,1089.0,1223.0,1200.0,1089.0,809.0,1187.0,1677.0,1313.0,789.0,1481.0,1.0,
0000000000000000009f_0,367.0,508.5,476.0,494.0,468.5,552.5,558.0,617.0,593.0,523.0,623.0,566.0,470.0,522.0,615.0,666.5,684.0,528.0,439.0,500.5,590.0,594.0,588.0,590.0,447.5,519.0,513.5,520.0,642.0,514.0,596.0,591.0,651.5,1.0,
000000000000000000a0_0,616.0,1101.0,1271.0,1013.0,1500.0,1275.0,990.0,1264.0,1302.5,961.0,773.5,253.0,789.5,410.0,135.0,280.0,210.0,217.0,938.0,1232.0,1495.5,1116.0,1865.0,1188.0,1399.0,1019.0,1120.0,947.0,1427.0,1521.5,1250.0,789.0,1336.0,1.0,
000000000000000000a1_0,792.0,1037.0,1100.0,978.0,1501.0,1021.5,1172.0,1503.0,1626.0,1197.0,1250.5,1188.0,834.0,870.5,1503.0,1581.5,1321.5,860.5,885.0,1146.0,1025.0,850.0,1275.0,1421.0,861.5,822.0,842.5,680.5,1261.0,1393.0,1355.0,600.0,1166.0,1.0,
000000000000000000a2_0,2108.0,1816.0,971.0,929.0,1049.0,1119.0,1082.0,1307.0,1393.0,1342.5,1390.0,1309.0,1784.0,1169.0,1324.0,1318.0,1208.0,1351.5,1621.0,1508.0,1543.0,1796.5,1915.0,1799.0,1437.0,1398.0,1376.0,1632.0,1527.0,1411.5,1122.0,994.5,1424.5,1.0,
000000000000000000a3_0,1030.0,935.0,1020.0,777.0,656.0,1036.5,913.5,1319.0,1670.0,1353.0,1404.0,1107.0,910.0,929.0,878.0,1041.5,864.5,725.0,966.0,1463.5,848.0,1776.0,1505.0,1116.0,986.5,1085.5,1180.0,767.0,912.0,1188.0,1627.0,1211.5,1661.5,1.0,
000000000000000000a4_0,1415.0,1453.0,1291.0,1441.5,1741.5,1764.0,1292.5,1776.0,1311.0,1338.0,1653.5,1465.5,2331.5,1543.0,1777.0,1918.0,2179.0,1643.0,1788.0,2321.5,2227.0,2218.0,1857.0,2063.0,2096.0,2163.0,2332.0,1962.0,1994.0,1304.0,1433.0,1614.0,1851.0,1.0,
000000000000000000a5_0,575.0,1776.5,722.0,822.0,812.0,806.0,700.0,905.0,833.0,1074.0,997.0,729.0,1462.0,601.0,650.0,617.0,657.0,574.5,525.0,615.0,618.0,668.0,675.0,1247.0,980.5,865.5,928.5,916.5,1173.0,888.0,874.0,812.5,1084.5,1.0,
000000000000000000a6_0,867.0,1432.0,968.0,1497.5,1044.0,1514.5,1282.0,1348.0,1294.0,1398.0,1169.0,1263.5,1046.5,840.0,745.0,1053.0,973.5,905.5,984.0,1005.0,1306.5,1523.0,1233.5,1542.0,1752.0,1323.0,1971.5,1082.5,971.5,1010.5,817.5,933.5,1117.5,1.0,
000000000000000000a7_0,1135.0,1429.0,1033.0,1063.0,962.0,798.0,959.0,1090.5,1355.5,942.0,640.5,987.5,760.0,690.0,1190.5,1262.5,907.5,526.5,779.0,1003.0,963.0,699.5,1550.0,592.0,1057.5,763.5,1096.5,599.0,830.0,717.0,845.0,1027.0,959.0,1.0,
000000000000000000a8_0,816.0,1143.0,1280.5,1052.5,1333.0,1154.5,976.0,1125.0,1084.0,1220.0,1294.5,938.5,809.0,1002.0,1878.5,1593.0,1388.5,932.0,944.0,1487.0,874.5,913.0,952.0,1111.0,1060.0,799.0,891.0,847.0,815.0,842.0,814.0,1106.5,951.5,1.0,
000000000000000000a9_0,659.0,758.5,713.0,689.0,710.5,850.0,1125.0,1366.5,960.5,1034.0,1020.0,927.0,693.0,969.0,1223.0,1164.0,955.0,947.0,874.0,842.0,1236.0,1029.5,917.5,905.0,1043.5,922.0,1136.0,606.0,852.0,617.0,773.0,767.0,1239.0,1.0,
000000000000000000aa_0,172.5,284.0,109.0,273.0,278.0,323.0,262.5,312.0,308.0,338.0,321.0,315.5,343.5,252.0,186.0,339.5,384.5,320.0,351.0,341.5,342.5,181.5,373.0,449.0,347.0,270.0,366.0,154.0,412.5,215.0,538.0,538.5,447.0,1.0,
000000000000000000ab_0,763.5,546.0,881.0,397.0,754.5,595.0,865.0,1040.0,1044.5,1032.0,1055.0,1050.5,538.0,912.0,1457.0,1490.5,852.0,651.0,651.0,1025.0,818.5,1037.0,1172.0,612.0,1149.0,752.5,1294.0,812.5,725.0,842.5,1608.5,747.5,883.0,1.0,
000000000000000000ac_0,651.0,1031.0,839.0,1082.5,1043.0,993.0,868.0,1182.0,1673.0,1711.5,1407.0,1040.0,1325.0,987.0,1018.0,1058.0,1832.0,974.5,1045.0,1494.0,1334.5,1721.0,1140.0,861.0,1166.0,1170.0,1060.5,903.5,1199.5,1757.0,1143.0,1054.5,1207.0,1.0,
000000000000000000ad_0,771.0,831.0,1167.5,1146.5,956.0,1028.0,761.0,1080.5,1235.0,1137.0,1357.5,980.0,863.5,1338.0,1180.0,1204.0,1077.0,1135.0,1013.0,983.0,1000.0,1616.0,855.5,1160.0,1068.0,749.0,1048.5,1315.0,1075.0,2495.0,1329.5,871.0,1360.0,1.0,
000000000000000000ae_0,893.0,1067.0,1042.5,943.5,874.0,1002.0,976.0,1130.0,1096.0,1348.0,1684.0,1023.0,677.0,990.5,815.5,955.0,967.0,880.0,759.0,862.0,959.5,1963.0,1533.0,1400.0,1419.0,1350.5,1018.0,480.0,1544.0,789.0,823.0,710.0,879.5,1.0,
000000000000000000af_0,1474.0,1562.0,1396.5,1445.0,1391.0,1620.5,1586.0,1778.0,1764.5,1841.0,1679.5,1920.0,1351.5,1696.0,1818.0,1788.0,1951.0,960.0,891.0,995.5,1131.0,945.0,1854.0,1300.0,1958.0,1596.0,1571.0,1183.0,1280.0,930.0,1140.0,1258.0,1484.5,1.0,
000000000000000000b1_0,772.5,617.0,566.0,685.0,782.5,650.0,925.0,1173.0,1049.0,1129.5,769.0,973.0,659.0,856.0,1352.5,1441.0,980.0,713.0,673.5,1093.5,836.0,1039.0,1287.0,698.0,1381.5,735.0,1324.0,646.0,689.0,689.0,766.0,686.5,793.0,1.0,
000000000000000000b2_0,713.0,705.0,900.0,1118.0,1047.0,1012.0,930.0,964.0,931.0,1133.5,1129.0,931.5,598.0,896.5,966.5,1145.0,963.0,1002.0,799.5,1089.0,1032.5,1028.0,1039.0,691.0,891.5,1009.0,889.0,644.0,1143.5,993.0,1164.0,1249.0,1098.0,1.0,
000000000000000000b3_0,983.0,813.0,1137.0,926.0,1094.0,1064.5,896.0,1256.5,1803.0,940.0,886.0,1102.0,777.0,1070.0,1179.0,1287.0,978.0,576.0,812.0,1247.0,1416.5,1260.0,1409.0,895.0,1242.0,1144.0,1336.5,655.5,785.0,625.0,786.0,912.0,931.0,1.0,
000000000000000000b4_0,955.0,1398.0,686.0,1426.0,1184.0,990.0,1112.0,1163.0,1611.0,1279.0,1127.0,837.0,953.5,921.0,1505.0,1025.0,1307.0,875.0,871.0,1016.0,1112.0,1106.0,906.0,1921.0,937.0,928.0,1194.0,781.0,640.0,1045.0,871.0,1057.0,1594.0,1.0,
000000000000000000b5_0,818.0,1178.0,896.0,1020.5,1154.0,1275.0,1034.0,1012.0,1343.0,1067.0,1019.5,999.0,816.5,902.5,979.0,1164.0,833.0,840.0,818.0,878.5,1031.0,702.0,918.0,1306.0,1009.0,870.0,882.0,1084.0,1508.0,1113.5,1448.5,1018.0,1128.0,1.0,
000000000000000000b6_0,1185.5,923.0,889.0,1395.0,1096.5,903.0,1001.0,939.0,1069.0,1129.5,1166.0,1121.5,875.5,1067.0,1220.0,1364.0,1053.0,1195.0,965.0,1108.0,1169.0,1149.0,1128.0,1607.0,888.5,1241.5,882.0,1390.0,1357.5,1242.0,1348.5,1392.0,1012.5,1.0,
000000000000000000b7_0,384.0,336.5,511.0,479.0,695.0,392.0,442.0,709.5,634.0,672.0,638.0,616.0,390.0,519.0,514.0,609.0,431.0,531.0,385.0,478.0,498.0,457.0,464.0,353.0,362.5,489.0,479.0,429.0,540.0,463.0,489.0,287.0,398.0,1.0,
000000000000000000b8_0,893.0,1194.0,808.5,829.0,968.0,950.5,808.0,1143.0,2017.0,1509.5,1151.0,962.0,1108.0,840.0,835.0,862.0,980.0,1026.0,842.5,892.0,791.0,840.0,946.0,1414.5,839.5,877.0,913.0,803.0,1400.0,914.0,911.0,1562.0,1206.0,1.0,
000000000000000000b9_0,951.5,696.5,571.0,728.0,784.0,931.0,800.0,1041.0,1163.0,1041.5,785.5,482.0,475.0,570.0,1015.0,1316.0,525.0,620.0,748.0,1060.0,1024.0,880.5,1370.0,1008.0,1189.0,572.0,967.0,602.0,465.0,678.5,744.0,1026.0,908.0,1.0,
000000000000000000ba_0,425.0,498.5,408.0,468.0,533.0,508.0,549.0,530.0,490.5,506.0,577.5,546.5,533.0,486.0,468.0,529.0,475.0,502.5,480.0,467.0,474.0,655.0,551.0,617.0,536.5,528.0,526.0,507.0,467.0,422.5,540.5,600.0,523.0,1.0,
000000000000000000bb_0,913.0,684.0,770.0,662.5,604.5,673.5,753.0,931.0,862.0,755.0,701.0,707.0,676.5,672.0,701.5,727.0,635.0,649.0,678.0,663.5,709.0,734.0,654.0,687.0,679.0,743.0,660.5,609.0,535.0,630.0,804.0,603.0,623.0,1.0,
000000000000000000bc_0,700.0,924.0,1365.0,857.5,997.0,1002.0,926.5,1022.0,1286.0,1218.0,1166.0,1225.0,1024.0,1439.5,1274.0,1209.5,1271.0,1065.0,1096.0,1138.0,1037.5,1421.0,1278.0,942.0,1267.0,1247.0,1241.5,833.5,963.0,891.5,1126.0,1198.0,1157.0,1.0,
000000000000000000bd_0,651.0,689.0,1096.0,1650.0,1463.5,1899.5,1498.5,1705.5,1433.0,1635.0,1680.0,1556.5,658.0,1414.5,1445.5,1376.0,1087.0,903.5,1338.0,1098.5,1248.5,1125.5,1064.0,693.0,1207.0,1018.5,1174.0,706.5,689.0,651.0,1610.5,1233.0,1789.5,1.0,
000000000000000000be_0,820.5,567.0,712.0,1004.0,938.5,1223.0,970.0,1265.5,1143.0,1152.0,1060.0,1260.0,513.0,1148.0,1375.0,1126.0,920.0,971.0,977.0,1101.0,975.0,1134.0,1004.5,761.0,1199.0,846.0,910.5,530.0,834.0,567.0,916.0,1044.0,1153.0,1.0,
000000000000000000bf_0,704.0,723.0,1091.0,911.0,830.0,969.0,865.0,919.5,1244.0,1246.0,1132.0,1373.0,928.0,1405.0,1204.5,1251.5,1213.0,1056.0,1090.5,1087.0,976.0,1263.0,1287.0,909.0,925.0,1146.0,957.0,883.5,993.5,1028.0,1001.0,1015.0,1538.0,1.0,
000000000000000000c0_0,1131.5,2497.0,767.0,764.0,867.0,973.0,1181.5,1497.0,1392.0,1560.0,1298.0,1455.5,1044.0,934.0,962.0,1132.5,1484.0,1054.0,1144.0,1025.0,1190.0,1125.0,1186.0,1016.0,952.5,1003.0,1025.0,812.5,881.0,838.0,834.0,809.0,810.0,1.0,
000000000000000000c1_0,509.0,548.0,612.5,604.0,687.5,988.0,1125.5,1024.0,889.0,976.0,1047.5,1034.0,608.0,796.0,1018.5,1038.0,1005.0,839.0,831.5,913.5,953.0,836.0,847.5,880.5,950.0,948.0,1128.0,574.0,663.0,646.5,730.0,974.5,1144.0,1.0,
000000000000000000c2_0,832.0,1938.0,1033.0,945.0,1109.0,1275.0,1105.0,1109.5,1167.0,1039.0,851.0,1256.0,874.0,1194.0,1121.0,1025.0,1254.0,520.0,795.0,824.5,707.0,809.0,789.5,1436.0,1305.0,1037.0,1193.0,1551.0,531.5,876.0,908.0,1028.0,938.5,1.0,
000000000000000000c3_0,1320.0,1099.5,1028.0,918.5,920.0,1091.0,808.0,1620.5,1645.0,1738.0,1790.5,798.5,1278.5,779.0,1268.0,947.0,1494.5,864.0,1002.0,1240.0,685.0,653.5,708.0,1430.0,1442.0,724.0,776.0,1159.0,1453.0,763.0,1042.0,1042.0,1156.5,1.0,
000000000000000000c4_0,852.5,855.0,570.0,496.0,704.5,558.0,610.0,1303.0,1208.0,1264.0,462.0,596.0,583.0,519.0,897.0,811.0,814.0,764.0,859.0,1110.5,1132.0,1020.0,1437.0,832.0,1119.5,680.0,1094.5,653.0,639.0,724.0,794.0,777.0,653.0,1.0,
000000000000000000c5_0,819.5,617.0,636.0,526.0,740.0,651.0,663.0,1321.0,1118.0,444.5,352.5,421.0,551.0,536.0,897.0,810.5,982.0,855.0,922.0,1088.0,1055.0,773.5,1168.0,685.0,1047.0,793.0,990.0,493.0,744.0,655.0,585.0,778.0,732.0,1.0,
000000000000000000c6_0,724.5,657.0,702.0,496.0,823.0,668.0,569.0,1339.0,1393.0,956.5,283.0,354.0,583.0,552.5,951.0,877.0,868.0,734.0,859.0,1029.5,932.0,864.0,1197.0,592.0,993.0,803.0,956.0,550.5,767.0,733.0,656.0,685.5,732.0,1.0,
000000000000000000c7_0,989.0,726.5,838.0,440.0,757.0,219.5,244.0,205.0,104.0,67.5,271.5,55.0,542.0,109.5,248.0,122.0,111.0,35.0,62.0,49.0,72.0,111.5,59.0,590.0,32.0,30.5,43.5,648.0,791.5,711.0,958.0,578.0,708.0,1.0,
000000000000000000c8_0,1628.0,1261.5,1033.0,941.0,1004.5,1436.0,1391.0,1363.5,1533.5,1278.5,1294.0,1102.0,1285.5,1634.0,1791.0,1694.0,1121.0,1031.0,1200.0,1423.5,1272.0,1692.0,1072.0,1104.0,1192.0,1438.0,1216.0,858.0,1294.5,1154.0,1162.0,1013.0,1000.0,1.0,
000000000000000000c9_0,606.0,640.5,504.0,668.0,850.5,822.0,930.0,1252.0,1281.5,994.5,1287.0,984.5,608.0,1022.0,1051.5,1168.0,1051.0,937.5,915.5,920.0,996.5,1155.0,908.5,807.5,931.0,1035.0,858.0,676.0,887.0,756.0,845.0,672.0,684.0,1.0,
000000000000000000ca_0,604.5,884.5,1035.0,1087.5,1365.0,1882.0,976.0,1093.0,1596.5,1192.0,1033.0,1210.5,713.5,1048.0,1153.0,1422.5,1456.0,865.0,1022.0,1238.0,1019.0,1234.0,989.0,1557.5,1199.0,1372.0,1573.0,1244.5,1457.5,1232.5,1051.0,978.0,923.0,1.0,
000000000000000000cb_0,841.0,985.5,1788.0,1164.5,1293.0,1496.5,1485.0,1342.0,1932.0,1534.0,1377.0,1526.5,1013.0,1533.5,1904.0,2040.0,1672.5,1340.5,1213.0,1528.5,1441.0,1995.0,1481.5,910.0,1640.0,1833.0,1531.0,894.0,823.0,746.0,770.0,845.0,849.5,1.0,
000000000000000000cc_0,918.0,887.0,771.0,863.0,887.0,926.0,911.5,1029.0,895.5,956.0,895.0,809.5,1060.0,859.0,870.0,1020.5,1027.0,927.0,766.5,449.0,426.0,473.5,478.0,1370.5,718.0,742.5,1144.0,857.5,987.0,782.5,1134.0,977.0,1119.0,1.0,
000000000000000000cd_0,643.0,645.5,443.5,605.5,604.0,795.0,674.0,951.0,821.0,1011.0,928.5,706.0,741.0,738.0,709.0,814.0,776.5,635.5,581.0,802.0,635.0,899.0,957.5,661.0,752.0,914.0,672.0,650.0,811.0,800.5,855.0,918.0,706.0,1.0,
000000000000000000ce_0,1748.5,782.0,765.0,715.0,631.5,1272.0,784.5,1392.5,1247.5,1261.0,1210.0,1354.0,1186.5,1207.0,1221.0,915.0,837.5,1054.5,890.5,1145.0,1108.5,1219.5,1112.0,1095.5,1224.0,846.0,1221.5,1110.0,1359.0,830.5,1002.0,1023.0,804.5,1.0,
000000000000000000cf_0,1014.0,1130.5,968.0,901.5,1546.0,1272.0,1131.0,1255.0,1546.5,1238.0,1617.0,1112.5,862.0,1387.0,988.0,1233.0,1258.5,1055.0,1366.0,1519.0,1325.0,1969.0,1366.5,1108.5,1507.0,1305.0,1156.0,1026.5,996.0,1058.0,999.0,1366.0,1042.5,1.0,
000000000000000000d0_0,1200.0,877.0,972.0,1333.0,1153.0,1328.0,1220.5,1704.0,1334.5,1220.0,1566.0,1372.0,1464.5,1347.0,974.0,1656.0,1307.0,1424.0,1540.5,1547.0,1332.0,1501.0,1377.5,1162.0,953.0,691.0,736.0,912.0,1819.0,1339.0,1804.0,1021.0,1304.0,1.0,
000000000000000000d1_0,816.0,860.0,571.0,864.0,996.0,1046.0,895.0,1001.5,898.0,901.5,1281.0,984.0,674.0,921.5,940.0,1258.5,1128.0,884.5,685.0,1052.0,1149.0,1500.0,1357.0,987.0,1320.0,910.0,1140.0,546.5,1482.0,871.0,1234.0,893.0,1288.5,1.0,
000000000000000000d2_0,978.0,891.0,706.0,548.0,608.0,1045.5,868.0,716.0,579.5,75.0,86.0,107.5,526.0,60.5,48.0,113.0,87.0,77.0,92.0,98.0,117.0,98.0,109.0,506.0,60.0,76.5,118.0,509.0,649.5,114.0,286.0,591.0,603.5,1.0,
000000000000000000d3_0,223.0,440.0,136.0,301.0,548.0,461.0,467.0,453.5,425.0,496.0,500.5,514.0,315.0,348.0,411.0,587.0,589.0,450.5,535.5,675.0,453.0,462.5,621.5,592.0,649.0,470.5,554.5,234.0,609.0,323.5,591.0,692.5,659.0,1.0,
000000000000000000d4_0,573.5,557.0,443.0,458.0,434.0,598.0,548.0,563.0,663.0,612.0,588.0,545.5,546.0,572.5,508.0,600.0,756.0,678.0,1150.0,1202.0,918.0,1068.0,1025.5,523.5,1043.0,1021.0,899.0,509.0,508.0,551.0,661.0,612.0,550.0,1.0,
000000000000000000d5_0,467.0,213.5,86.0,44.5,73.0,92.0,58.0,58.0,35.0,21.0,54.0,44.0,573.0,63.0,33.5,51.0,58.0,43.0,56.0,51.0,47.0,43.0,56.0,67.0,21.0,18.0,40.5,37.0,58.5,60.5,82.0,144.0,51.0,1.0,
000000000000000000d6_0,701.0,760.0,1633.0,908.5,769.0,1182.0,777.5,1370.0,1296.0,1365.5,1570.0,1078.0,694.0,894.5,1474.0,667.0,853.0,994.0,1156.5,1264.0,923.0,864.0,1957.0,838.0,1049.0,717.0,928.0,604.0,937.0,872.0,1042.0,834.0,1153.5,1.0,
000000000000000000d7_0,498.5,514.0,438.0,624.5,661.0,938.0,801.0,810.0,724.0,776.5,938.5,937.0,562.5,690.0,670.5,1086.0,834.0,819.0,714.0,817.5,777.0,1396.0,1178.0,625.0,991.5,802.5,759.0,440.0,885.0,617.5,1021.0,704.0,1029.0,1.0,
000000000000000000d8_0,646.0,755.0,1310.0,615.0,741.0,1202.0,767.0,1792.0,1311.5,1323.0,1503.5,678.0,622.5,1268.5,1676.0,605.5,929.0,882.0,993.0,1136.0,856.5,1276.0,1356.0,855.5,1067.0,868.0,1357.0,521.0,1742.0,985.0,1380.0,841.5,816.5,1.0,
000000000000000000d9_0,59.0,116.5,-20.0,103.0,58.0,46.5,31.0,32.0,62.0,90.5,70.0,62.0,103.0,36.0,33.0,81.0,42.0,68.0,24.0,52.0,26.0,60.0,60.0,52.0,26.0,21.0,36.0,-13.0,83.5,77.0,120.0,160.0,16.5,1.0,
000000000000000000da_0,564.5,742.0,512.0,1370.5,676.0,885.0,620.0,987.0,695.0,759.0,632.0,787.5,603.0,760.5,915.5,929.0,1045.5,1120.0,909.0,881.5,881.5,1007.5,1485.5,726.0,1919.0,1252.0,1029.5,450.0,841.5,687.0,1672.0,1389.5,1603.0,1.0,
000000000000000000db_0,947.0,890.0,568.0,901.0,932.0,1278.0,1131.5,1520.5,1099.0,1018.0,1010.0,1158.0,866.0,1131.5,1293.0,1147.0,1143.5,880.0,1036.0,1132.0,1189.0,1031.0,1304.0,1062.5,1237.0,1144.5,1151.0,956.5,1350.0,976.0,1170.0,1133.0,1421.5,1.0,
000000000000000000dc_0,822.0,717.0,1027.0,709.0,773.0,1017.0,760.0,1168.0,971.5,804.0,1001.0,1225.5,672.0,1057.0,1375.0,1364.0,1071.5,1015.0,1349.5,1141.0,1546.0,1547.0,1115.0,1171.0,1177.0,1394.0,1273.0,1016.0,1596.0,868.0,1016.0,1017.0,1311.5,1.0,
000000000000000000dd_0,1754.0,1719.0,1184.0,962.5,807.0,884.0,990.0,1713.0,1062.5,1095.0,931.5,913.0,553.5,856.0,834.0,997.0,1832.5,1510.0,1295.0,2048.0,1692.5,1040.5,1459.0,688.0,1631.0,1126.0,1738.0,563.0,939.5,668.0,1728.0,773.0,1706.5,1.0,
000000000000000000de_0,288.0,524.0,43.0,20.0,23.0,69.0,66.0,23.0,45.0,25.0,46.0,52.0,87.5,24.0,28.0,61.0,23.5,37.0,35.0,44.0,88.0,37.0,47.0,44.0,21.0,18.0,44.0,22.0,20.0,32.5,47.0,224.0,3.0,1.0,
000000000000000000df_0,368.5,1289.0,832.0,1024.0,1114.0,1186.0,1260.0,1400.5,1230.0,1021.0,1231.5,1075.5,800.5,989.0,1093.0,1044.0,1069.5,955.0,828.5,1052.0,1030.5,1065.0,1206.0,1343.5,917.0,1036.0,853.0,1047.0,1315.0,1030.0,893.5,1148.0,956.5,1.0,
000000000000000000e0_0,621.5,500.0,174.0,58.0,57.0,-16.0,71.5,37.0,46.0,31.5,56.0,40.0,652.0,40.0,41.0,61.0,66.0,20.5,56.0,29.0,67.0,37.0,56.0,422.0,27.0,21.0,38.5,279.0,165.0,171.5,132.0,392.5,112.0,1.0,
000000000000000000e1_0,206.0,131.5,44.0,75.5,57.0,25.0,57.5,55.0,71.5,64.0,92.0,61.5,103.0,62.5,32.0,38.0,67.0,49.0,76.0,54.5,83.0,53.0,64.5,68.5,29.0,33.0,49.0,60.0,60.5,61.0,133.0,201.5,72.0,1.0,
000000000000000000e2_0,226.0,135.0,41.0,57.5,36.0,69.0,37.0,32.0,36.0,87.0,55.0,36.5,335.0,47.0,23.5,52.0,49.0,37.0,28.5,28.0,53.0,38.0,58.0,19.0,21.0,15.0,36.0,37.0,21.5,67.0,82.0,220.5,46.0,1.0,
000000000000000000e3_0,647.0,615.0,636.0,714.0,857.0,1130.0,1208.0,1658.0,1655.5,1186.5,1253.0,1201.0,637.5,1457.0,1267.0,1467.0,1511.0,1180.0,1154.0,1252.0,1331.5,1380.0,1216.0,630.0,1247.0,1501.0,1043.0,684.0,631.0,610.0,715.5,635.5,582.5,1.0,
000000000000000000e4_0,953.0,1383.0,963.0,1032.0,962.0,863.0,885.0,1785.0,835.0,716.0,1130.0,768.0,1360.5,706.0,1463.0,917.0,809.0,760.0,1088.0,1549.5,1230.0,1478.0,1548.0,890.0,1270.0,1517.0,1637.0,681.5,1302.0,1362.0,1148.0,1096.5,1256.0,1.0,
000000000000000000e5_0,702.0,705.0,388.5,507.0,414.0,466.5,435.0,582.5,267.5,213.0,212.0,75.5,792.0,89.0,35.0,60.0,82.0,68.0,70.5,101.5,54.0,60.0,81.0,800.0,39.0,50.0,72.0,687.5,752.0,663.5,644.0,652.0,528.0,1.0,
000000000000000000e6_0,1239.0,1112.0,1295.0,1213.0,1334.0,1438.0,1319.0,1399.0,1312.0,1535.0,1611.5,1183.0,1083.0,1455.0,1916.5,2005.5,1541.5,1357.5,1007.5,1426.0,1183.0,623.0,528.0,1596.0,510.0,708.0,592.0,1088.0,1659.5,1366.0,1461.0,1520.0,1536.0,1.0,
000000000000000000e7_0,620.5,720.5,867.5,1051.0,977.0,1107.0,926.0,1274.5,1397.0,1110.0,1129.0,1032.5,636.0,918.0,1015.0,1291.0,1273.0,900.0,779.5,1043.0,1093.0,1285.5,1266.0,612.0,1168.0,901.0,1091.0,1474.0,1519.0,1026.0,1087.0,1114.0,1488.5,1.0,
000000000000000000ea_0,432.0,615.0,317.5,441.0,731.5,680.5,605.5,551.0,653.0,798.5,691.5,745.0,420.5,504.0,539.0,670.5,614.0,550.0,679.0,886.0,535.0,699.0,973.0,689.0,1029.0,841.0,808.0,470.0,1142.0,535.5,1122.0,824.0,1065.0,1.0,
000000000000000000eb_0,461.0,63.5,82.5,63.0,36.0,40.0,47.0,35.0,59.5,75.0,56.0,80.0,85.0,35.0,70.5,88.5,67.0,54.0,45.5,87.0,46.0,52.0,75.0,84.0,41.0,44.5,44.5,96.0,39.5,43.0,83.0,296.0,32.5,1.0,
000000000000000000ec_0,1385.0,797.0,483.5,522.0,609.0,597.0,511.0,579.0,537.0,576.5,401.0,303.0,548.0,304.0,138.5,122.0,90.0,59.0,91.0,70.0,115.5,64.0,73.5,559.0,48.0,97.0,121.0,273.0,355.0,214.0,324.0,415.0,542.0,1.0,
000000000000000000ed_0,631.0,522.0,308.5,385.5,399.0,482.0,507.0,445.5,669.0,919.0,540.0,691.0,577.0,637.0,673.0,793.0,725.0,708.0,688.0,703.0,685.0,992.0,997.0,573.0,776.5,790.0,679.0,563.0,465.0,675.0,596.0,581.0,459.0,1.0,
000000000000000000ee_0,861.0,1424.0,901.0,1200.0,1328.5,832.0,1093.5,1680.0,958.0,1065.5,1021.5,947.5,914.0,1050.5,1614.0,692.0,852.0,698.0,1337.0,866.0,847.0,1328.0,1001.5,947.0,1161.0,1272.0,1060.5,965.0,807.0,1025.0,1209.0,1468.0,1226.0,1.0,
000000000000000000ef_0,404.0,72.5,34.0,84.0,61.0,121.0,38.5,39.0,45.5,86.5,70.0,59.0,71.0,27.0,32.5,34.5,52.0,37.0,50.0,44.0,68.0,37.0,59.0,48.0,41.0,32.5,49.0,22.0,23.0,78.0,82.0,222.0,1.5,1.0,
000000000000000000f0_0,1214.0,709.0,594.0,576.0,604.0,616.0,590.0,626.0,1073.0,1334.0,757.5,976.5,829.5,1016.5,1163.0,1096.0,1026.0,960.0,906.0,1011.5,931.0,1312.0,1198.0,750.5,899.0,1041.0,992.5,599.0,600.0,1255.0,768.0,647.0,619.0,1.0,
000000000000000000f1_0,710.0,504.5,125.0,136.0,137.0,130.0,106.5,63.0,62.0,100.0,93.0,71.0,307.0,88.0,59.0,88.0,58.0,31.0,38.5,55.5,74.0,87.0,73.5,201.0,45.0,81.5,69.0,66.0,190.0,166.0,190.0,272.0,197.0,1.0,
000000000000000000f2_0,372.0,338.0,183.0,206.0,361.0,353.0,436.5,367.0,674.5,717.0,396.0,536.0,423.0,520.0,523.0,642.0,504.0,499.0,554.5,561.0,459.0,856.0,919.0,408.5,653.0,483.0,503.5,270.0,387.0,426.0,463.0,535.0,362.0,1.0,
000000000000000000f3_0,983.5,556.5,88.0,75.5,36.0,98.0,45.5,59.0,48.0,61.0,61.0,39.0,564.0,37.0,25.0,37.5,46.0,26.0,15.5,30.0,67.0,29.5,51.5,66.5,25.0,33.0,50.0,21.0,55.0,51.0,83.0,287.0,38.0,1.0,
000000000000000000f4_0,568.5,718.0,34.0,43.0,36.0,35.0,71.0,37.5,43.0,60.5,88.5,31.0,61.0,35.0,34.0,54.0,34.0,47.0,57.0,49.0,44.0,35.0,62.5,47.5,30.0,25.0,58.0,25.0,23.0,43.0,83.0,159.0,3.0,1.0,
000000000000000000f5_0,1230.5,653.0,41.0,433.0,788.0,919.0,46.5,34.5,61.0,55.5,61.0,49.5,462.5,56.0,74.5,63.0,55.0,51.0,64.0,66.5,116.0,84.5,74.0,369.5,88.0,27.5,39.0,66.0,156.0,43.0,82.0,379.5,492.0,1.0,
000000000000000000f6_0,304.0,507.0,217.5,103.0,161.0,156.0,127.0,125.0,92.0,96.0,128.5,85.0,156.0,82.0,86.0,95.0,125.5,97.0,65.5,92.0,98.0,82.0,84.0,153.0,69.0,64.0,68.5,97.0,116.5,159.0,154.0,92.0,112.0,1.0,
000000000000000000f7_0,892.0,995.0,1060.0,981.0,1266.0,973.5,1043.0,1636.0,1039.0,1131.0,1181.0,1140.0,1318.5,1060.0,1581.5,904.0,962.5,714.0,808.5,844.0,880.0,1376.5,1222.0,968.5,1235.0,1056.0,1203.0,934.5,1494.0,1178.5,1799.0,1471.5,1269.5,1.0,
000000000000000000f8_0,588.0,664.0,24.0,76.0,36.0,69.0,71.0,31.0,48.0,59.5,61.0,35.0,85.0,92.0,50.0,69.5,54.0,35.0,25.0,42.0,24.0,32.0,63.5,12.5,26.0,31.0,43.0,25.0,23.0,56.0,46.0,159.0,31.0,1.0,
000000000000000000f9_0,1728.0,997.0,132.0,363.5,743.0,920.0,59.0,59.0,35.0,60.0,61.0,15.0,99.0,36.0,42.0,51.0,28.5,46.0,24.5,54.0,53.5,45.0,67.5,292.5,34.0,24.5,30.0,59.0,584.0,78.0,64.0,223.0,235.0,1.0,
000000000000000000fa_0,1567.0,1040.0,641.0,490.5,667.0,506.0,101.0,30.0,48.0,38.5,58.0,46.5,145.0,67.5,28.0,84.0,46.0,34.0,35.0,50.0,54.0,85.5,67.0,519.0,76.0,38.0,35.5,481.0,642.5,66.0,108.5,406.0,714.0,1.0,
000000000000000000fb_0,647.0,593.0,44.0,22.0,73.0,41.0,38.0,32.0,48.0,67.0,93.0,45.0,39.0,32.0,28.0,60.0,39.5,29.0,65.0,27.0,28.0,32.0,60.0,47.5,25.0,26.5,33.0,25.0,23.0,43.0,133.0,198.0,46.5,1.0,
000000000000000000fc_0,745.0,691.5,24.0,111.0,-15.0,56.0,59.0,38.0,35.5,38.0,86.0,51.0,87.5,31.5,47.0,54.5,28.0,39.5,23.0,35.0,24.0,29.0,51.0,82.5,27.0,23.5,32.0,-14.0,56.0,56.0,83.0,273.0,30.5,1.0,
000000000000000000fd_0,705.0,707.0,811.0,974.5,804.0,978.0,925.0,1092.0,1034.0,942.0,897.5,890.0,755.0,753.0,888.0,919.5,805.0,803.5,857.0,859.0,826.5,913.5,851.0,827.0,766.0,836.0,754.5,691.0,649.0,888.0,1427.0,885.0,987.0,1.0,
000000000000000000fe_0,1009.0,899.5,1154.0,913.0,739.0,902.5,944.0,1437.5,1363.5,1008.5,1146.5,935.5,734.0,934.5,1516.0,1119.0,915.5,783.0,878.0,1102.0,1201.0,1257.0,1314.5,788.0,1684.0,1526.0,2069.0,684.0,827.0,837.5,1608.0,1242.0,1112.0,1.0,
000000000000000000ff_0,1416.0,1704.0,2244.5,980.0,890.0,1151.5,1057.0,1914.0,1290.5,963.0,1191.0,1013.5,1049.0,1014.0,1361.5,978.0,1072.5,870.5,814.0,1214.0,1064.5,1057.0,1911.0,1528.0,2439.0,2392.5,2406.0,847.0,1488.0,1207.5,1506.0,1313.5,2033.0,1.0,
00000000000000000100_0,952.5,584.5,38.0,51.5,93.0,99.0,28.0,31.5,34.5,26.0,29.0,43.0,528.5,52.0,51.0,55.5,53.5,60.0,32.0,54.5,47.0,32.0,49.0,220.5,27.0,35.0,48.0,25.0,647.0,23.5,75.0,220.0,38.0,1.0,
