system:index,Brightness,Brightness_1,Brightness_10,Brightness_11,Brightness_12,Brightness_13,Brightness_14,Brightness_15,Brightness_16,Brightness_17,Brightness_18,Brightness_19,Brightness_2,Brightness_20,Brightness_21,Brightness_22,Brightness_23,Brightness_24,Brightness_25,Brightness_26,Brightness_27,Brightness_28,Brightness_29,Brightness_3,Brightness_30,Brightness_31,Brightness_32,Brightness_4,Brightness_5,Brightness_6,Brightness_7,Brightness_8,Brightness_9,VALUE,.geo
00000000000000000000_0,932.68713,1315.2104,512.5047,703.514,1712.1024,878.6297,1674.382,825.5808,925.5762,1386.4503,1732.1782,1567.8431,941.3839,824.08246,618.9161,1142.3447,949.2187,843.5541,1096.6294,718.8125,890.3211,1453.725,2102.133,1754.6519,867.2366,1673.8887,948.29407,1147.4781,1760.6984,1409.469,1013.4476,1254.1423,1727.9075,1.0,
00000000000000000001_0,780.5665,1507.0493,379.4376,1252.9224,665.02954,1121.4755,460.0584,1555.9043,1456.7206,1567.0199,1564.0278,1401.5902,1436.6942,1133.199,822.92957,1525.6848,1300.0775,1305.8547,1351.1207,1591.2864,1481.3834,897.3646,1695.1207,1465.9784,1528.847,1219.8947,1392.1971,1178.4847,1571.1741,1468.5355,2468.4163,1264.8844,1365.9282,1.0,
00000000000000000002_0,2418.6345,2937.1375,2550.3413,2667.8672,2898.3022,2808.662,2913.6487,3102.2524,3095.7031,2977.8145,2883.5046,2618.3298,2930.028,2699.788,2898.4746,2971.8286,3038.805,3100.3809,2894.492,2948.059,2970.626,3103.5767,3190.6016,3021.8623,3254.1597,2969.5703,3212.2947,2594.8452,2929.6152,2604.618,3489.8147,2880.576,2934.8584,1.0,
00000000000000000003_0,369.8341,1406.1554,279.782,1133.2196,1426.8201,847.4978,1112.7249,1052.8223,968.44116,1426.8477,1129.1084,705.9463,1724.8809,558.4097,307.35913,1117.3889,1088.3093,991.5408,906.1234,1584.5881,1117.9828,134.881,1585.2349,1505.6349,1566.7102,368.73846,1259.5007,375.7365,1856.1956,1535.0651,2200.0127,835.40204,1403.7698,1.0,
00000000000000000004_0,2624.1233,2800.589,2710.1123,3229.003,3423.3057,3556.6914,3305.6055,3250.063,3493.895,3378.6064,3684.78,3690.3723,2581.849,3521.0393,3749.9385,3642.214,3539.7744,3393.9019,3468.4258,3392.2202,3605.752,4529.1567,3989.916,2966.1128,3636.2734,3806.214,4203.858,2677.4246,2817.7688,2720.7517,3483.9949,3080.6118,3322.1206,1.0,
00000000000000000005_0,2739.4956,3256.726,2417.8872,2508.891,2408.691,3129.3586,2749.0764,2896.8489,3086.9207,3464.4556,3179.9775,3247.7292,3320.4795,2779.8833,2246.3071,2966.9375,2773.1536,2687.9673,2991.7942,2855.502,3514.5889,1986.6119,3888.71,3319.4126,2839.1367,3727.7778,3576.9023,2626.473,3359.6335,3762.5415,3489.8418,2320.0793,3799.0884,1.0,
00000000000000000006_0,1856.2275,1980.0027,940.2809,1465.4858,2245.1892,1796.3142,1591.665,1427.8782,1750.5419,2089.9568,1785.3726,1345.4912,1686.0613,1493.4412,1235.1553,1790.9167,1781.8756,1389.0146,1814.5039,1379.1262,1691.1096,1880.3417,2245.7844,2138.481,1400.56,2466.2812,1822.9705,2090.5793,2422.2788,1774.7751,1704.675,908.5278,2238.6045,1.0,
00000000000000000007_0,2355.8904,2257.0967,2232.2786,2653.4556,2483.5525,2532.968,2500.0916,2511.7803,2706.0435,2759.3445,2688.2437,2355.789,2024.8938,2756.6284,2748.122,3004.6184,2547.7463,2556.7202,2588.8115,2513.9763,2629.3296,3029.0786,2916.3337,2187.93,2717.59,2727.2861,2826.858,2298.436,2134.1396,2842.8528,2966.2007,2544.8738,2300.3293,1.0,
00000000000000000008_0,842.3151,2081.3933,521.7309,1254.2126,1752.6134,1677.2869,1782.8824,1961.1206,1883.3042,1809.2852,1960.073,1725.1365,2009.874,1779.7573,1765.2218,2121.5598,1891.9678,1950.5481,1940.3936,1966.178,2091.8213,2297.4558,2340.0134,2152.8164,2212.266,2123.8467,2199.0225,1151.0022,2291.2495,1472.2722,1991.7075,2100.874,2001.9703,1.0,
00000000000000000009_0,2795.7231,3029.8452,2596.1787,2987.8684,3112.8835,2745.2874,2993.2268,3165.8794,2995.059,3399.8672,2863.4136,2553.1433,2517.1633,2997.0679,2570.3633,3209.2942,3127.5806,2794.8352,2730.941,2702.251,2919.0728,2743.0598,3622.799,3147.9734,3387.1406,3210.0496,3573.4001,2906.3616,3377.9875,3501.2769,3399.6042,3755.248,3557.975,1.0,
0000000000000000000a_0,458.9372,600.0193,347.7554,537.1363,517.5608,486.7261,664.2538,569.88196,374.8178,690.521,754.4508,565.2709,535.4141,532.0659,359.68927,715.2755,851.5569,515.5657,406.0172,448.1839,811.3743,305.2115,410.0121,882.46246,567.5713,263.2239,433.6333,320.54956,700.91595,478.16516,1211.2859,765.643,798.7743,1.0,
0000000000000000000b_0,1241.8842,1827.1079,802.3263,1721.0986,1990.6846,1952.5443,1409.1954,1862.3124,1756.03,2059.5327,1704.5455,1520.4125,2396.8594,1469.4978,1700.4519,2376.2073,2152.5857,1758.9882,2000.72,2193.519,2202.751,1230.7887,2691.9116,2420.441,2536.2783,2146.0483,2167.9656,1290.6609,2048.8022,1997.7917,2753.4316,2232.2844,2052.1265,1.0,
0000000000000000000c_0,1698.2334,2477.8262,1704.0577,2646.534,3144.4707,2901.253,2523.2036,2803.1533,2784.602,2867.8975,2659.522,3015.8909,2652.0034,2519.632,2297.923,3093.1848,2730.6094,2579.727,2537.8865,2765.9717,2667.7134,2914.0818,3580.0522,2827.785,3473.331,2843.3425,3603.1035,2062.3862,2849.633,2934.6082,3582.066,2564.954,3335.8677,1.0,
0000000000000000000d_0,4022.1042,3772.2378,3951.493,3792.3398,3499.3928,3497.8357,3649.2593,3574.9507,3558.457,3378.442,3454.6477,3608.0068,3767.9675,3769.654,3647.0305,3552.1736,3576.886,3589.6313,3508.1362,3637.469,3342.1133,3689.2905,3366.0737,3602.5686,3536.6895,3672.3523,3733.2585,3713.1497,3442.621,4001.761,4156.088,3917.1802,3294.2593,1.0,
0000000000000000000e_0,2767.641,2755.7405,3068.2744,2778.811,2773.5864,2893.8525,2896.0027,2968.7217,3026.099,3114.362,2888.2568,2740.3464,2892.099,2976.4565,2993.266,2929.9878,2925.9531,3047.2744,2828.9834,3150.455,3224.0142,3238.0278,3220.4631,3078.9026,3164.4702,3366.8406,3244.0315,2998.0022,2952.996,2988.3853,3169.6245,2893.3882,2857.397,1.0,
0000000000000000000f_0,2521.522,2701.8462,724.3803,2310.5151,2733.0005,2543.6792,2842.983,2803.4927,2698.0444,2916.3652,2629.785,2520.7095,2672.8247,2723.5632,2509.074,2638.9146,2488.6758,2543.435,2458.7605,2417.3242,2472.4587,2631.436,2836.4155,2982.6738,2902.6965,2925.8127,2672.0098,2500.4666,2795.3293,2876.4087,2862.6074,2932.4878,2529.1355,1.0,
00000000000000000010_0,2312.7856,2838.3716,1976.023,2737.115,2302.6807,2736.6333,2540.6719,2657.2732,2184.6838,3235.8174,3229.9302,2562.1487,2633.6262,2160.2131,2565.5527,2723.0984,2632.616,2483.407,2566.9148,2573.6567,2608.8667,2419.4553,3883.7852,3156.4355,3623.1174,3034.673,3295.0244,3198.2864,3200.2876,1795.3479,3227.937,2797.9858,2876.37,1.0,
00000000000000000012_0,3005.4233,3283.385,2978.204,3156.8992,3422.609,3451.8784,3556.3047,3478.574,3406.8882,3595.138,3466.705,3406.662,2983.2651,3344.6353,3569.5012,3627.8904,3587.065,3531.4062,3673.3472,3286.02,3283.8762,3945.4575,3563.6804,2967.6953,3599.9307,3429.3552,3572.1619,2833.6633,3289.6753,3379.354,3700.306,3455.5835,3366.4302,1.0,
00000000000000000013_0,2738.7947,3446.432,2477.1536,3048.8225,3093.1614,3057.8457,2912.3088,3431.1533,3224.478,3119.5222,3030.0068,2923.5234,3057.466,2982.7424,2741.641,3181.6733,3031.9746,3109.0103,2850.727,2950.8987,2913.224,3007.024,3534.7622,3314.3062,3375.8616,3044.8594,3084.8828,2823.7402,3325.037,3387.6382,3516.4695,2878.6272,3284.1836,1.0,
00000000000000000014_0,3519.2034,4274.771,3586.375,3619.5903,4257.5337,3673.4653,3577.273,3571.1438,3668.9565,3793.465,3690.7495,3614.606,3667.6372,3477.125,3378.8625,3644.7493,3337.6543,3382.3584,3530.9456,3277.811,3322.1245,3602.8735,3706.8042,4091.8262,3645.63,3706.8408,3415.4263,4289.791,4575.426,3976.8225,3764.117,2823.2,3777.7717,1.0,
00000000000000000015_0,3664.3506,3466.7192,3838.9946,3725.5503,3680.829,3633.5493,3577.2007,3522.443,3525.3623,3566.1768,3620.1726,3555.4111,3670.3496,3591.5527,3459.1057,3484.7188,3352.403,3511.315,3648.2583,3439.8105,3371.7935,3670.4326,3523.1348,3598.0156,3538.3992,3710.3203,3469.9778,3599.3843,3444.0557,3543.9355,3363.189,3528.1677,3640.7954,1.0,
00000000000000000018_0,2626.4038,2260.617,2210.7988,2244.9312,2319.733,2702.505,2700.3777,2819.2258,2791.8203,2677.5398,2776.7073,2704.4382,2393.032,2598.5952,2570.9414,2826.0225,2656.9868,2752.3545,2991.7246,2708.6853,3203.0884,3483.2341,3372.2783,2417.5542,2870.7292,3060.889,3422.9385,2602.1333,2045.8662,2446.253,3115.172,3348.3574,2192.7102,1.0,
00000000000000000019_0,1921.1191,2188.2146,1439.6849,1817.2446,2144.581,1837.019,2208.2332,2110.0073,1980.4441,2320.0715,2357.7163,2271.0754,1873.5981,1957.6405,1885.0537,1994.0028,2034.3986,1927.0403,2152.2124,2373.6396,1830.3326,2019.2241,2563.4795,2297.863,2151.3198,2390.5908,2490.261,2231.2905,2435.1401,2182.0156,1876.4362,867.4511,2373.7324,1.0,
0000000000000000001a_0,2899.119,2670.5178,2663.1501,2494.6123,2374.8845,2918.8079,2845.006,3113.5803,3063.6626,2904.6792,3054.2822,3096.1274,2671.9238,3070.1577,3279.6245,3439.5583,3482.0327,3286.9722,3331.8865,3179.2292,3288.3616,3932.0447,3650.1404,2785.6003,3603.4165,3306.8306,3389.6597,2968.0193,2774.19,2719.123,2766.7515,3008.4502,2570.1113,1.0,
0000000000000000001b_0,1419.2249,1789.813,1019.5398,1683.9214,2041.2349,1767.3545,1920.4623,1728.6805,1942.4667,2095.3762,1992.3416,1888.6792,1844.3448,1825.0168,1443.881,2165.9248,2301.0732,1717.1936,1706.1229,1853.8167,2037.9725,1551.18,2372.5044,2063.3164,2184.89,1939.6306,1946.7935,1528.6415,1975.8264,1731.1522,2327.5337,2046.835,2060.768,1.0,
0000000000000000001c_0,3151.8242,3350.371,3527.7444,3232.4146,3433.722,3680.4817,3508.8694,3768.8594,3484.232,3404.8718,3488.1035,3304.1875,3652.7087,3485.9507,3474.5005,3824.5752,3167.605,3460.1382,3545.3757,3690.2495,3875.6,4544.7456,4031.2856,3527.765,3678.7717,4024.37,4120.9785,3628.8247,3656.3882,3525.8738,3785.0205,3363.349,3889.1045,1.0,
0000000000000000001d_0,3501.523,3590.4858,4399.448,4259.3633,3761.7502,3805.3335,3878.5361,3964.5676,3996.888,3962.0361,3796.9546,3832.2793,3511.561,3877.4768,3685.7117,3606.4258,3626.669,4107.1777,3921.2058,3769.4873,3806.9185,3949.3552,4674.074,3584.2393,4881.4346,4713.452,4373.7026,4421.092,4223.8013,3987.1416,4091.3796,3857.4893,3992.38,1.0,
0000000000000000001f_0,3615.773,4194.0225,4266.1353,3911.7686,3779.2441,3622.902,3613.919,3997.7593,3704.877,3597.45,3742.7764,3878.6106,3995.093,3709.4434,3583.1304,3787.7788,3805.5747,3654.9272,3594.3652,3699.3713,3557.1663,3940.2268,4172.258,4331.106,3912.0232,4301.5225,4075.2317,4487.4526,3959.172,4010.5366,4254.7207,4432.8096,4140.8257,1.0,
00000000000000000020_0,3624.8816,3699.4612,3559.1167,3398.0066,3297.4165,3413.1396,3393.4146,3395.9734,3438.337,3680.325,3871.3271,3243.3394,3809.795,3124.9724,3074.5288,3181.8203,3232.3867,2750.5205,3093.1084,3247.434,3328.0967,2389.6265,1900.0175,3645.775,1985.3412,1648.275,1871.5028,3624.2104,3749.923,3878.0134,3613.96,3745.2266,3598.5068,1.0,
00000000000000000021_0,2113.3044,2255.2524,1662.7007,2632.1387,2003.4065,2087.0442,2654.9905,2777.3662,2844.4153,2863.1929,2796.6104,2373.2188,2489.646,2339.6504,2057.0322,2578.0862,2516.5154,2380.4678,2131.294,2229.3306,2320.6602,1813.1517,2957.4207,3076.8245,3056.1306,2592.8706,2680.2227,2876.3735,3105.1072,2715.176,3099.4758,2942.0977,2485.7185,1.0,
00000000000000000022_0,2832.7393,3217.646,2517.4465,2829.2563,3114.762,3474.7964,3083.588,3172.491,3291.0488,3287.0972,3303.7385,3302.8198,3332.1187,3127.9875,2902.7336,3467.1218,2909.4849,3046.711,3199.129,3120.979,3165.4443,3910.8547,3706.2444,3494.6458,3454.794,3187.749,3561.5847,3066.493,3220.9995,2919.7522,3185.1558,3370.7456,3606.3086,1.0,
00000000000000000023_0,4099.7715,4087.1055,4702.5864,4698.372,4350.359,4674.6426,4485.544,4634.6655,4578.5312,4315.563,4522.0747,4299.935,4025.0522,4282.2397,4479.482,4297.8154,4371.8193,4156.636,4172.5,4242.123,4134.104,4743.8086,4743.5107,3950.093,4772.6113,4735.7827,4879.704,3834.145,4828.4414,4550.743,4799.5654,4810.4927,4526.4883,1.0,
00000000000000000025_0,1038.7054,2525.6602,775.3047,1222.3152,2212.365,2065.6924,1711.0638,1636.8325,1781.7441,2335.8257,2591.4812,2177.3633,2881.1213,1459.7406,1170.1891,1951.6837,1481.0311,1367.1199,1868.3906,2501.3457,1261.8308,2093.296,3139.4922,2361.691,1575.2993,2730.1924,2770.6772,2329.3286,2634.7957,2948.5073,1582.1396,2520.6855,2907.8037,1.0,
00000000000000000027_0,2565.4639,2779.5957,3184.833,3159.994,2875.6768,2818.8115,3102.2773,2893.8398,2884.068,2665.0103,2668.5605,2734.8374,2938.016,2810.3115,2864.0933,2974.0757,2816.7979,2917.7383,2880.1306,3454.3616,3379.3833,3263.8635,3645.3904,2813.6548,4051.8286,3832.2976,3744.4824,3566.2595,3948.3518,3677.2827,3909.641,3550.8777,3491.8857,1.0,
00000000000000000028_0,1902.68,2375.3677,1614.8445,2136.128,2149.0269,2277.5024,2246.596,2231.0176,2224.0503,2422.5188,2333.8115,2494.9026,2421.12,2368.1968,2121.421,2407.5652,2297.9077,2270.227,2399.4927,2425.9954,2489.434,3138.3086,2692.4634,2449.6978,2281.836,2530.7014,2477.239,2316.822,2317.8794,2076.4563,2759.7107,1855.7908,2418.767,1.0,
00000000000000000029_0,3215.4321,3355.7993,3219.4211,3308.5369,3262.966,3052.3562,3118.6826,3221.583,3392.4983,3750.779,3792.2456,3572.396,3191.5347,3256.9763,3134.5996,3672.1335,3772.953,3728.676,3487.5012,3696.2903,3841.2466,4644.9253,4309.448,3575.104,4113.374,4039.5725,3993.601,3685.4207,3646.956,3447.5894,3211.7034,2954.9507,3472.6099,1.0,
0000000000000000002a_0,2761.8706,3006.3486,2950.052,2977.139,3049.7065,2736.8394,2953.0608,3012.4248,3226.4824,3360.1868,3507.067,3212.1528,2944.2783,3007.1543,2773.416,3177.0405,2857.4338,2856.899,2947.3113,3052.6233,3071.5244,3361.3232,3070.491,3277.2527,3197.3857,3204.2974,3388.7153,3436.868,3267.5613,3111.1973,3647.4766,4161.7515,3509.7402,1.0,
0000000000000000002b_0,3084.9858,3568.827,3612.3306,3606.1914,3209.3027,4166.2393,4996.4746,4543.227,3913.0574,3583.6743,3628.0432,3333.602,3253.1528,3115.9834,3192.4285,3200.377,3172.018,3130.4243,2959.3252,2935.9434,2696.4175,3216.1934,3319.2954,3586.2383,3364.5515,3033.2112,4082.1165,2634.9768,2987.8032,2914.6045,3061.766,3852.5303,3771.648,1.0,
0000000000000000002c_0,3654.5398,3534.649,4074.523,3878.153,3741.746,3704.909,3681.298,3547.7485,3668.5488,3590.5442,3531.5767,3854.816,4372.5806,4666.29,4668.0215,4529.122,4480.604,4357.8623,4324.882,4221.6846,4445.685,5086.0073,4515.9946,4196.5176,4512.921,4403.7505,4371.711,4198.6904,4008.8071,3980.0884,3789.096,3446.7808,3673.168,1.0,
0000000000000000002d_0,3435.7522,3356.185,3655.2654,3285.7114,3109.9956,3407.168,3312.324,3349.0225,3254.1206,3299.038,3463.7886,3678.0894,3401.8213,3647.0342,3857.7288,4172.529,3858.125,3649.3906,3856.6006,3378.3152,3465.3667,4066.8335,3607.9604,2844.9106,3778.2312,3580.7095,3946.3115,3418.192,3184.386,3449.252,3802.0063,3936.3677,3373.0278,1.0,
0000000000000000002e_0,3121.938,3183.2231,3571.8586,3316.7144,3139.813,3225.4294,3395.2664,3999.0396,3827.1548,4249.3853,3761.8174,3634.4697,3183.5425,3698.9648,3517.8267,3665.6733,3622.3892,3537.5127,3177.012,3139.5684,3187.8447,1419.3848,3357.1255,3449.1316,3540.3613,3452.2654,3487.0786,3377.3875,3313.6624,3313.1545,3280.8345,2684.1406,4031.4644,1.0,
0000000000000000002f_0,2953.1929,2988.6345,3150.9922,3399.1646,3256.0269,3578.6494,3392.6526,3605.143,3570.2422,3790.3135,3649.6309,3491.8308,3045.684,3222.213,3230.2468,3320.2349,3363.0994,3041.245,3639.822,3397.6528,3901.274,4512.492,4173.975,2825.6367,4128.3833,4181.792,4017.2935,3380.7988,3969.296,3694.4866,3889.4595,3432.4675,3666.0115,1.0,
00000000000000000030_0,2545.2593,2580.1367,1450.9032,1732.8068,2424.162,1629.7397,2090.2844,1906.262,1956.3455,2062.5837,2178.6143,1978.4491,2155.2144,1656.6064,1715.7942,1702.8878,1433.5615,1343.3335,1755.147,1845.5708,1724.626,1939.386,2102.3635,2588.425,1578.7109,1966.5553,2234.163,2445.0159,2424.6306,2410.4412,2197.1653,1386.2705,2566.8457,1.0,
00000000000000000031_0,2437.4136,2551.4724,2642.759,2736.9316,2878.7683,3120.1006,3365.8796,3207.3564,3222.4749,3464.9822,3511.1396,3347.9053,2540.0947,3172.2402,3157.4116,3341.2932,3333.7983,3200.0117,3315.4883,3601.8328,3343.8152,3792.938,3788.2788,2559.1846,3806.3955,3782.4104,3878.7356,2408.2107,2680.239,2560.3975,3114.8467,2989.6897,2839.9976,1.0,
00000000000000000032_0,2623.9424,2725.6812,2418.0693,2222.8965,2734.9868,3142.2944,2961.7102,2848.127,3179.3616,3642.6084,3349.6687,3513.124,2769.13,3290.1536,3643.065,3724.8433,3348.833,3412.1216,3353.1768,3604.1643,3649.2522,3780.9092,3811.3467,2647.6316,4089.535,4247.5654,4064.9473,2505.7798,2748.9583,2567.8857,2793.664,2673.195,2750.8984,1.0,
00000000000000000034_0,2860.2124,3225.809,3228.7256,3440.1992,3306.7268,3335.5034,3449.114,3506.0837,3349.4067,3391.039,3311.9097,3313.8652,3172.6616,3327.8806,3417.5981,3415.227,3228.197,3231.23,3242.7876,3397.5618,3436.2505,3604.6863,3548.9521,3001.076,3507.434,3536.3025,3526.0684,2749.6465,2997.249,2976.3696,3601.8994,3512.3672,3395.9834,1.0,
00000000000000000035_0,3044.7783,3053.854,2833.3464,2918.1553,2885.9624,2806.9187,2978.5144,3017.5999,3016.1199,3325.5784,3696.6033,2956.198,2780.8396,2886.6926,2901.1167,3005.531,3077.7844,2843.2515,3124.0132,3008.7632,3003.1301,3309.0317,3451.1553,2912.2864,3249.4724,3375.1135,3396.497,3130.785,3457.4644,3412.7856,3214.5725,2501.2163,2966.483,1.0,
00000000000000000036_0,3374.6477,2921.402,3290.415,3478.1274,2935.8198,3362.2568,3415.1543,3362.8928,3328.4526,3153.5308,3271.0286,3389.7368,3180.9365,3357.4915,3458.9897,3423.2266,3208.1787,3800.3572,3549.4639,3426.796,3354.0144,4142.815,3538.8452,3301.7644,3561.1514,3852.3545,3688.754,3274.8494,2658.6753,3275.8623,3117.2913,2957.6558,2912.9272,1.0,
00000000000000000037_0,1151.1443,1168.5547,1020.6758,1083.5204,1000.4927,1001.0644,1083.26,1141.9031,1412.0778,1214.0854,1173.6685,1076.3291,959.7206,950.42645,972.573,1141.5364,1281.4558,1061.3077,1184.2201,1070.057,1155.8623,964.24786,730.0471,1050.2561,760.6228,710.7835,840.5867,1461.3534,1238.5306,1252.2028,1729.3906,1004.4139,979.0679,1.0,
00000000000000000038_0,2034.528,2410.8882,2270.3467,2422.7432,2462.0518,2984.0186,2417.689,2918.0083,2914.208,3045.9573,3365.2466,3442.6594,2181.3564,3151.8264,3047.9756,3001.9438,2828.7954,2709.6372,2909.2856,2956.916,2993.419,3754.834,3698.4656,2554.6343,2689.334,2609.7632,2924.0789,2603.101,2635.4695,2689.644,2869.1277,2302.243,3259.5952,1.0,
00000000000000000039_0,3728.016,3461.2644,3074.3018,3074.1216,3095.0461,3036.2002,3281.7996,3404.2666,3441.3035,3871.789,3967.9617,3502.4675,3365.3032,3396.712,3295.3564,3429.3213,3509.6843,3642.855,3703.774,3661.4834,3600.1238,4175.8486,3705.3582,3418.0125,3760.7131,3717.5852,3701.5256,3698.2314,3541.283,3196.7422,3218.8193,2999.3848,3218.586,1.0,
0000000000000000003a_0,2800.5342,2801.684,2513.8557,2449.4004,2612.9185,2575.9897,2790.2537,2877.5964,3067.0266,3014.3613,2926.1382,2961.1887,2649.5637,2803.5806,2751.383,3051.4316,2929.8682,2584.368,2908.48,2993.099,3056.1052,3470.7773,3076.06,2698.8071,3128.9453,3064.769,3139.3044,2781.6284,2640.918,2682.9985,3588.5474,3167.0547,2799.606,1.0,
0000000000000000003b_0,2458.807,2511.0576,2421.124,2378.2515,2481.1917,2661.4136,2726.8823,2664.5715,2837.9622,2824.3945,3050.215,2968.8623,2421.399,2832.0278,2809.133,3379.13,3023.6191,3015.2456,3267.8066,2750.7268,2950.0657,3396.589,3202.9033,3557.5947,2995.6152,2938.601,2912.3525,2933.9993,2903.708,2916.871,3329.649,3004.7595,2715.4543,1.0,
0000000000000000003c_0,2823.1482,3281.318,2823.2434,3160.324,2942.1982,3287.1685,3111.5825,3321.8186,3319.8196,3399.5718,3282.0095,2995.9753,3007.3027,3187.9668,3202.1147,3348.213,3493.8877,3342.5254,3249.3652,3413.069,3568.3335,3824.3591,3649.3645,3386.081,3632.9846,3780.6094,3820.6782,3079.6802,3432.1067,3223.9468,3327.0225,3154.7222,3049.213,1.0,
0000000000000000003d_0,4159.747,3651.5498,2678.1794,2710.757,2619.5442,2707.6392,2871.065,3486.099,3275.0803,3220.9243,3875.1096,3674.53,4041.1514,3782.2158,3551.1265,3834.1714,3785.3657,3709.909,3676.7039,3627.3755,3847.6829,4057.4072,4273.533,3752.562,4279.416,4222.9863,4595.4297,3704.4849,3821.8447,3990.2253,4316.25,3212.972,2764.0078,1.0,
0000000000000000003e_0,1987.1243,2212.0247,2485.1392,2685.1565,3125.2512,2992.0388,3416.5432,3181.6826,3086.662,3441.2043,3588.996,3543.3135,1966.6633,3092.2622,3175.478,2524.4282,2676.2563,2445.3796,3887.9834,3871.2205,3072.8875,3866.2434,3432.288,2379.8464,3885.8215,3759.6675,3692.4172,2249.7188,2392.667,2193.7903,3558.4082,1900.7917,2418.6255,1.0,
0000000000000000003f_0,3550.3403,3506.4385,4008.5952,3955.9326,3608.4512,3913.789,3969.2295,3898.1006,3789.769,3808.7908,3775.718,4038.0923,4216.994,3876.5042,3864.6123,3784.7827,3854.916,4022.298,4023.5015,3936.4316,3987.842,4304.0723,4021.4875,4065.7722,3889.5208,4199.108,4201.086,3803.843,3641.6108,4040.5322,3987.0938,3847.5635,3657.6035,1.0,
00000000000000000040_0,2645.653,2850.8992,2846.8633,3408.7932,3249.4773,3178.325,3439.2507,3207.712,3192.8916,3452.037,3285.3901,3247.653,2882.165,3209.457,3079.1018,3434.865,3205.3086,3256.1711,3181.5486,3211.3975,3180.5315,3281.4507,3511.9844,3079.0923,3467.502,3398.5486,3650.3247,2470.0557,3180.995,3163.0571,3017.0488,3045.2437,3224.5757,1.0,
00000000000000000041_0,2928.4246,2451.3455,2414.8206,3805.8745,2496.8264,2496.217,2770.8796,2828.8691,2697.8408,2734.872,2730.6553,2625.8499,2790.7322,2536.4385,2439.9956,2557.2756,2480.3076,2447.0813,2260.3848,2615.1816,2757.9387,2071.7651,2505.2585,2771.37,2398.463,2715.5396,2850.6204,2463.7178,2808.8022,2498.103,2843.6885,2590.505,2590.788,1.0,
00000000000000000042_0,3449.1973,3505.8386,2697.164,3021.9595,2879.014,2961.3665,3490.5884,3364.2732,3127.879,3395.3994,3677.6702,3685.754,3612.5386,3610.0645,3668.8252,3689.5874,3794.2534,3663.247,3606.0205,3842.2827,3883.471,4130.698,3996.7383,3477.2285,5413.7446,4805.561,4596.9546,3491.7551,3418.962,3105.6653,3165.2485,2957.9697,2860.0764,1.0,
00000000000000000043_0,3164.9421,3315.331,3073.051,2841.9084,2610.1548,2846.6165,2878.5596,3252.7803,2816.0862,2843.3828,3290.7227,3203.7925,3040.2532,2856.3555,3112.9026,3139.5479,2970.8352,2804.7996,3401.9998,3403.492,3777.3806,4110.503,3826.3435,3096.6338,3765.4463,3666.5242,3587.9329,2653.9812,3284.9768,3035.7,3833.4434,3774.3718,3200.6638,1.0,
00000000000000000044_0,3054.2026,3260.972,3452.5442,3373.131,3399.0698,3249.8105,3355.6472,3180.1636,3746.9785,3867.001,3871.9968,3765.7698,3222.3687,3616.4038,3307.7957,3643.7036,3449.489,3740.3984,3222.3647,3177.857,3703.8691,3672.2827,4447.115,3432.727,3973.699,4342.123,4308.1055,3410.0576,3282.2693,3006.4043,3264.4243,3398.504,3653.6606,1.0,
00000000000000000045_0,4164.2427,4022.8577,3927.3035,3436.4055,3532.7808,3819.2527,3445.9321,3889.13,3724.2434,3722.04,3838.4165,3245.6177,3670.5417,3012.2961,3290.7488,3321.8315,3143.03,3214.3486,3562.9143,2653.394,3899.739,4133.7144,2937.5752,3608.6333,3808.9722,3761.8816,3223.4126,3277.23,3876.3684,4009.151,4040.1025,4129.9873,3908.8022,1.0,
00000000000000000046_0,3189.2588,3170.9258,3156.8223,2977.5688,2989.5918,2952.3655,2997.2026,3024.723,2838.7563,2564.444,3074.0837,3153.0615,3109.0723,3112.6436,3164.2832,3315.1929,3186.9111,2974.8872,3166.1604,3173.5234,3322.5664,3430.067,3356.8164,3188.4448,3416.4126,3373.7493,3282.403,3064.2185,3229.44,3256.9504,3434.2852,3204.6123,3105.3188,1.0,
00000000000000000047_0,1620.6282,1849.5773,1255.6346,1989.138,1822.0918,1706.3849,2311.1865,1908.9116,2073.1377,2122.72,2153.2993,2083.139,2132.4834,1954.3372,1832.3624,2467.3242,2388.0422,1937.107,2130.549,2398.5054,2082.3289,1702.5613,2200.5796,2257.1772,2285.168,1982.6115,2090.5107,1837.1321,2133.1604,1677.2788,2399.206,1952.7571,2418.9604,1.0,
00000000000000000048_0,3244.3054,3644.5618,3505.9104,3371.9573,3429.7222,3525.6401,3488.3125,3583.493,3541.7693,3270.1035,3504.7844,3119.6958,3452.7063,3455.857,3003.1453,3134.4163,3318.2803,3368.1177,3416.2043,3270.7576,3297.0715,3306.7583,3428.6418,3347.9678,3683.9,3831.7773,4677.682,3489.63,3534.833,3783.0828,4112.7275,3043.827,3473.7988,1.0,
00000000000000000049_0,2899.1953,3586.843,3166.5237,3023.1816,3559.971,3695.46,3241.219,3773.5288,3796.4304,3682.9731,3372.1155,3579.9697,2743.3157,3075.766,3515.8472,3307.0005,3044.5278,2968.4321,3632.64,3362.247,3264.2678,3791.68,3476.2854,2858.8264,3531.6924,3330.267,3472.5093,2942.546,3593.1704,2614.7512,3000.0845,1456.6879,2757.5745,1.0,
0000000000000000004a_0,2821.6123,3175.7913,3204.9438,3067.2976,3268.184,3157.91,3449.4211,3282.3376,3167.4932,2588.0396,3142.481,3168.849,3319.0046,3554.9705,3120.9048,3796.0337,3817.7156,3362.2188,3095.3862,3374.021,3926.3628,4153.212,3678.9387,3203.958,3735.6587,4165.0264,4346.547,3203.294,3282.583,3385.987,3681.7102,2970.142,3171.662,1.0,
0000000000000000004b_0,3148.5166,3146.9902,2708.5378,2507.6948,3773.2153,3403.9065,3144.2656,3162.101,3260.794,3932.7441,3324.7668,2814.3723,4006.9087,2237.01,2706.1958,3509.1301,2594.8623,3052.7102,3153.0493,3446.9634,3174.391,4329.279,2667.1145,3842.9429,3224.0159,2972.1382,3423.5845,2674.679,3831.333,3616.6018,3821.8484,3321.9705,3581.8047,1.0,
0000000000000000004c_0,2002.8296,2093.2847,2116.1382,2400.0056,2304.902,2450.6892,2443.332,2668.498,2764.1333,2803.7617,2583.3643,2512.702,2378.3909,2446.3435,2577.079,2300.813,2772.3933,2683.2659,2680.6526,2731.0293,2532.3257,2366.5657,2465.4478,2720.892,2449.8435,2437.8281,2388.7864,2504.63,2365.357,2094.274,2509.361,2074.696,1950.1693,1.0,
0000000000000000004d_0,2367.7166,3409.5571,3729.8772,3608.4246,3359.63,3853.1775,3676.1082,3634.6836,3727.0728,3757.6338,3705.1348,3468.959,3331.5122,3669.802,3577.5132,3930.3147,3630.7876,3264.3608,3547.2522,3614.911,3652.9668,3828.1973,3555.3801,3026.863,3905.9326,3843.8418,4022.6118,3122.4407,3253.1763,2956.251,3457.9019,3162.1724,3880.6973,1.0,
0000000000000000004e_0,2749.8506,2981.8198,2990.8496,3376.209,3391.912,3211.6875,3484.809,3873.2358,3599.2783,3564.208,3632.284,3327.4475,3017.184,3176.8196,3340.1938,3568.5815,3104.8818,2567.6182,2754.9712,3030.906,2973.7996,3411.4995,3161.101,2996.0415,3514.4907,3337.523,3434.5002,2971.4243,3113.1716,2906.8682,2907.9646,2746.1934,3243.5266,1.0,
0000000000000000004f_0,3226.6262,2825.7986,2174.61,3158.829,2856.3315,3146.8452,3277.959,3542.5332,3317.2156,3404.8623,3045.1873,3439.2688,2940.7354,3406.4036,3324.6687,3479.985,2308.7375,2874.908,2913.4229,3159.272,2910.7285,3132.9346,3437.0107,2236.9695,3718.2837,3113.0337,3543.129,2797.2192,2759.9062,2719.7822,3619.4033,1845.289,3275.1074,1.0,
00000000000000000050_0,3318.8916,3456.746,3109.0496,3217.9897,2944.8594,3460.1653,3261.5388,3239.0454,3237.3257,3340.605,3596.9226,3326.604,3224.2158,3336.6914,3060.7393,3463.7036,3341.4116,3018.1855,3390.8293,3207.1157,3667.3823,3661.8284,3270.021,3437.3845,3789.0483,3424.4902,3629.0645,3068.5403,3365.634,3440.5093,3248.2354,2978.031,3627.817,1.0,
00000000000000000051_0,2888.542,2822.209,2790.3066,3548.8909,3306.6108,3416.3242,3325.862,3183.8591,3256.8364,3383.6086,3466.285,3705.6091,2794.7688,3570.0547,3466.8245,3915.535,3722.1372,3573.9983,3855.7568,3350.8777,3657.2075,3871.8762,3950.2598,2878.8787,4284.479,3827.9468,4230.9854,2120.198,3534.0444,2914.45,4109.8486,3676.3281,3293.9658,1.0,
00000000000000000052_0,2853.4966,3053.8555,3153.1738,3357.8367,3376.812,3524.3535,3400.23,3588.7324,3535.7644,3267.7603,3213.3855,3189.6995,3123.2375,3172.6602,3157.0994,3339.3433,3195.4648,3089.1555,3103.7246,3162.836,3160.6685,3368.7483,3541.587,3146.7583,3570.4224,3571.086,3538.5647,3124.006,3249.985,3110.6284,3201.6304,3457.3801,2900.1926,1.0,
00000000000000000053_0,3455.9456,3198.5388,2464.2795,3235.9,3545.752,3573.899,2883.0225,3537.1458,3689.057,3300.234,3086.838,2920.5415,2768.0283,2838.8826,3301.1934,3994.377,3392.8977,2466.788,3000.648,3650.63,2666.097,4661.2363,3645.73,2541.9277,3702.1355,3145.4385,4043.9226,1543.8192,2238.3604,2209.028,2519.4246,2221.113,2314.505,1.0,
00000000000000000054_0,2815.5957,2734.8296,2789.9485,3394.2974,3467.5862,3207.7705,3258.8713,3190.9067,3238.5466,3395.2686,3447.09,3266.6064,3076.0676,3306.183,3220.8442,3866.1304,3839.3232,3684.8435,3442.7534,3711.5432,3939.4321,3531.3247,3127.0442,2996.5093,3774.514,3992.5713,3797.276,2091.105,3083.267,2410.5623,3977.1577,3510.6426,3482.442,1.0,
00000000000000000055_0,2887.6643,2368.905,2999.0393,2782.1729,3295.6685,3462.0876,2961.0017,3511.387,3505.3208,3580.9248,3266.7803,2657.0024,2190.9688,2322.1113,3018.6873,3748.3064,2122.1646,2494.9392,2545.635,3469.9053,3136.256,4234.1084,4013.029,2274.3203,3092.8005,2590.3245,2654.0208,2270.275,3339.5337,2505.6611,3762.4346,2762.6807,3109.0803,1.0,
00000000000000000056_0,3602.1511,3312.7576,2876.2046,3426.6106,3546.6367,3607.8223,3805.3755,3842.0974,3487.5105,4011.6294,3831.3716,3533.2156,3326.52,3193.9192,3462.4746,4028.5474,3344.6812,3130.9502,3897.6943,3564.531,3164.1455,3671.1965,3917.0986,3106.8096,4252.057,3904.8882,4301.7534,2877.3936,3356.1208,2800.9116,2788.2422,3247.5159,2579.7593,1.0,
00000000000000000057_0,2625.9495,3011.8054,3790.6362,3774.3303,3319.616,3293.4526,3232.101,3051.852,3119.995,3034.2734,3330.3618,3200.6104,2390.8376,3139.6997,3067.9297,3389.6255,3292.6235,3068.8926,3339.6187,3076.5222,3624.6294,4438.113,3629.2825,2857.249,3982.9463,3915.809,4066.313,2881.8174,2918.44,3045.799,3152.793,3754.5825,3569.0664,1.0,
00000000000000000058_0,3446.9917,3238.5054,2787.4746,3273.2231,3475.3096,3485.7917,3689.393,3839.0732,3434.6167,3740.1807,3716.6948,3586.3938,3345.6577,3169.7424,3395.9993,4012.8477,3363.8052,3074.593,3719.3596,3485.7878,3253.5745,3748.8103,4015.6523,2997.0852,4235.994,3942.7234,4428.2134,2703.3965,3313.272,2934.311,2446.7278,2812.0437,2859.63,1.0,
00000000000000000059_0,3136.5356,3525.437,2655.8838,3215.3354,2806.8096,2740.0234,3596.372,3826.7285,3561.747,3525.7756,3124.2563,3337.6123,3005.7832,2713.1216,3204.9614,4039.3892,3462.8015,2662.525,2545.779,3800.858,2846.3516,3054.7534,4027.8413,3118.5547,4257.564,3459.1738,3752.629,3356.1514,3115.7522,2674.6335,2843.7896,2749.397,2633.2559,1.0,
0000000000000000005a_0,3279.7295,3791.3071,3952.3135,4223.454,4288.822,4220.4062,3904.7993,3829.1611,3557.3584,3761.2493,4082.2642,4089.725,3470.7402,3687.405,3866.1204,4169.5454,3797.998,3710.5557,4172.968,3942.5764,3995.5132,4800.9473,4640.146,4024.1753,4527.372,4654.8047,4664.5596,4004.271,3908.2512,3669.5527,4183.009,3899.6772,4006.0298,1.0,
0000000000000000005b_0,4078.6582,3139.0657,3268.2358,2726.968,2867.1926,3351.2324,1929.6335,1382.0503,1928.6289,1520.3419,1337.53,1457.6512,2752.094,1510.1035,1562.3857,1477.5994,1547.6516,1335.7201,1448.5302,1348.4197,877.06177,722.8257,1175.4952,2755.3198,1017.4637,1183.0713,851.4498,2404.0083,3515.272,3354.6025,3440.567,3558.216,3663.416,1.0,
0000000000000000005c_0,3735.2593,3397.148,3163.8518,3298.4187,3161.632,3361.0552,2999.174,2550.4946,2985.6743,2905.349,2260.973,2020.2339,2836.316,1906.4548,2065.2788,1951.8806,1886.5743,1859.8851,1809.0801,2003.1542,1874.4182,1429.9958,1610.0939,3092.5896,1527.9985,2052.7532,2187.357,3204.1062,3203.534,3283.3442,3761.6055,3360.761,3615.245,1.0,
0000000000000000005d_0,4105.7,4112.6094,3969.341,4125.522,3753.248,3792.651,3635.3525,3841.6765,3480.749,3709.8809,3825.0288,3753.925,3982.0725,3905.5547,3697.0078,3629.8818,3290.768,3786.1636,3655.3274,3185.203,3008.5762,3029.643,4031.7876,3823.9087,3744.5574,3509.4126,3278.441,3863.4485,3790.0527,3806.2134,3630.4688,3539.4011,3622.2217,1.0,
0000000000000000005e_0,3352.508,3489.5894,3185.5771,3693.8892,3370.4612,3924.0747,3658.3735,3243.2893,3008.6807,2542.634,2360.554,2358.4858,3208.3843,2266.1416,2384.775,2400.8987,2213.8787,2193.2869,2024.9277,1950.2834,1486.5474,1838.5154,2032.84,3344.8684,1751.578,1706.8773,1804.5981,3314.8892,3604.9707,3334.922,4035.0024,3991.878,4207.9805,1.0,
0000000000000000005f_0,2552.5835,1662.2632,3057.5906,2921.812,3237.2012,3144.254,3129.0325,3004.2158,2862.9211,2896.528,2849.4573,2641.5884,2626.1807,2609.8835,1544.7148,1179.9807,1379.9802,1180.5547,1256.1346,1231.7972,762.2201,457.97083,633.8135,2862.7153,525.7603,557.6045,557.4999,2579.8584,2703.1145,2667.789,3054.3545,2828.0815,3032.5125,1.0,
00000000000000000060_0,2764.2593,2883.8179,2932.924,2838.2659,2954.8723,3144.208,3075.1963,2918.1782,3110.1172,3370.8994,3565.0452,3129.251,2798.225,3078.642,3191.346,3384.379,3456.978,2958.3975,3042.1528,3186.955,3365.8872,3753.5415,3892.0623,2899.026,3618.9482,3575.4756,3970.1096,3635.089,3361.4106,3009.5022,3812.5442,3589.1057,3569.4543,1.0,
00000000000000000061_0,2596.6753,3466.4395,956.0201,1587.0715,1101.6621,952.1549,1578.6089,800.30585,818.86646,1208.842,1025.6,1235.9978,920.8789,1148.6704,1032.1951,951.6102,1260.5363,1170.8695,1243.9542,1264.5459,573.3795,446.5734,568.9204,1269.4014,549.3814,534.7912,520.7395,926.0037,680.1332,994.8717,1043.0627,1610.7219,903.7805,1.0,
00000000000000000062_0,3131.3477,3737.0361,1656.2096,2314.7825,3119.997,2817.5671,1710.8683,998.5949,1247.5353,1151.6565,1236.5118,1479.2771,3514.2288,1402.7109,1212.7853,1048.299,1417.6033,1276.6188,1165.8162,1271.7488,3137.6318,1668.508,2604.977,3398.2935,2097.5725,2634.7021,3000.498,3397.832,3630.8936,1367.5997,3230.356,2394.931,3006.0896,1.0,
00000000000000000063_0,3675.287,3292.636,1352.4563,2366.7222,1200.588,1151.5349,1709.0055,872.98535,888.88306,1210.3125,1136.0134,1204.8904,3197.2766,1234.5173,1204.295,1024.9187,1295.2166,1167.5876,1288.065,1255.8433,657.7523,441.0812,576.1741,2091.6445,527.3789,569.0568,514.05695,1483.6101,1096.042,1091.8284,1521.115,1474.9531,1252.1729,1.0,
00000000000000000064_0,3936.4182,4018.0955,5157.987,4759.8906,4196.0137,4257.3086,4434.7393,4261.171,4286.6357,4148.9683,4301.0747,4313.87,4052.4304,4383.4087,4528.097,4175.018,4304.596,4242.7656,4306.3276,4222.1343,4240.6406,5401.802,4575.095,3814.1523,4416.3926,4781.115,5261.15,4103.93,3904.9644,4607.7974,4425.4624,4168.25,4553.508,1.0,
00000000000000000065_0,3466.1516,3388.4346,3734.471,3962.5554,3575.1028,4444.61,4539.129,4636.368,4263.3696,4062.0918,3979.5505,3615.0786,4980.6533,3837.3423,4226.546,4486.968,3780.834,3885.7673,4153.2217,4308.307,4240.1294,4886.845,4991.244,5107.3774,5062.1353,5010.988,4969.3916,4671.678,4631.8306,3953.6394,4044.319,4179.0425,3758.4502,1.0,
00000000000000000066_0,3444.2651,3387.567,3403.5513,3859.2136,3782.021,3940.344,3884.5957,4048.857,4009.9966,3853.6643,3902.0625,4160.191,3340.5088,3964.5896,4015.2954,3989.7893,3808.94,4215.5107,3930.5361,3714.184,3764.5693,4355.6865,4634.4233,3362.6318,4369.5615,4092.7856,4319.037,3673.5266,3892.6206,3725.203,3918.0278,4244.791,4087.7925,1.0,
00000000000000000067_0,2316.0542,2310.1045,1602.3588,2057.3672,2133.0122,2347.2986,2520.8926,2595.292,2523.7913,2622.5732,2733.038,2650.0854,2116.6653,2360.8276,2108.6587,2836.6694,2665.6707,2356.7559,2561.9126,2491.5337,2567.0889,1988.5388,2835.271,2945.8384,2699.975,2174.7566,2411.9045,2329.7349,2857.9248,2856.8545,2841.082,2570.3406,2369.8403,1.0,
00000000000000000068_0,3548.0396,3214.0825,3125.0579,3017.2825,3029.0466,3040.2632,3148.5503,3209.4683,3609.392,3594.5112,3902.3237,3661.6445,3144.957,3801.505,3994.298,3711.8025,3651.8005,3858.856,4068.568,3815.0132,3693.888,4846.0776,4702.3755,3337.604,4469.93,4183.3516,3902.704,3994.8054,3689.254,3783.0027,3544.1658,3279.849,3064.8235,1.0,
00000000000000000069_0,3428.9329,3395.3755,2655.9685,3026.1848,2888.356,3017.282,3119.0986,2402.9082,2646.8704,2761.6538,2640.364,2373.73,2483.1685,2177.751,2061.0703,2305.1826,2102.394,2276.328,2446.8333,2428.8787,1933.3726,1480.6055,1732.0819,2312.0728,1480.0117,1669.2454,1467.6189,2061.7021,2625.9038,2596.652,3217.275,2583.7632,2733.5347,1.0,
0000000000000000006a_0,3204.3135,3874.8638,2917.5854,3398.314,2590.8235,3158.121,3100.4143,3108.9229,3215.4727,3100.9895,3195.994,3063.4326,3304.8196,2788.7427,2582.9011,3108.3618,2591.3547,3401.6992,3649.0889,3643.2126,3964.6355,3662.621,3967.1985,4283.18,3835.5205,3691.2737,3616.6091,3741.5066,3707.9312,3287.6106,3222.1382,3699.8247,3566.396,1.0,
0000000000000000006b_0,3376.394,3525.1038,3457.525,3463.2144,3344.438,3402.5566,3315.1462,3331.3147,3522.6118,3699.4463,3744.4912,3382.6885,3535.1711,3135.4885,3220.8606,3546.967,3343.1465,3086.7317,3544.708,3378.0513,3438.4883,3931.7856,3706.2,3482.1343,3519.798,3787.8813,3947.3716,3608.6704,4519.9526,4528.1475,3379.0215,3671.687,3631.4985,1.0,
0000000000000000006c_0,3794.3608,4066.5366,3150.8423,3261.298,3212.9375,2929.553,3076.4578,3082.5464,3244.4463,3475.1777,3198.7546,3055.066,3328.079,2771.0815,2864.78,2949.9253,2821.106,2888.372,3082.943,3392.0178,3653.7378,4278.1963,3995.2566,3799.244,4711.6284,4935.4434,4680.698,3912.1152,4359.2075,3594.339,3766.7112,3508.335,3592.5088,1.0,
0000000000000000006d_0,1748.6403,2174.3174,1845.2512,2279.9504,2433.2603,2618.1072,2416.8096,2581.125,2445.2896,2546.022,2842.1414,2718.1484,2274.9424,2637.3628,2462.3826,2710.6826,2855.227,2760.924,2593.1812,2706.8538,2767.4946,2998.3555,3301.5261,2253.7437,3367.8428,2734.4277,3152.8354,2129.595,2347.5671,2244.6172,2850.9326,2563.3884,2654.3865,1.0,
0000000000000000006e_0,3286.7822,749.7441,1601.3237,1380.7043,897.949,943.7352,1764.2527,879.0468,898.47504,1165.9132,1176.9513,1130.0222,934.551,1134.226,1273.3157,1062.9268,1272.7264,1284.0715,1440.6265,1219.063,660.9004,441.4427,610.8263,1475.4084,652.876,523.9632,611.2943,1363.8905,778.92847,1083.1501,1069.2432,697.5923,944.6471,1.0,
0000000000000000006f_0,1620.6263,2148.1392,1635.2849,1469.7559,1058.707,1176.7479,1585.1145,1003.6449,1010.6424,1170.3243,1173.8809,1259.4526,2065.391,1340.982,1319.6879,1199.8619,1468.5503,1313.5511,1633.2478,1338.4502,841.5549,843.9571,563.8447,1598.4438,708.7025,536.90045,664.575,1455.95,998.67706,1177.6102,1334.1602,893.4715,1083.4175,1.0,
00000000000000000070_0,3938.1929,3413.0215,3748.3052,4087.2024,4106.035,4370.57,3559.3813,4049.8862,3820.478,3592.6758,3503.475,3453.8486,3740.0608,3863.9385,3628.9294,3545.8892,3632.236,3964.874,3843.9565,4048.797,4018.9827,4634.6675,4683.5283,3808.2476,4762.3784,4450.299,4237.877,3685.3584,4107.9697,3939.3972,3714.2607,3795.0264,3824.5327,1.0,
00000000000000000071_0,2280.4485,1414.2395,1503.9319,1307.7112,975.6881,989.81085,1534.5896,869.0228,898.208,1061.6963,1152.5245,1168.5792,2094.737,1133.2971,1179.2322,1081.3506,1299.361,1252.8674,1409.2979,1176.0632,668.0676,817.3473,498.4974,1474.0801,643.3718,462.9725,591.4736,1377.7593,690.4883,1027.1268,1322.3317,740.7054,875.6566,1.0,
00000000000000000072_0,3566.8389,3002.979,1827.1877,1772.6619,993.3123,1218.4325,1616.9642,948.1603,981.5317,1174.5338,1104.8839,1183.2163,1001.1741,1167.8619,1357.0156,1064.5371,1284.8281,1281.0981,1482.4971,1578.9202,660.1087,1102.3711,617.0473,1477.3273,708.3124,539.6673,724.89325,2342.1497,844.1738,1182.6216,1146.1628,725.4753,1020.6904,1.0,
00000000000000000073_0,2853.768,3216.7104,2451.577,3052.4888,3528.5488,3753.9956,3534.9583,3293.3855,3476.6853,3479.5642,3910.8623,3258.463,2960.2585,3201.893,3186.7212,3436.8276,3336.8098,3158.6677,3187.0461,3230.5974,3196.069,4467.7344,3584.546,3437.565,4218.496,3892.868,4260.402,3099.2349,3135.4448,2732.255,3218.437,3190.6626,3417.5242,1.0,
00000000000000000074_0,3790.5386,3922.0369,3457.9104,3515.265,3832.4934,3595.7751,3995.6582,3811.6902,3834.3225,4669.4165,4374.4443,3813.436,4179.463,3914.9097,3995.432,4406.9717,3850.4092,3761.6223,3957.8184,3899.6648,3691.3813,4464.3296,4756.4736,4178.6455,4491.314,4400.6084,4088.7593,3637.6902,4280.489,3772.418,4578.2827,4051.916,3559.4028,1.0,
00000000000000000075_0,3652.8674,3647.846,3375.3027,3395.4932,3248.3318,3372.5713,3366.4116,3339.7422,3365.1506,3356.3757,3145.2192,3031.8447,4418.7754,3062.5894,2901.1348,3012.545,3023.421,3062.2239,3083.913,3052.8528,3130.5603,3000.326,3116.1724,4093.1184,3151.4807,3056.486,3040.6123,3989.543,4221.4697,3854.4314,4062.0366,4235.112,3797.8635,1.0,
00000000000000000076_0,3227.7388,3616.4558,2711.6855,3091.8367,3062.081,2894.1226,3148.356,3272.998,3044.9988,3283.5051,3135.0688,3033.3274,3447.2551,3101.2024,2913.633,2937.1616,3291.0005,3139.5066,3193.1548,3460.4346,3501.084,3314.9902,4803.0,3678.0876,5815.7734,4397.314,4089.6123,3296.8645,3514.6274,3166.2988,3240.2314,3127.602,2975.856,1.0,
00000000000000000077_0,3625.124,3642.8367,3004.4707,3219.036,3234.3506,3415.541,3574.4912,3794.4841,3441.0413,3623.3833,3509.9854,3175.621,3661.8079,3294.6233,3195.342,3204.1138,3256.9932,3458.7612,3501.0508,3515.7305,3474.0188,3762.5962,3890.3037,3798.87,4042.4211,3785.2651,4019.8835,3314.8496,3693.5916,3341.2114,3794.9421,3403.1382,3310.8955,1.0,
00000000000000000078_0,3425.283,3392.6885,1735.2085,1362.1674,925.9494,971.97943,1534.4663,921.60986,908.5678,1113.4707,1042.2593,1160.7319,1238.7115,1212.0935,1219.7468,1149.6782,1513.3597,1276.0842,1363.0513,1257.3838,639.403,622.56195,619.871,1669.6155,636.7087,543.62775,631.72327,1319.2565,829.7235,1019.5162,936.9896,2261.0203,1004.19336,1.0,
00000000000000000079_0,3273.2944,3461.8096,1873.0259,1393.7677,994.8626,1068.9436,1542.1155,950.8251,953.3876,1109.8569,1155.531,1165.6421,2965.1746,1163.9087,1321.2949,1125.9056,1369.615,1314.3373,1441.6132,1218.6534,808.5471,702.7498,632.1865,1667.5653,685.0751,563.67584,663.7295,1441.0223,1038.4513,989.0775,1245.3668,722.8513,1109.3545,1.0,
0000000000000000007a_0,3472.786,3281.1953,3511.086,3772.666,3558.7595,3802.975,3736.6885,3778.668,3856.6228,4154.678,4341.6084,3923.3604,3400.8003,3774.1548,4032.1235,4268.877,3565.4907,3514.4004,3494.0063,3678.2256,3509.631,3713.669,3829.547,4705.874,4194.907,4269.12,4128.123,4534.989,4233.7153,4155.329,4202.734,3746.2043,4096.7725,1.0,
0000000000000000007b_0,3101.191,3268.5825,3154.3745,3188.4348,3132.3357,3840.4575,3978.219,3878.239,3891.2637,3748.041,3410.1533,3420.7153,3711.44,3418.3867,3302.74,3486.092,3264.1064,3300.7205,3363.1533,3381.1543,3517.064,3465.813,3414.3154,3477.8933,3679.6755,3611.021,3440.8477,2871.6294,3421.81,3076.5337,3741.705,3395.6663,3244.1724,1.0,
0000000000000000007c_0,1723.791,3588.4438,1208.7305,980.7697,1262.2408,955.9477,1451.5483,824.9665,783.1212,640.0647,733.3945,980.6429,3031.902,833.10486,1236.2651,1040.2915,1302.5522,1219.7423,1236.2437,1044.5728,441.11987,713.64343,351.832,3131.662,414.2081,466.40997,473.7187,2883.145,867.7475,614.4883,880.7203,716.0468,1030.0916,1.0,
0000000000000000007d_0,2396.121,3306.5427,2375.7656,2832.2744,2746.557,3222.4153,3109.2515,2989.5269,3001.3533,3195.2751,3333.899,2964.5378,3112.2788,2761.4805,2770.2166,3109.5317,2754.0947,2800.789,2957.2048,2863.0874,3203.0718,3178.9382,3283.9106,3470.7458,3392.6433,3244.2385,3411.2754,3040.6692,3180.2383,2927.12,3188.6763,3062.8965,2892.4104,1.0,
0000000000000000007e_0,3532.9368,3838.728,2970.7725,3762.296,3778.167,3766.3596,4137.333,4113.314,4246.58,4009.4746,4224.977,4089.4336,3717.2346,4060.9175,4169.7295,4239.506,4082.7112,4026.3716,4141.844,4253.3984,4290.079,4930.5947,4392.4185,3647.455,4940.548,4288.893,4814.659,3540.2593,3631.133,3397.7197,3514.268,3382.241,3084.0874,1.0,
0000000000000000007f_0,2598.438,2594.5732,1869.0175,2548.7266,2469.6375,2515.3706,2467.0454,2442.5364,2276.5444,2647.3137,2399.559,2224.3538,2622.0881,2301.8525,2142.087,2536.5684,2377.242,2663.7673,2355.2188,2514.5386,2589.5137,2667.4868,2835.2974,2778.8079,3096.0784,2857.476,3027.8242,2356.6685,2539.5889,2425.7388,2892.8823,2761.9631,2425.3826,1.0,
00000000000000000080_0,1723.1116,2231.0393,1179.7551,1335.6688,1839.2843,2328.8462,1219.5546,521.3998,904.1531,509.3772,514.7131,691.9368,2537.7744,575.35425,573.5143,543.66455,684.8223,778.8155,517.50525,526.49817,419.9527,601.97314,343.712,927.0022,310.7667,328.3319,424.2046,553.5054,1022.3858,452.3094,969.5138,656.63,689.2357,1.0,
00000000000000000081_0,2164.6323,3691.0964,1426.6785,1214.8538,1199.9855,1109.6923,1354.4423,829.7899,604.32025,794.92786,735.10095,992.2002,1388.4171,1226.357,1184.6954,1116.363,1438.607,1011.7998,1120.1373,962.0179,719.5483,857.4654,1654.4775,994.36597,374.62634,555.1328,585.3655,1128.8687,2880.4192,1171.7959,3692.1387,684.441,1038.5767,1.0,
00000000000000000082_0,2694.4275,3284.6648,2659.829,3116.3062,3433.21,3700.9617,3673.5276,3480.7432,3531.0916,3705.5322,3467.4224,3363.4543,3427.4583,3435.7095,3502.2798,3656.065,3557.5835,3628.4287,3558.9993,3575.9717,3593.3335,4142.925,4102.714,3493.4668,3998.503,3646.357,3706.5842,3348.8613,3190.8376,2950.1453,3082.4397,3043.9207,2730.8113,1.0,
00000000000000000083_0,1937.1097,2811.0752,1664.0483,2413.6357,2626.6072,2792.5308,2518.6653,2706.115,2724.003,2977.9443,2701.9517,2810.2097,2932.2195,2427.421,2692.6135,3092.756,3044.151,2564.361,2870.3003,3008.8037,3042.9802,2385.9377,3580.5967,3681.3809,3625.4038,2781.298,2956.0356,2244.107,3034.811,2207.919,2945.6035,3307.1182,2763.2795,1.0,
00000000000000000084_0,2489.4524,2986.385,1343.9314,1541.4229,2867.9756,1039.132,1263.5479,1018.7632,785.6393,918.35645,741.4023,1185.9629,3515.1265,1209.528,1171.758,1086.929,1066.4514,1059.5089,966.1092,884.9126,1027.325,886.8656,876.13,3129.1653,483.8248,595.28516,464.0897,1260.3126,2868.313,2046.5518,3461.2068,1815.5264,1100.3496,1.0,
00000000000000000085_0,3876.8384,3843.7104,3938.5525,3609.1157,3629.6396,3505.611,3908.1162,3930.9482,3674.3276,3825.4463,3761.9001,3918.6638,3827.8257,3800.4565,3871.3655,4067.4976,4192.043,4184.4824,4067.9985,4035.7356,4080.6497,4688.1357,4834.8228,3954.433,4749.9634,4535.6465,4789.8257,3748.0874,3748.3794,3551.719,3612.3018,3619.8296,3930.6792,1.0,
00000000000000000086_0,2495.5015,2891.995,3426.3264,3672.0833,3392.8848,3530.7168,3182.4363,3008.5273,2970.5798,3012.9048,3011.7256,2809.3481,2555.8867,2539.8743,3025.0142,4092.436,3718.7556,3559.2559,3419.4268,3337.6506,3459.1013,3891.2964,3925.2698,3437.931,3730.2368,3588.5005,3722.7473,3588.9756,3393.671,3435.025,4385.7393,3534.7598,3722.9116,1.0,
00000000000000000087_0,2897.132,3046.871,1991.2614,1944.3392,2123.397,2182.629,2231.2212,2388.8174,2229.661,2216.5576,2108.4958,2167.7969,3182.0554,2146.1907,2265.9937,2348.1704,2142.2168,2066.383,2079.6125,2021.7476,2935.596,3260.5059,2663.3047,3622.0547,2876.3467,2499.1418,2742.7751,3223.607,3598.1191,2568.5112,2790.2366,2490.625,2075.378,1.0,
00000000000000000088_0,2833.0789,3012.6592,3430.352,3143.6702,2837.895,2436.9888,3036.719,3334.6445,879.4536,1320.6993,666.9939,862.4929,693.5925,894.5469,1129.618,857.1892,1149.4861,2306.604,2125.3142,2790.876,2184.8706,3000.9004,1648.8822,2089.478,2231.6228,627.076,777.6613,2784.4773,3697.428,3093.3218,4135.6113,2971.2498,3919.4912,1.0,
00000000000000000089_0,3802.734,3601.1116,4217.439,4079.3972,3808.885,3796.9487,4021.1956,3889.7153,3868.8086,3996.5151,3978.7744,4253.22,3533.4814,3931.2188,3956.3115,4152.454,4195.9365,4178.384,4057.5127,3958.357,4022.282,4827.256,4413.8237,3615.8489,4599.551,4330.753,4401.293,3495.8008,3263.498,4078.3418,4056.33,3837.3604,3994.8057,1.0,
0000000000000000008a_0,2872.2742,2790.479,3387.5117,3603.0032,2872.221,3492.259,2350.1836,2527.7656,3137.522,1008.0824,736.7395,904.96643,1156.5695,866.5625,1288.3955,1669.687,3026.0254,2315.598,2476.3982,3181.908,3166.5361,3150.7815,2902.297,2192.1619,2433.869,2866.3208,3418.3125,3267.079,3839.1396,3445.7263,3108.3833,3122.3186,4221.2344,1.0,
0000000000000000008b_0,3071.066,3405.0273,3467.0537,2946.1897,2898.3694,3352.9307,2906.988,3236.9932,4126.317,3946.88,3614.0542,3121.6538,3967.784,3041.899,3669.0415,4259.3447,3708.0537,3684.7783,3422.2637,3665.9585,3746.616,4249.7495,4512.3315,3798.9834,4684.8877,3951.521,3994.018,3239.1921,2624.5679,3265.439,3644.6636,3601.792,3069.98,1.0,
0000000000000000008c_0,2389.2798,2825.7002,1767.8931,2754.005,2598.7324,2846.587,2666.726,2966.1772,2918.0298,3014.7366,3053.8542,3097.7192,2275.0425,2613.5815,2558.6985,3011.3635,3064.5742,2903.9712,2832.1372,2741.2524,2892.6716,3484.1958,3136.6785,2632.1157,3415.2,2906.227,3028.505,2538.6074,2364.846,2512.4448,2840.1145,2812.1152,2700.4683,1.0,
0000000000000000008d_0,2506.1848,2842.8596,2579.8264,3112.7322,3126.785,3771.7776,3511.501,3469.166,3232.9382,3240.5698,3198.9438,2974.7869,2717.6384,3070.3682,2861.3494,3180.695,3007.4175,3082.8367,3077.2097,3041.536,3163.23,3436.392,3401.6562,2975.733,3156.902,3217.358,3377.7341,3041.0527,3362.9668,3549.2747,3297.9849,3257.063,3065.3784,1.0,
0000000000000000008e_0,3815.1238,4060.0884,3623.2993,3918.8362,3923.23,3749.419,3950.834,3687.7783,3824.606,4081.277,4135.242,4231.425,3865.0112,4011.6982,3797.5713,4615.7617,4023.7056,4062.2893,3770.0415,3875.3452,3899.8237,4305.4126,4251.044,4220.991,4344.24,4083.4175,4816.8604,3594.6416,4211.8184,3972.6655,3930.173,3770.0327,4104.8115,1.0,
0000000000000000008f_0,2662.6003,2770.5122,2181.2588,2604.2832,2919.062,2689.6975,2764.622,3170.2915,2880.2632,3064.2095,3049.8708,2849.7466,3392.2559,2716.727,2392.045,2779.7124,2809.4253,2535.541,2617.6873,2839.4585,2588.6833,2553.31,2678.3943,3313.705,2660.501,2428.5073,2828.289,2541.1,3194.2317,2421.7695,3183.053,3224.1836,3042.4902,1.0,
00000000000000000090_0,3506.6987,3724.4202,2871.4927,3446.582,3752.2615,3341.5889,3222.8328,3444.3955,3535.0466,3699.156,3505.1667,3250.0964,3392.751,3180.7537,3194.7703,3140.7446,3075.4734,3190.8794,3169.5107,3306.917,3413.7422,3466.6826,3370.8413,3641.3074,3596.6914,3087.4685,3083.7344,3400.515,3395.4324,3123.383,3512.6362,3034.686,3143.3767,1.0,
00000000000000000091_0,3014.394,2895.7659,3438.691,3658.633,4076.205,4418.379,4344.3154,4540.2666,3899.0332,4079.0479,4342.787,4199.2837,3220.8274,3446.3345,3494.6738,4231.3286,3364.5474,3500.8757,3489.314,3728.011,4232.8086,4698.993,4890.8345,3620.1455,4271.341,3937.4397,4412.896,3735.5696,3631.393,3271.3596,3836.8352,3642.351,4399.443,1.0,
00000000000000000092_0,3496.0361,3369.961,3387.935,3283.0334,3250.777,3288.0989,3020.973,3096.1687,2940.7534,3115.359,3033.579,3016.652,3454.3752,3018.775,3343.6262,3904.6829,3458.8408,3474.5972,3487.3193,3483.9128,3597.2217,3983.2734,4070.4233,3591.8423,3875.2441,3728.0527,3994.9746,3886.3733,4009.2183,3715.734,3927.572,3847.6177,3555.7095,1.0,
00000000000000000093_0,2655.749,3596.2236,2457.0044,2153.7969,2905.8933,2825.8884,2039.5745,2530.125,1811.9862,1095.4948,909.0771,1297.615,2859.5884,1105.6042,1091.866,2922.7056,1914.5769,2234.3506,2742.0984,2521.941,2724.2766,2455.8535,2625.987,1539.0225,2707.1018,2189.84,2951.1553,1897.3651,3693.2747,2550.464,2856.5562,2718.3733,3763.0884,1.0,
00000000000000000094_0,3878.028,4119.4976,3741.187,3800.1594,3934.8906,3573.2715,4008.2847,3657.243,3662.476,3633.8252,3703.339,3924.0603,4337.4624,4030.6396,3931.483,4178.1733,4064.95,3871.2112,3807.6863,3522.85,3942.9497,4308.8135,4499.4106,4382.9688,4447.675,4505.4424,4589.3765,4094.3828,4023.0044,4508.9023,3981.0073,3659.764,3970.004,1.0,
00000000000000000095_0,2746.41,2886.5767,3539.6865,3576.4185,3446.938,3799.4888,3696.2554,3545.933,3443.9993,3461.6875,3578.9011,3668.1748,2983.556,3618.6904,3475.8877,3709.8916,3410.2505,3586.4873,3599.225,3501.9019,3470.891,4317.54,3994.1777,3551.2878,4134.339,3734.291,3834.562,3486.5857,3905.239,3864.9958,3864.7686,3350.296,3788.358,1.0,
00000000000000000096_0,3191.7224,3191.6582,4129.823,4195.376,4394.907,4332.7847,4235.91,4214.2764,4414.968,4276.8955,4275.929,4186.4014,2981.277,4139.2773,4365.607,4349.201,4263.484,4122.8364,4173.0396,3979.1064,4110.335,5065.9854,5159.003,3066.7422,4603.059,4187.618,4763.346,3082.2021,4102.716,4181.1978,5271.578,3709.6318,3989.1729,1.0,
00000000000000000097_0,3028.3591,3114.642,3291.637,3086.899,3341.6777,3328.9673,3246.435,3409.8042,3514.7275,3572.9358,3743.463,3250.7034,2751.594,3131.0981,3270.205,3274.458,3262.8694,3077.3188,3182.3665,3214.2212,3262.5042,3938.1685,3784.7583,3057.1487,3729.35,3478.9233,3833.0176,2933.2102,4007.0515,3684.2712,6306.9263,2970.4338,3359.865,1.0,
00000000000000000098_0,2653.72,3072.7202,2361.4102,2639.07,3017.5173,2294.722,2768.2578,2889.5942,2931.3489,2983.2747,3302.575,2855.7556,2446.3118,2908.5002,2761.45,3166.347,2980.6047,2808.6873,3007.138,2839.339,3071.785,3750.3306,3512.7693,2918.7715,3526.7678,3360.468,3682.4385,2570.4146,2952.1653,3158.7468,2496.5366,2385.653,2893.412,1.0,
00000000000000000099_0,2505.4985,2767.8665,3454.5698,3302.8213,3321.6226,3093.4136,3153.209,3262.7568,3494.6118,3537.8618,3371.292,3209.6467,2630.1553,3204.1594,3195.595,3288.247,3123.3694,2734.5237,2838.8972,2915.031,3127.6997,3055.4685,3352.4998,2614.299,3179.749,3204.45,3717.8364,2413.012,2760.354,2022.5856,3360.142,2799.3054,3385.0205,1.0,
0000000000000000009a_0,3029.9346,3038.1006,2593.5193,2575.9124,2653.5068,2428.4243,2617.065,2705.4233,2785.1328,2343.7046,2693.7478,2518.5286,2886.683,1950.8046,2293.8618,3242.0703,3287.63,3173.8037,3158.541,2925.4998,3071.7495,3597.021,3333.0234,3026.4297,3083.0864,3228.0305,3349.2534,2780.485,2999.4285,2984.1458,3573.459,2579.2244,2757.8345,1.0,
0000000000000000009b_0,2948.1992,2918.0186,2598.3318,2393.0688,2647.8523,2912.528,3438.2769,3385.6274,3322.7856,2941.102,3318.012,2926.3928,2491.1125,2878.3328,2742.7615,3188.5732,3423.3018,3103.8276,3272.333,3060.335,3162.0496,3582.1968,3587.061,2821.774,3306.4126,3000.7673,3244.4302,2741.806,3048.8452,2933.5942,3676.837,2675.7693,3143.3933,1.0,
0000000000000000009c_0,4608.5986,4657.3022,5051.38,4850.0107,4647.857,4482.1934,4629.516,4490.9277,4437.051,4425.247,4526.7847,4171.1025,4487.845,4217.8716,4466.5605,4363.771,4043.0159,4103.049,4287.616,4401.7437,4643.6367,3397.066,5650.284,4513.597,5189.705,5263.229,5277.617,4362.699,4938.128,6310.045,5158.365,4059.4043,5402.997,1.0,
0000000000000000009d_0,2841.54,2764.539,3718.5432,3400.0483,3184.232,3823.0269,3871.106,3660.7432,4144.854,3395.9902,3640.083,3713.5469,2806.3254,3939.0366,3574.3691,3890.725,3456.224,3225.207,3712.4512,3973.1035,4125.6035,3400.1716,3894.9297,2985.5205,4252.708,4503.882,4261.974,2723.535,2732.363,3385.3542,4039.2385,3425.6304,3345.0884,1.0,
0000000000000000009e_0,2686.2698,3229.9712,3572.214,3184.5854,3059.4573,3284.4402,3074.64,3289.2441,3001.8767,3001.5522,3203.5652,1507.7878,2375.3984,1276.1642,1058.9264,1155.2206,1211.9415,1063.1938,2257.1006,3828.434,2469.0137,1711.8124,3501.7078,3035.0198,3209.349,3390.8435,3303.767,3102.1406,2139.766,3133.2634,3972.2021,2383.8345,3789.5198,1.0,
0000000000000000009f_0,2067.79,2187.1655,2161.611,2284.733,2389.317,2235.9453,2329.1318,2217.473,2179.241,2235.555,2219.893,2316.5437,1951.1979,2201.0222,2210.9395,2273.2178,2243.659,2165.5112,2142.4355,2134.306,2147.4314,2296.8542,2332.7085,2211.626,2222.3735,2407.9968,2396.6006,2212.4038,2148.7566,2102.956,3118.8655,2461.623,2304.0527,1.0,
000000000000000000a0_0,2542.3933,3239.8337,3671.7563,3084.6282,3130.7266,3545.636,3275.953,3580.3223,3209.8828,3209.562,3791.776,1163.9315,2420.2717,1158.9215,896.0504,1346.8467,1155.4529,1071.8031,3248.0522,3306.701,2947.41,2636.647,3447.703,3427.6592,3333.003,3063.0933,3266.2266,3528.034,2147.6423,3218.8218,3299.7256,2371.5435,3819.5588,1.0,
000000000000000000a1_0,2752.8877,3151.8723,3426.8647,3275.7134,3640.5122,2978.1062,3234.839,3288.313,3349.1233,3010.8228,3057.5908,2889.686,2249.505,2709.35,2912.6934,3350.3901,3103.421,2626.8174,2907.1475,2837.7542,2759.7627,2428.3875,3303.043,2961.0242,2901.3413,2692.6565,2555.2766,2127.204,2628.6382,3330.3003,3222.349,1677.9126,3412.5894,1.0,
000000000000000000a2_0,4750.961,4702.067,3210.1792,3262.1968,3153.334,3252.6587,3017.1228,3075.566,3394.325,3702.2788,3626.3428,3142.4233,4686.303,3233.9949,3128.359,3241.8462,2863.4395,3111.291,3183.6353,3145.2983,2951.8704,3909.026,4356.631,4281.8945,3434.0115,3302.2644,3292.3567,4030.1814,3991.0146,4024.6367,3635.375,3275.0864,3625.8274,1.0,
000000000000000000a3_0,2121.254,2365.2097,2795.8394,2730.3252,2606.2234,2273.0903,2919.6575,3219.1367,2776.045,2813.7112,3184.262,3192.5164,1965.5144,3090.7334,3155.2693,2981.2,3046.2583,2782.8682,3677.4546,3330.0156,3517.5,4427.7695,3437.9407,2119.1052,3104.5366,3271.8484,2465.9585,1574.2582,1990.8541,2236.3057,3056.3188,2732.793,2966.2988,1.0,
000000000000000000a4_0,3632.289,3474.644,3786.247,3870.851,4162.949,4034.5532,3736.9434,3494.2227,3358.4116,3075.9277,3736.0356,3734.2903,4767.258,3892.2646,3915.5916,4175.468,4353.199,3939.3083,4148.299,4305.2207,4057.291,4846.5444,4642.3726,4435.359,4673.3984,4907.0635,5035.7026,4308.2217,4178.7715,3603.226,4225.887,4102.7295,4058.195,1.0,
000000000000000000a5_0,3110.8472,4393.9473,3297.9775,3252.4756,3320.0225,3110.8777,3279.7944,3077.586,3146.146,3480.4814,3295.2144,3104.7642,4088.1826,2969.553,3015.0815,3072.336,2857.8574,2818.4666,3034.0881,3002.083,3019.822,3101.183,3215.5942,3914.0227,2898.5442,2833.98,3084.901,3483.8657,3796.8528,3542.7546,3483.1172,3241.6697,3527.709,1.0,
000000000000000000a6_0,2449.908,3099.945,2995.5525,3411.1838,3321.212,3281.2417,3012.9377,2952.665,3021.0852,3048.8608,3142.3298,3260.2278,2139.7927,2956.9314,3075.0354,3173.7476,3533.7986,3333.996,3782.49,3744.685,3689.54,4292.159,3689.6938,2838.4038,3982.9246,3476.7522,3872.217,3174.21,3119.1367,2878.4023,3111.268,3814.2734,3395.4521,1.0,
000000000000000000a7_0,2676.5347,3219.787,2675.1074,2543.573,3027.2195,2553.241,3296.894,3976.1357,2900.797,3191.8596,2486.6162,3033.335,2641.6213,2431.413,3059.649,3638.045,3183.981,2270.1323,2677.0044,3100.8594,2932.1777,2399.7302,3880.1025,2687.7312,3733.9395,2900.4092,3748.3823,2653.8716,3321.5247,2235.8574,2133.1597,2427.5317,2479.2139,1.0,
000000000000000000a8_0,3151.1416,2955.4102,2939.26,3466.602,3521.9333,3158.7456,3516.084,3249.3052,3372.2476,3507.853,3317.3372,3624.0444,2793.8538,3776.8286,2547.6682,3145.5422,3280.7563,3016.2866,3315.0583,3165.803,3272.6265,3193.4568,3411.505,3498.2957,3367.966,3096.6128,3194.7964,3826.4202,3594.8738,3385.9055,3625.0498,4050.5996,3322.1558,1.0,
000000000000000000a9_0,2795.2546,2938.7495,2545.4521,2920.4883,3240.621,3020.352,3108.7163,3254.726,3395.4412,3526.287,3574.6956,3278.5527,2741.1907,3227.2798,3148.2905,3470.0635,3102.157,3126.895,3150.506,3114.2654,3226.0454,3472.4521,3707.589,3200.265,3576.6606,3662.1895,3812.2488,3029.8606,3156.2278,2939.6353,3288.547,3150.989,3189.419,1.0,
000000000000000000aa_0,971.6814,1670.5201,774.1404,1456.7683,1127.656,1845.0725,1390.4805,1795.477,1573.7637,1846.9541,1706.6597,1728.8562,1867.4751,1423.3531,1136.0356,2015.3536,1976.4176,1411.0187,1723.2677,1738.9241,1847.2216,963.1416,1847.6938,2226.4546,1855.0192,1497.957,1611.195,1119.6428,2103.5286,1380.2615,2057.965,2035.0659,1881.789,1.0,
000000000000000000ab_0,3016.1592,2767.0571,2580.8284,1467.9368,2138.5886,1791.6392,3024.7197,2904.1523,2883.272,2346.6733,2432.1106,3274.994,2544.401,3424.5806,3517.555,3453.691,3225.3408,2067.0056,2586.5986,3120.6582,2416.3767,3071.0317,3676.3386,2797.8616,3154.8433,2821.9102,3319.5366,3310.7227,3215.895,3403.2388,4170.957,3317.6985,3489.5225,1.0,
000000000000000000ac_0,2712.628,3132.2998,3244.7222,3645.987,3485.1748,2553.256,2658.2842,3202.676,3650.3208,3420.494,3193.1663,3141.1343,3964.9268,3346.8665,3454.6138,2936.2854,3856.35,2317.9941,3373.008,3510.7249,3369.2964,4203.217,3601.8325,3391.2607,3329.6423,3098.8108,3678.1694,3217.129,3974.8462,3800.2673,3157.5508,3265.519,3108.3652,1.0,
000000000000000000ad_0,3043.8958,3344.0474,3718.1797,3638.601,3516.521,2997.1973,2512.7993,2857.7021,3841.694,2874.1985,2973.1743,2913.9272,3032.1406,3427.0967,3274.671,2864.696,3557.4888,2742.697,3130.483,3190.9202,2832.511,2844.1099,2906.2148,3599.933,3100.0596,2755.6277,3063.1138,3667.3013,4610.3853,4188.882,3061.9924,2809.6123,3389.1846,1.0,
000000000000000000ae_0,2617.2222,3367.5496,3792.104,3708.6006,3516.9727,3591.5781,3819.8296,4026.903,3761.4795,3816.7915,3764.1294,3599.7593,2572.9858,3564.5854,3282.962,3610.663,3747.8435,3060.9995,3637.912,3120.3765,3648.9255,4251.935,3992.9023,2952.4824,4000.417,3547.8086,3948.1768,2371.5906,3011.007,2993.3384,3623.3481,2959.5247,3813.2046,1.0,
000000000000000000af_0,4106.906,4155.8516,4203.6685,4162.154,3967.8662,4590.6187,4223.5986,4534.296,4337.371,4556.228,4269.073,4339.049,4074.7505,4258.908,3741.8843,4248.0444,4028.0193,3416.9175,3295.0515,3475.195,3533.1545,3106.4832,4327.574,3881.5872,4497.703,4298.5938,4191.417,3918.9417,4028.216,3623.91,4003.314,3689.4526,4338.5547,1.0,
000000000000000000b1_0,2712.7231,2930.3264,2661.709,2245.7993,2587.012,1981.7969,3174.5293,2961.1382,2684.8618,2323.198,1979.2019,2723.2546,2627.5642,2991.9475,3369.8018,3345.9348,2998.4675,2235.8894,2833.8274,3270.9907,2546.2183,2859.2554,3654.11,2850.6936,3410.7598,2534.8135,3477.4998,2873.1714,3236.5105,2919.236,2144.9805,2855.0723,2852.5781,1.0,
000000000000000000b2_0,3229.9575,3250.1384,3356.9675,3850.0444,3659.2024,3556.3325,3496.741,3506.6538,3603.673,3541.3665,3470.5093,3356.7395,2967.765,3161.0781,3359.769,3522.672,3377.6284,3385.4111,3360.2627,3582.154,3551.2175,3617.9736,3523.1455,3001.0127,3698.4832,3611.7065,3670.9893,3427.7998,3625.0762,3743.0728,3788.5615,4080.025,3792.0151,1.0,
000000000000000000b3_0,3461.1355,2800.3037,3497.521,3071.6055,3360.8562,3820.4373,3146.6135,3634.4214,3600.746,3498.6372,3438.756,3503.3335,3129.2075,3044.445,3632.645,3829.1392,2887.5261,2758.0576,3128.546,3642.011,3499.792,3946.8516,4158.126,2511.663,3832.0044,3495.3147,3810.5845,2487.8718,2572.221,2731.937,2663.1663,2405.1704,3001.9236,1.0,
000000000000000000b4_0,3948.989,3733.8252,2680.0957,3775.8037,3213.4973,3711.0706,3514.3386,3712.4658,4029.8628,3544.7632,3774.8762,3807.5107,3324.6096,3824.3638,4049.1777,4017.9004,3746.144,3543.0205,3766.791,3562.875,3561.6426,4189.711,3917.7515,3813.014,4031.1472,3858.8066,4122.266,3427.2788,3043.3762,3544.4534,4116.456,3984.1724,3676.3452,1.0,
000000000000000000b5_0,2943.9954,3377.9988,3313.3674,3024.2886,3688.034,3256.3655,3123.4172,3431.9626,3363.928,3475.4585,3363.6184,3256.6987,3185.4033,3299.4993,3024.7227,3353.039,3263.3545,2934.1418,2970.8062,2975.9785,3104.9148,2354.339,3249.3533,3534.2307,3097.963,3441.4048,3502.1338,3442.5505,3999.08,3521.8235,4425.2334,3489.4226,3343.9758,1.0,
000000000000000000b6_0,3440.9954,3564.0679,3687.4802,3978.783,3513.6436,3469.0186,3705.9492,3466.886,3449.2354,3358.3284,3682.1997,3673.2427,3510.6958,3552.5752,3578.2373,3779.1777,3696.2742,3806.5193,3510.546,3867.6455,3537.739,4104.1177,3629.266,4097.17,3621.5474,4331.567,3852.479,3980.7651,3879.5698,4157.987,4089.611,3869.7314,3544.5205,1.0,
000000000000000000b7_0,1642.8817,2027.8259,1597.0306,2087.9136,2360.6023,1879.07,2043.039,2067.5986,2095.8604,1953.5342,2113.0234,1986.7292,1891.0936,1914.5742,1890.3076,2110.0422,1877.6511,2016.2285,1953.7242,2007.9773,2208.6653,1616.0862,1698.895,1716.6554,1468.4009,1621.8383,1662.8073,1967.7714,1996.4424,2424.0835,2549.6191,1892.4004,1543.6606,1.0,
000000000000000000b8_0,3558.3394,3127.562,3685.337,3545.3777,3160.656,3686.9604,3603.2869,3831.9128,2580.3967,2952.185,3814.828,3356.3025,2392.3696,2608.4695,2494.3733,2588.9814,2988.468,2922.2754,3110.3047,2897.0745,3646.0977,2416.2305,3369.5398,3016.031,3415.8394,2907.0828,3240.9097,2938.5752,3507.5286,3696.4023,4192.883,2877.9722,3755.1382,1.0,
000000000000000000b9_0,2677.545,2706.0547,2446.3213,2671.564,2550.8262,3306.7063,2948.572,3303.3704,3605.542,3224.859,3490.4229,2670.064,2447.0225,2649.3547,3061.6765,3190.2993,2692.7852,2729.2815,2927.3906,3408.7449,3277.6206,3170.669,4155.7856,3048.4417,4039.559,2853.8704,3590.4724,2512.2878,2546.1877,2840.809,2987.991,2927.012,2569.3896,1.0,
000000000000000000ba_0,2314.2134,2509.5566,2330.5625,2659.9797,2751.2358,2437.949,2718.092,2720.9778,2832.2288,2948.1084,2928.4622,2837.188,2459.021,2426.719,2257.385,2519.73,2376.6487,2325.2627,2399.1235,2532.711,2665.8918,2950.4043,2850.5337,2774.387,2993.7407,2904.8616,2856.4365,2553.7769,2776.167,2429.7773,2992.9885,2852.5308,2672.0078,1.0,
000000000000000000bb_0,3411.8252,3009.0757,3248.4468,3206.482,2946.3696,3021.7222,3315.4966,3205.4287,3155.5742,3201.8364,3065.2166,3230.4106,3131.104,3267.6812,3320.4946,3103.8552,3141.0117,3364.9402,3164.0896,3099.587,3178.3904,3414.196,3114.321,3216.4639,3340.0051,3301.3977,3302.8022,3256.825,2898.1445,3147.4814,3400.2305,2792.0703,2984.791,1.0,
000000000000000000bc_0,3286.757,3786.4805,4166.0044,3622.55,3432.559,3787.011,3712.893,3445.24,4836.3867,4631.1294,4112.349,3928.2217,3097.682,4018.0154,3814.0688,4235.468,3796.4187,3397.4673,3049.7437,3926.709,3737.6501,4774.5415,4384.966,3303.58,4089.692,4499.568,4451.59,3403.9497,3900.8645,3618.952,3974.0422,4209.2856,3660.2231,1.0,
000000000000000000bd_0,3393.481,3500.1628,3442.2656,4044.893,4035.8481,4195.5063,3734.711,3880.683,3721.9197,4024.0361,3995.2864,3791.729,3644.156,3725.9224,3313.749,3625.483,3415.6758,3412.3599,3583.9434,3078.3857,3262.3315,3361.7886,3570.9858,3550.8455,3517.9878,3357.9785,3356.9207,3594.57,3545.3862,3302.2358,4443.102,3832.804,4536.422,1.0,
000000000000000000be_0,2606.8901,2794.834,2603.8403,2986.6235,2752.837,3251.7402,2965.4653,3189.9307,3019.27,3085.8484,3144.785,3272.1162,2724.547,3233.6875,3220.1714,3155.0764,3100.4778,3162.3665,3240.3909,3074.4294,3145.9858,3377.5083,3243.167,3209.371,3378.475,3134.337,3154.505,3037.1414,2924.2617,2750.2092,3444.3203,3222.313,3261.9023,1.0,
000000000000000000bf_0,3076.4675,3462.6758,3500.9543,3397.252,3297.9316,2991.438,3270.2231,3062.5854,4664.1074,4561.9165,4119.0225,3993.8015,2958.1257,3650.8533,3764.3086,4236.2793,3684.9836,3301.2822,2738.5547,3908.5542,3782.4695,4656.6436,4400.5947,3421.8357,3262.6936,3962.0732,3702.6794,3430.74,4049.024,3823.391,3679.4363,4109.6763,4237.1826,1.0,
000000000000000000c0_0,2981.4302,4377.2544,2763.5825,2650.343,3084.9546,3111.6304,3126.1094,3161.8135,3482.1453,3667.8503,3910.014,3765.3481,3273.02,3550.4922,3407.6472,3644.4639,3058.5598,3215.7507,3113.169,3715.7227,3450.1787,4530.1475,4159.378,3337.42,3971.0576,4034.1133,4157.2637,3155.7622,3261.9275,2737.9883,3034.9731,2945.0776,2803.9836,1.0,
000000000000000000c1_0,2616.0127,2680.686,2307.3994,2778.1638,2670.3154,2950.5159,3290.7627,2990.3408,3021.1973,3059.023,3056.4482,3103.5786,2726.9453,3153.978,3020.626,3228.86,3203.7307,3178.4202,2877.9224,3093.8716,3284.0896,2993.5513,3032.2524,3089.838,3241.33,3333.358,3328.769,2554.0051,2985.995,2734.7651,3128.626,3120.4194,3104.5625,1.0,
000000000000000000c2_0,3885.3047,2790.5737,3188.6367,3073.9648,3375.1711,3323.4177,3093.5935,3451.5808,3464.7966,2862.0786,4004.9016,3521.524,2187.1128,3433.52,3315.7373,3626.5388,2625.7039,2426.0662,3299.097,3459.398,3100.504,3546.3682,2961.086,2893.2876,3821.7888,3402.257,3740.8647,2871.574,2221.4783,2663.3596,3192.8896,2971.6943,3826.4116,1.0,
000000000000000000c3_0,2697.605,2722.4785,3591.3936,3397.017,3366.7854,3080.057,3324.485,2464.0034,2889.1155,2818.157,3281.2886,3343.1243,2404.523,3550.321,3282.205,3256.602,2752.6885,2949.1973,2438.96,2966.7568,3757.982,2790.1624,2962.7268,3123.1687,3218.8625,3266.194,3449.7302,2940.5842,3345.1543,3644.3818,4042.5005,3566.6868,3761.68,1.0,
000000000000000000c4_0,2910.1484,2768.2036,2727.5542,2754.5576,3538.8257,2570.027,2741.376,2636.0862,2545.7988,2621.2678,1921.1401,2744.243,2594.217,2307.824,2595.2146,2960.303,2470.3706,2639.9258,2702.1843,2941.7295,3196.7842,3468.6501,4082.7134,2860.0737,3495.4824,2681.6216,3294.2434,2883.8613,3235.9424,3401.983,2993.2483,3364.3223,2851.743,1.0,
000000000000000000c5_0,2704.832,2929.3164,2652.8555,2603.0637,3176.4746,2339.7366,2490.5076,2602.0356,2436.332,1653.1694,1376.646,2170.2644,2471.8357,1962.722,2302.7722,2672.7578,2258.8875,2229.4128,2508.2622,2909.0457,2846.2292,2946.6924,3555.8635,2440.6155,3237.1892,2867.8035,3236.856,2625.1511,3415.4756,3650.598,2698.7483,2757.5645,2724.6687,1.0,
000000000000000000c6_0,2734.0823,3081.9795,2697.1323,2769.8027,3398.6152,2441.1362,2540.2383,2594.9375,2736.25,1910.179,1377.8765,1994.2827,2483.3706,1998.7422,2453.5518,2953.9404,2496.5522,2234.7153,2614.7646,2923.2886,2970.304,3094.331,3565.0208,2674.9392,3181.4954,2988.8362,3205.275,2901.8342,3590.728,3913.189,3078.964,2844.412,2805.4905,1.0,
000000000000000000c7_0,3173.9976,3140.7668,3170.675,2138.329,2715.8535,1140.9668,1453.339,1458.8687,766.7356,798.2939,1442.6722,761.99915,2768.6558,972.6598,1516.3606,1316.2244,903.7996,589.561,601.1315,576.3248,564.021,752.3566,416.5614,3340.3647,318.7078,402.33563,374.4032,3352.9482,3464.702,3164.6145,3225.5127,3053.558,2772.333,1.0,
000000000000000000c8_0,4657.624,4035.2407,3739.9595,3466.7693,3672.5867,3969.041,4407.8633,4163.099,4405.534,4051.0183,4175.625,4161.963,4172.215,4460.4443,4597.196,4375.351,4085.029,4161.212,4087.6646,4211.036,3985.4768,4914.0254,4183.0215,4057.55,4257.582,4423.175,4299.2783,3907.4233,3610.095,4068.977,3730.2224,3639.2134,3351.9656,1.0,
000000000000000000c9_0,3155.916,3227.6685,2911.0356,3064.399,2892.5598,3271.0342,3329.232,3605.132,3580.2249,3656.7695,3698.911,3439.234,3165.9536,3477.4502,3305.4993,3555.6855,3259.065,3227.128,3059.7183,3134.7559,3166.4543,3509.5789,3314.2827,3688.8125,3519.3875,3683.196,3671.484,3059.7112,3391.407,3490.3196,3240.3171,3082.8557,3109.6616,1.0,
000000000000000000ca_0,3194.7031,2939.6113,3205.0403,3190.2498,2734.1338,3098.2031,3215.8862,3602.7532,3520.0376,2769.6262,3105.3108,3200.9805,3076.6128,3245.8425,3143.755,3400.3892,3114.9822,3044.6724,3788.495,3615.2754,3500.4326,4156.225,3646.2312,2644.2861,3932.9185,4054.5605,3944.0857,2997.3499,2626.7026,2725.6401,3449.89,3478.384,3532.0366,1.0,
000000000000000000cb_0,3518.7058,3394.5342,3404.1938,4071.619,3948.9336,4053.2485,4130.6665,4034.9883,4575.8936,4089.9336,3983.8716,3987.6243,3711.4736,3995.2954,4220.0986,4624.6562,4335.089,4127.868,3870.3486,3814.9666,3797.3567,4700.352,4297.0293,3485.789,4470.6123,4676.558,4471.617,3304.4111,3549.0952,3246.6577,3156.1655,3110.5022,3368.4888,1.0,
000000000000000000cc_0,2787.6768,2939.6091,2435.0254,2885.198,2900.1511,2856.1682,2869.5222,2954.5613,2901.1267,2879.234,3006.2192,2657.171,3439.118,2661.4983,2836.9084,3157.3489,3210.706,3046.7317,2640.457,2449.752,2523.3926,2458.0425,2463.3467,3685.5588,2747.391,2662.9165,3418.2646,3045.3962,3108.4182,2713.9487,3214.7517,3047.4912,3397.338,1.0,
000000000000000000cd_0,2567.795,2876.0815,2226.0667,2724.796,2705.8794,2639.4426,2771.3071,2980.5002,3058.4897,3131.6301,2997.3296,3092.7002,2979.3955,2771.1592,2695.1765,2794.0034,2849.2495,2687.602,2495.105,2813.154,2793.8552,2918.4207,3028.4045,2865.834,3012.5923,3131.1362,2953.7786,2631.3965,2749.6196,2742.1406,3223.0383,3171.8333,2928.895,1.0,
000000000000000000ce_0,3975.3965,3590.9297,2990.3513,3235.9946,3233.8608,3390.0603,3486.788,3722.0837,3636.5852,3726.7712,3881.747,4147.9385,4128.968,3999.36,3893.886,3688.1052,3653.3596,3964.9106,3867.0876,3630.2827,3594.8345,4070.502,4129.3125,4068.7612,4405.359,4035.325,4393.843,4122.511,4018.9656,3900.0962,4124.6465,3466.3198,3564.4844,1.0,
000000000000000000cf_0,3460.8894,2759.7622,3703.8755,3834.001,2548.2097,3618.6565,3239.0962,3885.6057,3880.6123,3991.808,4042.1248,3451.7583,2427.4639,3232.6616,3046.7832,3409.5117,3644.7007,3462.7769,3555.7961,3781.77,4213.6772,4534.6055,4455.7256,3225.2695,4633.11,4078.5815,4605.8022,3035.979,3366.789,3544.5154,4320.855,2240.5815,3552.1057,1.0,
000000000000000000d0_0,3155.751,3228.7944,3410.7854,3783.6912,3736.3047,3683.1875,3594.6035,3639.011,3732.2544,3896.7854,4099.762,3881.5142,4054.683,3616.644,3574.9539,4081.0825,3887.1572,3993.8188,3811.1553,3433.544,3543.4763,4068.8662,3913.7612,3686.0686,3519.8289,3549.1785,3769.7056,3618.1892,4283.9697,4050.1384,4685.2534,3614.1296,3863.4927,1.0,
000000000000000000d1_0,2214.2773,3485.07,2674.2434,2699.147,2986.037,3270.943,3487.051,3121.456,2999.5781,3258.301,3660.525,3413.0586,3736.6807,2860.0298,2704.6777,3579.859,3437.2925,3025.1384,3086.3757,3249.985,3230.4834,3895.2268,4164.437,3564.7278,3871.0764,3873.5024,3654.7786,3150.393,3854.624,2899.471,4512.7534,3533.0098,3981.8335,1.0,
000000000000000000d2_0,3163.291,3390.965,3135.3516,3103.197,3347.648,3568.266,3193.1748,2701.8276,2196.959,1036.0223,834.2453,1227.5773,3042.2036,798.065,602.2984,917.209,910.27655,694.8956,716.4835,711.61975,646.6266,447.8805,557.9377,2481.667,416.7651,480.34357,613.103,2344.3452,3222.5024,1028.2058,2193.6516,2649.6094,2840.523,1.0,
000000000000000000d3_0,1351.2339,1956.8572,823.0908,1543.0684,2237.9324,1728.2235,1815.0848,1990.5072,1955.3132,2191.939,2372.0696,2132.7664,1628.7941,1683.7314,1734.1359,2093.3315,2286.6436,1772.7079,1986.6721,2470.1921,1822.4017,1650.9976,2261.5967,2791.1128,2365.0164,1793.97,1955.1846,1324.155,1923.9037,1628.7642,2450.5603,2541.9946,2454.2815,1.0,
000000000000000000d4_0,2763.1543,2817.9844,2706.1328,2678.9277,2778.9922,2591.6604,2723.5432,2749.6064,2632.8196,2899.6382,2980.4956,3013.0295,2839.7236,2890.8362,2832.2573,2975.7192,2566.9583,2996.8286,3066.7773,3408.75,3392.4644,3715.7593,3828.4055,2688.3113,3767.2317,3787.5671,3898.1975,2820.8848,2794.3267,2750.808,3267.6301,3130.211,2637.5637,1.0,
000000000000000000d5_0,2093.6396,1295.509,1015.9575,1356.1016,981.4218,885.98785,1397.9468,772.6455,687.6488,957.997,764.0152,993.1114,2480.0469,1107.2489,956.02625,580.90674,1049.6085,975.5652,1000.6108,1037.0785,490.2054,422.5047,354.2601,1289.4338,303.7885,387.61993,359.10632,840.287,672.29297,870.35767,1058.7866,983.30896,800.7706,1.0,
000000000000000000d6_0,3790.2178,3800.0947,2420.8945,3038.323,2951.5986,2953.079,3188.3389,3242.4224,3915.148,4173.49,3572.4712,3496.0266,3621.9,3199.0298,2646.4604,3612.695,3087.8896,2988.9316,3399.339,3566.8345,3593.806,3913.6353,3417.1968,3321.6582,3847.6992,3793.8694,3810.352,3179.579,3158.3152,2326.6785,3026.1978,3375.785,2838.498,1.0,
000000000000000000d7_0,2418.7769,3031.059,1722.8508,2716.3486,2532.6406,2810.896,3028.2407,2446.4805,2629.6604,2767.5762,3162.5806,3161.2754,2707.732,2640.0537,2470.1572,3000.4878,2819.8623,2700.191,2728.897,2838.6357,2732.5393,3530.1255,3616.4302,3172.954,3104.4946,3239.3518,3338.1792,2507.5864,2960.3647,2624.5674,4122.685,2930.8606,3358.2458,1.0,
000000000000000000d8_0,3627.4146,3921.0266,2949.166,2998.0977,3218.2766,3164.576,3278.2559,2974.9397,3685.274,3829.7795,2930.8354,3365.2373,3370.6748,3086.2778,2713.1672,3482.8975,3056.178,3043.943,3246.8584,3542.7546,3770.112,3578.4258,4115.9023,3423.7676,4027.3218,3767.4934,4118.76,3218.016,2855.3433,3565.7393,3366.017,3869.103,3135.5098,1.0,
000000000000000000d9_0,580.1092,969.3058,784.3695,1426.0251,914.0903,790.4099,1468.5504,821.6009,806.0915,1154.3126,992.5084,1113.4243,788.2961,1203.7205,969.0271,933.0613,1268.1018,1251.7047,1234.044,1190.5354,380.8119,433.8125,498.8348,999.2113,366.628,434.4398,473.04575,863.3159,732.47217,971.592,1143.6406,1354.8289,930.07324,1.0,
000000000000000000da_0,3768.6836,3638.082,3494.56,3123.0874,2871.655,3330.6077,3208.1013,3372.77,3584.6016,3295.2368,3434.2104,3148.7104,3723.4043,2938.334,3074.583,3330.2056,3658.9758,3251.2224,3405.953,3634.7866,3674.174,3465.0264,3435.9678,3312.927,3960.6145,3438.373,3779.9229,3092.4336,3392.3325,3610.2053,3264.9028,3616.6384,3511.734,1.0,
000000000000000000db_0,3074.9185,3656.2007,3013.3672,3465.72,3418.5173,3900.6758,3347.8281,3609.5188,3594.747,3731.2227,3853.4648,3696.9712,3632.9827,3375.6519,3407.3271,3864.2751,3389.2544,3139.8176,3492.6,3558.0952,3682.8896,3368.2734,4338.48,3648.2256,4076.7236,4049.1064,4193.359,3669.974,3735.588,3643.9663,4183.499,4123.3745,4061.1396,1.0,
000000000000000000dc_0,3023.1836,3045.0286,2990.5732,2678.5542,3001.5894,2703.6057,2511.5393,2645.926,3006.5908,3667.7993,3490.047,3660.5828,3390.7832,3129.7732,3137.088,3660.9353,3054.0142,3024.0366,3229.1147,3080.0732,3710.7783,4018.601,3662.9058,3585.1196,3474.7498,4001.6516,3956.4436,3489.862,3752.2168,3728.505,3250.109,3187.9048,3679.8044,1.0,
000000000000000000dd_0,3685.1804,4417.8965,3956.393,3662.5112,3423.683,3350.5679,3504.0493,4189.9233,3590.9644,3755.9302,3974.5127,3333.5984,3572.0059,3249.9185,3224.3916,3443.964,4007.3516,3802.257,4033.656,4388.401,4539.9697,3889.8315,4306.464,3914.2751,4664.496,3746.7302,4518.423,3048.69,3488.815,3531.0366,4027.6213,3811.3152,4446.2837,1.0,
000000000000000000de_0,1452.9181,2665.7483,838.0846,1371.404,1006.3265,764.6956,1510.6176,759.7251,783.0456,1060.8156,970.8467,1099.5083,851.9152,1175.0168,989.1476,910.0759,1169.5897,1215.7028,1221.2925,1204.6023,551.348,492.0999,505.2137,1157.6019,331.747,442.1321,495.12952,881.9846,648.5932,859.18414,1078.2432,1487.9492,757.3161,1.0,
000000000000000000df_0,2317.5825,3413.454,3117.5896,3524.3015,3706.8362,3458.1128,3648.924,3605.1394,3463.5583,3763.9404,3842.3179,3522.4736,3380.7615,3434.408,3607.2676,3730.8257,3365.674,3292.292,3308.1448,3500.9614,3547.8755,3403.3235,3679.9248,3627.294,3375.3472,3685.3887,3602.4094,3699.6855,3162.228,3671.613,3497.276,3490.1382,3636.6548,1.0,
000000000000000000e0_0,2540.4849,2448.3733,1423.4099,1361.0515,1010.5678,681.4713,1424.8547,744.6357,722.1883,1087.0126,856.7717,1104.9684,2831.4917,1143.5544,898.51306,848.1833,1186.3851,1149.3818,1205.4392,1199.085,421.2163,488.6912,406.2784,1890.771,312.9805,416.9666,376.2387,1856.1997,1243.8386,1259.9531,1055.9727,1968.4299,939.25415,1.0,
000000000000000000e1_0,1359.8575,1068.4954,781.3871,1586.8624,912.7935,738.2481,1416.8154,815.0797,758.1747,1121.8325,954.12,1082.51,1056.8556,1143.7534,929.531,786.3302,1240.55,1186.3118,1261.324,1246.6475,443.5598,536.6183,522.63727,1229.7292,353.1466,387.68512,362.1631,1101.1772,704.44696,984.81464,1133.643,1159.9905,796.0044,1.0,
000000000000000000e2_0,1536.0577,996.6686,850.1928,1471.4382,1005.6432,675.5308,1423.0647,743.8431,718.294,1099.5955,877.8569,1103.0842,1731.181,1131.6838,919.99426,859.0735,1188.8068,1120.1012,1234.1216,1215.9188,416.6913,500.926,391.7011,1329.1068,311.803,418.1941,385.7153,940.156,641.96204,931.4142,1038.2242,1371.5994,789.2036,1.0,
000000000000000000e3_0,3037.429,3138.7715,2823.9695,2951.5105,3154.296,3235.0215,3533.0767,3809.946,3795.6304,3701.0342,3903.1465,3871.4963,3036.2166,3966.4758,3988.7053,3987.39,3976.3528,4047.754,3841.3486,3851.4224,3940.9001,4429.504,4231.3457,3070.5908,4381.3857,4286.6255,4125.249,3360.9722,3242.769,3084.4153,3270.474,2981.7417,2644.2031,1.0,
000000000000000000e4_0,3178.7625,2923.6226,2724.4763,2929.1624,2718.489,2870.9739,2849.8528,3378.4834,3263.402,3410.349,3372.6565,3181.578,2606.284,3234.622,3216.7307,3367.9653,3247.5122,3128.9402,2982.1155,3485.21,3678.5803,4043.856,4236.2197,3313.0144,3914.8706,3775.2917,4238.611,3210.0994,3509.2234,2883.7153,3684.8582,3754.3733,3157.2551,1.0,
000000000000000000e5_0,2891.2505,3090.3435,2537.9402,2691.012,2504.5125,2352.107,2633.4153,2570.1729,1559.1298,1649.9226,1361.2866,1200.6841,3067.9307,1241.3542,926.0054,891.2316,1266.8248,1211.5737,1212.4052,1309.6846,584.49023,491.4266,577.208,3167.4436,377.8807,490.8667,395.2429,3219.5215,3277.2756,3314.734,3205.696,3180.3223,2730.824,1.0,
000000000000000000e6_0,3727.6475,3579.793,3587.937,3596.8655,3453.605,3650.656,3730.4602,3473.6848,3455.8599,3750.1797,3856.2056,3809.898,3436.1973,3935.697,4102.0464,4204.1562,4095.2312,3824.5894,3606.807,3574.892,3702.5452,3497.6328,3145.8894,4068.1875,2991.3137,3179.526,3054.3496,3565.859,3894.1313,3879.7632,3933.8994,3766.0544,3746.7634,1.0,
000000000000000000e7_0,3338.9062,3322.1924,3120.208,3521.8105,3437.2112,3230.4856,3296.7285,3255.794,3614.018,3489.7732,3593.444,3644.7327,3340.521,3300.7366,3183.8506,3449.2922,3353.8516,3241.5479,3389.8862,3412.8667,3371.7002,3848.3765,4015.6277,3402.9883,3684.3347,3591.1267,3859.5667,3935.1074,3964.0283,3258.2378,3614.6123,3826.7278,4013.7766,1.0,
000000000000000000ea_0,2088.3872,2876.391,1292.1023,2077.6677,2715.2485,2471.9702,2435.2693,2234.8577,2183.2183,2762.737,2567.4834,2580.8145,2351.7896,2124.661,1955.539,2739.7573,2429.1304,2205.5947,2431.6704,2957.1506,2428.2847,2524.2266,3059.7573,3167.8071,2921.3452,2585.0024,2670.1233,2194.3508,3118.3215,2039.9084,3180.25,3137.3247,3081.5237,1.0,
000000000000000000eb_0,2068.3806,786.0366,907.9187,1503.4816,932.7285,743.22815,1488.3237,808.97015,830.8335,1157.8618,986.1745,1113.0499,766.5449,1155.9594,970.4287,959.1896,1267.4136,1256.4762,1325.6182,1266.3893,603.7378,433.3432,560.2072,1236.6809,415.3123,538.5803,489.487,979.3161,707.8331,1007.2303,1088.3768,1472.2855,765.39374,1.0,
000000000000000000ec_0,2969.4878,3402.9575,2604.6138,2742.8333,2705.6707,2813.4495,2854.7678,2521.4312,2513.269,2670.563,1945.6086,1964.8475,3098.5276,1541.8165,1056.4197,1069.0511,1331.4524,1280.4415,1272.0822,1285.7787,918.86804,618.1246,617.1765,2837.0593,435.8625,986.6334,793.8156,1954.7106,1817.6758,1669.4646,2173.9082,2455.49,2263.622,1.0,
000000000000000000ed_0,2080.0132,2182.3933,1399.1052,2067.9111,1889.3536,2198.1094,2553.9846,2150.0645,2399.442,2524.5015,2605.9949,2496.829,2065.7063,2471.752,2316.2683,2487.688,2508.8484,2531.009,2401.415,2628.33,2712.2534,2744.0005,3048.9897,2575.0122,2873.4438,2590.927,2554.131,1985.6892,2346.2898,2061.988,2196.1875,2506.537,2236.0266,1.0,
000000000000000000ee_0,2765.728,2921.3843,3685.6672,3102.304,3022.068,2888.167,2777.3782,2958.789,3229.475,3337.2568,3276.0464,3750.7,3511.8198,3648.0156,2815.8108,3105.5308,2829.5312,2372.6404,2922.4348,3129.9,3312.344,3285.9238,3338.4985,3765.6487,3201.187,2694.2065,3140.36,3691.444,3440.4473,3866.3506,3664.7588,3609.4126,3706.764,1.0,
000000000000000000ef_0,1991.8074,1428.0967,849.2171,1537.5302,919.5213,865.82806,1584.5992,806.4562,807.35645,1219.746,978.7232,1132.6273,853.45715,1166.8716,978.7588,847.84564,1255.3682,1210.1469,1184.7354,1270.757,528.872,548.1364,546.7483,1277.6506,452.23285,530.3618,570.2666,984.7915,631.9052,1056.0677,1124.3875,1154.1895,794.3176,1.0,
000000000000000000f0_0,3103.5432,2637.1426,2599.7786,2481.7148,2349.806,2625.2358,2711.0918,2647.1726,2994.1084,3047.8235,3063.7124,2983.5488,2709.185,3065.5137,3130.462,3094.5674,3119.173,3019.3313,3122.3152,2926.5354,3052.9192,3467.2397,3518.8877,2814.8909,3080.4087,3404.2095,3386.9092,2494.6475,2367.2024,2765.3215,2719.3994,2616.9187,2455.3171,1.0,
000000000000000000f1_0,2447.3374,3032.2097,1148.1497,1490.6654,1074.3741,1469.6512,1483.1482,903.2179,836.5133,1440.0562,1199.376,1326.0387,2068.8662,1269.0894,979.8285,945.3345,1176.0212,1197.9536,1288.4148,1284.8154,650.8364,649.6802,657.3771,1861.387,490.7953,762.9774,724.1457,1333.547,1374.9954,1378.8715,1443.4694,1575.3615,1419.927,1.0,
000000000000000000f2_0,1389.929,1789.5914,1130.9309,1548.3876,1809.9371,1945.1855,2331.6182,1870.7322,2085.6692,2104.0266,2191.522,2103.5012,1793.8685,1872.1316,1659.2156,2128.576,2163.1543,1884.685,2106.0781,2238.7915,1962.2144,2193.8691,2636.161,2201.997,2316.0247,2089.336,1985.2894,1626.1941,1848.3865,1762.2239,2301.5215,2294.9324,1989.5428,1.0,
000000000000000000f3_0,2916.2974,2992.8403,948.7326,1554.3489,1016.7539,1217.0916,1544.9829,859.3488,866.4091,1185.1261,1030.0376,1185.9077,2909.704,1116.163,991.2292,904.4518,1167.636,1201.6904,1244.7297,1192.903,545.274,322.4405,410.39316,1447.7223,447.2676,475.00427,535.051,971.7848,720.1546,1104.7345,1130.1989,1666.081,1076.725,1.0,
000000000000000000f4_0,2840.6755,3338.0557,968.9784,1494.6555,990.2081,1027.0266,1572.9127,861.1365,789.6065,1208.0474,1090.6547,1204.7734,893.2336,1213.3525,1046.4653,966.2615,1237.334,1259.4943,1234.8875,1266.3416,631.0667,467.5337,620.6765,1286.8502,439.5761,529.8522,571.0783,941.9965,691.4962,1131.5735,1224.3668,970.5716,877.1323,1.0,
000000000000000000f5_0,3354.8198,3010.0037,1186.4789,2106.1135,3110.066,3126.4697,1626.5874,875.43964,793.9666,826.3899,801.4828,633.35376,2947.2148,717.4366,590.03076,713.3736,846.2383,529.9314,865.227,675.07965,514.0917,566.45135,468.2767,1635.521,450.0997,314.10986,308.0795,1121.679,1112.7467,806.8261,1237.684,1567.9006,2621.8477,1.0,
000000000000000000f6_0,996.0465,2073.7983,1309.2283,1531.8828,1023.4073,783.3893,1508.8599,844.7179,864.5726,1124.2397,1049.587,1202.3142,629.7891,1171.7574,1043.4044,991.1333,1447.2266,1317.3647,1270.2412,1271.9192,713.4045,633.3778,645.6587,1111.8204,572.1169,611.6907,577.49695,912.204,885.7362,1168.1532,1215.984,837.9512,911.6483,1.0,
000000000000000000f7_0,3153.7441,2998.4075,3700.4412,2987.895,3308.2769,3493.9973,3053.5151,3171.0105,3271.6902,3295.608,3319.9568,3486.6472,2767.1157,3476.2043,3098.7446,3223.4746,3021.8389,2660.553,3036.5732,3095.73,3089.1416,4062.0063,3866.1404,3729.5977,3646.1455,3141.2905,3339.8667,3802.7896,3601.2278,4219.167,4339.552,3940.345,3489.0718,1.0,
000000000000000000f8_0,2790.2788,3365.663,914.2511,1487.0146,1031.9468,1064.7755,1596.1891,866.59607,774.0949,1206.53,1075.4475,1257.7151,871.5325,1242.6776,1004.8739,1003.62366,1236.9764,1258.314,1231.8798,1252.688,583.557,460.6849,611.52765,1274.29,431.0603,561.5627,565.0414,921.4828,688.2704,1102.9165,1201.2682,1148.8281,887.1195,1.0,
000000000000000000f9_0,4080.6255,3482.899,1412.2808,2148.994,3082.6523,3286.689,1698.9434,854.8363,798.0935,1016.32227,811.5315,776.8582,950.0486,944.7724,968.7533,832.9171,1033.501,716.06604,958.5912,1051.6937,510.08405,384.647,648.6716,1632.5093,535.8813,436.29987,402.4661,898.8152,2819.0867,883.3608,1178.868,1889.8877,1752.4236,1.0,
000000000000000000fa_0,4110.9688,3577.0698,2185.3235,2422.1553,3006.1526,2108.5574,1584.9453,876.02856,813.10443,830.92706,707.7084,757.8359,1164.0778,911.85693,1038.7747,940.9273,964.35144,700.2477,834.352,764.102,462.0204,677.9447,503.653,2337.8025,578.7143,628.2354,326.0347,2124.1353,3424.6467,1301.742,1380.2554,1940.8048,3460.0088,1.0,
000000000000000000fb_0,3271.2058,3295.9253,827.6151,1526.0215,1088.0713,956.8355,1544.9005,821.8193,802.5426,1183.8949,1066.4196,1207.5255,862.3584,1231.6249,1001.1275,886.1907,1254.5615,1230.5015,1188.1648,1221.3462,564.3673,465.0362,651.5671,1289.1805,400.9345,518.0553,518.8179,948.1714,664.5836,1139.8582,1116.2859,970.2712,879.3237,1.0,
000000000000000000fc_0,2915.9712,3090.171,1026.2317,1556.8604,1067.121,1259.3883,1654.2802,857.7471,876.91235,1177.6204,1031.4606,1107.6704,1024.5426,1127.9266,1059.5391,961.7645,1207.5795,1206.3899,1233.2102,1232.2146,545.4906,380.3018,614.7208,1340.7292,483.8831,608.16223,526.4367,970.1606,691.3359,1035.7983,1147.0815,1329.0206,1062.891,1.0,
000000000000000000fd_0,2987.3896,2978.0925,2357.6902,3202.4893,2625.617,3175.015,3140.669,3189.4624,3227.1133,3409.237,3283.3357,3058.7937,3002.0034,3218.1343,3232.9258,3079.5012,3023.3054,3038.6638,2928.3237,3049.438,3034.9988,3077.6177,3158.2354,3204.0303,3100.1184,3319.0012,3158.8347,2880.4546,3040.9785,3061.7205,4193.6997,2636.3008,3348.2856,1.0,
000000000000000000fe_0,3225.0322,3251.31,3715.4934,3504.3618,3470.4465,3321.979,3424.9236,3434.0962,4006.7163,3516.5322,3756.7568,3491.934,3227.7205,3378.2559,3950.9463,3925.4429,3223.7944,3290.892,3588.8743,3313.8374,3570.702,3976.045,4082.667,3282.405,4270.8,4137.5684,5003.6816,3152.692,3347.3906,3290.5842,3609.3945,3836.7942,3478.4575,1.0,
000000000000000000ff_0,3715.349,3601.4053,4499.427,3942.3704,4125.7793,3563.072,3435.2798,3578.9526,3641.8452,3210.0823,3797.705,3578.856,3758.8796,3509.235,4281.827,4026.18,3316.8545,3143.1816,3426.13,3641.5115,3513.2085,3298.1157,4452.7866,3938.0623,4828.0615,5348.166,5769.3633,3336.6843,3812.9126,3871.98,4272.157,4108.586,4097.9043,1.0,
00000000000000000100_0,3203.8018,3394.7998,1196.6469,1611.1681,1337.5797,1613.8308,1638.8085,871.89215,936.914,1221.1194,1121.1261,1208.6274,3122.0496,1252.1606,1098.9319,1005.72375,1202.3301,1278.175,1297.282,1182.2073,513.2597,411.8028,745.3092,1721.052,545.9852,545.2599,615.4518,921.3649,3155.1555,1003.72424,1167.222,1754.7755,1189.4288,1.0,
