system:index,NIR,NIR_1,NIR_10,NIR_11,NIR_12,NIR_13,NIR_14,NIR_15,NIR_16,NIR_17,NIR_18,NIR_19,NIR_2,NIR_20,NIR_21,NIR_22,NIR_23,NIR_24,NIR_25,NIR_26,NIR_27,NIR_28,NIR_29,NIR_3,NIR_30,NIR_31,NIR_32,NIR_4,NIR_5,NIR_6,NIR_7,NIR_8,NIR_9,VALUE,.geo
00000000000000000000_0,977.5,1464.0,504.0,712.0,2120.0,895.0,1552.0,936.0,909.0,1558.0,1866.0,1524.0,1063.0,875.0,699.5,1235.0,1098.0,945.0,1115.0,906.0,908.0,1626.0,2496.5,1756.0,1058.0,1908.0,1128.5,1371.0,2058.0,1462.0,907.0,1009.0,1939.0,1.0,
00000000000000000001_0,855.0,1637.0,440.0,1326.0,685.5,1208.0,404.0,1605.0,1591.5,1742.0,1546.0,1404.0,1552.0,1084.0,844.0,1589.0,1385.5,1472.0,1445.0,1705.0,1548.0,1003.0,1843.0,1446.0,1654.0,1438.0,1572.0,1320.0,1740.0,1597.0,2177.0,1127.0,1445.0,1.0,
00000000000000000002_0,2898.0,3392.0,2968.0,3005.0,3272.5,3137.0,3157.0,3260.0,3353.0,3095.0,3049.0,2545.0,3083.0,2708.0,2993.0,3319.0,3387.5,3373.0,3160.5,3148.5,3039.5,3378.0,3545.5,3466.5,3576.5,3211.0,3566.0,3120.0,3439.0,2993.0,3354.0,3168.0,3059.0,1.0,
00000000000000000003_0,378.5,1601.0,338.0,1143.0,1429.0,892.0,1013.0,1013.5,997.5,1535.5,1181.0,636.0,1946.5,629.0,326.5,1062.5,1216.5,1098.0,1032.0,1678.5,1121.0,205.0,1743.0,1358.0,1633.0,451.0,1380.0,376.0,2088.0,1592.5,2070.0,756.0,1457.5,1.0,
00000000000000000004_0,2627.0,2786.0,2469.0,2704.5,3138.0,3107.0,2695.5,2763.0,3023.0,3202.5,3124.0,3023.0,2781.0,3086.0,3023.5,2957.0,3166.5,2983.0,2854.0,2938.0,3122.0,3854.0,3533.0,2921.5,3407.0,3293.0,3270.0,2923.0,2880.0,2795.5,3085.5,2603.0,2953.0,1.0,
00000000000000000005_0,2677.5,3138.5,2302.5,2382.0,2083.0,2550.0,2439.0,2463.5,2962.0,3299.0,2853.0,2809.0,3362.0,2920.5,1930.0,2489.5,2423.0,2748.5,2961.5,2481.0,3209.5,1839.0,3281.0,2328.5,2616.0,3804.0,3080.5,2236.0,3267.0,3210.5,2956.5,2042.0,3038.5,1.0,
00000000000000000006_0,1945.0,2206.5,1039.0,1729.5,2667.0,1977.5,1752.0,1549.0,1917.0,2350.0,1945.0,1581.0,1930.5,1691.5,1345.0,1810.0,2021.0,1642.5,2107.5,1578.0,1792.0,2133.0,2690.0,2264.5,1604.0,2791.0,2080.5,2203.0,2895.0,1880.5,1794.0,986.0,2583.5,1.0,
00000000000000000007_0,2609.0,2344.0,1715.0,1997.0,2112.0,1967.0,2029.5,2215.0,2360.5,2379.0,2216.0,2110.5,2189.0,2373.0,2330.5,2384.0,2162.0,2302.0,2077.0,2233.5,2361.0,2268.0,2474.5,2222.0,2300.0,2466.0,2485.0,1883.0,1888.0,2046.0,2215.5,1820.0,1706.0,1.0,
00000000000000000008_0,788.5,2367.0,485.0,1253.5,1514.0,1718.0,1720.0,2116.0,1990.0,1759.0,2038.0,1767.0,2276.5,1969.0,1726.0,2107.0,2034.5,2147.0,2183.0,2151.0,2162.5,2371.0,2661.0,2479.0,2517.0,2354.5,2408.0,1162.0,2648.0,1678.5,1969.0,2210.0,2142.0,1.0,
00000000000000000009_0,2792.0,3330.0,2278.5,2680.0,2648.0,2406.0,2480.5,2796.5,2620.0,3020.0,2437.0,2353.0,2579.0,2630.0,2198.0,2463.0,2759.5,2627.0,2551.5,2341.0,2489.0,2606.0,3180.0,2663.5,3018.0,2356.0,2904.0,2642.0,2732.0,2952.0,2651.0,2890.0,3115.0,1.0,
0000000000000000000a_0,504.5,657.0,396.0,551.5,486.5,480.0,696.0,523.5,421.0,630.0,707.0,568.5,517.0,531.0,393.0,682.5,865.0,588.0,452.0,450.0,813.0,381.0,464.0,830.0,656.0,343.0,519.5,370.5,617.0,528.0,1138.0,692.0,715.0,1.0,
0000000000000000000b_0,1389.0,2067.0,721.0,1789.5,1961.0,1991.0,1445.0,2023.5,1959.0,2052.5,1687.0,1565.0,2653.0,1535.0,1463.0,2408.0,2426.0,1846.0,2082.0,2360.0,2322.5,1516.0,3077.0,2189.0,2817.5,2368.0,2435.0,1417.0,2267.5,2284.0,2869.0,2280.0,2013.5,1.0,
0000000000000000000c_0,1867.0,2591.5,1591.0,2492.0,2555.0,2212.0,2157.0,2669.5,2629.0,2480.5,2172.0,2621.0,1856.5,2247.0,1928.0,2395.0,2569.0,2220.0,2285.0,2312.5,2410.0,2584.0,2845.0,2593.0,3122.5,2480.5,2751.5,2171.0,2870.5,2445.0,2932.0,2069.0,2825.0,1.0,
0000000000000000000d_0,3803.0,3706.5,3970.0,3688.5,3628.5,3351.0,3413.0,3195.0,3529.5,3020.0,3311.0,3256.0,3287.0,3773.0,3564.0,3391.0,3504.0,3534.5,3479.0,3562.0,3100.0,3608.0,3439.0,3401.0,3626.0,3440.0,3794.0,3764.0,3187.0,3482.0,3516.5,3414.0,3064.5,1.0,
0000000000000000000e_0,3101.0,3125.0,3355.0,2993.0,3035.0,3137.0,3049.0,3122.0,3251.0,3351.0,3053.5,3004.0,3293.0,3340.5,3281.0,3158.0,3203.0,3366.0,3208.0,3430.5,3470.0,3628.5,3711.5,3523.0,3664.5,3970.0,3716.0,3613.0,3510.0,3532.0,3551.0,3116.0,3022.0,1.0,
0000000000000000000f_0,2800.0,3156.0,811.0,2548.0,2812.0,2892.0,2925.0,3028.0,2967.0,3008.0,3005.0,2866.5,3218.0,3045.0,2761.0,2868.5,2807.0,2873.0,2954.0,2732.0,2705.0,3085.0,3251.0,3422.5,3284.0,3278.0,3220.0,2990.0,2196.0,2755.0,3121.0,3053.0,2464.0,1.0,
00000000000000000010_0,2086.0,2999.0,2298.0,2443.5,2011.0,2808.0,2519.0,2666.0,1679.0,3296.0,2695.0,2535.0,2880.0,1880.0,2079.0,2412.0,2177.5,2166.0,2435.0,2226.0,2005.0,2091.0,3041.0,3227.0,3277.0,2572.0,2698.5,3621.0,3548.0,1985.5,3083.0,2465.0,2942.0,1.0,
00000000000000000012_0,2909.5,3257.0,2914.0,2953.0,3240.5,3303.5,3267.5,3432.5,3307.0,3448.0,3267.0,3258.0,3117.5,3132.5,3128.5,3434.0,3461.0,3345.0,3746.5,3187.5,3070.0,3004.5,3150.0,3266.5,3761.0,3043.0,3268.0,3026.0,2954.0,3246.5,3470.5,3393.0,2897.0,1.0,
00000000000000000013_0,2092.0,3236.0,2424.0,2723.5,2794.0,2773.0,2667.0,3181.0,2846.5,2692.0,2774.5,2793.0,3209.0,2784.0,2565.0,2607.5,2815.0,3047.0,2634.0,2854.0,2586.0,2821.5,3023.0,3476.0,3198.0,2882.5,3027.5,2798.0,3212.0,3259.0,2957.0,2350.0,2915.5,1.0,
00000000000000000014_0,2728.0,3708.0,3194.0,3507.0,3873.0,3306.5,3249.5,3204.0,3081.0,3598.0,3533.0,3220.0,3672.0,3483.5,3251.0,3190.0,3079.0,3500.0,3534.5,3192.0,3331.0,3375.0,3481.5,3029.0,3517.0,3745.5,3343.0,3470.5,3999.0,3488.0,2997.0,2761.5,3466.0,1.0,
00000000000000000015_0,3992.0,3739.0,4064.0,3537.0,3319.5,3537.5,3591.5,3474.0,3522.5,3561.0,3509.0,3619.0,4042.5,3734.0,3615.0,3628.0,3385.5,3798.5,4030.0,3771.0,3501.0,3984.0,3781.0,3873.0,3759.0,3995.0,3683.0,4070.0,3662.0,3695.5,2762.5,3212.0,3830.0,1.0,
00000000000000000018_0,2615.0,2309.0,1982.5,1911.0,2220.0,2304.0,2139.0,2187.0,2257.0,2314.0,2161.0,2459.5,2234.0,2361.0,2159.0,2371.0,2382.5,2660.0,2479.0,2331.0,2633.0,3086.0,3012.0,2352.0,2487.0,2733.0,3017.0,2581.0,1964.0,2166.0,2462.5,2647.0,1869.0,1.0,
00000000000000000019_0,2149.0,2425.0,1546.0,2117.0,2559.5,2052.0,2106.0,2376.0,2188.0,2619.0,2455.0,2320.0,2183.0,2191.0,2040.0,2262.0,2189.0,2268.0,2468.0,2692.5,1882.0,2367.0,2806.0,2474.0,2469.0,2711.5,2792.0,2441.5,2765.0,2390.0,1896.0,815.0,2768.0,1.0,
0000000000000000001a_0,2756.0,2635.5,2532.0,2318.0,2405.0,2638.5,2593.0,2676.5,2569.0,2441.5,2777.0,2583.0,2426.5,2536.0,2663.0,2533.0,2380.0,2589.0,2790.0,2527.5,2790.0,2810.0,2862.0,2448.0,2810.0,2974.5,2848.5,2628.0,2499.0,2484.0,1804.0,2283.0,2338.5,1.0,
0000000000000000001b_0,1623.0,2098.0,1161.0,1837.5,2230.0,1967.0,2037.5,1941.0,2175.0,2172.0,2052.0,2154.5,2136.0,1969.0,1602.5,2283.0,2435.0,1968.0,1893.0,2185.0,2127.0,1861.0,2598.0,2350.0,2305.0,2116.0,2180.0,1819.0,2296.0,1757.0,2516.5,2296.0,2080.5,1.0,
0000000000000000001c_0,3040.0,3669.0,3401.0,3109.0,3626.0,3636.0,3497.0,3725.0,3310.0,3371.0,3264.5,2948.0,3927.5,3188.5,3210.5,3610.5,2924.5,3179.5,3335.0,3328.0,3740.0,4315.0,3979.0,3703.0,3634.0,4156.0,4618.5,4281.0,3814.0,3700.0,3460.0,3207.0,4022.5,1.0,
0000000000000000001d_0,4044.5,4174.5,3762.0,4506.0,3584.0,3662.0,3324.0,3338.0,3209.0,3815.0,3297.0,2931.0,4077.0,3332.0,3680.0,3184.0,3489.5,4168.5,3833.0,3771.0,3633.0,3415.0,3046.0,4109.5,3421.0,3260.0,3449.0,4705.0,4424.0,4214.5,3816.5,3724.5,3805.0,1.0,
0000000000000000001f_0,3999.0,4259.0,3624.0,3040.5,3409.0,3010.0,3258.0,3062.5,3042.0,3367.0,3185.0,3409.0,3748.5,3138.5,3084.0,3077.0,3259.0,3303.5,3584.0,2885.5,3093.5,3310.0,3307.0,3793.0,3671.0,3850.0,3325.0,3955.0,4009.0,3273.5,3266.5,3607.0,3555.0,1.0,
00000000000000000020_0,3313.0,3384.0,3528.0,3329.0,3246.5,3443.0,3155.5,3170.0,3148.0,2188.0,2922.5,2752.0,3370.0,2648.0,2603.0,2464.5,2620.0,2211.0,2543.5,2848.0,3006.5,1558.0,1726.0,3275.5,1708.0,1605.0,1839.0,3869.0,3816.0,3868.5,3096.0,3455.0,3480.0,1.0,
00000000000000000021_0,2345.0,2669.0,1693.0,2443.5,1775.5,2003.0,2333.5,2323.0,2419.0,2761.0,2616.0,2572.5,2667.0,2383.0,2006.0,2223.0,2298.0,2140.5,2153.0,2123.0,2280.0,1898.0,2888.5,2514.0,3199.0,2760.0,2689.0,2961.0,3264.0,2232.0,2754.0,2648.0,2350.0,1.0,
00000000000000000022_0,2609.0,2992.0,2255.0,2737.5,3071.0,3066.5,2788.0,3169.0,3221.5,3408.0,3057.0,2859.5,3167.5,3110.0,2881.0,2947.0,2943.0,3204.0,3163.0,2984.5,3023.5,3618.0,3456.0,3206.0,2993.5,3177.0,3376.0,3025.0,3159.0,2622.0,2744.5,2829.5,3360.5,1.0,
00000000000000000023_0,4796.0,4446.0,4292.5,4373.0,3998.0,3938.0,3825.5,3253.0,3330.0,3636.0,3564.0,3315.5,4520.0,3871.0,3607.0,3501.0,3664.0,3537.5,3868.5,3456.0,3306.0,3539.0,3549.0,4476.5,3672.0,3757.5,3873.0,2869.0,4211.0,4163.0,3813.5,4036.0,3702.5,1.0,
00000000000000000025_0,1190.0,2635.0,615.0,1116.5,2257.0,1699.0,1441.0,1606.0,1476.0,2227.0,2098.0,2146.0,3010.5,1351.0,1001.0,1795.5,1268.5,1357.0,1741.0,1718.0,1177.5,1710.0,2515.0,2582.0,1619.0,2663.0,2268.0,2643.0,2685.0,3128.5,1369.5,2229.0,3011.0,1.0,
00000000000000000027_0,2934.0,3364.0,3140.5,3412.0,3081.5,2676.0,2918.5,2984.5,2724.0,2697.0,2446.5,2658.0,3371.0,2681.0,2698.5,2980.0,2941.5,3066.0,3093.5,3230.5,3021.5,3065.0,3335.0,3149.5,3956.0,3564.0,3509.0,3286.0,4034.0,3305.0,3465.0,3088.5,2980.5,1.0,
00000000000000000028_0,2081.0,2435.5,1721.0,2219.5,2455.5,1979.0,2269.0,2213.0,2254.0,2434.5,2369.0,2233.0,2378.0,2346.0,2040.0,2448.0,2296.0,2450.0,2686.0,2480.0,2504.0,2782.0,2772.0,2545.0,2456.0,2832.0,2677.0,2643.0,2357.0,2053.5,2730.0,1916.0,2644.5,1.0,
00000000000000000029_0,2743.0,3295.0,3279.0,3280.0,3210.0,2855.0,2916.5,3212.5,3172.0,3444.0,3615.0,3485.0,2982.5,3350.0,3095.0,3421.5,3712.0,3288.0,3567.0,3010.0,3608.5,3866.0,3747.0,2812.0,3878.0,3695.0,4129.0,3904.5,3487.0,3364.5,2957.0,2607.0,3216.0,1.0,
0000000000000000002a_0,2517.0,2834.0,2622.0,2788.0,3093.5,2516.5,2699.5,2745.0,2872.5,3061.0,2979.0,2677.0,2851.5,2850.0,2577.0,2704.5,2594.5,2812.5,2917.0,2731.0,2892.5,2982.0,2793.5,2573.0,3042.0,3391.5,3074.0,3196.0,2965.0,2782.0,3083.0,3412.0,3105.0,1.0,
0000000000000000002b_0,2050.5,2170.0,3827.0,3520.0,3157.0,2862.5,3089.0,2987.5,2775.5,2773.0,2823.0,2881.5,2084.0,2623.0,2262.0,2317.0,2611.5,2508.0,2319.0,2277.0,2141.0,2240.5,2519.5,2336.5,2873.0,2536.0,2497.0,1877.0,2289.0,2084.0,2065.5,2581.0,3056.0,1.0,
0000000000000000002c_0,4132.0,2794.0,4702.0,4510.5,4299.0,4173.5,4001.0,3886.5,3965.0,3945.0,3902.5,2811.0,4439.0,4315.0,4003.0,3405.0,3920.0,4054.5,3611.0,3456.0,4006.0,3931.0,3805.0,4959.0,4236.0,4265.0,4079.5,4894.5,4363.0,4564.0,4071.0,3901.5,4100.0,1.0,
0000000000000000002d_0,3012.0,2809.0,2962.0,2675.0,2920.5,2808.0,2813.0,2443.5,2707.5,3034.0,2939.0,3458.0,2712.5,3118.0,2783.0,2892.0,3138.0,3089.0,3152.0,2798.0,2830.0,3104.0,3060.0,2382.0,3270.5,3438.0,3297.0,3128.0,2798.0,3128.5,2887.5,3018.0,2724.5,1.0,
0000000000000000002e_0,3041.0,2786.0,3169.0,2718.5,3056.0,2547.0,2553.0,2861.5,2440.0,2449.0,2970.0,2400.5,2893.0,2999.0,3083.0,3082.0,2957.0,3221.0,3019.5,2713.0,2876.5,1225.0,3088.0,2720.0,3368.0,3331.0,3048.0,3001.0,3181.0,2800.0,1859.5,1912.5,2467.0,1.0,
0000000000000000002f_0,3241.0,3240.0,2978.0,3074.0,3196.0,3331.0,3010.0,3194.0,3266.0,3586.5,3414.5,3023.0,3155.5,2902.0,2732.0,2883.5,2864.0,2810.0,3368.0,3030.5,3501.0,3667.0,3679.0,3059.5,3931.0,4141.5,3906.0,3258.5,4135.0,3389.5,3499.0,3083.0,3458.5,1.0,
00000000000000000030_0,1856.0,2258.0,1214.0,1808.0,2718.0,1649.0,2045.5,1843.0,1874.5,2198.5,2193.5,1887.0,2039.0,1831.0,1598.0,1759.0,1423.5,1404.5,1775.0,1788.0,1767.0,1987.0,2149.5,2306.0,1721.0,2303.0,2442.0,2404.0,2123.0,2497.0,1764.5,1065.0,2467.0,1.0,
00000000000000000031_0,2757.0,2824.5,2759.5,2716.0,3065.0,2884.0,3308.0,2976.0,3010.5,3218.0,3125.0,3072.0,2801.5,2785.0,2826.0,2996.0,3096.0,3117.0,3222.0,3237.0,3221.0,3519.0,3560.0,2887.0,3651.5,3558.0,3575.0,2796.0,2943.0,2672.5,3082.0,3044.0,2812.5,1.0,
00000000000000000032_0,3023.0,3037.0,2816.5,1615.0,2470.0,3189.5,2897.0,2840.5,3407.5,3020.0,3159.0,3562.5,3085.0,2878.0,3428.5,3525.0,3262.0,3428.0,3514.5,3425.0,3721.0,3745.0,3853.5,3024.0,3801.0,4811.0,4204.5,2829.0,2973.0,2734.5,3060.5,2869.0,3024.5,1.0,
00000000000000000034_0,2662.0,3052.5,2887.0,2866.5,3124.0,2948.0,2918.0,3186.0,3109.5,3123.0,3102.0,3073.0,3122.0,2944.0,2867.0,2937.5,2838.0,3013.5,2985.5,2960.0,2981.0,2883.0,3088.5,3158.0,3122.0,2918.0,3190.5,2833.0,2991.0,3070.5,3551.5,3157.0,2913.0,1.0,
00000000000000000035_0,2827.0,2840.0,2845.5,2832.0,2892.0,2628.0,2506.0,2783.0,2779.0,2919.0,3104.5,2580.5,2703.0,2763.0,2665.0,2766.5,2709.0,2812.5,3164.0,2997.0,2763.5,3116.5,3195.0,2738.0,3262.0,3536.0,3660.0,3140.0,3500.0,3382.0,2810.0,2304.0,2863.0,1.0,
00000000000000000036_0,2929.0,2724.5,2729.0,2754.0,2535.0,2722.5,2714.0,2563.0,2753.0,2653.5,2585.5,2614.5,2913.0,2733.0,2829.0,2581.0,2420.5,2890.0,2766.0,2701.5,2407.0,2737.0,2618.0,2916.0,2817.5,2815.5,2856.0,3279.5,2410.0,2787.0,2613.5,2581.0,2393.0,1.0,
00000000000000000037_0,751.0,727.0,686.0,616.0,717.0,582.0,777.0,671.0,787.0,893.0,933.0,784.0,637.0,713.0,685.0,811.0,804.0,725.0,854.0,729.0,868.5,642.5,531.0,630.0,449.5,475.0,629.0,811.0,718.0,680.0,1004.0,667.0,591.5,1.0,
00000000000000000038_0,1969.0,2432.0,2072.5,2262.0,2442.5,2255.5,2247.5,2127.0,2343.5,2431.0,2442.5,2368.5,1972.0,2576.0,2373.5,2200.0,2031.0,2322.0,2609.0,2204.0,2197.5,2464.0,2520.0,2293.5,2331.0,2532.0,2399.0,2566.0,2299.0,2374.0,2278.0,1838.0,2471.0,1.0,
00000000000000000039_0,3306.0,3104.0,3015.5,3018.0,3370.0,3036.0,3160.0,3253.0,2949.0,3741.0,3130.0,3256.0,3251.5,3212.0,2974.5,2904.0,2380.0,3682.0,3098.0,3526.0,2808.0,3259.5,3318.0,3238.0,3546.0,3500.5,3804.0,4014.5,3463.0,2762.0,2518.0,2291.0,2717.0,1.0,
0000000000000000003a_0,3082.5,3185.5,2539.0,2585.0,3032.0,2828.0,3082.0,2934.5,3075.0,3066.5,2888.0,2859.0,2992.0,2855.0,2746.0,2834.0,2847.5,2575.0,2911.0,3015.0,2977.0,3637.0,3320.0,3109.5,3146.5,3320.5,3294.0,3269.0,2851.0,2507.0,3316.0,3273.0,2416.5,1.0,
0000000000000000003b_0,2656.5,2728.0,2022.0,2204.0,2302.0,2141.0,2369.5,2256.5,2211.0,2367.0,2572.0,2564.0,2138.0,2476.5,2325.0,2340.5,2307.0,2574.0,2897.0,2185.0,2605.0,2571.0,2601.0,2149.0,2560.0,2587.0,2582.5,2689.0,2666.0,2338.0,2522.0,2335.0,2351.0,1.0,
0000000000000000003c_0,1821.0,3391.0,2550.0,2733.0,2787.5,2947.0,2798.0,2840.0,2948.0,3115.0,3015.5,2693.0,3165.5,2963.0,2916.0,3100.0,3272.0,3095.5,3067.0,3267.0,3357.0,3466.0,3657.0,3316.0,3854.5,3444.0,3627.0,3130.5,2739.0,3153.0,3064.5,2925.0,2837.0,1.0,
0000000000000000003d_0,2470.0,2919.0,3308.0,3160.5,3003.0,2898.0,2984.5,2644.5,2714.0,2695.5,2984.5,3408.0,3598.0,3406.5,2926.0,2955.0,2871.0,3158.0,3054.0,2915.0,3144.5,3415.0,3527.0,2885.5,3606.0,3755.5,3769.0,3619.0,3359.0,3656.0,3845.0,3458.0,2992.0,1.0,
0000000000000000003e_0,2310.5,2551.5,2751.0,3052.5,3619.0,3282.0,3821.0,3581.5,3029.5,3646.0,3851.0,3550.5,2313.5,3432.0,3681.0,1602.0,1696.0,2176.0,3609.0,3415.0,2540.5,3291.0,3005.0,2526.0,3704.5,2787.5,3366.0,2664.0,2815.0,2495.0,2931.0,1948.0,2471.0,1.0,
0000000000000000003f_0,4052.5,3458.0,3967.0,3524.0,3717.0,3652.0,3783.0,3451.0,3515.0,3587.0,3450.0,3614.0,3995.0,3736.0,3412.0,3415.0,3387.0,3688.0,3734.0,3427.0,3709.0,4121.0,3854.0,3789.0,3897.0,4062.0,4049.5,4002.0,3623.0,3898.0,3605.0,3471.0,3808.0,1.0,
00000000000000000040_0,2590.0,2929.5,2289.5,2929.0,2908.5,2830.0,2934.0,2866.5,2718.0,2890.0,2935.0,3007.0,3015.5,2936.0,2581.0,2691.0,2771.5,2987.5,2831.0,2825.5,2879.0,2988.5,3177.5,3045.0,3130.5,3002.0,2847.5,2770.5,3437.5,3243.5,2756.5,2658.5,2704.0,1.0,
00000000000000000041_0,2660.0,2630.0,2235.0,2638.0,2214.0,2332.0,2677.0,2528.0,2686.0,2729.0,2586.0,2566.5,2583.0,2375.0,2188.0,2407.0,2468.5,2169.0,2168.0,2358.0,2489.0,2107.0,2547.0,2460.0,2451.0,2659.0,2627.0,2358.5,2597.5,2377.5,2435.0,2257.0,2244.5,1.0,
00000000000000000042_0,3100.5,3281.0,2938.0,3050.5,3266.5,2951.0,3334.0,3206.0,3010.0,2804.0,3044.5,3286.5,3916.0,3075.0,3290.5,3256.0,3335.0,3432.5,3147.0,3666.0,3580.0,3527.0,3397.5,3865.0,3519.0,3442.0,3885.0,3837.5,3521.0,3452.0,3414.0,3126.0,3112.0,1.0,
00000000000000000043_0,3077.0,2970.0,3070.0,2744.0,2646.0,2082.0,2684.0,2997.0,1977.0,2347.0,3009.5,2997.0,3003.0,2567.0,2584.0,2688.0,1951.5,2150.0,2648.0,3263.5,3647.0,4457.5,4209.0,2826.0,4115.0,4255.0,2526.5,2638.0,3069.0,3090.0,3383.0,3822.0,3292.0,1.0,
00000000000000000044_0,2982.0,3196.0,2611.0,3191.5,3713.0,3253.0,3366.0,3118.0,2971.5,3251.5,2835.0,2961.0,3333.0,3429.0,2788.0,3012.0,3262.0,4131.0,3015.0,3276.0,2589.5,3567.0,3116.0,3319.5,3009.0,2824.0,3393.5,3346.0,3597.0,3224.0,3402.0,3326.0,3662.5,1.0,
00000000000000000045_0,3337.0,3409.5,3072.0,2787.0,3487.0,2887.0,3212.0,3786.5,3252.0,3438.5,2808.0,2616.0,3165.0,2779.0,2190.0,2775.0,2443.0,2908.0,3383.0,1604.5,2743.0,3274.0,2992.0,2735.0,3220.5,2286.5,2907.0,2636.0,3421.0,3831.0,3059.5,3749.0,3456.5,1.0,
00000000000000000046_0,2873.0,2983.0,3485.0,3186.0,3190.0,3015.0,3161.5,3149.0,2826.5,1659.5,2616.0,2889.0,2915.5,3249.5,3249.0,3361.0,3039.0,2824.0,3178.0,3213.0,3360.0,3597.5,3235.0,2829.0,3313.5,3356.0,3205.5,2933.0,3131.0,3021.5,3290.0,3356.0,3260.0,1.0,
00000000000000000047_0,1637.0,1630.5,1265.0,1847.0,1564.5,1444.0,1872.0,1721.0,1880.0,1907.0,2022.0,1998.0,2072.0,1923.0,1697.0,1790.0,2031.5,1795.0,1855.0,1997.0,1870.5,1454.0,1741.0,1948.0,1963.0,1913.0,1936.0,1741.0,1970.0,1464.0,1867.0,1833.5,1869.0,1.0,
00000000000000000048_0,3445.0,3954.0,3961.5,3766.5,3982.0,4142.5,3905.5,4138.0,4080.0,3400.5,3598.0,3111.0,3849.0,3746.0,3270.5,3307.0,3266.0,3600.0,3294.0,3092.0,3155.0,3124.5,3339.5,3810.5,3446.0,3307.0,3770.0,4120.5,4098.0,4544.0,4331.0,3300.5,3983.5,1.0,
00000000000000000049_0,1857.0,2090.0,2848.0,2440.0,3118.0,2951.0,2727.0,2916.5,3319.0,3344.0,2781.0,2906.0,1813.0,2619.0,2876.0,2640.0,2489.0,2522.5,3079.0,2829.0,2704.5,3345.0,2772.0,2136.0,3436.5,2446.0,3332.5,2283.5,2326.0,1733.0,2240.5,1298.0,2436.5,1.0,
0000000000000000004a_0,3239.0,3581.0,3827.0,3324.5,3620.0,3627.5,3767.0,3879.5,3633.5,1668.0,2845.0,2932.5,3950.0,3463.0,3096.5,2887.5,2960.0,3262.0,3275.0,2567.0,2906.0,2433.0,3557.0,3785.0,3594.0,4086.0,3473.5,3908.0,3720.0,4080.0,3687.0,3177.5,3531.0,1.0,
0000000000000000004b_0,2096.5,2161.0,2134.0,1658.0,3370.0,3415.0,2709.0,2910.5,2981.0,3646.5,2248.0,2222.0,2986.0,1956.0,2258.0,2994.0,2100.5,1764.0,2544.0,3122.0,2897.0,2573.0,2530.0,2532.0,2628.0,2437.0,3156.0,2195.0,3296.0,3329.0,3604.0,3071.5,2913.0,1.0,
0000000000000000004c_0,2119.0,2233.5,1982.0,2107.0,2085.0,2364.5,2302.5,2324.5,2398.0,2521.5,2458.5,2454.0,2071.0,2284.0,2267.5,1920.0,2490.0,2447.0,2555.5,2266.0,2355.0,2640.0,2758.5,2803.0,2513.0,2461.0,2542.0,1691.0,1728.5,1732.0,1860.0,1588.5,1487.0,1.0,
0000000000000000004d_0,1587.0,3633.0,3235.0,2391.5,2931.0,4225.0,3686.0,2632.0,2923.5,3607.0,3246.0,2911.0,3743.0,2911.0,2825.5,2988.5,3118.0,2978.5,3372.0,3195.0,3179.0,3437.0,3027.0,3199.0,2980.0,3247.0,3260.0,3587.0,3659.5,2964.0,3123.0,3045.5,3322.0,1.0,
0000000000000000004e_0,2476.5,3094.0,2250.5,3127.0,3201.0,2707.0,3021.0,3785.5,3132.0,3336.0,2931.0,2621.0,3106.0,2671.5,2745.0,3283.5,2841.0,2449.5,2472.5,2627.0,2596.0,3305.0,3099.0,2781.0,3418.0,3094.0,3238.0,3203.0,3299.0,2910.0,2637.0,1681.0,2439.0,1.0,
0000000000000000004f_0,2212.0,1387.0,1039.5,2738.5,2010.0,2660.0,3089.5,3064.0,3146.0,2436.0,2194.0,3071.0,2249.0,2914.0,2682.0,3170.5,1578.5,2422.0,2510.5,2877.5,2450.5,2467.0,2372.0,1213.0,3431.0,2406.0,3151.0,2720.0,2445.5,2415.0,3125.0,1238.0,2558.5,1.0,
00000000000000000050_0,2123.0,2028.0,2184.0,2630.0,1983.0,2725.5,2735.5,2475.0,2689.0,2631.5,2842.0,2426.0,2367.5,2841.0,2487.0,2911.5,2792.0,1984.0,2677.0,2810.5,3097.0,2418.5,2789.0,2244.0,2752.5,2697.5,3191.0,2617.0,2222.0,2227.5,2001.0,2313.0,3049.5,1.0,
00000000000000000051_0,2784.0,1515.0,2452.0,3317.0,1582.0,3235.0,3057.0,2395.0,2804.0,2777.0,3028.0,3259.0,2147.0,3349.5,3306.0,3511.0,3133.0,3338.5,3487.0,2921.0,2694.0,2843.0,2679.0,2095.5,2225.0,2545.5,2765.0,1682.5,2576.5,2231.5,4173.5,3517.5,1658.0,1.0,
00000000000000000052_0,2975.0,3306.5,2559.5,3281.5,3275.0,3429.0,3293.0,3685.5,3409.0,3246.5,3301.0,3234.0,3430.0,3245.0,3179.0,3154.5,3331.0,3153.0,3189.0,3077.0,3019.5,3234.0,3424.0,3385.0,3461.5,3421.0,3478.0,3667.0,3685.0,3295.0,2495.5,3050.0,2629.0,1.0,
00000000000000000053_0,2582.0,2501.0,1270.0,2156.5,2770.0,3071.5,2497.0,2881.0,3208.0,3086.0,2790.0,2430.0,2081.5,2449.0,2818.5,2992.0,2649.0,1981.5,2509.5,2833.0,2154.0,4244.0,2799.0,1705.0,3164.0,2682.0,3057.0,1318.0,2101.0,1111.0,1548.0,1364.0,1661.0,1.0,
00000000000000000054_0,2816.5,1460.5,1791.0,2184.0,2727.0,2815.5,3002.0,2989.0,2962.5,2801.5,2907.0,2487.5,2089.5,2827.0,3071.0,3377.5,3261.5,3412.5,3191.5,3458.0,3600.0,2948.0,3146.0,2206.5,3271.0,3807.5,2431.0,1533.0,2754.0,2481.0,3865.0,3173.0,2305.5,1.0,
00000000000000000055_0,1899.0,1693.0,2581.0,2544.5,2570.0,3114.5,2688.0,2829.0,2615.0,3374.0,2620.5,2384.0,1619.0,1986.0,2439.0,3113.0,1719.5,2281.0,2374.0,2626.5,2548.0,3102.0,2950.5,1610.0,2157.0,2412.5,2423.0,2085.5,2954.0,1941.5,3057.5,2247.0,2514.0,1.0,
00000000000000000056_0,2673.0,2590.0,1769.0,2153.5,2132.5,3365.5,2867.0,2906.0,2413.5,3774.0,3292.5,2894.5,2741.0,2461.0,2807.5,3179.0,2550.0,2885.0,3123.0,2462.0,2747.5,2829.0,2971.0,2240.0,3567.5,3248.0,3444.0,2627.0,2310.0,1410.5,2002.0,2003.0,1468.0,1.0,
00000000000000000057_0,2470.0,2434.0,4025.0,3355.0,2566.0,2560.0,2795.0,2479.0,2612.0,2274.0,2775.0,2698.0,1452.0,2898.5,2458.0,2622.5,2770.0,2823.0,3033.5,2507.0,3151.0,3647.0,2725.0,1812.0,2310.0,2727.0,3016.0,2184.0,2386.0,2218.0,2693.0,3519.5,3671.5,1.0,
00000000000000000058_0,2533.0,2565.0,1636.0,2058.0,1919.0,3091.0,2785.0,2884.0,2265.0,3332.5,3225.0,2933.0,2621.0,2530.0,2648.0,3405.0,2445.0,2910.0,3159.0,2391.5,2929.0,2909.0,2846.0,2163.0,3634.0,3225.0,3428.0,2558.0,2310.0,1480.5,1372.0,1748.0,1352.0,1.0,
00000000000000000059_0,2410.0,2181.5,1596.0,1839.0,1842.0,1487.0,2582.0,2771.0,2226.0,2892.0,2648.0,2694.5,1901.0,2337.0,2423.0,3024.5,2658.0,2364.5,2095.0,3078.0,2475.0,2827.0,3250.0,2545.0,3701.0,2360.0,3486.5,3464.5,2874.0,2225.0,1571.0,1686.0,1925.5,1.0,
0000000000000000005a_0,2188.0,2222.0,3131.0,3191.5,2293.0,3088.5,3191.0,3015.5,2448.5,2997.0,3163.0,3293.5,2007.0,2937.0,3127.5,2430.0,3093.5,3275.0,3495.0,3158.0,2741.5,2990.0,3350.0,2709.0,2902.0,2995.5,3197.5,2622.5,2885.5,2180.5,3053.0,3298.0,3347.5,1.0,
0000000000000000005b_0,2707.0,2762.5,2430.0,2436.0,2667.0,2934.0,1260.0,939.5,1736.0,1034.0,749.5,755.0,2626.0,793.5,769.0,741.0,766.0,608.0,643.0,670.0,652.5,365.0,542.0,2646.0,459.0,801.0,517.5,2196.0,3183.5,2891.0,2639.0,2916.5,2871.5,1.0,
0000000000000000005c_0,2616.0,2694.0,2468.0,2584.0,2676.0,2898.0,2591.5,2099.0,2814.5,2599.0,1634.0,1342.0,2589.0,1167.0,1248.5,1343.0,1272.0,1237.0,1292.0,1510.0,1729.0,1255.0,1172.0,2853.0,1168.0,2076.0,2348.0,3155.0,2833.5,2956.0,2692.0,2645.0,2759.5,1.0,
0000000000000000005d_0,2752.0,2993.0,3220.0,3031.0,2991.0,2720.0,2825.0,2718.0,2490.0,2912.0,2837.0,2970.0,3044.0,2971.0,2842.5,3107.0,2885.0,2993.5,3190.0,3072.0,2922.0,3028.0,2964.5,2882.0,3301.0,3408.0,2822.0,3125.0,2878.0,3218.0,2639.5,2792.0,2677.0,1.0,
0000000000000000005e_0,2658.0,3202.5,2652.0,3082.0,2976.0,3205.0,3306.0,2810.0,2207.5,1629.0,1762.5,1758.0,3578.0,1333.0,1718.0,1385.0,1115.5,1326.0,1253.0,1234.0,1164.0,1020.0,1192.0,3438.0,978.0,1029.0,1080.5,3619.0,3780.0,3343.0,3109.0,3766.0,2979.5,1.0,
0000000000000000005f_0,1999.0,1558.0,3080.0,3059.0,3530.0,2798.0,2853.0,2746.0,2691.5,2681.0,2736.0,2325.0,2397.0,2556.0,1265.0,708.5,731.5,423.0,562.5,417.0,460.0,160.0,256.0,2268.5,192.0,198.0,176.0,1963.0,2141.5,2318.0,2704.0,2485.0,2743.0,1.0,
00000000000000000060_0,2644.5,2963.0,2443.5,2578.0,2665.0,2224.0,2596.0,2449.5,2326.0,2743.0,2955.5,2524.0,3055.5,2549.0,2488.0,2716.5,2421.0,2638.0,2725.0,2491.0,2535.5,2773.0,2867.5,3025.0,2685.0,2726.5,2863.0,2191.0,2885.0,2565.0,3004.0,2867.0,2646.0,1.0,
00000000000000000061_0,2284.0,3339.5,409.0,588.5,388.0,320.0,490.5,221.0,232.0,321.5,308.0,412.5,379.0,331.5,295.0,293.0,338.0,285.0,372.0,311.0,187.5,84.0,146.0,487.0,160.0,116.0,105.0,264.0,264.0,333.5,555.5,833.0,385.5,1.0,
00000000000000000062_0,2513.5,3668.0,793.0,1713.0,2745.0,2549.0,695.0,708.0,611.0,483.0,471.0,594.0,3564.0,501.5,390.0,479.0,598.5,408.0,414.0,485.5,3444.0,1597.0,3180.0,3401.5,2270.0,2939.0,3598.0,3797.0,3382.0,733.5,3427.0,2380.0,2913.0,1.0,
00000000000000000063_0,2904.0,2795.0,658.5,1169.5,513.0,407.0,597.0,268.0,248.5,367.5,367.0,435.5,3353.0,377.5,362.0,349.0,397.5,276.5,424.5,361.0,221.0,108.0,133.5,1450.0,81.0,98.0,72.5,1114.0,569.0,474.5,864.0,828.5,689.5,1.0,
00000000000000000064_0,4500.0,4404.0,4800.0,3949.5,3697.0,3507.0,3571.5,3238.0,3633.0,3526.0,3697.0,3969.5,4615.5,3575.0,3677.0,3806.0,3673.0,3529.0,4178.0,3243.0,3581.0,3579.5,3805.0,4505.5,3775.0,4298.0,4680.0,4830.0,2247.0,4433.0,3735.0,3708.0,4193.5,1.0,
00000000000000000065_0,2886.0,3257.0,3137.5,3059.0,3350.0,2959.0,3121.5,2962.5,2694.0,3011.5,3206.0,2744.0,2638.5,3248.0,3339.0,3123.5,3052.0,3437.0,3113.0,2896.0,3746.0,3724.0,3598.0,3012.5,3109.0,3781.0,3714.0,2811.0,2710.5,2630.0,3047.0,3704.5,3071.0,1.0,
00000000000000000066_0,3645.0,3506.0,3142.0,2985.0,3216.0,3260.0,3461.0,3074.0,2983.0,3269.0,3305.5,3448.0,3557.5,3645.5,3227.5,2927.0,3006.0,3269.0,3577.0,2988.0,2608.0,3563.0,2678.0,3287.0,3306.0,4006.5,3945.5,4047.0,3523.0,3959.0,3477.0,3166.5,3161.0,1.0,
00000000000000000067_0,1675.0,1842.0,1756.0,1891.5,1961.0,1730.0,2028.0,2059.5,2048.0,2174.0,2287.0,2054.0,1902.0,2105.5,1820.0,2076.0,2311.5,1946.0,2229.0,2063.5,2208.0,1908.5,2370.0,2152.0,2323.0,2033.0,2189.0,1995.0,2051.0,1771.0,2486.0,2397.0,2158.0,1.0,
00000000000000000068_0,3201.0,2999.0,3489.0,3261.0,3428.0,3229.0,3232.0,2379.5,3308.0,3035.0,2949.0,2978.0,3249.0,3175.0,3162.5,2847.5,2873.5,3063.0,3102.0,2593.0,2731.5,3319.0,3434.0,2831.0,3347.5,3074.5,3188.5,3416.5,3644.0,3921.0,3234.0,3554.0,3076.0,1.0,
00000000000000000069_0,2101.5,3248.0,1879.0,2491.0,2173.0,2661.0,2775.0,1893.5,2256.0,2207.5,1955.0,1803.0,1865.0,1532.5,1484.0,1713.0,1313.5,1760.0,2097.0,1952.0,1565.0,1298.0,1026.0,1792.0,965.0,1268.0,893.0,1709.0,1968.0,2146.5,2651.0,2415.0,1977.0,1.0,
0000000000000000006a_0,3065.0,3566.0,2330.0,2692.5,2383.0,2422.0,2520.0,2408.0,2397.0,2655.5,2510.0,2414.0,2867.0,2285.5,2317.0,2280.5,2023.0,2283.5,3257.0,2260.0,2521.0,2681.5,3106.0,2552.0,2929.0,2790.0,2526.0,3076.5,2815.0,2937.0,2701.0,2955.5,2500.5,1.0,
0000000000000000006b_0,2733.5,2826.5,2942.0,2891.5,2992.0,2661.0,2803.0,2775.0,2746.0,3134.0,3061.0,2980.0,2858.0,2836.0,2875.0,2840.0,2633.0,2761.0,2862.0,2784.0,2838.0,3112.5,3174.0,2665.0,3022.0,3398.0,3248.0,2814.0,3195.0,3292.0,2678.0,3043.5,2890.0,1.0,
0000000000000000006c_0,3152.0,2864.0,2680.0,2817.0,2782.0,2425.0,2819.0,2599.0,2723.0,2610.0,2808.0,2802.0,2989.0,2611.0,2520.5,2516.0,2329.0,2665.0,2803.0,2530.0,2951.0,3208.5,3331.0,3047.0,3367.0,2888.0,3216.0,2869.0,3089.0,2807.0,2569.0,2619.0,2846.5,1.0,
0000000000000000006d_0,1871.0,2305.0,1788.0,1951.0,2159.0,2078.0,2312.5,2467.0,2268.5,1776.0,2066.0,2233.5,2092.0,2282.0,2063.0,2017.5,2300.5,2307.0,2321.0,2317.0,2289.0,2235.0,2383.0,2347.5,2356.0,2063.5,2452.0,1800.0,1786.5,2083.0,2189.0,2026.0,2119.0,1.0,
0000000000000000006e_0,3157.5,577.0,626.5,576.0,364.0,310.5,586.5,240.0,274.5,314.0,355.5,343.0,467.0,360.0,380.0,303.0,375.0,349.0,451.0,338.0,183.0,94.0,166.0,525.0,117.0,118.0,122.0,412.0,335.5,368.0,602.5,393.0,347.0,1.0,
0000000000000000006f_0,1116.5,1627.0,713.0,696.0,603.0,581.0,648.5,387.5,371.0,454.0,476.0,584.0,1944.0,575.5,501.0,509.5,611.0,488.0,763.0,505.0,381.0,281.0,231.5,581.0,179.0,170.0,183.0,489.0,463.0,494.0,841.0,590.0,489.5,1.0,
00000000000000000070_0,3909.5,3194.0,3316.5,3148.0,3309.0,3112.0,3132.5,3114.5,3279.5,3037.0,2727.0,2933.0,3866.5,3201.0,3035.0,2892.5,2946.0,3368.5,3358.0,3169.5,3306.0,3292.5,3539.0,3139.0,3709.0,3201.0,3768.0,3576.0,3636.5,3590.0,3254.0,3275.0,3340.0,1.0,
00000000000000000071_0,1874.0,1122.0,592.0,514.5,388.0,324.0,510.0,254.5,235.5,300.0,358.5,347.5,2055.5,365.0,362.0,347.5,326.0,338.5,410.0,313.5,195.0,249.0,158.0,561.5,115.0,112.0,124.0,427.0,313.0,385.0,804.0,393.0,311.0,1.0,
00000000000000000072_0,3522.0,3096.0,872.0,707.0,365.0,422.5,488.0,274.0,291.0,325.0,358.0,386.0,668.0,405.0,361.0,368.0,377.0,323.0,442.5,440.0,200.0,295.0,205.0,577.5,150.0,113.0,136.5,2205.0,364.5,463.0,663.5,432.0,396.5,1.0,
00000000000000000073_0,2881.5,3170.5,2513.0,2923.0,2577.0,2714.0,2723.0,2718.0,2947.0,3453.0,3260.0,2664.0,2761.0,2757.0,2558.0,2641.5,2664.5,2718.0,2922.5,2811.0,2667.0,3124.0,3047.0,3182.5,3057.0,3614.0,3365.0,3376.0,2430.0,2594.0,2977.5,3066.0,3026.0,1.0,
00000000000000000074_0,3263.0,3461.0,3030.0,2927.0,3570.0,3129.0,3639.0,3268.0,3193.5,3379.0,3162.0,2844.0,3525.0,2713.0,2518.0,2801.0,2643.0,2464.5,2647.0,2580.0,2488.0,2457.0,2875.5,3499.0,2687.5,2605.5,2580.0,3029.0,3871.0,3276.5,3501.0,3512.0,3058.5,1.0,
00000000000000000075_0,3701.5,3263.0,2850.5,2886.5,2872.0,2815.5,2992.0,2946.0,2860.0,2994.0,2934.0,2909.0,3301.0,2839.5,2742.5,2853.0,2755.5,2847.0,3034.0,2787.0,2958.0,2876.0,3021.0,3413.0,3174.0,3103.0,3093.0,2853.0,3344.0,3254.0,2912.0,2782.0,2889.0,1.0,
00000000000000000076_0,2484.0,2991.0,2524.5,2497.0,3002.0,2393.0,2744.0,2941.0,2486.0,2935.0,2897.0,2892.0,3350.0,2922.0,2539.0,2597.0,2919.5,2935.0,3005.0,2959.0,2964.5,2975.0,3430.0,3483.5,3264.0,2736.0,2619.0,3217.0,2801.0,2809.0,2650.5,2633.0,2604.0,1.0,
00000000000000000077_0,3246.0,3262.5,2742.5,2791.0,3032.5,2788.0,2748.5,3209.0,2911.5,3112.0,3028.5,2829.0,3451.0,2965.5,2692.0,2586.0,2506.5,2989.0,2992.0,2825.0,2915.0,3096.0,3186.0,3634.0,3424.0,3176.0,3071.0,3004.0,3287.0,3006.5,3199.0,3060.0,3041.0,1.0,
00000000000000000078_0,3729.0,3354.0,723.5,452.0,386.0,380.5,559.5,264.5,244.0,298.0,347.5,385.0,493.0,417.5,360.5,367.0,445.0,308.5,416.0,337.5,195.0,170.0,182.5,619.0,120.0,136.0,133.5,412.0,354.0,383.0,574.0,2292.0,347.0,1.0,
00000000000000000079_0,3636.0,3858.0,851.0,518.0,424.0,403.5,561.5,282.5,281.0,288.0,390.0,404.0,2897.0,378.5,374.5,377.0,434.0,370.0,440.0,346.0,345.0,185.5,189.5,643.0,127.0,156.5,172.0,448.0,394.5,340.0,973.0,471.0,402.5,1.0,
0000000000000000007a_0,3705.0,3615.5,3159.5,3235.5,3136.0,2876.0,2997.0,2925.0,2906.0,3511.0,3470.0,3145.0,3573.0,3160.0,3092.0,3081.0,3275.5,3016.0,3142.0,3066.5,3021.0,3330.0,3061.0,3317.0,3227.0,3568.0,3479.0,4283.0,3019.0,4121.0,3692.5,3225.0,3004.5,1.0,
0000000000000000007b_0,2103.5,2364.0,2351.5,2409.0,2420.0,2448.5,2707.0,2694.0,2650.5,2835.0,2666.5,2589.0,2748.5,2613.5,2381.0,2579.5,2698.0,2752.0,2718.5,2749.0,2781.0,2896.5,2920.0,2491.5,2814.0,2716.0,2788.0,2232.0,2519.5,2204.0,2912.0,2498.0,2379.5,1.0,
0000000000000000007c_0,1318.5,3592.5,621.0,826.0,689.0,331.0,530.0,260.0,420.5,268.5,286.0,296.0,3070.0,355.5,368.0,322.0,433.0,310.0,398.5,447.0,268.0,335.0,165.0,2872.0,109.0,134.0,132.5,2561.0,391.0,297.0,608.0,471.0,470.0,1.0,
0000000000000000007d_0,2429.0,2460.0,2150.5,2408.5,2196.5,2649.0,2689.5,2471.0,2194.0,2595.0,2694.5,2524.0,2193.0,2418.5,2445.0,2444.0,2535.0,2561.0,2629.0,2514.0,2448.5,2659.0,2686.0,2845.0,2489.0,2530.5,2819.0,3128.0,2816.5,2568.0,2520.0,2213.0,2279.5,1.0,
0000000000000000007e_0,3598.0,3911.5,3339.5,2640.0,3836.0,3323.0,3574.0,3014.0,2945.0,3425.0,3717.0,3414.0,3940.0,3293.5,3535.0,3063.5,3300.0,3437.5,3503.0,3214.0,3615.0,3691.0,3355.0,3976.0,3307.0,3565.0,3689.0,4070.0,4006.0,3887.5,3519.5,3765.0,3445.0,1.0,
0000000000000000007f_0,2109.5,2338.0,1746.0,2166.0,1918.0,2130.5,2240.0,2371.5,2074.0,2356.0,2007.5,2054.0,2310.0,2080.0,1752.0,2034.0,2059.0,2283.0,2190.5,2172.5,2046.0,2074.0,2288.5,2394.5,2213.0,2129.5,2383.5,2274.0,2222.5,2142.0,2107.5,2180.0,2014.0,1.0,
00000000000000000080_0,979.0,1944.0,986.0,1143.0,1770.0,2222.0,557.5,273.0,706.0,299.0,289.0,304.0,2593.5,340.0,274.0,266.5,319.0,529.0,284.5,274.0,220.0,263.0,196.0,402.0,128.0,159.0,291.0,336.0,734.0,325.0,748.0,512.0,505.0,1.0,
00000000000000000081_0,2162.0,3295.0,842.0,717.0,893.0,654.0,881.0,419.0,278.5,457.0,368.0,413.0,915.5,408.0,378.0,354.0,445.0,307.0,362.0,369.0,374.0,576.0,1645.0,582.0,164.5,190.0,167.0,507.0,2472.0,542.0,2149.5,393.0,569.0,1.0,
00000000000000000082_0,1987.0,2118.0,2258.0,2711.0,2645.0,2558.0,2919.0,2851.5,2634.0,2809.5,2924.0,2806.5,1967.0,2875.5,2644.0,2643.5,2783.0,2945.0,2870.0,2639.0,2961.0,2988.0,3155.0,2773.5,3101.0,2742.0,2924.0,2450.5,2291.0,2387.0,2600.0,2431.5,2369.0,1.0,
00000000000000000083_0,1845.0,1848.0,1305.0,2169.5,2088.0,2022.0,2248.0,2266.0,2015.0,2265.0,2321.0,2327.0,1759.0,1959.0,1793.5,2148.0,2415.0,2113.0,2227.0,2325.5,2142.5,1929.0,2509.0,2297.0,2487.0,2132.0,2241.0,1714.0,2235.0,1580.0,2546.5,2222.5,2140.0,1.0,
00000000000000000084_0,1661.0,2840.0,680.0,1086.0,2991.0,363.0,525.0,532.0,394.0,534.0,389.0,433.0,3643.5,456.5,365.0,366.0,439.0,380.0,373.0,445.0,600.5,741.5,485.0,2979.0,164.0,193.0,215.0,507.0,2585.5,2180.0,2108.5,1340.5,585.0,1.0,
00000000000000000085_0,4337.0,4496.0,4387.0,2461.0,3616.0,3366.0,3119.0,3608.0,3396.0,3252.0,3098.0,3285.0,4282.0,3340.0,3019.5,3102.5,3392.0,3401.0,3462.0,3452.0,3324.0,3514.0,3674.0,4249.5,3720.0,3516.5,3881.0,4405.0,4054.5,3932.0,3786.0,3010.5,3576.0,1.0,
00000000000000000086_0,2302.5,2396.0,2580.0,2491.0,2269.0,2311.5,2395.0,2465.0,2281.5,2538.0,2559.0,2060.0,2378.5,2211.0,2423.0,2540.5,2436.0,2475.0,3000.0,2605.0,2791.5,2986.0,2866.0,2435.0,2764.0,3016.5,2694.0,3093.0,3009.0,3039.0,2977.0,2633.0,2477.0,1.0,
00000000000000000087_0,2546.0,2718.5,1584.5,1364.5,1307.0,1389.5,1524.0,1654.0,1509.0,1703.0,1449.0,1531.0,2978.0,1515.0,1440.5,1605.0,1447.0,1474.0,1508.0,1498.0,2038.5,2194.0,1797.5,3077.5,1933.0,1842.0,1964.5,3011.0,2585.0,1577.0,1675.5,1527.0,1567.5,1.0,
00000000000000000088_0,1914.0,2019.0,1814.0,2671.0,2702.0,2319.0,2832.0,2793.0,672.5,942.0,336.0,413.0,468.0,437.0,411.0,426.5,946.0,2342.0,1990.0,2521.5,2176.0,2725.0,1793.0,1810.0,2273.0,290.5,643.0,2689.0,3845.0,2957.0,3155.0,2945.0,1990.0,1.0,
00000000000000000089_0,4161.0,4040.0,3789.0,3964.0,3761.0,3627.0,3525.0,3262.0,2982.5,3544.5,3420.5,3324.0,4088.0,3589.0,3048.0,3207.5,3185.0,3566.0,3406.0,3286.0,3291.0,3374.0,3638.5,3977.0,3353.5,3490.5,3570.5,4038.0,1988.0,3164.5,3645.0,3854.0,3704.0,1.0,
0000000000000000008a_0,1601.0,1791.5,2345.0,3226.0,2352.0,3602.0,1979.0,2505.5,2906.0,626.0,440.5,405.0,983.0,525.0,629.0,1583.0,2843.5,2515.0,2436.0,2813.5,2460.0,2908.0,2669.0,2169.0,2466.0,2994.0,3154.5,3535.0,3624.0,3619.0,3051.0,3137.0,2136.5,1.0,
0000000000000000008b_0,3119.0,3122.0,3006.0,2172.0,2528.0,2647.5,2667.0,2882.0,2968.0,3184.0,3333.0,2549.0,3632.0,2577.0,2647.0,3051.0,2700.5,2998.5,2955.0,2811.0,2995.0,3017.0,3480.0,3655.0,3320.0,3168.0,3391.0,3544.0,1440.0,2858.0,2835.0,2754.0,2787.0,1.0,
0000000000000000008c_0,2550.0,2993.5,1505.0,2271.0,2368.0,2476.0,2413.0,2665.0,2219.0,2520.5,2692.0,2456.0,2482.5,2529.5,2364.0,2447.5,2394.0,2796.0,2389.0,2616.0,2440.0,2546.0,2814.0,2387.0,2663.5,2659.0,2850.0,3010.0,2059.0,2267.5,2790.5,2889.5,2511.0,1.0,
0000000000000000008d_0,2843.0,3066.5,2595.0,2472.5,2706.0,3249.0,3132.5,3101.0,2701.0,2751.0,2959.5,2955.0,3087.0,3023.0,2710.5,2724.0,2736.0,2921.0,3067.0,2794.0,2633.5,3186.0,3070.5,3085.0,2945.0,2906.5,3124.0,2579.0,2604.5,2652.0,2751.0,2593.0,2643.5,1.0,
0000000000000000008e_0,2896.5,2984.5,2878.0,3010.0,2752.5,2953.5,2997.0,2945.5,2816.5,3023.0,3197.5,3255.5,3552.0,3227.5,3172.5,3022.0,3277.0,3177.0,3145.0,2655.0,3444.0,3999.0,3810.0,3418.0,3603.5,3865.0,2943.0,3357.5,3205.5,3484.0,3586.0,3158.5,2870.5,1.0,
0000000000000000008f_0,2832.0,2274.5,2272.5,2218.0,2046.0,2147.0,2109.0,2773.0,2312.0,2635.5,2700.0,2627.5,2063.5,2436.0,2212.5,2470.0,2572.0,2549.0,2539.0,2528.0,2492.0,2469.0,2521.0,2777.0,2575.0,2535.0,2831.0,2208.0,2341.0,2023.0,2685.0,2811.0,2751.0,1.0,
00000000000000000090_0,2993.0,3200.0,2550.0,3256.0,3394.0,2968.0,2724.0,2944.0,2864.5,3243.0,3149.0,2783.0,3124.0,2879.0,2779.0,2680.0,2609.0,2789.0,2748.5,3039.0,2729.0,3174.0,3042.5,3447.0,3401.0,3438.5,3406.0,3443.0,3346.0,3060.0,3285.0,3044.5,3087.5,1.0,
00000000000000000091_0,2695.0,2661.0,2396.0,2871.0,2865.0,2971.0,3029.0,2985.0,2644.0,3064.0,3166.0,3146.0,3372.0,2772.5,2721.0,2827.0,2631.0,2786.0,2726.5,2880.0,3086.0,3315.5,3415.0,2855.5,2814.0,3124.5,3365.0,3405.0,3106.5,3028.0,3346.5,2898.5,2988.0,1.0,
00000000000000000092_0,3249.0,3379.5,2513.0,2548.0,2654.0,2338.0,2603.0,2588.0,2528.5,2696.0,2758.0,2656.0,3323.0,2647.0,2544.0,2646.0,2506.0,2463.5,2817.0,2670.0,2660.0,2887.0,2796.5,3215.0,2500.5,2563.0,2681.5,2682.0,3109.0,3023.0,3121.5,2827.0,2600.5,1.0,
00000000000000000093_0,1852.0,3306.5,2024.5,2012.5,3156.0,2792.0,1438.5,2474.0,1633.0,755.0,547.0,635.5,2798.0,640.0,834.0,2456.5,1683.0,2174.0,2457.5,2200.0,2429.0,2151.0,2401.0,1293.0,2491.0,2134.0,2599.0,1198.0,3803.0,2561.0,2680.5,2639.0,2045.5,1.0,
00000000000000000094_0,4205.0,4480.0,3529.0,3222.0,3298.0,2901.0,3526.0,3163.0,2924.0,3070.0,3167.0,3229.0,4574.0,3423.5,3245.0,3233.0,3304.5,3330.0,3236.0,2972.0,3335.5,3361.0,3653.0,4256.0,3444.0,3319.0,3584.5,3741.5,3056.0,3648.0,3159.5,3213.0,3185.0,1.0,
00000000000000000095_0,3167.0,3272.5,3589.0,2990.5,3214.0,3064.5,3146.5,2816.0,2887.0,3060.0,3067.0,3429.5,3102.5,3498.0,3081.5,2981.5,2848.0,3453.0,3084.5,2921.0,2751.5,3262.0,3125.0,3350.5,2607.0,3481.0,3363.0,3538.0,3295.0,3844.0,3358.0,2988.0,3024.0,1.0,
00000000000000000096_0,3330.0,3164.0,3582.0,3742.0,4090.5,3792.0,3652.5,3422.0,3145.0,3787.5,3557.0,3772.5,3465.0,3587.0,3346.0,3288.0,3404.0,3607.0,3727.0,3126.0,3787.5,3865.0,3944.0,3374.5,3821.0,3686.0,3655.0,3486.0,2616.0,3531.0,3451.0,3250.0,3529.0,1.0,
00000000000000000097_0,3330.0,3418.0,3062.0,2883.5,3112.5,2813.5,2851.0,3083.0,2988.5,3638.0,3392.0,3049.0,3209.0,2956.0,2685.0,2862.5,2965.0,2930.0,3198.0,2874.0,2961.0,3268.5,3356.0,3304.0,3480.5,3547.0,3399.0,3070.0,2402.0,3235.0,3784.0,2657.0,2990.0,1.0,
00000000000000000098_0,2756.0,3264.0,2143.5,2526.0,2926.0,2124.0,2660.0,2614.0,2372.0,2603.0,2784.5,2460.5,2771.0,2752.0,2570.0,2669.0,2529.0,2692.0,2885.5,2563.0,2621.0,3192.0,2997.0,3110.5,3102.0,3059.0,3063.0,2876.5,3153.0,3533.0,2340.5,2379.5,2646.5,1.0,
00000000000000000099_0,2556.0,2910.0,2989.0,2943.0,2851.0,2471.0,2667.0,2923.0,3282.0,3377.0,3169.0,3085.0,2942.0,3269.0,2949.5,3068.0,3049.0,2784.5,2669.0,2378.0,2598.0,2725.5,2619.0,2589.0,2495.5,2695.0,2959.0,2425.5,2937.0,1288.0,2260.0,2139.5,2921.5,1.0,
0000000000000000009a_0,3283.0,3219.0,2895.5,2918.0,3182.0,2734.0,2835.0,3134.0,2894.0,1846.0,1860.0,1975.0,3440.0,1639.0,2068.0,2973.0,3141.0,2979.0,2947.0,2826.0,3098.5,3688.5,3399.0,3271.0,3140.5,3666.0,3254.0,3212.0,3414.0,3357.0,3026.0,2799.0,3072.5,1.0,
0000000000000000009b_0,2434.5,2536.5,2251.0,2423.0,2539.0,2148.5,2358.5,2557.0,2400.0,2610.5,2579.0,2387.0,2197.0,2597.0,2213.0,2347.0,2426.0,2642.5,2902.0,2438.0,2676.0,2733.0,2803.0,2336.0,2747.5,2819.0,2580.5,2461.0,2546.0,2630.5,2678.5,2221.5,2436.5,1.0,
0000000000000000009c_0,3321.0,3438.0,3257.5,3124.5,3043.0,3132.5,3210.0,3161.5,3130.0,3147.0,3176.0,2971.0,3448.0,3009.0,3090.0,3042.5,2936.0,2877.0,3126.5,3148.5,3212.5,2307.0,3854.0,3374.0,3763.0,3656.0,3712.5,3349.0,3474.0,3511.0,3132.0,2659.0,3471.0,1.0,
0000000000000000009d_0,2404.0,2080.0,3197.0,3076.5,3036.5,3533.5,2536.0,3245.5,3096.5,3243.0,3326.5,2836.0,2593.0,3462.0,3480.0,3815.0,2667.0,2827.0,3528.0,3654.0,3966.5,3122.5,4035.0,2498.0,3888.0,4311.0,4062.0,2629.5,2205.0,2673.0,2871.0,2613.0,2663.0,1.0,
0000000000000000009e_0,2279.0,2633.0,2616.0,2461.0,2093.0,2617.0,2474.0,2336.0,1953.0,2494.5,1934.0,820.0,2054.0,675.0,535.0,597.0,709.0,600.0,1988.0,2924.0,1840.0,1286.0,2168.0,2308.0,2169.0,2593.0,2547.5,2663.5,1363.0,1842.0,2817.0,1818.0,2735.0,1.0,
0000000000000000009f_0,2068.0,1984.5,1900.0,2120.0,2146.0,2130.5,2032.5,1882.0,1931.0,2010.0,1939.5,1957.0,1856.0,1916.0,1991.0,1911.0,1872.0,1925.0,2018.0,1845.0,1770.0,2129.0,2296.0,1818.0,2316.0,2690.0,2434.5,1947.0,1782.0,1768.0,2173.0,2077.0,1976.5,1.0,
000000000000000000a0_0,2279.0,2802.0,2885.0,2508.0,1819.0,2746.0,2500.0,2614.5,2477.5,2812.0,1878.5,647.0,1890.0,751.0,598.5,881.0,795.5,695.0,2612.5,2290.0,2016.0,1742.0,2170.0,2760.0,2237.5,2266.0,2371.0,3052.0,1274.0,2129.0,2510.0,1819.0,2775.0,1.0,
000000000000000000a1_0,2745.0,2526.0,2724.0,2852.0,2370.0,2412.0,2629.0,2303.0,2193.5,2459.0,2380.0,2146.0,1913.0,2196.5,1893.0,2434.0,2223.5,1913.5,2395.0,2272.0,2301.5,1903.0,2445.0,1813.0,2473.5,2173.0,2051.5,1652.5,1751.0,2362.0,2258.0,1040.0,2438.5,1.0,
000000000000000000a2_0,3028.0,3074.0,2929.0,2907.0,2672.5,2812.5,2762.0,2508.0,2509.0,2809.0,2796.5,2415.0,3322.0,2397.5,2298.0,2396.5,1997.0,2141.5,2216.0,2005.0,2072.0,2498.5,2710.0,3036.0,2312.0,2267.0,2330.5,3174.0,3058.0,3097.0,2914.0,2840.0,2851.5,1.0,
000000000000000000a3_0,1231.5,1247.5,2270.0,2428.0,2560.0,1646.5,2436.5,2408.0,1373.0,2010.0,2153.5,2677.0,1177.0,2805.0,2898.0,2478.0,2859.5,2717.0,3112.0,2398.5,3109.0,2945.0,2680.0,1193.0,2597.5,2607.0,1659.0,985.0,1112.0,1241.5,1710.5,1828.5,1904.5,1.0,
000000000000000000a4_0,2699.0,2323.5,3134.5,3042.0,2970.5,3131.5,3135.0,2492.5,2588.0,2538.0,2752.5,2862.0,2960.0,2917.0,2802.0,2826.0,3011.5,3087.0,3026.0,2604.0,2921.0,3080.0,2965.0,3075.0,2978.0,2790.5,2846.0,3195.0,2907.5,2807.5,3291.0,3041.0,2952.0,1.0,
000000000000000000a5_0,3431.0,3337.0,3429.0,3310.5,3313.0,3274.0,3286.5,3091.0,3161.0,3113.5,3102.0,2947.0,3419.0,3014.0,2945.0,3120.5,2943.0,3113.0,3336.0,3143.0,3097.0,3316.0,3465.0,3434.0,2216.5,2387.5,2666.0,3504.5,3245.0,3428.0,3203.0,3154.0,3332.0,1.0,
000000000000000000a6_0,2022.0,2121.0,2124.0,2308.0,3142.0,2255.0,2206.0,2184.0,2247.5,2180.0,2545.0,2466.5,1506.5,2858.0,2979.0,2616.0,3270.0,3222.5,3621.0,3611.0,3339.5,3376.0,2481.0,1749.5,2370.0,2702.0,2239.5,2348.5,2700.0,2237.0,2730.5,3549.0,3124.5,1.0,
000000000000000000a7_0,1618.0,1930.0,1532.0,1582.0,2536.0,1593.0,2701.5,3245.5,1985.5,2612.0,2050.5,2296.5,2261.0,1935.0,2501.0,2885.5,2741.0,2098.0,2311.0,2584.0,2351.5,2129.5,2836.0,2572.0,3301.5,2680.0,3576.0,2585.0,2959.0,1781.0,1327.5,1480.0,1483.5,1.0,
000000000000000000a8_0,3091.0,2009.0,2226.0,3241.0,2107.0,2575.5,3030.0,2795.5,2765.5,2879.0,2443.0,3213.5,2368.0,3443.0,1363.5,2017.0,2336.5,2647.0,3009.0,1826.0,2840.5,2890.0,2999.0,3059.0,2807.0,2680.0,2853.5,4161.0,3477.0,3442.0,3407.0,3535.0,2995.5,1.0,
000000000000000000a9_0,2929.0,2927.5,2278.0,2969.0,3505.5,3254.0,2454.0,2759.0,2862.0,3190.5,3406.0,2807.0,2952.0,2901.0,2460.0,2642.0,2633.0,2902.0,2623.0,2740.0,2615.0,3162.0,3318.5,3056.0,3190.5,3330.0,3321.0,3331.0,2935.0,3009.0,3176.0,2849.0,2472.0,1.0,
000000000000000000aa_0,965.5,1674.0,787.0,1285.0,1116.5,1567.0,1470.0,1747.0,1606.0,1874.5,1773.0,1805.5,1791.5,1490.0,1111.0,1982.5,2048.5,1438.0,1862.5,1686.0,1830.0,1154.0,1926.0,2291.0,2014.0,1558.0,1628.0,1279.0,2252.5,1233.5,2012.0,1999.0,1980.0,1.0,
000000000000000000ab_0,2794.0,2919.0,2165.0,1090.0,1669.5,1334.0,2560.0,2257.5,1686.5,1570.5,1280.0,2354.5,2335.0,2935.0,2419.0,2503.0,2549.5,1668.0,2447.0,2462.0,2024.0,2293.0,2666.0,2525.0,2165.5,2381.5,2433.0,3306.5,3384.0,3173.0,2469.5,3059.5,3120.5,1.0,
000000000000000000ac_0,2679.0,3263.0,3004.0,3353.0,3001.0,2050.0,2147.0,2466.5,2466.0,2431.5,2280.0,2497.0,3156.5,2891.5,2977.0,2471.5,2318.0,1546.0,2771.0,2553.0,2613.5,2573.0,2705.0,3367.5,2785.0,2296.0,3147.5,3235.0,3612.5,2494.0,2299.5,2576.0,2637.5,1.0,
000000000000000000ad_0,2979.0,3038.5,2932.5,3222.0,3140.0,2507.5,2106.0,2142.5,3131.0,2320.0,1988.5,2278.0,2738.5,2633.0,2563.0,2161.0,2654.0,1963.0,2718.0,2756.0,2478.0,1525.0,2569.5,3330.0,2219.0,2315.0,2387.5,2934.0,4504.0,2154.0,1982.0,2205.0,2496.0,1.0,
000000000000000000ae_0,1967.0,2769.5,3406.0,3434.0,3346.0,3461.0,3467.0,3761.0,3458.0,3164.0,2589.0,3134.0,2459.0,3251.5,3318.0,3483.0,3523.0,2782.0,3384.0,3019.0,3517.5,2456.5,2953.0,1926.0,3315.0,2491.0,3688.5,2561.0,1661.0,2792.5,3393.0,3159.0,3722.0,1.0,
000000000000000000af_0,2750.0,2856.0,3259.5,3031.0,2847.0,3357.5,2900.0,3183.5,2846.0,2851.0,2976.0,2734.0,3118.0,2980.0,2295.0,2949.0,2517.0,3071.0,2927.0,3095.5,2847.0,2587.0,2716.5,2963.0,2849.0,3185.0,3138.0,3214.0,2942.0,3431.0,3131.0,2768.0,3333.0,1.0,
000000000000000000b1_0,2371.5,2764.0,2298.0,1872.5,2248.5,1379.0,2627.0,2107.5,1607.0,1515.5,1247.0,1990.0,2441.0,2495.0,2369.0,2472.0,2381.0,1799.0,2580.0,2479.5,2084.0,2074.0,2647.0,2532.0,2219.5,2204.0,2590.0,2912.0,3026.0,2684.0,1374.5,2524.0,2569.5,1.0,
000000000000000000b2_0,2918.0,3265.0,2974.0,3433.0,3272.0,2983.5,3122.0,3422.0,3183.0,3033.0,2980.0,2977.5,2965.0,2951.0,2997.0,3028.0,2935.0,2965.0,2890.5,2973.0,3026.0,3174.0,3158.0,3271.0,3605.0,3104.0,3612.0,3984.0,3241.5,3178.0,3361.0,3271.0,3320.0,1.0,
000000000000000000b3_0,2819.0,2553.0,2743.0,2524.0,2722.0,3407.0,2728.0,3022.5,2401.5,3163.0,3033.0,2831.5,2974.0,2338.0,2913.0,2977.0,2342.0,2644.0,2801.5,2781.0,2696.0,3197.5,3172.0,1749.0,3121.0,2951.5,2864.5,2268.0,2244.0,2299.0,1441.0,1813.0,1890.0,1.0,
000000000000000000b4_0,3929.0,2263.5,2184.0,2604.0,2271.0,3620.5,3003.5,3492.0,3168.0,2485.5,3249.5,3559.0,2784.5,3621.0,2719.0,3669.0,3306.0,3435.0,3588.0,3254.0,3161.0,3694.0,3828.0,3013.0,4117.0,3885.0,3258.0,2903.5,3080.0,3066.0,4054.0,3561.5,2155.0,1.0,
000000000000000000b5_0,2542.0,2412.5,2898.0,2690.5,3175.0,2692.0,2426.0,3024.0,2359.0,2666.0,2847.5,2651.0,2570.0,2627.5,2433.0,2579.0,2469.0,2477.0,2485.5,2525.5,2589.0,2198.0,2792.0,2412.0,2926.5,3285.0,3368.0,2710.0,2837.0,2722.5,3132.5,2792.0,2757.0,1.0,
000000000000000000b6_0,2812.0,3317.0,3619.0,3313.0,3099.5,3325.0,3286.0,3118.0,3026.0,2929.0,3165.0,3094.0,3358.5,3114.5,3091.0,3055.0,3114.0,3355.0,3234.0,3367.0,2980.0,3362.0,3211.0,3018.0,3311.5,3559.5,3666.0,3332.0,2912.0,3757.0,3188.5,3179.0,2927.5,1.0,
000000000000000000b7_0,1140.5,1730.0,1106.0,1320.0,1801.0,1295.0,1516.0,1481.5,1392.0,1323.0,1537.0,1349.0,1782.0,1335.0,1337.0,1562.5,1301.0,1352.0,1473.0,1499.0,1696.0,1074.0,1291.5,1277.0,1402.0,1281.0,1221.0,1835.5,1444.0,1780.0,2132.0,1621.0,1022.0,1.0,
000000000000000000b8_0,3627.0,2009.0,3739.0,3392.0,3235.0,3860.0,3830.0,3440.0,1358.0,2321.0,3426.0,2878.0,1449.0,2271.0,1993.0,2138.0,2384.0,2341.0,2951.0,2537.0,3388.5,1919.0,3103.0,2119.0,3303.0,2661.0,3239.5,2264.0,2758.0,3500.5,4124.5,1694.0,3459.0,1.0,
000000000000000000b9_0,1957.0,1972.5,1728.0,2194.0,2495.0,2967.0,2595.0,2688.0,2763.0,2747.5,3000.0,2535.0,2240.5,2578.0,2518.0,2386.0,2323.5,2575.0,2654.0,2767.0,2816.0,2736.0,2722.0,2396.0,3077.5,2626.0,3357.0,2445.5,2462.0,2427.0,2305.0,2400.5,1824.0,1.0,
000000000000000000ba_0,2613.0,2695.0,2647.0,3067.0,3236.0,2721.0,2808.0,3037.0,2977.5,3258.5,3069.5,2667.5,2674.5,2636.0,2425.0,2594.0,2429.0,2481.0,2632.5,2719.0,2836.0,3047.5,3281.0,2864.0,3343.0,3258.0,3084.0,2880.0,3056.0,2642.0,3151.5,3008.0,2976.0,1.0,
000000000000000000bb_0,3372.0,3101.0,3536.5,3438.5,3282.0,3064.5,3401.5,2969.5,3136.5,3317.0,3056.5,3497.0,3401.0,3586.0,3497.5,3332.0,3155.0,3616.0,3374.5,3274.0,3299.0,3713.0,3448.0,3408.0,3225.0,3729.0,3600.0,3657.0,3253.5,3510.5,3499.0,2961.0,3312.0,1.0,
000000000000000000bc_0,3543.0,3750.0,3367.0,3519.5,3001.0,3628.0,3639.0,3202.0,4340.0,4010.0,3699.0,3497.0,2866.0,3225.0,3170.0,3794.5,3303.0,3115.0,2333.5,3598.0,3426.5,3913.0,3722.0,3195.0,3725.0,4096.0,4260.5,3483.0,3883.0,3692.0,3619.0,3854.0,3178.5,1.0,
000000000000000000bd_0,3762.5,3710.0,2776.0,3043.0,3244.0,2858.0,2883.0,2838.0,2778.0,3088.5,3089.5,2708.5,4000.5,3035.5,2565.0,2785.0,3018.0,3129.5,3263.5,2594.0,2508.5,2743.5,2660.5,3966.0,2588.0,2723.0,2644.0,4163.5,3860.0,3721.0,3053.5,3245.0,3204.5,1.0,
000000000000000000be_0,2409.5,3126.0,2192.0,2233.0,2234.0,2335.0,2397.5,2377.5,2325.0,2350.0,2636.0,2339.5,3114.0,2652.0,2299.0,2387.0,2567.5,2871.0,2753.0,2439.0,2570.5,2625.5,2527.0,3518.0,2652.0,2710.0,2649.0,3549.0,2175.0,2821.0,2744.0,2350.0,2400.5,1.0,
000000000000000000bf_0,3297.0,3789.0,2954.0,3143.0,2720.0,2676.0,3054.0,2744.0,4064.0,3949.0,3699.0,3407.0,2448.0,2871.0,3101.0,3721.5,3261.0,2932.0,2161.0,3350.5,3586.0,3978.0,3601.0,3037.0,3140.0,3339.0,3452.0,3348.0,3914.0,3819.5,3154.0,4050.0,3142.0,1.0,
000000000000000000c0_0,2474.5,2130.0,2364.0,2264.0,2448.0,2495.0,2362.5,2623.0,2737.5,2506.0,3089.0,2786.0,2372.0,3217.0,2887.0,3061.0,2107.0,2709.5,2426.0,3230.0,3045.0,3821.0,3626.0,2786.0,3713.0,3598.0,3943.0,2839.0,2597.0,2101.0,2519.0,2589.0,2066.0,1.0,
000000000000000000c1_0,2800.0,2820.0,2145.5,2660.0,2595.5,2554.0,2603.0,2685.0,2660.0,2627.0,2586.5,2815.0,2848.0,2910.0,2641.5,2717.0,2780.0,3126.0,2769.0,2723.0,2959.0,2843.0,2693.5,2890.0,2982.0,2893.0,2607.0,2683.0,2865.5,2610.0,2891.0,2266.0,2641.0,1.0,
000000000000000000c2_0,4114.0,1364.5,2659.0,2432.0,2868.0,2698.0,2465.0,2848.0,2912.0,2464.5,4035.0,2738.0,1290.0,2704.0,2814.5,3361.0,1666.0,2461.0,3296.0,3318.5,3058.5,3452.0,2627.0,1474.5,3180.0,2706.0,3415.0,1893.5,1641.5,1663.0,2159.0,2436.0,3803.5,1.0,
000000000000000000c3_0,1571.0,1387.5,3540.0,3647.5,2937.0,2715.0,3245.0,1431.5,2025.0,1749.0,2129.0,3206.5,1369.0,3641.0,2590.0,2912.0,1972.5,2479.0,1700.5,2223.0,3730.0,2864.0,3012.0,2236.0,2282.0,3082.0,3367.5,2259.0,2556.0,3699.0,3601.0,3363.0,3448.5,1.0,
000000000000000000c4_0,2227.0,2372.0,2654.0,2715.0,3651.0,2301.0,2462.0,1880.0,1657.0,1794.0,1618.0,2516.0,2411.0,2200.0,2141.0,2309.5,1901.0,1981.5,2022.0,2255.5,2419.0,3109.0,2900.0,2501.0,2932.0,2401.0,2915.5,2751.5,3212.0,3341.0,2722.0,3093.5,2643.0,1.0,
000000000000000000c5_0,2249.0,2908.0,2496.0,2642.0,3032.0,2032.5,2298.5,1765.0,1619.0,1238.0,1060.5,1874.0,2261.0,1734.0,1751.0,2008.0,1553.0,1727.0,1916.0,2261.0,2339.0,2810.0,2825.0,1882.0,2633.0,2540.0,2910.0,2668.0,3338.0,3843.0,2305.0,2304.5,2412.0,1.0,
000000000000000000c6_0,2480.0,3052.0,2685.0,2840.0,3217.0,2163.0,2379.0,1707.0,1719.0,1393.0,1084.5,1836.5,2347.0,1814.0,1841.0,2418.0,1769.0,1793.5,1987.0,2394.5,2460.0,2835.5,2792.0,2302.0,2651.0,2593.0,2928.5,2951.5,3551.0,3992.0,2692.0,2464.5,2605.0,1.0,
000000000000000000c7_0,2345.0,3090.0,2855.0,1875.0,2538.0,681.5,1286.5,956.5,432.0,537.5,896.5,484.5,2817.5,641.0,1489.5,1067.5,750.0,315.0,361.0,301.0,335.0,230.0,207.0,3644.0,149.0,260.0,308.5,3662.0,3482.5,2814.0,2442.0,2913.0,2577.0,1.0,
000000000000000000c8_0,3803.5,3137.0,3826.5,3225.0,3912.0,3230.0,3896.0,3371.5,3540.0,3448.0,3795.5,3673.0,3922.0,4049.5,3671.0,3438.5,3836.0,3759.0,3605.5,3656.5,3614.5,3667.5,3809.0,3830.0,3718.0,3617.5,3966.0,4142.0,2837.5,3809.0,3635.0,3594.0,3063.0,1.0,
000000000000000000c9_0,3334.0,3509.5,3482.0,3267.0,2841.5,2541.0,3026.0,2995.0,2720.0,3232.0,3092.0,3047.5,3360.5,3062.5,2816.0,2871.0,2733.5,2883.5,2768.5,2757.0,2772.5,2798.0,3071.0,3838.0,3266.0,3510.0,3614.0,3626.0,3392.0,3453.0,3250.0,3316.0,3193.0,1.0,
000000000000000000ca_0,3233.0,2195.0,2668.0,2500.0,2057.0,1605.0,2762.0,3102.0,2486.5,2182.0,2407.0,2344.5,3044.5,2511.5,2442.5,2387.0,2095.0,2879.5,3126.0,2905.0,3120.5,3463.0,3140.0,1438.0,2980.0,2584.0,2744.0,2016.5,1374.5,1760.0,2524.0,3107.0,3219.5,1.0,
000000000000000000cb_0,3555.0,2899.5,2702.0,3815.5,3923.0,3431.5,3185.0,3405.0,3414.0,3381.0,3332.0,3074.5,3327.0,3285.0,3136.5,3175.5,3318.5,3569.0,3503.0,3105.0,3096.0,3049.5,3450.5,3367.0,3283.0,3354.0,3516.5,3238.5,3567.5,3409.0,3185.0,3124.0,3420.5,1.0,
000000000000000000cc_0,2375.5,2583.0,2192.0,2276.0,2401.0,2314.0,2239.5,2509.0,2535.5,2597.0,2683.0,2485.5,2715.5,2381.5,2530.0,2346.0,2709.0,2784.0,2393.5,2672.5,2712.0,2688.0,2632.5,2835.5,2660.0,2679.5,2435.5,2577.0,2878.0,2415.0,2471.0,2627.5,2329.0,1.0,
000000000000000000cd_0,2361.0,2822.0,2317.0,2594.5,2580.0,2469.0,2799.0,2770.0,2557.5,2776.0,2739.0,2952.0,3020.5,2662.0,2499.0,2363.0,2461.5,2704.5,2458.0,2321.5,2740.0,2536.0,2563.0,2872.0,2832.5,2559.0,2900.0,2816.0,2515.0,2423.0,2650.0,2756.0,2786.0,1.0,
000000000000000000ce_0,3009.0,3196.0,2831.0,3368.0,3573.0,2222.0,3429.5,2988.5,2980.5,3239.0,3443.0,3413.0,3579.0,3600.0,3541.5,3624.0,3368.5,3656.5,3668.5,3184.0,3107.0,3583.0,3558.0,3597.0,3803.5,4083.0,3852.0,3891.5,3083.0,3918.0,3865.0,2353.0,3867.0,1.0,
000000000000000000cf_0,3486.0,2000.0,3893.0,3474.5,2435.0,3306.0,2678.0,3265.0,2957.0,3347.0,2957.0,2757.0,1634.5,2400.0,2671.0,2763.0,3131.0,3201.0,2811.0,3193.0,3605.0,3172.0,3590.5,2701.0,3663.0,3373.0,4072.0,2568.0,3032.0,2935.0,4229.0,1133.0,3425.0,1.0,
000000000000000000d0_0,2589.0,2788.0,2445.0,3120.0,3245.0,2862.5,2892.0,2789.0,2882.5,3213.0,3047.5,2797.0,2743.5,2990.0,3234.0,2979.0,2809.5,2736.5,2397.0,2284.0,2580.0,2784.5,3029.5,3326.0,3481.0,3940.0,4142.5,2951.5,2846.0,3149.5,3003.0,2738.0,3225.5,1.0,
000000000000000000d1_0,1462.5,3581.0,2544.0,2226.0,2623.0,2561.0,2943.0,2854.5,2474.0,2972.5,2827.5,2879.0,3475.0,2346.0,2338.0,2404.5,3041.0,2615.0,3004.0,2571.0,2353.0,2762.0,3028.5,3037.0,3219.0,3175.5,2763.0,3561.5,3210.0,2403.0,3910.0,3064.5,3287.0,1.0,
000000000000000000d2_0,2877.0,2978.0,2937.0,2914.0,3480.0,3276.5,2754.0,2445.0,1928.5,350.0,390.0,744.0,3149.5,509.0,363.0,504.0,410.5,378.5,465.0,384.0,540.0,233.0,292.0,2394.0,159.0,244.0,270.5,2196.0,3199.5,566.0,1229.0,2166.0,2796.0,1.0,
000000000000000000d3_0,1480.0,1989.5,713.0,1552.0,1882.0,1578.0,1739.0,1951.0,1720.5,1955.0,2048.0,1894.0,1842.0,1575.0,1450.0,1739.5,2008.0,1658.0,1778.0,2244.0,1720.0,1549.5,2060.0,2020.0,2106.0,1607.0,1805.0,1345.0,1761.0,1607.0,2054.0,2019.0,2228.0,1.0,
000000000000000000d4_0,2893.5,3138.0,3050.0,2923.0,3211.0,2840.0,2836.0,2864.0,2571.0,3054.0,3218.5,3050.5,3080.5,3195.0,3152.0,3125.0,2346.0,3034.0,2562.0,2756.5,2807.0,3266.0,3298.5,2929.0,3321.5,3661.0,3777.0,3246.0,3156.0,2952.0,3433.0,3372.0,2871.0,1.0,
000000000000000000d5_0,2009.0,934.0,294.0,484.0,311.0,340.0,434.0,273.0,245.5,272.0,236.0,258.0,2452.0,300.0,266.5,250.0,320.0,261.0,345.0,304.0,206.0,111.0,154.0,454.0,94.0,99.0,110.5,327.0,276.5,309.0,568.0,523.0,336.0,1.0,
000000000000000000d6_0,4320.0,3869.5,1474.0,2721.0,2652.0,2498.0,2906.0,2581.0,3333.0,3441.5,2756.0,2959.0,3673.5,2888.0,1221.5,3341.0,2766.0,2627.0,2931.5,3220.0,3372.0,3815.0,1663.5,3031.0,3302.0,3976.0,3640.0,3657.0,2907.0,1458.0,1592.0,3211.0,2301.5,1.0,
000000000000000000d7_0,2208.5,3023.0,1611.0,2567.5,2350.0,2372.0,2521.5,2268.0,2227.0,2481.5,2738.0,2599.0,2841.0,2419.5,2185.0,2350.5,2631.0,2412.0,2458.0,2281.5,2255.0,2426.0,3037.0,3000.0,2593.5,2810.0,2828.0,2862.0,2427.0,2209.5,3866.0,2603.5,2716.5,1.0,
000000000000000000d8_0,4136.0,4211.0,1709.0,2760.0,3202.0,2422.0,3056.0,1700.0,2874.0,3043.0,1764.0,3184.0,3648.5,2433.0,1177.0,3708.5,2556.0,2785.0,2927.0,3304.0,3478.0,2957.0,3515.0,3492.0,3828.0,3603.0,3406.0,3670.0,1368.0,3672.0,1921.0,3733.0,3005.0,1.0,
000000000000000000d9_0,313.0,436.5,348.0,517.0,370.0,283.5,437.0,275.5,263.0,333.0,311.0,292.0,316.0,318.5,288.0,303.5,357.5,307.0,353.0,362.0,152.0,142.0,147.0,411.0,99.0,116.0,105.0,257.0,395.0,338.0,615.0,647.0,407.5,1.0,
000000000000000000da_0,4269.5,3653.0,4080.0,1964.5,2857.0,3062.0,3191.0,3040.0,3545.5,2909.0,3420.0,2757.5,3773.5,2657.0,2603.0,2921.0,3381.0,2627.0,3035.0,3389.0,3421.5,3011.5,2106.5,3626.0,2590.0,2249.0,3791.0,3574.0,3357.5,3578.0,2013.0,2883.5,2356.0,1.0,
000000000000000000db_0,2912.5,3335.0,2918.0,3249.0,3129.0,3133.0,2896.5,2630.0,2812.0,3122.0,3213.0,3110.5,3253.0,2979.0,2848.0,2814.0,2978.5,2888.0,3322.5,2798.0,2944.0,2692.0,3169.0,3209.5,3139.5,3604.0,3264.0,3490.5,3017.5,2825.0,3264.0,3651.5,3035.0,1.0,
000000000000000000dc_0,2565.0,2628.5,2148.5,2115.0,2471.0,2085.0,2235.5,2168.0,2439.5,3048.0,2864.0,2645.0,2923.0,2688.0,2229.0,2574.0,2562.5,2702.0,2785.5,2485.0,2725.0,2816.0,3032.0,2664.0,2690.0,2563.0,3068.0,2974.0,2587.0,3184.0,2726.0,2618.0,2755.0,1.0,
000000000000000000dd_0,2458.0,3208.0,3436.5,3026.5,3319.0,3169.0,2911.0,2900.0,3208.0,3290.5,3324.5,2837.0,4025.5,2892.0,3057.0,2946.0,2447.0,2782.0,3235.0,2583.0,3360.0,3570.0,3150.0,3454.0,3065.0,3046.5,3337.5,3404.0,3272.0,3652.0,3475.0,3686.0,3273.5,1.0,
000000000000000000de_0,992.0,2407.0,297.0,446.0,332.0,269.0,461.0,222.5,225.0,264.0,288.0,318.0,507.5,312.0,290.0,258.0,330.0,305.0,388.0,304.0,235.5,108.0,138.0,407.5,102.0,104.0,118.0,267.0,307.0,287.0,571.0,713.0,268.5,1.0,
000000000000000000df_0,2581.5,2648.0,2850.0,3006.0,3113.0,2937.0,3178.0,2982.0,2771.5,3479.0,3157.5,3030.5,3477.5,2897.0,3030.0,2895.0,2904.5,2958.0,2806.5,3077.5,2769.5,2905.0,3221.0,2922.0,2943.5,3522.0,3366.0,3125.0,2364.0,3680.0,3292.0,3075.0,3508.0,1.0,
000000000000000000e0_0,2031.5,2387.0,1057.0,513.0,347.0,267.0,482.5,224.0,208.0,305.5,288.0,281.0,2665.0,292.5,248.5,260.0,341.0,296.0,388.0,318.0,179.0,110.0,137.0,1329.0,97.0,118.0,103.0,1399.0,1003.5,753.0,587.0,1688.5,416.5,1.0,
000000000000000000e1_0,993.0,727.5,346.0,558.5,326.0,266.0,476.0,269.5,253.5,346.0,308.0,316.5,655.0,330.5,292.5,229.0,380.0,320.0,395.0,366.0,212.0,134.0,169.5,501.5,115.0,122.5,128.0,334.5,238.0,447.0,602.0,652.0,323.0,1.0,
000000000000000000e2_0,1199.5,597.0,354.0,522.0,348.0,198.0,441.0,232.0,211.0,301.5,262.0,290.5,1299.0,292.0,238.0,245.0,341.0,303.0,389.5,317.0,160.0,108.0,131.0,454.0,97.0,95.0,99.5,326.0,256.5,331.0,566.0,932.0,286.5,1.0,
000000000000000000e3_0,3463.0,3426.0,3254.0,3112.0,3153.5,2702.5,2952.0,2786.0,2773.5,3137.0,3170.0,3408.0,3340.0,3355.0,3267.0,3255.0,3040.5,3581.0,3535.5,3160.0,3140.5,3613.0,3659.0,3173.0,3491.5,3362.0,3723.5,3661.5,3746.0,3344.0,3381.5,3185.0,2880.0,1.0,
000000000000000000e4_0,2806.0,1844.0,1970.0,2324.0,2289.0,2606.0,2493.0,2094.5,2869.0,3263.0,3149.0,2884.0,1578.0,3158.0,2131.0,2919.0,2911.5,2924.0,2184.5,2146.0,2671.0,2926.0,2869.0,3006.0,2962.5,2691.5,2795.5,3113.5,2739.0,2005.0,2868.0,3041.0,2466.0,1.0,
000000000000000000e5_0,2705.0,2879.0,2588.0,2366.0,2164.0,2448.5,2394.0,2399.5,1172.0,1075.0,762.0,449.0,3022.5,484.0,307.0,337.0,394.0,333.0,426.0,380.0,254.0,160.0,207.0,3263.0,132.0,179.0,136.0,3232.5,3291.0,3342.0,3092.0,3087.0,2761.5,1.0,
000000000000000000e6_0,2901.5,2801.0,2930.0,2960.0,2559.0,2712.5,3136.0,2842.0,2684.0,2925.0,2998.5,3190.0,2830.0,3090.0,2940.0,2814.5,3185.0,3050.0,3277.0,2726.0,3363.0,3891.0,3586.0,3004.5,3339.0,3308.0,3345.0,2914.0,2674.0,3145.0,2930.0,2774.0,2797.0,1.0,
000000000000000000e7_0,3494.0,3132.5,2685.0,2944.5,3131.0,2628.0,2856.0,2801.5,2582.5,3027.0,3084.0,2974.5,3547.5,3136.0,2733.0,2627.0,2785.5,3073.0,3156.0,2677.0,2901.0,3142.0,3106.0,2907.0,2873.0,3202.0,3201.5,2980.0,2993.0,2498.0,2940.0,3240.0,3139.5,1.0,
000000000000000000ea_0,1929.0,2578.0,1402.5,1848.0,2509.5,2062.0,2239.5,2236.0,1975.0,2579.0,2174.0,2260.0,2191.5,2006.0,1755.0,2398.0,2502.5,2156.0,1934.0,2549.0,2301.0,1867.5,2448.5,2843.0,2659.0,2439.0,2220.0,2323.0,2169.0,1959.0,2268.0,2671.0,1914.0,1.0,
000000000000000000eb_0,1946.0,436.0,393.5,556.0,372.0,291.5,519.5,271.5,281.5,349.0,354.0,342.0,361.0,363.0,321.5,315.0,401.0,352.0,482.0,404.0,254.0,106.0,153.0,494.0,114.0,155.5,116.0,343.0,300.5,363.0,610.0,820.0,305.0,1.0,
000000000000000000ec_0,2301.0,2929.0,2492.0,2659.0,2748.0,2749.0,2711.5,2262.0,2318.0,2404.0,1538.0,1325.0,3326.0,1107.0,383.5,452.5,494.0,396.0,484.0,476.0,544.0,209.0,206.5,2858.0,188.0,626.0,589.0,1551.0,1516.0,1196.5,1872.0,2045.0,2033.5,1.0,
000000000000000000ed_0,1676.5,2131.0,1440.0,2189.5,2122.0,2346.0,2630.0,2133.0,2206.0,1984.5,2433.0,2191.0,2017.0,2296.0,1997.0,2038.0,2097.0,2221.0,2107.0,2287.0,2431.0,2282.0,2327.0,2578.0,2660.0,2501.0,2335.5,2050.0,2472.0,1610.5,2192.0,2601.0,2180.0,1.0,
000000000000000000ee_0,2527.5,2203.5,3165.0,1843.0,2057.0,2509.0,1977.0,1641.0,2789.0,2783.0,2603.0,3212.5,3527.0,2961.0,1596.0,2901.5,2318.5,2074.0,2467.0,2608.0,2919.0,2364.5,2565.5,3500.0,2135.5,1604.0,2520.5,3447.5,3505.0,3772.0,2521.0,2552.5,3103.0,1.0,
000000000000000000ef_0,1756.5,556.0,243.0,513.0,309.0,297.0,492.0,223.0,217.0,340.5,278.0,337.0,341.5,314.0,287.0,263.0,346.5,304.0,316.0,319.0,174.0,116.0,155.5,493.0,120.5,120.0,126.0,325.0,220.0,384.0,567.0,632.0,253.0,1.0,
000000000000000000f0_0,2397.0,2402.0,2653.0,2643.5,2481.0,2706.0,2828.0,2694.0,2473.5,2400.0,2784.0,2461.0,2427.0,2439.5,2416.5,2291.5,2748.0,2645.0,2505.0,2475.0,2602.0,2704.0,2707.0,2698.0,2661.0,2972.0,2630.0,2638.0,2323.0,2005.0,2512.0,2451.0,2440.0,1.0,
000000000000000000f1_0,2432.0,3068.0,601.0,865.0,596.0,710.0,761.5,431.5,353.0,712.0,515.5,656.0,1865.0,483.0,450.0,438.0,450.0,419.5,561.0,512.0,426.0,409.0,306.5,1534.0,235.0,473.5,361.0,1027.0,996.0,870.5,953.0,908.0,955.5,1.0,
000000000000000000f2_0,1186.5,1751.0,1212.5,1629.0,2029.0,1954.0,2195.0,1809.0,1706.0,1637.0,2079.5,1779.0,1743.0,1757.5,1355.0,1692.0,2016.5,1638.0,1815.0,1899.0,1677.0,1568.0,1975.0,2317.0,1984.0,1902.5,1687.5,1616.0,1827.0,1594.5,2229.0,2183.0,1972.0,1.0,
000000000000000000f3_0,2294.0,3034.5,407.0,628.5,386.0,400.0,488.0,237.0,249.0,325.0,322.0,375.0,3202.5,316.0,285.5,329.0,364.5,317.0,398.0,360.0,217.0,66.5,157.0,567.5,105.0,125.5,125.0,324.0,269.0,384.0,590.0,832.0,403.0,1.0,
000000000000000000f4_0,2661.0,3200.5,375.0,519.0,359.0,313.0,491.0,230.5,248.0,356.5,315.5,342.5,402.0,339.5,297.0,300.0,376.0,303.0,409.0,380.0,169.0,99.0,175.0,447.0,112.0,132.0,123.0,299.0,312.0,429.0,645.0,470.0,311.5,1.0,
000000000000000000f5_0,2455.0,2629.0,565.0,1258.5,2840.0,2548.0,644.0,296.5,364.0,386.5,308.0,272.0,3009.5,327.0,329.5,303.0,345.0,252.5,320.0,287.0,285.0,182.0,211.0,1339.0,165.0,129.0,133.0,335.0,983.5,403.0,761.0,1032.0,2500.0,1.0,
000000000000000000f6_0,652.0,1893.5,859.0,575.0,422.0,337.0,520.0,315.0,343.0,469.0,407.0,457.0,392.0,411.0,397.5,370.5,509.5,375.0,441.5,387.0,356.0,158.0,210.0,461.0,164.0,202.0,173.0,257.0,495.0,633.0,685.0,392.0,461.0,1.0,
000000000000000000f7_0,2765.0,2377.5,3159.0,2095.0,2503.0,3098.5,2231.0,1920.5,2553.0,2463.0,2519.0,2686.0,1704.0,2799.5,1743.0,2750.0,2489.5,2046.0,2808.0,2659.0,2805.0,3111.0,3148.5,3449.5,2905.5,2500.0,2783.0,3549.0,2198.0,3737.0,2919.0,2905.0,3002.5,1.0,
000000000000000000f8_0,2622.5,3329.5,310.0,520.0,370.0,357.0,491.0,253.0,247.0,356.5,315.5,349.0,317.0,376.0,338.0,303.5,377.0,303.0,330.0,338.5,174.0,95.0,164.5,447.0,111.0,132.0,122.0,299.0,284.0,385.0,645.0,550.0,291.5,1.0,
000000000000000000f9_0,2729.5,2908.0,981.0,1390.0,2750.0,2625.0,663.0,265.5,282.0,402.5,312.5,315.0,529.0,324.0,284.0,328.0,319.0,246.0,340.0,362.0,214.5,116.0,206.0,1138.5,114.0,127.5,120.0,383.0,2934.0,485.0,742.0,975.0,1248.5,1.0,
000000000000000000fa_0,2941.0,2983.0,1715.0,1993.0,2713.0,1651.0,619.0,289.5,382.5,379.0,334.0,314.0,925.0,354.0,316.0,404.0,372.0,317.0,360.0,373.0,220.0,200.0,223.0,2282.5,170.0,208.0,119.5,1966.0,3673.5,604.0,999.5,1544.0,3450.0,1.0,
000000000000000000fb_0,3293.0,3177.0,294.0,544.5,388.0,334.0,472.0,237.0,214.5,352.0,316.0,376.0,331.0,334.0,297.0,279.0,365.5,264.0,359.0,335.5,176.0,87.0,163.0,467.5,101.0,117.0,107.0,325.0,272.0,385.0,570.0,472.0,308.5,1.0,
000000000000000000fc_0,2564.0,3037.0,440.0,577.0,387.0,374.0,546.0,232.0,260.5,328.0,310.0,301.0,472.0,305.5,281.0,298.0,315.0,312.0,374.0,319.0,173.0,79.0,148.0,504.5,108.0,125.0,106.0,324.0,271.0,342.0,569.0,633.0,328.5,1.0,
000000000000000000fd_0,2959.0,2955.0,1706.0,2515.5,1865.5,2269.0,2488.0,2557.0,2841.0,3082.0,2881.0,2855.5,2898.0,3017.0,2889.0,2806.5,2795.0,2935.0,2789.0,2854.0,2824.5,2911.0,2858.0,3112.0,3138.5,3327.0,3105.5,2966.0,2930.0,1929.5,2734.5,1530.0,2300.0,1.0,
000000000000000000fe_0,2896.0,2777.5,2990.0,3458.0,3153.0,3173.0,3144.0,2525.0,3115.5,3096.0,3218.5,2656.0,3256.0,3126.0,2994.0,2879.5,2727.5,3098.0,3080.0,2693.5,2789.0,3206.0,2958.0,3174.0,2911.5,2749.0,3058.0,3327.0,3370.0,3374.0,2528.0,2845.0,2898.0,1.0,
000000000000000000ff_0,2933.5,2699.0,2515.0,3503.0,2745.0,2820.5,2718.0,2516.5,3042.5,2760.0,2978.0,2708.0,3118.0,2810.0,3367.5,2731.0,2776.0,2701.5,3113.5,2720.0,3011.5,2504.5,2742.0,3126.0,2799.0,3124.5,3306.0,3156.0,3356.0,3102.0,3525.0,3420.5,2733.0,1.0,
00000000000000000100_0,2484.5,3314.0,508.0,547.5,505.0,530.5,543.0,250.5,249.0,349.0,355.0,336.0,2803.5,361.0,298.5,327.0,324.5,302.0,375.5,317.5,171.0,87.0,181.0,1043.0,108.0,134.0,120.0,324.0,3086.0,376.5,592.0,893.0,385.0,1.0,
