system:index,GREEN,GREEN_1,GREEN_10,GREEN_11,GREEN_12,GREEN_13,GREEN_14,GREEN_15,GREEN_16,GREEN_17,GREEN_18,GREEN_19,GREEN_2,GREEN_20,GREEN_21,GREEN_22,GREEN_23,GREEN_24,GREEN_25,GREEN_26,GREEN_27,GREEN_28,GREEN_29,GREEN_3,GREEN_30,GREEN_31,GREEN_32,GREEN_4,GREEN_5,GREEN_6,GREEN_7,GREEN_8,GREEN_9,VALUE,.geo
00000000000000000000_0,229.5,227.0,145.0,258.0,240.0,192.0,357.0,192.0,174.0,211.0,248.0,310.0,211.0,165.5,158.5,218.5,236.0,154.5,175.0,173.0,192.0,201.5,304.5,343.5,99.0,226.0,127.5,236.0,317.0,322.0,333.0,396.0,299.5,1.0,
00000000000000000001_0,191.0,279.5,104.0,237.0,133.0,228.0,188.0,233.0,220.0,225.5,234.0,240.0,310.0,191.0,179.0,272.5,218.5,225.0,223.0,224.0,224.5,116.0,211.5,335.0,206.0,163.0,179.0,263.0,321.0,263.0,633.0,321.0,248.0,1.0,
00000000000000000002_0,362.0,363.0,307.0,381.0,321.0,359.0,365.0,346.0,339.0,336.0,363.5,363.0,411.0,368.0,347.0,396.0,355.0,394.0,328.5,338.0,322.0,327.0,305.5,368.5,342.5,304.0,294.0,319.0,395.0,402.0,589.0,423.0,413.0,1.0,
00000000000000000003_0,132.5,245.0,87.0,215.0,177.0,187.0,150.0,196.5,159.0,207.5,203.0,160.0,279.5,114.0,99.0,193.0,160.5,212.0,132.0,255.0,180.5,18.0,228.0,325.0,217.0,98.5,164.0,189.0,328.0,315.0,551.0,293.0,283.0,1.0,
00000000000000000004_0,426.5,444.0,532.0,711.0,729.0,700.0,699.0,644.0,652.0,604.0,814.0,795.5,447.5,734.0,755.0,758.0,714.5,678.5,654.0,641.5,715.5,806.5,719.0,554.0,650.5,718.0,811.0,493.0,531.0,516.0,765.0,636.0,634.0,1.0,
00000000000000000005_0,470.5,519.5,436.5,524.0,547.0,666.0,647.0,614.5,580.0,582.0,630.5,686.5,541.5,492.0,452.0,666.0,560.0,451.0,517.5,543.0,664.0,353.0,692.0,759.5,491.0,702.5,687.0,539.0,626.0,722.0,794.5,533.0,736.0,1.0,
00000000000000000006_0,324.0,311.0,149.5,298.5,295.0,284.5,298.0,263.0,259.0,289.0,282.5,181.0,256.5,234.5,177.5,288.0,324.0,222.0,266.0,182.5,250.5,241.0,262.0,371.0,180.0,332.0,248.0,274.0,395.0,367.0,430.0,194.0,312.0,1.0,
00000000000000000007_0,412.0,407.5,453.0,563.0,467.0,522.0,504.0,462.0,513.5,539.0,505.0,448.5,353.5,522.0,528.0,633.5,480.0,449.0,486.0,462.0,523.0,504.0,472.5,372.0,441.0,449.0,480.0,472.0,417.0,670.0,772.5,562.0,514.0,1.0,
00000000000000000008_0,245.0,314.0,149.0,268.0,228.0,299.0,260.0,274.0,284.0,295.0,260.5,258.0,316.0,259.0,283.0,368.0,295.0,285.0,267.0,298.0,285.5,266.0,263.0,337.0,287.0,259.5,243.0,226.0,342.0,258.0,500.0,383.0,319.0,1.0,
00000000000000000009_0,470.5,468.0,551.5,603.0,544.0,560.0,614.5,649.0,554.5,629.0,537.0,512.0,485.0,551.0,515.0,655.0,626.0,503.0,454.0,457.0,562.0,410.0,550.0,625.0,542.0,513.0,583.0,541.0,700.0,743.0,776.0,823.5,730.0,1.0,
0000000000000000000a_0,162.5,148.0,99.0,145.0,99.5,103.0,152.0,144.0,73.5,161.5,162.0,142.0,175.0,131.0,113.5,154.5,182.0,102.5,92.0,91.0,159.0,37.0,21.0,183.0,94.0,15.0,38.0,109.0,188.5,120.5,320.0,208.5,199.0,1.0,
0000000000000000000b_0,232.0,324.0,176.0,358.0,240.5,333.0,268.0,303.5,281.5,330.0,272.0,266.0,438.0,243.0,329.5,402.0,338.0,327.0,272.0,321.5,288.0,129.0,297.0,408.0,294.5,252.0,266.0,266.0,413.0,327.0,640.0,454.0,349.5,1.0,
0000000000000000000c_0,359.5,357.0,422.5,645.0,583.0,621.0,560.0,561.5,564.0,556.0,613.0,604.5,580.5,511.0,469.0,669.0,536.0,554.0,485.0,587.0,539.0,584.0,664.0,556.0,631.0,519.0,670.5,482.0,552.0,728.0,825.0,530.0,709.5,1.0,
0000000000000000000d_0,737.0,672.0,715.0,623.0,559.0,614.0,633.0,642.5,572.5,591.0,594.0,609.0,786.0,626.0,613.0,605.0,618.0,592.0,610.0,600.0,597.5,564.0,555.0,670.0,544.5,548.0,550.0,654.0,703.0,783.5,947.5,781.5,652.5,1.0,
0000000000000000000e_0,408.5,368.0,451.0,445.0,374.0,457.5,441.0,436.0,392.0,399.0,382.0,363.0,387.0,389.0,387.0,416.0,434.0,395.0,348.5,375.5,385.0,331.0,368.5,424.0,370.0,363.0,342.0,386.0,423.0,476.0,498.0,487.0,426.5,1.0,
0000000000000000000f_0,435.0,472.5,169.0,415.0,446.0,451.0,456.0,435.0,373.0,390.0,369.0,352.0,438.0,356.0,343.0,358.0,346.0,336.0,293.0,307.0,295.0,277.0,298.5,470.5,326.0,312.0,280.0,370.0,589.0,520.0,562.0,556.0,462.0,1.0,
00000000000000000010_0,402.5,505.0,347.0,546.5,453.5,509.5,494.5,449.0,532.0,483.5,697.0,524.0,491.0,484.0,526.0,607.5,548.0,513.0,462.0,445.0,563.0,453.0,749.0,540.0,690.0,564.0,664.5,515.0,625.0,297.5,713.0,563.0,510.5,1.0,
00000000000000000012_0,618.0,602.0,581.0,628.0,625.0,672.0,710.0,608.5,620.0,630.0,601.5,609.0,566.0,622.0,664.5,706.0,707.0,683.0,627.0,612.0,565.0,738.0,662.5,599.5,625.0,617.0,680.0,512.0,680.0,705.5,805.5,711.5,648.0,1.0,
00000000000000000013_0,573.0,579.0,521.0,592.5,587.0,575.0,543.0,683.0,588.5,559.0,549.0,583.5,552.0,561.0,530.0,637.5,536.0,582.0,485.0,501.0,568.0,477.5,546.5,577.5,533.5,493.0,479.0,542.0,707.0,693.0,789.0,647.0,713.0,1.0,
00000000000000000014_0,582.0,815.0,686.0,718.0,833.0,731.0,669.5,705.0,703.0,671.0,735.0,657.0,715.0,596.5,586.0,658.0,570.5,560.0,559.5,537.0,580.0,612.0,571.0,935.0,557.0,577.5,548.0,954.0,914.0,911.5,949.0,482.5,691.0,1.0,
00000000000000000015_0,569.0,551.0,571.5,619.5,549.5,590.5,615.5,598.5,582.5,541.5,560.0,552.0,584.5,537.0,560.0,596.0,530.5,523.5,507.0,509.5,506.0,499.0,496.5,583.5,503.0,496.0,480.0,553.0,543.0,594.5,702.0,623.5,582.0,1.0,
00000000000000000018_0,620.0,589.0,550.0,582.5,521.0,661.0,599.0,612.0,592.0,536.0,664.0,555.0,532.5,573.0,563.0,621.0,608.0,574.0,607.0,565.0,652.0,640.0,695.0,530.0,576.5,577.0,654.0,595.0,508.0,636.0,940.5,936.0,530.0,1.0,
00000000000000000019_0,305.0,383.0,282.0,293.0,317.5,304.0,338.0,345.5,308.0,304.0,327.0,287.0,319.0,290.0,264.0,298.0,285.0,296.0,300.0,346.5,273.0,231.5,325.0,347.0,256.5,311.0,314.5,319.0,379.0,394.0,419.0,264.5,351.5,1.0,
0000000000000000001a_0,580.0,575.5,574.0,508.0,483.0,565.5,536.0,670.0,655.0,564.5,627.0,659.5,569.5,678.5,713.0,810.0,806.0,698.0,631.0,641.5,666.0,726.0,675.0,677.0,661.0,579.5,652.0,660.0,593.0,603.0,755.5,724.0,545.5,1.0,
0000000000000000001b_0,255.0,292.0,179.0,343.0,210.0,320.0,300.0,266.0,277.0,311.0,278.0,267.0,298.0,261.0,240.5,292.0,313.0,265.5,244.5,277.5,277.0,184.0,269.0,306.5,282.0,240.0,246.0,218.0,353.0,374.5,434.5,390.0,310.0,1.0,
0000000000000000001c_0,589.0,633.0,773.0,728.0,679.0,744.0,732.0,736.0,724.0,673.0,769.0,676.0,598.5,754.5,691.0,746.0,731.5,729.0,695.0,751.5,666.0,817.0,718.0,595.0,620.5,593.0,638.0,661.0,728.0,764.0,906.5,810.0,771.0,1.0,
0000000000000000001d_0,499.0,488.5,821.0,772.5,716.0,755.5,782.0,825.5,805.0,662.0,725.0,730.0,491.5,719.0,662.0,691.0,649.5,737.0,676.0,665.0,649.0,623.0,941.0,475.5,920.0,880.0,741.5,763.0,674.0,652.5,756.5,765.5,760.0,1.0,
0000000000000000001f_0,477.0,677.5,938.5,824.0,819.0,783.0,764.0,862.5,775.5,673.0,821.0,754.0,821.5,783.5,714.0,783.0,813.0,709.0,626.5,730.5,669.0,721.0,748.0,904.0,663.0,738.0,724.0,964.5,927.0,884.5,1062.0,1062.5,843.0,1.0,
00000000000000000020_0,705.0,884.5,724.5,721.0,678.0,686.0,681.0,649.0,752.0,1186.0,961.5,753.0,874.0,672.0,701.5,702.5,688.0,612.0,645.5,656.0,681.0,984.0,572.0,835.0,487.5,331.0,463.0,728.0,762.0,869.5,877.5,871.0,708.0,1.0,
00000000000000000021_0,405.0,353.0,387.5,557.0,423.0,424.0,587.0,628.0,564.0,552.0,610.5,466.0,424.0,409.0,438.0,497.0,439.0,457.0,374.0,406.0,419.0,308.0,468.0,677.5,468.0,422.0,380.0,538.0,660.0,721.0,792.5,688.5,548.0,1.0,
00000000000000000022_0,624.0,725.0,609.0,672.0,660.5,749.0,634.0,680.0,615.5,540.5,639.5,689.0,740.0,614.0,538.0,717.0,578.0,564.5,602.0,538.5,564.0,682.0,624.0,810.0,645.0,551.0,662.0,612.0,753.0,717.0,843.0,869.5,718.5,1.0,
00000000000000000023_0,586.0,603.0,997.0,907.5,914.0,969.0,991.0,1081.0,977.0,892.0,1027.0,855.0,608.0,870.5,948.0,926.0,973.0,809.0,755.5,877.0,910.0,923.0,907.0,595.5,903.5,891.5,925.0,811.0,891.5,916.0,1116.5,1083.0,1012.0,1.0,
00000000000000000025_0,342.0,446.0,274.0,416.0,454.5,484.5,442.0,400.0,401.0,483.0,581.0,503.0,511.0,304.0,284.0,485.0,339.5,287.0,354.0,527.0,274.5,382.0,564.0,416.0,258.0,400.0,466.0,408.0,579.0,548.0,484.0,641.0,528.0,1.0,
00000000000000000027_0,474.5,390.0,636.0,555.5,508.0,563.0,581.5,485.0,522.0,459.0,462.0,511.0,416.5,557.0,508.5,528.0,451.5,472.0,444.5,578.0,594.0,508.5,642.0,424.5,663.0,662.0,592.0,724.5,781.0,818.0,942.0,785.0,694.0,1.0,
00000000000000000028_0,403.0,485.5,337.0,430.5,336.0,484.0,435.0,443.5,390.0,438.0,429.0,393.0,477.5,405.0,365.0,420.0,422.0,357.0,381.5,420.0,395.0,520.0,376.0,437.0,321.5,365.0,346.0,407.0,444.0,466.0,694.0,388.5,445.5,1.0,
00000000000000000029_0,690.0,719.0,605.0,623.0,689.0,620.0,635.0,634.5,642.0,683.0,674.5,525.0,715.5,499.0,550.0,781.5,747.0,650.0,599.0,678.0,744.0,867.0,763.5,781.0,686.0,675.0,679.0,760.0,771.0,735.0,707.0,610.5,674.5,1.0,
0000000000000000002a_0,482.0,628.0,596.0,597.0,584.5,517.5,633.0,635.0,650.5,630.5,766.0,570.0,612.0,577.0,537.5,598.0,486.5,533.5,519.5,568.0,553.0,518.0,481.5,687.0,487.5,481.0,530.0,694.0,661.0,691.0,911.0,1120.0,715.5,1.0,
0000000000000000002b_0,993.5,1127.0,713.0,799.0,654.0,1244.5,1548.5,1404.0,1019.0,826.0,820.0,767.0,1100.5,836.5,843.0,806.0,763.5,755.0,674.0,719.0,587.0,668.0,751.5,1171.0,715.0,639.0,1277.0,857.5,831.0,947.0,1064.0,1088.0,952.0,1.0,
0000000000000000002c_0,492.5,632.0,489.0,530.0,471.0,518.0,512.0,483.5,457.0,452.0,444.0,718.0,669.0,703.0,845.0,918.0,806.0,764.5,794.5,765.0,746.5,853.0,761.0,555.0,687.5,739.0,731.5,548.5,587.0,572.0,643.0,552.0,515.0,1.0,
0000000000000000002d_0,730.0,779.0,829.0,722.0,667.5,739.0,708.0,730.0,706.5,678.0,732.0,722.0,748.0,785.0,842.0,960.0,870.0,795.0,791.5,687.5,693.0,806.0,673.5,642.0,687.0,661.5,717.0,738.0,770.0,741.5,948.0,998.0,758.5,1.0,
0000000000000000002e_0,715.5,724.0,781.0,802.5,700.5,769.5,849.0,1027.0,1050.0,1118.0,970.0,907.0,656.0,883.0,637.0,779.5,724.0,732.0,630.0,650.0,676.0,340.0,657.5,777.0,645.0,676.0,728.0,771.0,759.0,761.5,1060.5,744.5,924.5,1.0,
0000000000000000002f_0,466.0,504.0,643.5,779.5,727.0,795.5,728.0,741.0,708.0,703.0,786.5,710.0,444.0,674.0,639.0,673.0,715.5,617.5,727.0,659.0,684.0,845.0,758.0,449.0,714.5,742.0,711.5,750.0,851.5,866.0,978.5,915.5,783.0,1.0,
00000000000000000030_0,617.0,597.0,372.0,377.0,436.0,392.0,430.0,400.5,379.5,355.0,373.0,351.0,481.5,316.0,306.0,317.0,361.5,268.0,299.0,355.0,286.5,295.0,326.0,547.0,243.0,280.0,287.0,518.5,580.0,472.0,603.0,486.5,531.0,1.0,
00000000000000000031_0,458.0,448.5,516.0,546.0,510.0,723.0,702.0,689.0,673.5,672.0,712.0,703.0,460.0,688.0,688.0,744.0,705.0,651.0,650.0,726.0,644.0,696.0,656.0,463.0,598.5,640.5,694.0,432.0,508.0,492.5,685.0,642.0,576.0,1.0,
00000000000000000032_0,468.0,463.5,392.0,507.0,471.0,599.5,549.0,553.5,543.5,710.5,659.0,680.0,489.0,696.0,734.0,723.0,637.0,632.0,598.5,681.0,738.0,744.5,762.0,466.0,710.0,641.0,627.0,427.0,465.0,506.5,525.0,522.0,479.0,1.0,
00000000000000000034_0,584.5,577.0,732.0,743.5,699.0,751.0,765.0,740.0,672.0,697.0,689.0,706.0,668.0,693.0,699.5,719.0,677.0,637.0,625.0,650.0,699.0,672.0,650.5,603.0,621.0,660.0,630.0,536.0,591.0,634.0,800.0,755.0,766.0,1.0,
00000000000000000035_0,619.0,631.0,604.5,619.0,558.0,533.0,595.0,607.0,597.0,581.0,724.0,625.0,617.0,537.5,564.0,601.0,654.0,535.0,588.0,565.5,554.0,534.5,557.5,636.0,530.0,558.0,543.0,676.0,752.0,755.0,758.0,562.0,645.5,1.0,
00000000000000000036_0,726.0,621.0,681.0,734.0,609.0,741.5,753.5,744.0,674.0,667.5,640.5,724.5,689.0,674.0,726.0,748.0,685.5,869.0,740.0,775.5,715.0,803.0,660.0,666.0,660.5,710.5,633.0,652.0,624.0,734.0,703.0,693.0,629.0,1.0,
00000000000000000037_0,543.5,554.0,557.0,526.0,491.0,497.0,537.0,605.0,746.0,484.0,423.0,477.5,442.0,452.5,476.0,519.0,549.0,493.0,549.0,433.0,415.0,368.5,381.0,557.0,460.0,316.0,314.0,812.0,643.0,605.0,792.5,496.0,534.5,1.0,
00000000000000000038_0,461.0,499.0,529.5,601.0,527.0,726.5,578.5,695.0,674.0,673.0,822.5,870.0,417.0,731.0,694.5,691.0,679.0,598.0,669.0,649.0,680.0,763.0,739.0,518.0,491.0,437.0,525.5,516.0,594.0,598.0,800.0,605.0,819.0,1.0,
00000000000000000039_0,839.0,795.0,568.5,611.5,652.0,625.0,658.0,668.0,694.0,610.5,830.0,734.0,725.0,703.0,644.0,737.0,799.0,692.0,712.0,658.5,745.0,758.5,637.0,757.0,691.0,680.5,700.0,772.5,775.0,754.0,878.0,708.5,619.0,1.0,
0000000000000000003a_0,470.0,439.5,466.0,494.0,439.5,476.0,477.0,505.5,466.0,489.5,514.0,559.5,427.0,514.0,477.0,559.0,540.0,454.0,531.0,540.0,506.0,554.5,486.0,465.0,481.5,450.0,460.5,440.5,467.0,555.0,858.0,689.0,573.0,1.0,
0000000000000000003b_0,400.5,447.0,544.5,561.0,561.0,566.5,619.0,564.0,620.0,585.0,633.0,588.5,589.0,580.5,608.5,728.0,708.0,653.0,664.0,597.0,608.0,630.5,607.0,835.5,568.5,523.0,602.0,651.0,635.0,668.0,921.0,869.0,587.0,1.0,
0000000000000000003c_0,615.5,537.0,650.0,693.0,630.0,723.0,672.5,712.0,665.0,671.0,678.5,632.0,534.5,666.0,658.5,689.0,709.5,664.0,624.0,641.0,723.0,676.0,625.0,701.0,613.0,684.5,661.0,597.5,686.0,718.0,802.0,788.0,714.0,1.0,
0000000000000000003d_0,954.0,675.0,381.0,426.0,396.0,437.5,467.5,698.5,613.0,604.0,824.0,706.0,756.0,708.0,660.0,761.0,818.5,768.0,721.0,701.0,794.0,733.0,807.0,784.0,774.0,803.0,836.0,689.0,764.0,838.0,900.5,636.0,422.0,1.0,
0000000000000000003e_0,388.5,428.5,404.0,492.0,505.0,484.0,520.0,500.0,533.5,531.0,553.0,592.5,331.5,509.5,449.0,594.0,684.5,536.0,738.0,800.0,630.0,745.0,651.0,372.0,672.0,589.5,645.0,371.0,384.0,349.0,1048.0,382.5,399.5,1.0,
0000000000000000003f_0,566.0,578.0,745.0,748.0,680.0,780.5,812.0,781.0,699.0,698.0,720.0,806.0,833.0,718.0,715.0,725.0,720.0,769.5,721.0,748.0,686.0,696.5,660.0,772.0,618.0,638.0,635.0,684.0,700.5,799.0,813.0,824.5,790.0,1.0,
00000000000000000040_0,491.0,537.5,614.0,742.0,618.5,671.0,791.0,654.0,651.0,711.5,606.0,647.0,536.5,642.5,637.0,753.5,668.5,659.0,642.0,633.5,611.0,536.5,607.0,538.5,597.5,576.0,676.5,428.5,582.5,575.5,698.0,655.0,727.0,1.0,
00000000000000000041_0,676.5,537.0,716.0,1141.0,680.0,664.0,740.5,735.5,567.0,579.5,564.0,598.0,778.0,631.0,596.0,557.0,551.0,588.0,516.0,569.5,563.0,349.0,520.5,738.0,480.0,484.5,538.0,565.5,746.0,636.5,753.0,740.0,725.0,1.0,
00000000000000000042_0,576.5,687.0,453.0,527.5,504.5,565.5,647.5,584.5,479.0,647.0,734.5,743.5,715.0,779.5,744.5,764.0,817.5,735.0,691.0,693.0,747.0,779.0,764.5,635.0,1188.5,772.0,744.0,634.0,663.0,601.0,593.0,540.0,503.0,1.0,
00000000000000000043_0,632.0,671.0,560.0,584.0,492.0,616.0,610.0,655.5,601.0,606.5,634.0,625.0,553.0,575.5,632.0,667.0,758.0,636.0,676.0,631.5,691.0,664.0,632.5,605.0,581.0,574.0,678.0,568.0,641.0,540.5,964.0,779.0,584.0,1.0,
00000000000000000044_0,583.0,691.0,721.5,635.5,577.0,610.0,581.0,564.0,823.0,770.0,843.0,770.0,615.0,643.0,661.0,685.0,663.0,585.0,533.0,469.0,822.0,486.0,841.0,715.5,637.5,859.5,745.5,640.0,647.0,577.5,634.0,692.0,598.0,1.0,
00000000000000000045_0,947.0,904.0,911.0,774.5,720.0,842.5,750.0,716.5,726.0,759.5,817.0,696.0,851.0,612.0,699.0,753.5,699.0,578.0,645.0,687.5,789.0,736.0,555.0,775.0,742.0,583.0,564.0,717.0,826.0,903.5,1055.0,956.0,854.0,1.0,
00000000000000000046_0,622.0,639.0,546.0,556.5,531.0,528.0,525.5,487.0,490.5,599.5,589.0,641.0,650.5,531.5,535.5,564.0,578.0,553.0,555.0,522.0,529.0,573.0,552.0,672.0,560.0,541.0,558.0,618.0,654.0,696.5,797.0,673.0,584.5,1.0,
00000000000000000047_0,413.5,473.5,283.0,450.0,336.0,364.0,505.5,395.5,461.0,388.0,370.0,376.0,488.0,339.0,395.0,554.0,533.0,419.0,428.0,539.0,413.5,318.5,408.0,491.0,400.0,358.0,377.5,472.0,492.0,432.5,573.0,460.0,583.0,1.0,
00000000000000000048_0,465.0,579.0,514.5,559.5,518.0,502.0,505.5,532.0,473.0,450.5,533.0,507.0,543.0,522.5,477.0,491.0,553.5,549.0,565.0,535.0,531.5,490.0,580.5,530.5,566.0,661.5,990.0,499.0,585.0,592.0,878.0,580.5,540.0,1.0,
00000000000000000049_0,719.5,919.0,712.0,758.0,920.0,913.5,785.0,888.0,841.0,830.0,752.5,857.0,717.0,704.5,802.5,750.0,715.0,667.5,786.5,708.5,711.5,752.0,665.0,756.0,657.0,644.0,691.0,694.0,846.0,673.5,998.0,430.0,718.0,1.0,
0000000000000000004a_0,465.0,539.0,473.5,485.5,479.0,486.5,497.0,474.0,411.5,579.0,620.0,634.0,528.0,689.0,619.5,958.5,837.0,620.0,590.0,722.5,826.0,877.5,660.0,471.0,613.0,722.0,712.0,462.5,547.0,559.0,922.0,579.5,501.0,1.0,
0000000000000000004b_0,632.5,774.5,710.0,683.0,738.0,736.0,711.0,675.0,691.5,806.5,790.0,616.0,807.0,565.0,581.0,769.0,570.0,613.0,650.0,726.0,707.0,719.0,495.0,882.0,611.5,519.0,664.0,691.0,893.0,844.0,926.0,824.0,825.5,1.0,
0000000000000000004c_0,384.5,409.0,516.0,593.0,502.0,510.0,554.5,608.5,536.0,519.0,474.5,456.0,591.0,489.0,512.5,556.0,595.0,528.0,446.5,527.0,421.0,276.0,317.5,529.0,337.0,331.0,316.0,855.0,873.5,649.0,808.0,591.0,623.0,1.0,
0000000000000000004d_0,513.0,633.0,740.0,933.0,739.0,682.5,722.0,891.0,854.5,762.0,690.0,764.0,541.0,883.0,842.5,914.5,811.0,681.0,745.0,728.0,718.0,747.0,624.0,488.0,705.0,643.0,758.0,462.5,516.5,534.5,779.0,743.0,774.5,1.0,
0000000000000000004e_0,673.0,579.0,666.0,775.0,642.0,666.0,694.0,681.5,717.0,584.0,727.0,632.0,585.0,663.0,694.0,665.5,585.0,577.0,564.5,627.0,597.0,607.0,558.0,574.0,621.0,619.5,661.0,564.0,613.5,563.0,696.0,612.0,672.0,1.0,
0000000000000000004f_0,695.0,681.0,585.5,749.5,678.0,657.5,728.0,801.0,732.0,759.0,735.0,742.5,706.5,775.0,732.0,803.0,574.0,613.0,649.5,699.5,666.0,651.0,729.0,588.0,687.0,638.0,713.0,619.0,734.5,592.5,904.0,492.0,702.0,1.0,
00000000000000000050_0,1031.0,1001.0,840.5,847.0,859.0,875.5,777.5,790.5,756.0,807.5,961.5,865.0,923.5,782.0,745.5,830.0,787.0,748.0,753.0,692.5,812.0,756.5,703.0,1015.0,772.5,646.0,706.0,770.0,984.5,937.5,1003.0,806.0,847.5,1.0,
00000000000000000051_0,588.0,578.0,751.0,691.0,980.0,616.5,594.0,649.0,680.0,680.5,716.0,726.0,578.0,685.5,674.0,787.0,830.5,717.0,760.0,625.0,814.0,756.0,822.0,632.0,1093.0,809.5,901.0,456.0,847.5,658.0,931.5,870.5,790.0,1.0,
00000000000000000052_0,477.0,492.0,653.5,661.0,622.0,667.0,603.0,599.5,571.0,531.0,495.0,520.5,460.0,512.0,540.0,568.0,566.5,513.0,511.0,521.0,557.0,527.5,532.0,595.0,540.0,530.0,511.5,510.0,512.0,525.0,799.5,655.0,623.0,1.0,
00000000000000000053_0,830.5,775.0,703.0,811.5,849.0,796.5,648.0,772.0,834.0,677.0,667.0,754.0,714.5,669.0,804.0,952.0,691.0,603.0,700.0,824.5,663.0,938.0,726.0,688.0,738.0,641.0,729.0,519.0,647.0,662.0,866.5,604.0,609.0,1.0,
00000000000000000054_0,521.0,594.0,691.0,851.0,804.0,672.0,654.0,606.0,628.5,691.5,713.0,636.5,698.0,675.5,630.0,776.0,811.5,701.0,674.5,712.0,800.5,591.0,565.0,667.0,715.0,650.0,723.5,478.0,694.0,654.0,926.0,870.5,807.0,1.0,
00000000000000000055_0,862.0,723.0,661.0,658.5,793.0,850.0,657.0,815.0,800.0,768.0,734.0,675.0,596.0,581.0,641.0,909.5,516.0,549.0,665.0,786.5,695.0,880.0,839.0,633.0,665.0,583.5,562.0,580.0,792.0,767.0,1039.5,677.0,669.0,1.0,
00000000000000000056_0,892.0,865.5,767.0,884.5,848.5,856.0,949.0,948.0,804.5,803.0,859.5,832.5,743.5,756.0,781.5,921.0,776.0,669.0,929.0,818.0,716.5,746.0,772.0,748.0,821.5,720.0,861.0,625.0,801.0,782.0,854.0,855.0,608.0,1.0,
00000000000000000057_0,465.0,674.0,792.0,884.0,618.0,708.0,640.0,646.0,679.0,732.0,711.0,652.5,586.0,665.5,637.0,745.0,701.5,602.0,639.5,575.0,705.0,761.0,704.5,670.0,834.0,660.0,740.0,726.5,659.0,723.0,807.0,871.5,747.0,1.0,
00000000000000000058_0,829.5,827.5,789.0,878.5,878.5,834.0,949.0,961.0,802.5,813.5,825.0,865.5,814.0,763.0,767.5,900.0,739.0,599.0,793.0,789.5,705.0,757.0,774.0,717.0,809.0,703.0,836.0,589.0,789.0,714.0,854.0,728.0,608.0,1.0,
00000000000000000059_0,758.0,888.5,776.0,936.0,672.0,681.0,895.0,954.0,866.5,791.0,761.0,762.5,634.0,658.0,776.5,949.0,782.0,642.5,582.0,860.0,704.0,711.0,817.0,722.0,817.5,585.5,706.0,729.0,705.0,727.0,933.0,662.0,802.0,1.0,
0000000000000000005a_0,949.0,985.0,925.0,1078.0,1033.0,1181.5,933.0,915.5,926.0,917.0,1007.0,928.5,932.0,857.0,812.5,1071.0,927.5,777.5,878.0,795.0,1009.5,1075.0,1000.5,1046.0,974.0,1040.0,941.0,1137.0,1016.0,1007.0,1187.5,873.5,1006.0,1.0,
0000000000000000005b_0,904.0,941.0,786.0,757.0,645.0,838.0,729.0,552.5,557.5,723.0,902.5,917.0,714.0,905.5,874.0,787.5,936.0,865.5,706.0,802.0,386.5,465.0,720.0,676.5,591.0,438.0,508.0,654.0,810.5,881.0,970.0,1003.5,857.5,1.0,
0000000000000000005c_0,811.0,915.0,749.0,705.0,740.0,742.0,781.5,646.0,665.5,721.0,810.0,911.0,749.5,863.5,889.5,806.0,838.0,836.0,765.0,768.0,489.5,450.0,537.0,765.5,536.0,444.0,458.5,725.0,759.5,813.0,971.0,983.0,819.5,1.0,
0000000000000000005d_0,846.0,969.0,783.0,901.0,744.0,800.0,774.0,843.0,782.0,786.0,789.0,738.0,898.0,781.0,734.5,690.0,618.0,782.5,605.0,458.0,430.0,391.0,708.5,843.0,570.0,481.0,460.0,838.0,868.5,798.0,843.5,775.0,753.5,1.0,
0000000000000000005e_0,626.0,756.0,776.0,845.0,830.0,910.0,816.0,718.5,817.0,902.0,763.0,872.0,672.5,902.0,892.0,932.0,977.5,940.0,906.0,853.0,568.0,611.0,845.0,645.0,714.0,639.0,703.5,659.0,702.0,693.0,1044.0,848.0,998.0,1.0,
0000000000000000005f_0,613.0,433.0,644.0,716.0,638.0,642.0,685.0,643.5,591.5,604.0,594.0,576.0,588.0,557.0,494.5,675.0,791.5,860.5,848.5,920.0,422.5,356.0,413.0,667.5,375.0,442.0,406.0,575.0,638.5,654.0,763.0,695.0,644.0,1.0,
00000000000000000060_0,516.0,540.0,704.5,717.0,797.0,782.0,737.0,754.0,752.0,775.0,816.5,739.0,525.0,729.0,774.0,859.5,955.0,689.0,658.5,734.0,776.0,778.0,843.5,523.5,750.0,739.0,848.5,1054.0,831.0,654.0,1003.0,893.0,816.0,1.0,
00000000000000000061_0,620.5,802.0,694.0,1033.5,799.0,700.0,1130.0,654.0,710.0,911.5,802.0,939.0,568.0,938.0,891.0,746.0,974.0,1007.0,996.0,1001.0,449.5,456.0,588.5,883.5,433.0,525.0,501.0,697.0,456.0,694.0,640.0,877.0,596.0,1.0,
00000000000000000062_0,642.5,840.5,929.0,1008.0,800.0,731.0,1111.0,548.0,716.5,708.0,809.0,915.5,806.0,922.0,835.0,708.0,864.5,813.5,795.0,864.0,476.0,540.0,436.0,733.0,409.0,488.0,455.0,724.0,729.0,671.5,777.0,607.0,692.0,1.0,
00000000000000000063_0,750.5,736.0,789.5,1091.0,837.0,794.0,1113.0,670.0,710.0,927.5,809.0,940.5,718.0,952.0,892.0,743.0,967.5,1003.0,934.0,1010.0,486.0,466.0,602.0,786.5,596.0,542.0,527.5,657.0,495.0,686.0,771.5,704.5,656.5,1.0,
00000000000000000064_0,649.0,599.0,1123.0,1016.5,817.0,958.0,1023.5,952.5,872.0,868.0,862.0,925.5,617.0,933.0,914.0,867.0,885.0,918.5,890.0,848.0,845.0,1009.5,854.0,529.0,829.5,799.0,923.0,551.0,848.5,1030.0,1056.0,969.0,1092.0,1.0,
00000000000000000065_0,719.0,601.0,843.5,792.0,738.0,1043.0,1072.5,1143.5,1027.0,904.5,876.0,775.5,1481.0,776.0,884.0,994.0,810.5,777.0,876.0,879.0,814.0,919.0,923.0,1454.5,900.0,887.0,921.5,1253.0,1269.0,991.0,920.0,931.0,796.0,1.0,
00000000000000000066_0,534.0,579.0,677.0,807.0,798.0,872.0,850.0,915.5,900.0,819.5,862.5,883.5,547.5,868.5,910.0,971.0,911.0,994.5,741.0,760.5,800.0,925.5,955.0,649.5,870.5,785.5,909.0,600.0,827.0,776.0,1048.0,1086.0,905.0,1.0,
00000000000000000067_0,539.5,497.0,314.0,407.0,319.0,538.0,572.0,541.5,524.0,582.0,596.5,573.5,515.0,472.5,431.0,667.0,563.5,486.0,494.5,520.5,487.5,323.0,458.0,699.0,481.0,307.0,373.0,520.5,659.0,859.0,628.0,459.0,402.0,1.0,
00000000000000000068_0,629.0,571.5,503.0,579.0,444.0,516.0,518.0,600.0,671.5,757.5,838.0,747.5,613.0,862.0,886.0,818.0,815.0,874.0,844.0,912.0,796.5,954.0,928.0,611.0,861.0,785.5,732.0,778.0,685.5,689.0,693.0,625.0,498.5,1.0,
00000000000000000069_0,654.5,809.0,776.0,857.0,859.0,867.0,818.0,747.5,797.0,785.0,785.0,777.0,747.0,800.5,791.0,935.0,858.5,790.0,686.0,722.0,554.0,566.0,662.0,753.0,647.0,572.0,678.0,667.0,713.0,835.0,1014.0,690.0,805.5,1.0,
0000000000000000006a_0,658.5,958.0,704.5,845.5,569.0,728.5,691.5,738.0,693.5,612.5,738.0,648.0,855.0,617.5,582.0,755.5,594.0,851.5,580.0,978.0,1062.0,784.5,803.0,1288.0,731.0,690.0,629.5,920.0,863.0,724.0,816.0,883.5,793.0,1.0,
0000000000000000006b_0,680.5,706.0,720.0,789.5,728.0,734.0,719.0,732.0,731.0,733.0,781.0,722.0,808.0,624.0,651.0,727.5,706.5,637.0,692.0,704.0,665.5,687.0,646.0,722.0,590.0,662.0,717.0,777.0,1101.0,1053.0,865.0,859.0,727.5,1.0,
0000000000000000006c_0,806.5,868.0,698.0,737.0,721.5,584.0,609.0,695.0,692.0,711.0,715.5,550.5,769.0,574.0,567.5,637.0,593.0,574.5,611.0,729.5,708.0,843.0,793.0,808.5,1050.0,1115.0,887.5,840.0,1002.0,721.0,925.0,994.0,768.5,1.0,
0000000000000000006d_0,449.5,439.0,393.5,540.5,501.0,556.0,499.5,482.0,449.0,577.0,617.0,593.0,462.0,557.0,547.0,574.5,650.5,614.0,556.0,535.0,593.0,569.0,626.0,417.0,642.0,518.0,583.0,428.0,518.0,563.5,660.0,591.0,594.0,1.0,
0000000000000000006e_0,673.5,435.0,1054.5,877.0,636.0,657.0,1101.0,705.0,762.5,905.0,883.0,905.0,605.0,899.0,1017.0,870.0,971.0,1036.0,1019.0,1009.0,510.0,444.0,541.0,1034.0,579.0,432.0,576.0,943.0,615.0,745.0,604.0,418.0,702.5,1.0,
0000000000000000006f_0,570.0,702.0,994.5,785.5,759.0,691.0,1000.0,704.5,698.0,842.0,697.0,896.0,642.0,810.0,933.0,822.0,976.0,928.0,907.0,933.5,533.0,634.0,419.0,978.5,486.0,406.0,563.0,943.0,554.5,679.0,642.0,420.0,629.0,1.0,
00000000000000000070_0,672.0,635.0,796.5,887.0,879.0,988.0,729.5,862.0,798.5,743.0,738.0,749.0,600.5,805.0,730.0,831.5,803.0,847.0,819.0,867.0,813.0,880.5,907.0,712.5,914.0,838.5,761.0,682.0,863.0,744.0,809.0,823.0,873.0,1.0,
00000000000000000071_0,614.0,599.0,981.0,813.0,640.0,721.5,1098.0,687.0,719.5,799.0,860.5,929.5,692.0,852.5,993.0,850.5,940.0,974.0,1096.5,947.5,491.0,623.0,413.0,960.5,538.0,407.0,573.0,943.0,484.0,679.0,657.0,418.0,598.0,1.0,
00000000000000000072_0,797.5,656.0,998.0,935.0,636.0,725.0,1062.0,734.0,790.0,861.0,762.0,906.5,565.0,888.0,1046.0,815.0,943.0,1036.0,1058.5,1122.0,479.0,766.0,574.5,943.5,674.0,526.0,654.0,732.0,510.5,766.5,640.0,379.0,661.5,1.0,
00000000000000000073_0,527.0,624.0,487.0,601.0,738.0,887.0,756.0,763.0,745.0,676.0,890.0,708.0,632.0,707.0,717.5,744.0,744.0,678.0,599.5,685.0,694.0,882.5,733.0,661.5,786.0,743.0,749.5,538.0,639.0,603.5,696.0,654.0,656.0,1.0,
00000000000000000074_0,876.0,951.0,789.0,837.0,799.0,828.0,863.0,809.5,829.0,1140.0,1147.0,964.0,1019.5,1102.0,1035.0,1174.0,1000.0,990.5,973.0,1029.0,959.5,1086.0,1132.5,929.0,1090.5,1071.5,975.0,835.0,918.0,844.5,1057.0,891.0,845.0,1.0,
00000000000000000075_0,713.5,813.0,722.0,699.0,661.0,722.0,664.0,671.0,630.0,622.0,546.5,527.0,1126.0,561.5,510.5,561.0,502.5,556.0,531.0,531.0,557.5,490.0,455.5,968.0,479.0,448.0,421.0,984.0,997.5,890.0,1078.0,1028.0,906.0,1.0,
00000000000000000076_0,672.0,729.0,628.0,687.0,616.0,646.0,667.5,686.0,630.0,693.0,642.5,632.0,741.5,646.0,600.0,589.0,758.5,648.0,649.0,695.5,712.5,573.5,1108.0,763.0,1332.0,1133.0,1013.0,705.0,755.0,756.0,824.0,747.0,675.0,1.0,
00000000000000000077_0,835.0,864.5,715.5,779.5,720.5,852.0,873.5,864.0,738.0,808.0,776.5,706.5,866.0,730.0,725.0,753.0,719.0,790.0,737.0,817.0,745.0,705.0,712.5,897.0,745.0,733.0,916.0,820.0,907.5,874.0,917.0,829.0,810.0,1.0,
00000000000000000078_0,716.0,772.0,949.5,722.0,599.0,681.0,1042.0,716.0,736.5,825.0,744.0,856.5,731.0,842.0,1045.5,880.0,1067.0,1004.0,977.0,1023.5,491.0,474.5,478.0,1031.0,529.0,475.0,565.5,909.0,599.0,719.0,540.5,577.0,694.0,1.0,
00000000000000000079_0,747.5,750.5,1076.0,778.0,635.0,719.5,1034.5,726.5,751.0,831.5,748.0,880.5,769.0,858.0,1045.5,881.0,1031.5,1026.0,1128.0,999.0,535.0,558.0,542.5,1014.0,538.0,480.0,703.0,838.0,756.5,596.0,552.5,340.0,736.5,1.0,
0000000000000000007a_0,521.0,549.0,815.0,821.5,739.0,873.0,861.0,866.5,870.0,908.0,1017.5,828.5,512.0,813.5,899.0,993.5,771.0,760.0,685.0,740.5,706.0,669.5,706.0,1238.0,794.0,794.0,741.5,809.0,914.0,848.0,932.5,839.0,858.0,1.0,
0000000000000000007b_0,817.0,877.0,774.5,767.0,733.0,1003.0,1048.0,1060.0,959.0,945.5,860.5,818.0,953.0,869.5,787.0,834.0,711.0,772.5,729.0,741.0,763.0,616.5,597.5,875.0,713.0,687.0,656.0,715.0,932.0,800.0,985.0,854.0,807.0,1.0,
0000000000000000007c_0,632.5,787.5,743.0,467.0,508.0,662.0,959.0,652.0,381.0,491.5,489.0,763.0,688.0,532.5,994.0,794.5,978.0,918.0,872.5,765.0,248.5,384.0,249.5,818.0,368.0,395.5,315.5,854.0,487.0,369.0,458.0,339.0,639.0,1.0,
0000000000000000007d_0,462.0,860.5,536.5,607.5,612.5,724.0,608.5,671.0,659.0,665.0,727.5,639.0,770.5,554.5,554.0,675.0,590.0,542.0,566.0,592.0,670.0,570.0,576.5,746.0,610.0,543.0,584.0,606.0,698.5,694.0,806.0,734.0,674.0,1.0,
0000000000000000007e_0,585.0,705.5,475.5,856.0,728.0,786.5,890.0,934.5,974.5,851.0,868.0,809.0,604.0,921.0,939.0,1004.0,970.0,907.5,854.0,918.0,972.0,1027.0,905.0,608.0,997.0,821.0,973.0,554.0,647.0,589.0,744.5,569.0,548.0,1.0,
0000000000000000007f_0,582.5,605.5,512.0,631.5,564.0,617.5,572.0,504.0,477.0,542.0,513.0,494.0,687.0,506.0,489.0,572.5,531.5,596.0,504.0,536.5,541.0,482.0,528.5,653.5,579.0,513.0,535.5,590.0,585.0,610.5,739.0,669.0,540.0,1.0,
00000000000000000080_0,435.0,601.0,421.0,482.5,478.0,541.5,615.0,346.0,301.0,250.0,305.0,460.0,559.0,323.5,341.5,313.0,419.0,309.0,314.5,304.5,231.0,330.5,210.0,533.0,231.0,224.5,225.0,270.0,431.0,287.0,418.0,302.0,336.0,1.0,
00000000000000000081_0,661.5,847.0,728.5,532.5,597.0,615.0,711.0,415.0,325.0,411.5,422.5,692.0,585.0,823.0,928.0,813.0,952.0,788.0,741.0,703.0,454.0,479.0,381.0,550.0,278.0,434.5,517.0,727.0,665.0,433.0,1438.5,338.0,622.0,1.0,
00000000000000000082_0,486.0,793.0,635.5,709.0,806.0,941.0,842.0,780.5,832.0,863.0,786.0,757.0,857.0,802.5,832.5,872.5,812.5,814.0,765.0,781.0,792.0,779.0,801.0,851.0,744.0,654.5,672.5,770.0,775.0,710.0,759.0,708.5,606.0,1.0,
00000000000000000083_0,359.0,675.0,392.0,547.5,553.0,718.0,616.0,660.0,661.0,730.5,640.5,671.0,771.0,622.0,652.0,684.0,773.0,645.0,649.0,718.0,716.5,500.0,739.0,932.0,724.0,578.0,575.0,523.5,864.0,612.0,675.5,785.0,542.0,1.0,
00000000000000000084_0,671.0,812.0,720.5,589.0,609.0,733.0,837.0,534.0,422.0,374.0,430.0,765.0,851.0,821.5,914.0,767.0,765.0,740.0,662.0,568.0,468.0,430.0,442.5,823.0,332.0,482.5,250.0,905.0,711.0,531.0,1359.0,647.5,572.0,1.0,
00000000000000000085_0,647.0,639.0,643.0,751.0,671.5,719.0,841.0,778.0,711.0,851.0,844.0,854.0,637.0,823.0,841.5,882.5,927.0,898.5,819.0,833.0,885.0,846.5,954.0,647.5,856.5,807.5,845.0,560.0,664.0,579.5,684.0,710.0,741.5,1.0,
00000000000000000086_0,477.5,640.0,996.0,994.0,801.0,800.0,662.0,669.5,661.0,603.0,640.5,520.0,528.5,531.0,661.0,1095.5,916.0,842.5,685.5,676.0,746.0,755.0,734.0,861.0,724.5,638.0,702.0,961.0,792.0,713.5,1256.5,895.0,880.0,1.0,
00000000000000000087_0,590.0,625.5,642.0,648.0,715.0,648.0,757.0,733.0,662.0,658.0,604.5,720.0,653.0,685.0,673.0,782.0,691.5,663.0,606.0,607.0,768.0,683.5,698.0,833.0,670.0,612.0,664.0,648.0,895.0,824.5,977.5,759.5,598.0,1.0,
00000000000000000088_0,764.0,766.0,699.5,733.0,676.0,682.0,723.0,701.0,379.0,486.0,403.0,592.0,365.0,524.5,827.0,551.0,452.0,515.0,498.0,536.5,468.0,496.0,385.0,614.5,464.0,448.0,277.0,608.0,758.0,738.0,1315.5,735.0,839.0,1.0,
00000000000000000089_0,584.0,576.0,764.0,706.0,660.0,722.0,784.0,759.0,750.5,728.0,717.0,880.0,546.5,693.5,795.5,923.5,915.0,819.0,768.0,736.0,788.0,867.0,728.0,557.5,824.0,699.5,709.5,499.0,660.0,809.0,854.0,699.0,723.0,1.0,
0000000000000000008a_0,718.0,776.5,663.0,744.0,557.0,727.0,730.0,623.0,685.0,332.0,425.5,504.5,392.0,496.0,826.0,560.5,662.0,519.0,470.0,682.5,664.5,552.0,632.0,577.0,463.0,598.0,670.0,731.0,840.0,771.0,788.5,775.0,949.0,1.0,
0000000000000000008b_0,535.0,683.0,744.0,666.5,608.5,716.5,593.0,629.5,985.0,806.0,694.5,717.0,773.0,702.0,878.0,1014.0,822.5,797.5,725.0,786.0,816.0,788.0,835.0,670.0,868.5,695.0,682.5,582.0,643.0,723.0,812.0,856.0,639.0,1.0,
0000000000000000008c_0,413.0,471.5,472.5,613.0,503.0,607.0,611.5,600.0,612.0,654.0,572.0,665.0,458.5,571.0,550.5,693.5,682.0,609.5,590.0,583.0,592.0,694.0,548.0,561.5,639.0,473.0,489.5,470.0,534.0,462.5,607.5,522.0,492.0,1.0,
0000000000000000008d_0,413.0,462.5,559.0,741.0,677.0,722.0,802.5,719.0,621.0,640.0,550.0,540.0,434.0,561.0,547.5,673.0,581.0,596.0,560.0,576.0,669.5,589.0,613.0,507.5,582.0,572.0,575.0,557.0,798.0,918.0,840.5,696.0,619.5,1.0,
0000000000000000008e_0,786.5,864.0,835.0,858.0,841.5,854.5,879.0,841.5,863.0,952.0,966.0,955.0,725.0,840.0,833.5,1115.0,883.5,890.5,777.0,834.0,693.5,655.0,705.0,812.0,672.0,593.0,852.0,695.0,817.5,831.0,841.0,825.0,1013.5,1.0,
0000000000000000008f_0,418.0,602.0,428.0,518.0,497.0,519.0,590.0,636.0,574.0,586.0,507.0,551.0,658.0,562.0,481.0,543.0,545.5,504.0,479.0,500.0,488.0,451.0,435.0,700.0,434.5,384.0,425.0,563.0,710.0,588.0,727.0,621.0,660.0,1.0,
00000000000000000090_0,702.5,757.0,612.0,724.0,791.0,686.0,714.0,671.0,706.0,677.0,664.5,635.0,716.0,626.0,631.0,690.5,637.0,614.0,559.5,618.0,655.0,511.0,552.5,711.0,522.5,399.5,427.5,659.0,730.5,641.0,756.0,583.0,595.0,1.0,
00000000000000000091_0,536.0,566.0,853.0,886.0,913.0,1083.0,1123.0,1139.5,942.0,993.0,1062.0,996.0,543.0,788.0,791.0,1048.0,792.0,822.0,761.0,854.0,1023.0,951.0,954.0,770.0,826.0,770.0,855.0,783.0,796.5,833.0,875.0,807.5,1067.0,1.0,
00000000000000000092_0,630.5,554.0,720.0,711.0,626.0,713.0,609.0,645.0,562.5,614.0,609.0,600.0,607.0,612.0,767.0,926.0,793.0,748.5,724.5,716.5,773.0,759.0,751.0,726.0,739.5,659.5,741.0,893.0,863.5,833.0,859.5,875.0,792.5,1.0,
00000000000000000093_0,580.0,796.0,629.5,600.0,555.0,685.0,695.5,583.0,527.0,375.0,404.0,665.0,624.0,558.0,468.5,587.0,575.0,524.0,570.5,505.0,592.0,516.5,539.0,574.5,503.0,461.0,535.0,490.0,676.0,689.0,715.0,657.0,793.5,1.0,
00000000000000000094_0,524.5,716.0,719.0,776.0,801.0,751.0,778.0,724.0,745.0,719.0,737.5,822.0,812.0,847.0,818.0,930.5,856.0,787.0,720.0,685.5,811.5,778.0,807.0,926.5,797.0,786.0,799.5,815.0,817.0,939.0,915.5,713.0,822.5,1.0,
00000000000000000095_0,410.0,529.0,730.5,783.0,720.0,786.5,841.0,792.5,679.0,695.0,767.0,799.0,481.5,796.0,740.0,852.0,800.0,690.0,745.0,742.0,748.0,913.0,714.0,672.5,773.0,648.0,674.0,655.0,806.0,720.0,898.0,773.0,787.0,1.0,
00000000000000000096_0,522.0,545.0,862.0,884.5,971.5,982.0,955.5,926.0,961.5,898.5,932.0,873.0,472.0,861.0,918.0,915.0,950.0,795.0,762.0,800.0,822.0,924.0,941.0,511.5,795.0,730.0,863.0,488.0,964.0,931.0,1738.0,870.0,841.0,1.0,
00000000000000000097_0,462.0,526.0,625.0,637.0,694.0,700.5,660.0,706.0,665.5,619.0,732.0,565.0,410.0,603.0,607.0,620.5,638.0,534.5,547.0,547.0,558.0,668.5,590.0,467.0,581.0,506.5,607.5,431.0,1048.0,813.0,2226.0,613.0,642.0,1.0,
00000000000000000098_0,488.0,576.5,556.5,567.0,643.0,501.0,620.0,635.0,649.0,578.0,683.5,602.0,479.0,610.0,547.0,712.5,626.0,564.0,586.0,535.0,625.0,696.0,641.0,552.0,629.0,545.0,663.5,536.5,578.0,617.0,712.0,490.0,574.5,1.0,
00000000000000000099_0,529.0,528.0,755.0,820.0,788.5,745.0,741.0,705.0,697.0,668.0,603.0,610.0,506.0,580.0,598.0,615.5,629.0,500.5,569.0,600.0,656.0,510.5,624.5,488.0,568.0,514.0,671.0,487.5,589.0,548.0,1056.0,672.5,792.0,1.0,
0000000000000000009a_0,469.0,550.0,418.5,462.5,476.0,447.0,403.0,415.0,437.0,465.0,559.0,513.5,439.5,402.0,475.0,609.0,633.0,561.0,522.0,433.5,434.5,502.5,500.0,493.0,440.5,408.0,456.0,489.0,493.0,520.0,974.5,476.5,461.5,1.0,
0000000000000000009b_0,627.5,638.5,584.0,561.0,540.0,648.5,857.0,802.5,777.5,646.5,827.0,648.0,518.0,638.0,657.0,732.0,815.0,692.5,720.0,624.0,689.0,684.0,695.0,648.0,625.0,546.0,605.5,576.5,683.0,645.5,1041.5,653.5,707.0,1.0,
0000000000000000009c_0,1167.5,1127.0,1311.5,1186.0,1339.0,1182.5,1142.0,1100.0,1142.0,1100.0,1054.0,1016.0,1056.0,1002.0,1093.0,1072.0,992.0,984.0,1031.0,1037.0,1152.0,759.0,1193.0,1079.0,1122.0,1106.0,1121.0,1044.0,1198.0,1792.0,1460.5,1032.5,1429.5,1.0,
0000000000000000009d_0,724.0,729.0,802.0,765.0,739.0,823.0,905.0,774.0,945.0,623.5,799.0,838.5,613.0,796.0,713.0,825.0,815.0,697.0,739.0,797.5,817.5,671.5,755.0,731.0,800.0,925.0,875.0,658.0,717.0,827.0,1086.0,826.0,760.0,1.0,
0000000000000000009e_0,663.0,855.0,861.0,748.5,807.0,795.0,776.5,749.0,745.0,676.0,883.0,731.5,565.0,572.0,589.0,622.0,578.0,581.0,526.0,821.5,540.5,347.0,631.0,772.0,576.0,672.0,654.0,730.5,607.0,726.0,1117.0,584.0,872.0,1.0,
0000000000000000009f_0,517.0,661.5,572.0,632.0,699.0,611.5,605.0,589.0,569.0,532.0,634.0,617.0,545.0,560.0,569.0,578.5,598.0,572.5,548.0,535.5,522.0,489.0,536.0,648.0,457.0,446.0,482.5,613.0,600.0,645.0,1012.0,728.0,616.0,1.0,
000000000000000000a0_0,577.0,805.0,858.0,786.0,798.5,894.0,779.0,832.0,712.5,710.0,724.5,577.0,549.0,486.0,448.5,523.0,480.5,424.0,651.5,665.0,643.0,468.0,653.0,826.0,607.0,584.0,638.5,843.0,603.0,770.5,875.0,581.0,918.0,1.0,
000000000000000000a1_0,659.0,794.5,773.0,735.0,910.0,622.0,714.0,707.0,763.0,616.5,660.5,607.0,555.0,545.0,629.0,697.0,672.5,545.0,607.0,602.0,528.0,495.0,589.0,731.0,476.0,474.0,469.0,562.5,637.0,819.0,831.0,512.0,788.5,1.0,
000000000000000000a2_0,1358.0,1297.0,649.5,713.5,753.5,655.0,727.0,765.5,869.0,946.5,898.0,783.0,1188.0,799.0,799.0,812.0,732.0,825.5,786.0,807.5,722.0,965.0,1054.0,1055.0,756.0,756.0,735.5,948.0,993.0,967.0,960.0,750.5,789.5,1.0,
000000000000000000a3_0,538.0,625.5,602.0,533.0,482.0,537.5,643.0,697.0,675.0,564.0,686.5,687.5,493.0,625.0,652.0,713.5,655.5,589.0,798.0,711.0,746.0,859.0,638.0,576.0,562.0,586.5,456.0,480.0,517.0,650.0,908.5,721.0,670.5,1.0,
000000000000000000a4_0,782.0,839.5,830.5,845.5,914.0,871.5,841.5,837.0,720.0,619.5,829.5,783.0,1166.5,846.0,883.0,963.0,1034.5,875.0,936.0,1058.5,993.0,1032.0,956.0,1088.0,945.0,1195.0,1384.0,967.0,990.5,873.0,1017.0,1108.0,852.0,1.0,
000000000000000000a5_0,541.0,1080.0,559.0,624.0,588.0,599.0,559.5,578.0,529.0,578.5,609.5,540.0,974.0,479.0,471.0,493.5,510.5,446.5,457.0,457.0,455.0,469.5,503.0,770.0,510.0,509.0,554.5,709.0,815.0,720.0,875.0,671.5,662.5,1.0,
000000000000000000a6_0,465.0,640.0,637.0,802.5,636.0,748.0,701.0,677.0,683.0,744.0,688.0,671.0,532.5,548.0,564.0,638.5,610.5,623.5,690.0,659.0,736.0,692.0,662.5,633.0,735.0,668.0,697.0,710.5,769.0,695.0,808.0,905.0,652.0,1.0,
000000000000000000a7_0,641.0,876.0,697.0,756.0,732.0,612.0,835.5,903.0,797.0,731.0,634.5,696.5,570.0,584.0,676.5,809.5,680.5,615.0,650.0,710.0,647.5,548.0,733.0,689.0,724.0,509.5,686.5,611.5,725.0,664.0,758.0,695.0,678.5,1.0,
000000000000000000a8_0,667.0,711.0,637.0,729.5,748.0,680.0,721.0,710.5,742.0,776.0,723.5,781.5,633.0,793.0,647.5,698.0,773.5,650.5,713.0,709.0,692.5,576.0,680.0,804.5,564.0,524.0,578.0,787.0,779.0,843.0,876.0,1041.0,757.5,1.0,
000000000000000000a9_0,500.0,570.5,513.5,611.5,538.0,555.0,706.0,705.0,674.5,691.0,743.0,707.0,593.0,699.0,657.0,754.0,692.0,672.0,602.0,567.0,673.0,607.5,675.0,608.0,653.0,692.5,718.0,542.0,615.0,560.5,728.5,713.0,687.5,1.0,
000000000000000000aa_0,256.0,350.0,190.0,317.0,195.5,379.0,273.5,297.0,279.0,327.0,252.0,304.0,378.5,250.0,227.0,321.0,346.0,263.0,271.0,306.5,293.5,122.5,241.0,363.0,244.0,186.0,229.0,289.0,396.5,321.5,408.0,459.5,398.5,1.0,
000000000000000000ab_0,644.0,669.0,626.0,516.0,568.0,557.0,688.0,703.0,663.5,639.0,719.0,807.5,554.0,788.0,837.0,836.0,708.0,547.0,573.0,746.0,560.5,674.0,804.0,655.0,663.0,540.5,677.0,730.5,796.0,834.0,1514.5,796.0,761.5,1.0,
000000000000000000ac_0,527.0,638.0,690.0,780.0,684.0,616.0,648.0,746.0,896.0,831.5,849.0,745.0,768.5,706.5,712.0,747.5,899.0,633.0,707.0,824.0,780.5,925.0,675.5,618.5,651.0,593.0,755.5,578.0,811.5,910.0,898.5,713.5,672.0,1.0,
000000000000000000ad_0,568.0,684.5,810.0,750.5,725.0,689.5,594.0,682.0,869.0,689.0,749.0,658.0,607.0,761.0,692.0,682.0,751.5,661.0,655.0,604.0,651.0,578.0,504.5,684.0,572.0,527.0,608.0,725.0,998.0,1166.0,921.0,704.5,785.5,1.0,
000000000000000000ae_0,678.0,744.0,858.0,850.0,762.0,772.0,811.0,866.0,788.0,876.0,886.0,761.0,489.0,723.0,645.0,736.0,767.0,587.0,664.0,571.0,724.0,897.5,757.0,645.0,743.0,647.5,717.0,476.0,857.0,700.5,831.5,740.0,785.5,1.0,
000000000000000000af_0,1216.0,1214.0,1195.5,1129.0,1114.0,1284.5,1209.0,1343.5,1284.5,1409.0,1216.0,1225.0,1106.0,1199.0,1100.0,1135.0,1196.0,815.0,741.0,756.0,800.0,604.0,1077.5,1101.0,1148.0,944.0,930.0,1050.0,1146.0,853.0,1097.5,922.0,1153.0,1.0,
000000000000000000b1_0,648.0,701.0,604.0,592.5,623.5,541.0,721.0,686.5,648.0,572.0,533.5,716.0,600.0,715.0,765.0,856.0,738.0,527.0,614.5,740.5,570.5,630.0,785.0,688.0,693.5,566.0,681.0,619.0,763.0,719.0,721.0,663.5,640.0,1.0,
000000000000000000b2_0,627.0,608.0,776.0,884.5,797.0,821.0,795.0,730.0,749.0,776.0,726.0,730.0,556.0,679.0,713.0,755.0,770.0,731.0,680.0,751.0,729.5,645.0,643.0,579.0,644.5,665.0,648.0,557.0,850.5,911.5,930.0,929.0,836.5,1.0,
000000000000000000b3_0,823.0,783.0,860.0,758.0,794.0,956.5,754.0,864.0,834.5,719.0,784.0,794.0,722.5,764.0,848.0,894.0,770.5,585.0,699.5,894.5,792.0,855.5,861.0,651.0,787.0,707.0,777.0,620.5,643.0,638.0,893.0,537.0,708.0,1.0,
000000000000000000b4_0,848.0,1085.0,743.0,1080.0,912.0,790.5,847.5,867.0,933.0,980.0,1023.0,864.0,738.5,877.0,893.0,899.0,758.0,779.0,749.5,706.0,737.0,847.0,756.0,1154.0,753.0,731.0,725.0,952.0,746.0,918.0,1088.0,989.5,983.0,1.0,
000000000000000000b5_0,734.5,960.0,803.0,760.0,834.0,913.0,841.0,788.0,847.0,886.0,833.5,833.0,760.5,795.0,763.0,858.5,810.0,708.0,678.5,680.0,724.0,428.0,678.0,1017.0,621.5,648.0,674.0,853.0,1096.0,1045.5,1368.5,986.0,800.0,1.0,
000000000000000000b6_0,628.5,678.0,778.0,891.0,665.0,717.0,781.5,705.0,725.0,695.0,788.0,779.0,651.0,735.0,721.5,853.0,793.0,814.0,671.0,769.0,729.0,683.0,657.0,866.0,660.0,815.0,619.0,775.0,865.0,848.5,951.0,838.0,729.5,1.0,
000000000000000000b7_0,613.5,653.5,649.0,810.0,844.0,682.0,819.0,660.0,683.0,639.0,718.5,675.0,516.0,664.0,642.0,696.5,659.0,692.0,662.0,668.0,598.0,482.0,497.5,577.0,423.0,479.0,526.0,582.0,616.0,815.0,875.0,600.0,579.0,1.0,
000000000000000000b8_0,653.0,791.0,728.5,730.0,600.0,622.0,638.0,660.0,619.0,630.5,854.0,718.0,585.5,620.0,583.0,662.0,698.0,593.0,662.5,627.0,789.5,511.0,626.0,705.5,637.5,581.0,633.5,538.0,794.0,861.0,953.5,661.0,829.5,1.0,
000000000000000000b9_0,652.5,664.5,626.0,631.0,646.0,720.0,607.0,787.0,761.0,723.0,634.0,520.0,619.0,577.0,579.0,654.0,641.5,569.0,585.0,651.0,681.0,612.5,731.0,724.0,725.0,561.0,669.0,563.0,669.0,638.5,855.0,693.0,621.0,1.0,
000000000000000000ba_0,463.0,458.0,335.0,446.0,424.5,442.0,473.0,447.0,391.0,423.5,466.0,417.0,429.5,403.0,358.0,421.0,391.0,401.0,372.0,379.0,343.0,439.0,431.0,475.0,412.5,404.0,366.0,418.5,526.0,405.0,600.5,579.0,499.0,1.0,
000000000000000000bb_0,555.0,495.5,561.5,461.0,406.0,498.0,498.0,569.5,495.5,463.0,454.5,475.0,515.0,468.5,488.0,504.0,480.0,473.0,445.5,430.5,467.0,451.0,424.0,523.0,476.0,445.5,425.5,444.0,466.0,507.0,575.0,495.0,453.0,1.0,
000000000000000000bc_0,528.0,748.0,920.0,755.0,838.0,727.0,801.0,712.0,1027.0,895.0,873.0,784.5,654.0,842.0,796.0,936.0,770.0,688.0,625.0,802.0,698.5,875.0,796.0,657.0,656.0,820.0,833.0,660.0,756.5,761.0,927.0,874.0,788.5,1.0,
000000000000000000bd_0,557.5,602.0,775.0,887.0,896.5,959.5,860.5,867.5,816.0,849.0,905.5,880.0,574.5,767.5,657.5,758.0,654.5,650.5,649.5,540.5,627.5,565.0,599.5,565.0,598.0,574.5,590.0,546.5,611.0,602.0,1049.0,855.0,971.0,1.0,
000000000000000000be_0,489.0,464.0,632.0,780.0,686.0,822.0,734.5,788.5,708.0,688.0,784.0,789.0,483.0,735.0,733.0,712.0,719.5,655.0,699.0,606.5,638.5,653.0,608.5,544.0,674.0,601.5,581.5,480.5,709.0,520.0,873.0,879.0,797.5,1.0,
000000000000000000bf_0,528.0,646.5,746.0,718.5,905.0,770.0,692.0,670.0,1041.0,927.0,880.0,881.0,638.0,815.0,748.0,923.5,776.0,673.0,590.5,759.0,611.0,816.0,782.0,752.0,548.0,726.0,737.0,724.0,857.5,812.0,927.0,795.0,892.5,1.0,
000000000000000000c0_0,757.5,1527.0,699.0,647.0,731.5,734.0,783.5,754.0,776.5,873.0,875.0,919.0,871.0,780.0,775.5,921.0,737.0,729.0,751.0,826.0,794.0,917.0,814.0,885.0,727.0,790.0,791.0,818.5,842.0,724.5,858.0,758.5,675.0,1.0,
000000000000000000c1_0,463.5,504.0,490.5,578.0,557.5,659.0,713.0,633.0,625.0,640.0,608.0,625.0,547.0,598.0,581.5,655.0,622.0,582.0,527.0,576.0,619.0,500.0,495.5,653.5,550.5,563.0,597.0,532.0,582.0,639.0,771.5,745.0,727.0,1.0,
000000000000000000c2_0,732.0,637.5,755.0,739.0,736.0,736.0,690.0,746.5,742.0,670.0,821.0,752.0,533.5,735.0,676.0,706.0,599.0,493.0,629.0,642.0,518.0,568.0,539.5,741.5,641.0,579.0,691.0,723.0,585.0,686.0,878.0,664.5,887.0,1.0,
000000000000000000c3_0,619.0,772.5,638.0,633.0,549.0,542.0,538.0,565.5,656.0,604.0,730.5,594.0,618.0,598.0,659.0,660.5,624.5,561.0,595.5,657.5,602.0,386.0,431.0,752.0,582.0,519.0,541.5,713.0,751.0,703.0,962.0,804.0,700.5,1.0,
000000000000000000c4_0,785.0,727.0,653.0,659.0,779.5,680.0,635.5,653.0,678.0,647.0,518.0,558.0,601.0,482.0,558.0,651.0,611.0,585.0,616.0,666.0,712.0,694.0,820.0,746.0,663.0,525.0,708.5,689.5,755.0,785.0,800.0,825.0,673.0,1.0,
000000000000000000c5_0,652.5,687.0,607.0,619.0,690.5,596.5,603.0,596.0,613.5,512.5,448.0,436.0,590.0,437.0,535.0,592.5,535.0,545.0,593.0,668.0,628.0,534.0,716.0,620.0,629.0,601.0,634.0,595.0,791.0,800.0,776.0,692.5,643.0,1.0,
000000000000000000c6_0,641.5,725.0,628.0,646.0,791.5,596.5,609.0,596.0,634.0,530.5,433.0,406.5,546.0,441.5,549.0,695.0,587.0,505.0,591.0,664.0,637.0,563.5,714.0,683.0,595.0,595.0,620.5,642.0,828.0,800.0,776.0,757.0,673.0,1.0,
000000000000000000c7_0,680.0,654.5,687.0,609.0,659.5,464.5,507.0,490.5,435.0,399.5,502.0,463.0,636.5,423.5,402.5,433.5,377.0,374.0,396.0,358.0,281.0,488.5,305.0,709.0,236.0,232.0,220.0,650.0,756.0,719.0,762.0,797.0,641.5,1.0,
000000000000000000c8_0,927.5,802.5,640.5,624.0,551.5,777.0,952.0,867.5,924.0,804.0,800.0,813.0,854.5,909.0,924.0,921.0,820.0,814.0,812.5,839.0,762.0,890.0,767.5,710.0,747.0,760.0,696.0,657.0,809.0,737.0,760.0,685.0,623.0,1.0,
000000000000000000c9_0,465.0,527.0,419.0,558.0,481.0,628.0,683.0,776.0,743.0,743.5,771.0,730.0,489.0,666.5,701.5,787.5,688.0,646.5,603.5,603.0,625.5,616.0,578.5,670.0,579.0,613.5,525.0,564.0,696.0,729.5,644.0,562.0,546.5,1.0,
000000000000000000ca_0,689.5,670.5,768.0,772.0,601.0,625.0,673.0,811.0,735.0,601.0,709.0,772.0,692.0,733.0,801.0,822.5,764.0,720.0,903.0,826.5,772.5,843.0,729.5,731.5,824.0,796.0,818.0,806.5,647.0,654.0,1009.0,739.0,827.5,1.0,
000000000000000000cb_0,586.0,636.0,727.0,728.5,713.0,788.5,942.0,835.0,1037.0,831.0,801.0,830.5,651.0,832.0,928.5,1068.0,973.0,808.0,770.0,772.0,761.0,933.0,820.5,648.5,844.0,881.0,816.0,599.0,640.5,596.0,683.0,658.5,593.5,1.0,
000000000000000000cc_0,595.0,630.0,517.0,622.0,520.0,585.0,670.5,584.0,559.0,590.0,543.0,492.0,737.5,533.0,568.0,704.0,672.0,601.0,445.5,335.0,344.0,285.5,282.5,833.0,384.0,373.5,643.5,662.0,613.0,589.5,782.0,657.0,812.0,1.0,
000000000000000000cd_0,557.0,616.0,509.5,599.0,554.0,571.0,559.0,591.0,597.5,625.0,611.0,594.0,626.0,575.0,509.0,539.0,572.5,509.5,438.5,537.0,468.0,542.0,543.0,588.0,562.5,579.0,547.0,515.0,562.5,621.0,776.0,678.0,584.0,1.0,
000000000000000000ce_0,867.5,766.0,645.0,737.0,685.5,868.0,716.0,853.0,808.5,768.0,846.0,983.5,865.5,882.0,746.0,796.0,802.0,808.0,706.5,671.0,702.0,697.5,734.0,900.5,743.5,662.0,813.0,843.0,820.0,796.0,919.0,837.0,633.0,1.0,
000000000000000000cf_0,692.0,712.0,633.0,711.0,550.0,714.0,684.5,798.0,865.0,837.0,872.0,718.5,651.0,629.0,555.0,752.0,696.0,580.0,668.0,716.5,789.0,785.0,799.0,740.0,848.0,733.0,814.0,669.0,726.0,822.0,1010.0,602.5,654.5,1.0,
000000000000000000d0_0,704.0,723.5,772.0,892.0,866.0,866.0,955.5,893.0,877.5,894.0,929.0,950.5,987.5,873.0,812.0,1010.0,871.5,975.0,897.0,863.0,804.0,772.0,634.0,837.0,489.0,486.0,512.0,803.5,1103.0,1084.0,1318.0,999.0,887.5,1.0,
000000000000000000d1_0,431.5,643.0,634.0,708.0,949.0,715.0,885.0,761.0,721.0,721.5,900.0,801.0,640.0,652.5,658.0,832.0,774.0,677.5,576.0,708.5,730.0,810.0,905.0,743.0,710.0,746.0,774.0,651.5,959.0,711.0,1127.0,856.5,943.5,1.0,
000000000000000000d2_0,716.0,769.0,692.0,717.0,714.0,789.0,736.5,593.0,561.0,587.0,514.0,500.0,697.5,457.0,329.0,379.0,645.5,403.0,365.0,408.5,249.0,235.0,255.0,608.0,290.0,263.5,332.0,531.0,672.0,539.5,763.0,721.0,654.0,1.0,
000000000000000000d3_0,353.0,482.5,240.0,401.5,435.0,432.0,457.0,450.0,474.0,464.0,454.5,449.0,439.0,357.0,382.0,458.5,517.0,394.0,384.0,474.0,360.0,284.0,388.5,601.0,411.0,305.0,348.0,384.5,464.0,441.0,621.0,579.0,531.0,1.0,
000000000000000000d4_0,485.0,527.5,442.0,465.0,439.0,490.0,469.0,474.0,424.0,430.0,461.0,440.0,462.5,456.5,421.5,516.0,468.0,463.0,559.0,599.5,600.0,783.0,679.0,489.5,710.0,650.0,634.0,494.0,512.0,443.0,676.0,561.5,479.0,1.0,
000000000000000000d5_0,461.0,470.5,748.0,1004.0,735.0,575.5,994.0,590.0,551.5,750.0,620.0,790.0,536.0,885.0,759.5,405.0,831.0,759.0,775.0,828.0,276.0,367.0,262.0,680.0,269.0,310.0,270.0,652.0,458.5,580.5,646.0,564.0,521.5,1.0,
000000000000000000d6_0,734.0,866.0,568.0,733.0,684.0,739.0,713.0,690.0,791.0,865.5,753.0,704.0,712.5,665.0,634.5,820.0,757.5,668.0,636.0,663.0,617.0,645.0,710.5,712.0,742.0,658.0,736.0,668.0,722.0,546.0,813.0,872.0,663.0,1.0,
000000000000000000d7_0,467.5,604.0,425.0,639.5,625.0,631.0,720.5,582.0,571.0,586.5,746.0,712.0,581.0,587.5,562.0,714.5,659.0,611.0,589.5,626.5,575.0,745.0,732.0,635.0,611.0,607.5,648.0,490.0,787.0,693.5,1005.0,724.0,746.0,1.0,
000000000000000000d8_0,734.0,803.0,659.0,728.0,684.0,766.5,729.0,703.0,754.5,758.0,684.0,767.0,683.5,649.5,619.0,730.0,775.0,647.0,618.0,658.0,691.0,696.0,773.5,738.0,728.0,670.0,837.0,609.0,677.0,767.0,846.0,915.0,643.5,1.0,
000000000000000000d9_0,346.0,607.0,631.0,1053.0,690.0,558.5,1095.0,618.5,664.0,838.5,753.0,910.0,493.0,947.0,783.0,697.5,936.5,1013.0,938.0,978.0,304.0,342.0,382.0,682.0,321.0,330.0,438.0,694.0,461.0,610.0,699.0,770.0,555.5,1.0,
000000000000000000da_0,660.5,758.0,690.0,779.5,643.0,748.0,655.0,710.0,702.5,693.5,708.0,766.5,713.5,665.5,700.5,767.0,735.0,688.0,782.0,771.0,865.0,706.0,727.0,708.0,739.0,686.0,743.5,612.0,761.5,720.0,1037.0,817.0,876.5,1.0,
000000000000000000db_0,609.0,762.0,711.5,781.0,875.0,835.0,747.0,835.0,774.0,780.5,869.5,860.5,709.0,774.0,766.5,925.0,754.5,689.0,721.5,805.5,751.0,814.0,862.0,745.5,819.0,795.0,869.0,687.5,794.0,766.0,1118.0,917.0,900.0,1.0,
000000000000000000dc_0,663.5,810.5,707.0,633.0,605.0,645.0,583.5,654.0,676.0,686.0,787.0,858.5,688.0,728.0,775.0,916.0,715.0,735.0,758.5,754.0,925.0,892.0,804.5,853.0,680.0,822.0,801.0,736.0,907.0,762.0,815.0,772.0,911.0,1.0,
000000000000000000dd_0,885.0,1003.0,755.5,867.0,839.0,845.0,904.0,1105.0,824.0,884.0,934.5,905.0,707.5,801.0,781.0,891.0,1179.5,939.0,850.0,1142.0,1072.5,778.0,904.0,776.0,1084.0,751.0,945.5,610.0,841.5,761.0,998.0,934.0,1170.0,1.0,
000000000000000000de_0,516.0,574.0,628.0,992.0,734.0,574.0,1106.5,596.5,659.0,860.0,769.0,899.0,456.0,914.0,846.5,707.0,937.0,1011.0,947.0,964.0,358.0,441.0,394.0,855.0,328.0,420.0,473.5,654.0,459.0,598.5,652.0,769.0,546.5,1.0,
000000000000000000df_0,352.0,743.5,697.0,802.0,923.0,784.0,889.0,849.0,812.5,849.0,872.0,808.0,614.0,744.0,766.0,814.0,765.5,761.0,682.0,689.5,725.5,650.0,712.0,788.5,644.0,711.0,705.0,777.0,782.0,807.0,809.5,804.0,779.0,1.0,
000000000000000000e0_0,638.0,613.0,552.0,936.5,735.0,543.0,1030.5,597.0,645.0,850.5,770.0,862.0,660.0,925.5,769.5,666.0,946.0,925.0,910.0,959.0,298.0,433.0,330.0,680.0,270.0,349.0,311.0,653.0,490.5,652.0,643.0,605.0,564.0,1.0,
000000000000000000e1_0,467.0,575.5,551.0,1006.5,734.0,600.0,1001.0,605.5,640.5,837.5,750.0,863.0,532.0,858.0,738.0,636.0,972.0,979.0,926.0,979.5,316.0,497.0,407.0,684.0,313.0,362.5,272.5,761.5,469.0,625.5,679.0,573.5,542.0,1.0,
000000000000000000e2_0,569.5,476.0,552.0,974.0,735.0,507.0,1047.0,597.0,617.5,896.0,734.0,892.5,604.0,899.0,790.0,666.0,932.0,943.0,885.5,987.5,307.0,462.0,334.0,641.0,275.0,360.0,317.0,653.0,451.0,634.5,643.0,584.5,564.0,1.0,
000000000000000000e3_0,465.0,531.0,389.0,536.0,557.0,614.0,710.0,895.0,862.0,754.5,887.0,812.0,490.5,831.0,839.0,898.0,842.0,824.0,764.0,752.0,778.5,740.5,765.0,493.5,776.5,758.0,705.5,563.5,545.0,471.0,662.5,555.5,518.0,1.0,
000000000000000000e4_0,663.0,726.0,701.0,717.0,789.0,684.0,613.0,949.5,763.0,679.0,884.0,712.0,735.0,687.0,778.0,795.0,736.0,680.0,785.5,965.0,948.0,896.0,950.0,755.0,797.5,794.5,967.0,696.0,865.0,714.5,932.0,969.5,710.0,1.0,
000000000000000000e5_0,654.0,730.0,569.5,671.0,633.0,610.0,679.0,584.0,593.5,757.0,717.0,821.5,602.5,852.0,695.0,629.0,890.0,938.0,857.5,935.0,391.5,401.0,455.0,642.0,322.0,390.0,258.0,634.0,654.0,704.0,842.0,754.0,607.5,1.0,
000000000000000000e6_0,875.0,790.0,724.0,742.5,678.0,790.5,775.0,758.0,718.0,769.0,783.0,776.5,777.0,791.0,902.5,974.5,901.5,775.5,684.0,654.0,643.0,350.0,327.0,957.5,320.0,380.0,357.0,803.0,845.5,870.5,913.0,862.0,796.0,1.0,
000000000000000000e7_0,544.0,569.5,714.0,861.0,790.5,738.0,772.0,740.0,818.0,726.0,795.0,763.0,549.5,723.0,652.5,763.0,731.5,651.0,637.5,692.0,651.0,676.0,704.0,504.0,641.0,610.0,685.5,849.0,897.0,798.0,973.0,960.0,898.5,1.0,
000000000000000000ea_0,314.0,498.0,273.0,513.0,464.5,515.0,495.0,452.0,440.5,511.0,487.0,565.0,424.5,374.0,371.0,537.5,465.0,393.0,451.0,543.5,428.0,466.0,544.0,564.0,540.0,476.0,473.0,517.0,737.0,489.5,728.0,641.0,684.0,1.0,
000000000000000000eb_0,478.0,460.0,627.5,1011.0,737.0,612.0,1073.0,634.5,666.0,891.0,714.0,851.5,504.0,901.0,759.5,714.0,960.0,1010.0,929.5,956.0,437.0,402.0,530.0,681.5,440.0,456.5,474.0,655.0,459.5,690.0,651.0,713.5,555.0,1.0,
000000000000000000ec_0,625.0,802.0,646.0,714.0,675.0,691.0,721.5,615.5,607.0,676.0,633.0,780.0,705.0,763.0,765.0,738.0,946.0,991.0,911.0,919.0,455.0,472.0,499.5,752.0,384.0,493.0,358.0,653.0,557.0,718.0,762.0,745.0,679.5,1.0,
000000000000000000ed_0,420.0,468.0,291.0,400.0,318.0,411.0,454.0,395.0,421.5,545.5,481.0,557.0,478.0,509.0,519.0,553.0,573.0,522.0,481.0,525.0,514.0,504.0,547.0,507.0,524.0,457.0,458.0,404.0,506.0,514.0,536.0,521.0,395.0,1.0,
000000000000000000ee_0,576.5,633.0,773.0,697.0,675.0,712.0,663.0,756.5,753.0,789.5,780.5,844.0,765.0,872.0,757.0,738.0,732.5,499.0,750.0,777.0,746.0,704.0,643.5,866.5,612.0,542.5,613.5,866.5,686.0,764.0,1081.0,939.5,794.0,1.0,
000000000000000000ef_0,593.5,795.5,573.0,1008.0,796.0,636.5,1103.5,660.0,694.0,944.5,778.0,937.0,580.5,899.0,839.0,696.0,960.0,1033.0,996.0,985.0,430.0,543.0,534.0,898.0,424.0,489.5,484.0,734.0,448.0,678.0,684.0,629.0,573.5,1.0,
000000000000000000f0_0,634.0,528.0,459.0,481.0,432.0,479.0,458.0,473.0,565.5,677.0,541.0,649.0,601.5,666.5,683.5,704.5,666.0,627.0,669.0,603.0,638.0,611.0,626.0,514.5,568.0,613.0,603.0,494.0,493.0,603.5,569.0,489.0,460.0,1.0,
000000000000000000f1_0,527.0,662.5,643.0,788.0,668.0,730.0,906.5,634.0,563.0,842.0,719.5,870.0,571.0,854.0,720.0,627.0,852.0,895.0,865.5,890.0,397.0,351.0,528.5,748.5,395.0,477.5,523.0,614.0,555.0,701.5,723.0,747.0,667.0,1.0,
000000000000000000f2_0,355.0,399.0,269.5,360.0,318.0,419.0,445.0,378.0,443.5,513.0,408.0,487.0,365.0,442.0,414.0,523.0,497.5,463.0,465.5,476.0,420.0,428.0,520.0,429.5,448.0,396.5,402.5,332.0,445.0,489.5,548.0,489.0,358.0,1.0,
000000000000000000f3_0,725.5,730.5,651.0,972.5,796.0,837.0,1134.5,687.0,733.0,931.0,784.5,961.0,635.0,908.0,839.0,682.5,959.0,1007.0,976.0,965.0,347.0,371.0,338.0,843.0,363.0,408.5,462.0,694.0,487.0,734.0,725.0,958.0,693.0,1.0,
000000000000000000f4_0,674.5,803.5,752.0,977.0,737.0,777.0,1110.0,681.5,703.0,946.5,832.0,962.5,571.0,937.5,887.0,779.0,974.0,997.0,991.0,975.0,420.0,459.0,591.0,897.5,476.0,518.0,547.0,695.0,452.0,719.0,726.0,543.0,563.5,1.0,
000000000000000000f5_0,810.5,836.0,757.0,809.5,667.0,819.0,1032.0,689.5,506.0,549.0,568.0,424.5,648.5,531.0,355.5,470.0,608.0,396.5,556.0,476.5,273.0,439.5,310.0,607.0,300.0,236.5,222.0,606.0,461.5,474.0,697.0,663.0,713.0,1.0,
000000000000000000f6_0,442.0,509.0,575.5,943.0,739.0,536.0,1053.0,611.0,664.0,834.0,696.5,862.5,279.0,869.0,784.5,654.5,1010.0,1006.0,923.5,943.0,452.0,457.0,563.0,700.0,465.0,522.0,485.5,588.0,500.5,610.0,728.0,496.0,567.0,1.0,
000000000000000000f7_0,640.0,655.0,896.0,715.0,718.0,819.5,657.0,845.5,839.0,810.0,848.0,816.0,626.5,809.0,782.0,827.0,716.0,624.0,705.0,735.0,751.0,809.0,753.0,875.5,722.5,611.0,640.0,878.5,832.0,996.5,1080.0,1007.0,805.0,1.0,
000000000000000000f8_0,685.0,823.0,695.0,941.0,717.0,777.0,1110.0,680.0,669.0,928.0,824.5,943.0,571.0,916.0,887.0,767.5,939.0,1045.0,963.0,969.0,459.5,463.0,585.0,897.5,466.0,513.0,541.0,668.0,453.0,761.0,726.0,626.0,541.0,1.0,
000000000000000000f9_0,907.5,811.0,674.5,766.0,677.0,860.0,1072.0,685.5,606.0,653.5,579.5,613.0,606.0,728.0,741.5,605.0,797.0,551.0,686.0,707.0,288.5,324.0,524.5,634.5,470.0,279.0,341.0,606.0,639.0,556.0,636.5,879.0,773.5,1.0,
000000000000000000fa_0,833.5,863.0,665.0,716.5,707.0,764.0,968.0,648.5,556.5,552.5,479.5,530.5,606.0,681.5,789.0,724.0,729.0,501.0,547.0,522.0,249.0,478.0,393.0,656.0,342.0,328.0,257.5,573.0,739.5,488.0,664.0,707.0,719.0,1.0,
000000000000000000fb_0,589.0,757.0,564.0,1014.0,758.0,716.5,1110.0,664.0,665.0,922.0,813.0,943.0,571.0,984.0,874.0,718.5,958.0,981.0,928.5,968.5,461.0,482.0,601.0,897.5,419.0,501.5,525.0,696.0,420.0,746.0,688.0,588.0,562.0,1.0,
000000000000000000fc_0,733.0,686.5,634.0,976.0,860.0,933.0,1156.0,660.0,727.0,912.0,786.0,911.0,586.5,888.5,881.0,744.0,933.0,1001.5,965.0,988.0,433.0,377.0,531.0,820.5,500.0,540.5,599.0,696.0,433.0,720.0,727.0,753.0,752.5,1.0,
000000000000000000fd_0,524.5,522.0,727.0,783.5,807.0,892.0,725.0,649.0,603.0,605.0,548.5,602.0,552.0,569.0,561.0,579.5,569.0,553.0,530.0,526.5,507.0,478.5,483.5,526.0,502.0,483.0,443.5,458.0,550.0,779.5,1152.0,920.0,822.0,1.0,
000000000000000000fe_0,603.5,688.5,833.0,789.0,612.0,700.0,677.0,839.0,893.0,737.5,886.0,766.0,649.0,730.5,993.0,912.5,772.0,750.0,865.0,845.0,878.0,865.0,901.0,590.0,908.0,856.0,1149.0,549.0,663.0,549.0,932.0,811.0,690.0,1.0,
000000000000000000ff_0,795.0,858.0,1231.0,1011.0,951.0,876.5,846.0,917.5,909.0,670.5,964.0,789.0,843.0,797.0,1052.0,970.0,885.5,716.5,775.5,961.0,831.5,767.0,1104.0,832.0,1059.0,1231.0,1381.0,723.5,829.0,774.5,932.0,972.0,957.0,1.0,
00000000000000000100_0,729.5,811.5,717.0,1035.5,921.0,1032.5,1117.0,701.0,801.5,928.0,834.0,963.0,706.0,945.0,917.0,807.5,959.5,1034.0,973.0,977.0,379.0,404.0,636.0,767.5,515.0,524.0,608.0,656.0,675.0,677.0,725.0,984.0,819.0,1.0,
