system:index,RED,RED_1,RED_10,RED_11,RED_12,RED_13,RED_14,RED_15,RED_16,RED_17,RED_18,RED_19,RED_2,RED_20,RED_21,RED_22,RED_23,RED_24,RED_25,RED_26,RED_27,RED_28,RED_29,RED_3,RED_30,RED_31,RED_32,RED_4,RED_5,RED_6,RED_7,RED_8,RED_9,VALUE,.geo
00000000000000000000_0,188.5,141.0,85.0,159.0,127.0,174.0,263.0,111.0,112.0,165.0,133.0,154.0,148.0,114.5,109.5,118.0,193.0,145.0,126.0,96.0,121.0,101.0,194.0,214.5,49.0,118.0,79.0,140.0,197.0,243.5,330.0,414.0,211.5,1.0,
00000000000000000001_0,157.0,181.5,100.0,160.5,127.0,159.0,126.0,161.5,165.0,141.5,175.0,173.0,206.0,129.0,117.5,204.0,162.5,151.0,173.0,168.5,158.5,73.0,129.5,246.0,123.0,102.0,108.0,159.0,223.0,200.0,522.0,241.0,218.0,1.0,
00000000000000000002_0,306.0,289.0,257.0,274.0,291.0,301.0,292.0,262.0,265.0,261.5,264.5,303.0,328.0,288.0,273.0,293.0,269.0,264.0,226.5,263.5,254.0,208.0,192.0,299.5,243.0,211.0,189.0,253.0,336.5,319.0,576.0,323.0,332.0,1.0,
00000000000000000003_0,132.5,169.0,70.0,180.0,165.0,122.0,135.0,142.5,129.0,125.0,145.0,147.0,175.5,73.0,66.5,162.5,133.5,120.0,122.0,155.5,137.5,0.0,143.0,215.0,132.0,46.0,104.5,126.0,216.5,245.5,547.0,243.0,222.0,1.0,
00000000000000000004_0,396.0,421.0,615.5,689.0,623.0,721.0,716.0,678.0,710.0,547.5,805.0,795.5,375.0,655.0,799.5,780.0,727.5,679.0,643.0,683.5,719.5,676.5,622.0,439.0,491.5,648.0,743.0,326.0,408.0,434.5,669.5,652.5,623.0,1.0,
00000000000000000005_0,344.0,341.5,413.5,465.0,437.0,578.0,565.0,611.0,489.0,483.5,552.5,563.5,401.0,440.0,383.0,580.5,452.0,354.5,441.5,417.0,550.0,261.0,597.5,819.0,304.0,497.0,547.0,544.0,570.0,627.5,734.0,506.5,846.0,1.0,
00000000000000000006_0,291.0,227.0,109.0,188.5,184.0,231.5,238.0,171.0,145.0,174.0,196.0,139.0,175.0,181.0,142.5,172.0,200.0,139.0,152.0,145.0,159.0,152.0,149.0,243.5,105.0,183.0,146.5,213.0,285.0,290.0,323.0,192.0,213.0,1.0,
00000000000000000007_0,280.0,305.5,541.0,656.0,619.0,584.0,588.5,505.0,578.5,616.5,535.0,494.0,273.5,570.5,580.0,693.5,508.0,433.0,534.0,448.5,602.0,542.0,470.0,253.0,368.0,398.5,399.0,479.5,443.0,702.0,802.5,692.0,586.0,1.0,
00000000000000000008_0,168.0,203.5,117.0,188.5,159.0,234.0,198.0,185.0,227.0,214.0,198.5,196.0,211.5,183.0,205.0,293.0,215.0,187.0,203.0,209.0,196.5,160.0,158.0,238.5,150.0,168.5,138.0,157.0,218.0,177.0,382.5,294.0,221.0,1.0,
00000000000000000009_0,312.0,368.0,479.5,559.0,560.0,464.0,593.5,590.5,470.5,542.0,456.0,471.0,426.0,524.0,449.0,634.0,489.5,369.0,341.0,443.0,569.0,416.0,422.0,699.0,386.0,482.0,526.0,500.0,791.0,719.0,706.0,860.5,647.0,1.0,
0000000000000000000a_0,99.5,111.0,87.0,126.5,104.5,115.0,137.0,134.5,80.0,109.5,138.0,87.5,119.0,97.0,76.0,103.5,104.0,103.0,75.0,76.0,122.0,21.0,13.0,157.0,54.0,0.0,25.0,75.0,150.5,105.5,300.0,176.0,172.0,1.0,
0000000000000000000b_0,207.0,228.0,161.0,288.0,203.0,255.0,206.0,214.0,210.5,229.5,206.0,216.0,318.0,256.0,266.0,240.0,200.0,219.0,201.0,212.0,178.5,88.0,149.0,297.0,167.0,130.0,143.0,215.0,288.0,261.0,529.5,361.0,269.5,1.0,
0000000000000000000c_0,288.5,293.0,396.5,583.0,594.0,681.0,564.0,553.0,508.5,512.5,649.0,563.0,562.5,508.0,448.0,663.0,540.0,507.5,464.0,528.5,498.0,454.0,601.0,476.0,531.5,450.5,575.0,485.0,425.5,695.0,812.0,493.0,654.0,1.0,
0000000000000000000d_0,680.0,649.5,628.0,570.5,476.0,567.0,599.0,620.5,515.0,531.0,531.0,520.0,694.0,536.0,502.0,502.0,548.5,515.5,557.0,543.0,518.5,428.5,389.0,586.0,393.0,351.0,379.0,519.0,612.0,795.5,804.5,735.5,548.0,1.0,
0000000000000000000e_0,331.0,267.0,353.0,347.5,270.5,359.0,319.0,315.0,309.0,269.0,285.0,268.0,250.5,263.0,277.0,294.0,324.5,276.0,276.5,278.5,233.0,194.5,214.5,296.0,224.0,214.0,199.0,294.0,314.0,349.0,402.5,383.0,372.0,1.0,
0000000000000000000f_0,280.5,322.0,138.0,314.0,324.0,318.0,306.0,292.0,264.5,263.0,257.0,239.5,251.0,247.0,238.0,249.5,224.0,221.0,196.0,214.0,185.0,166.0,166.5,307.5,184.0,178.0,160.0,217.0,553.0,399.0,417.0,393.0,323.0,1.0,
00000000000000000010_0,328.0,393.0,223.0,340.0,361.5,377.0,349.0,289.0,498.0,302.5,685.0,481.0,310.0,447.5,509.5,533.5,505.0,431.0,376.0,386.0,531.0,393.0,651.0,366.0,607.0,512.0,620.5,370.0,457.0,214.5,583.0,436.0,356.0,1.0,
00000000000000000012_0,521.5,518.0,478.0,565.0,529.5,554.0,576.0,485.5,593.0,501.0,483.5,546.0,419.0,530.5,552.5,593.0,566.0,564.0,562.0,549.0,471.0,791.5,559.5,390.5,488.0,501.0,706.0,423.0,591.0,569.0,716.0,572.0,566.0,1.0,
00000000000000000013_0,692.0,547.0,472.0,497.5,518.0,504.0,445.0,596.0,542.5,452.0,466.0,523.0,407.0,471.0,492.0,552.0,438.0,438.5,402.0,421.0,534.0,397.5,437.5,416.5,386.0,346.0,359.0,399.0,556.0,495.5,613.0,626.0,633.5,1.0,
00000000000000000014_0,608.0,852.0,595.0,750.0,831.0,821.0,716.0,741.5,749.5,638.0,719.0,612.5,731.0,527.5,539.0,692.0,561.5,472.0,464.5,508.0,508.0,496.0,438.5,1197.0,431.0,415.0,405.0,1177.5,1013.0,906.0,913.5,493.0,725.0,1.0,
00000000000000000015_0,431.5,421.5,463.0,582.5,560.5,496.0,502.5,466.5,483.0,417.5,457.0,444.5,422.5,401.5,431.0,415.0,405.5,387.0,367.0,385.0,383.0,295.0,301.0,454.5,303.0,317.0,303.0,399.0,427.0,480.5,779.0,585.0,481.0,1.0,
00000000000000000018_0,678.0,473.0,428.5,499.5,390.0,608.0,596.0,616.0,565.0,514.0,631.0,485.0,451.0,542.0,548.0,583.0,577.5,488.0,483.0,561.0,637.0,617.0,536.0,488.0,468.5,423.0,521.0,434.0,362.0,554.0,870.5,922.0,514.5,1.0,
00000000000000000019_0,207.0,246.0,154.0,204.0,199.0,202.0,195.0,222.0,184.5,199.0,198.0,205.0,210.5,186.0,163.0,190.0,224.0,181.0,172.5,242.0,139.0,135.5,168.0,226.0,133.5,151.5,166.0,200.0,229.0,246.0,361.0,213.5,243.0,1.0,
0000000000000000001a_0,518.0,464.0,435.0,448.5,365.0,532.5,557.0,566.0,595.0,527.0,577.0,671.0,432.0,638.0,802.0,968.0,1025.0,790.0,615.0,699.0,651.0,770.0,687.5,512.0,650.0,504.5,585.5,692.0,555.0,485.0,797.5,754.0,471.0,1.0,
0000000000000000001b_0,195.0,214.5,159.0,225.5,180.0,239.0,198.5,207.0,198.0,210.0,191.0,181.0,208.0,161.0,190.5,211.0,218.0,197.5,189.5,174.0,172.0,101.0,161.0,231.5,172.0,142.0,153.0,171.0,259.0,300.0,330.0,299.0,229.5,1.0,
0000000000000000001c_0,470.0,473.0,616.0,552.0,514.0,598.0,589.0,583.0,619.0,502.0,600.0,565.0,445.5,628.0,646.5,582.0,632.0,614.0,574.0,658.5,499.0,513.0,486.0,476.0,438.5,311.0,349.0,436.0,570.0,610.0,795.5,716.0,582.0,1.0,
0000000000000000001d_0,354.5,366.0,800.0,622.5,676.0,636.5,742.0,752.5,838.0,541.0,688.0,804.0,360.0,736.0,486.0,631.0,505.0,542.0,577.0,536.0,554.5,594.0,1056.0,316.0,1051.5,927.0,726.0,537.0,518.0,503.0,681.0,644.0,622.0,1.0,
0000000000000000001f_0,330.5,577.5,930.5,842.5,803.5,757.0,686.0,1017.0,730.5,628.0,824.5,708.0,681.0,782.5,693.0,800.0,803.0,641.0,570.0,807.5,746.5,678.0,669.5,811.0,573.0,674.0,679.0,991.0,808.0,824.0,1098.0,1078.0,919.0,1.0,
00000000000000000020_0,572.0,757.5,573.0,636.0,560.0,558.0,592.5,522.0,737.0,1382.0,1006.0,711.0,710.0,639.0,664.0,733.0,684.0,605.0,633.0,616.0,546.0,873.0,363.0,708.5,388.5,240.0,273.0,530.0,530.0,686.5,773.0,755.0,564.0,1.0,
00000000000000000021_0,310.0,262.0,291.5,508.5,378.5,413.0,494.5,654.0,532.0,436.0,457.5,346.5,276.5,338.0,330.5,414.0,371.0,394.5,339.0,315.0,323.0,162.0,338.5,642.0,302.0,240.0,227.0,443.0,488.0,649.0,638.0,573.5,427.0,1.0,
00000000000000000022_0,641.0,664.0,473.5,580.5,521.5,649.5,501.5,570.0,481.5,482.0,575.5,530.0,601.5,486.0,454.0,544.0,461.0,435.0,480.0,471.5,479.5,518.0,328.0,684.0,570.5,354.0,455.0,531.0,686.0,530.0,747.0,829.0,581.5,1.0,
00000000000000000023_0,468.0,462.0,913.0,822.0,800.0,880.0,963.0,1190.0,1236.0,850.0,1126.0,900.5,419.0,790.0,1096.0,999.0,1004.0,815.0,611.0,957.0,966.0,887.0,862.0,411.0,946.5,840.5,868.0,1039.0,899.5,917.0,1096.5,1095.0,1109.0,1.0,
00000000000000000025_0,175.0,301.0,195.0,303.0,330.5,443.5,285.0,341.0,373.0,397.0,468.0,356.5,372.0,215.0,231.0,391.5,246.0,191.0,336.5,462.5,225.0,317.0,374.0,310.5,191.0,227.0,296.0,224.0,416.0,367.5,460.5,549.0,368.5,1.0,
00000000000000000027_0,323.0,261.0,572.0,443.0,381.5,521.5,487.5,403.5,473.0,375.0,401.0,420.0,277.0,450.0,392.0,356.0,337.5,338.0,333.5,497.0,548.0,426.0,405.0,277.0,511.0,499.0,451.0,632.0,593.0,644.5,776.0,700.5,688.5,1.0,
00000000000000000028_0,310.0,392.0,246.0,311.0,233.0,441.5,384.0,400.5,338.0,354.5,346.0,274.0,356.5,315.0,286.0,311.0,303.0,224.0,268.0,304.0,276.0,298.0,232.0,291.5,183.5,191.0,233.0,309.0,348.0,341.0,502.0,316.5,288.5,1.0,
00000000000000000029_0,569.0,529.0,489.0,504.0,692.0,544.0,539.0,524.0,537.0,597.0,579.0,408.0,618.0,379.0,401.0,770.5,672.0,508.0,429.0,580.0,654.5,710.5,631.5,767.0,527.0,540.0,604.0,627.0,633.0,554.0,639.5,546.0,530.5,1.0,
0000000000000000002a_0,418.0,560.0,501.0,517.0,422.0,478.5,480.0,604.0,556.0,535.0,701.0,454.0,473.0,502.0,447.0,515.0,433.5,415.0,438.0,531.5,431.0,405.0,347.0,560.0,357.0,332.5,430.0,566.0,543.0,557.0,802.0,1046.0,633.0,1.0,
0000000000000000002b_0,987.0,1243.0,532.0,661.0,594.0,1395.5,1714.5,1564.5,1053.5,824.0,823.0,692.0,1207.0,759.0,862.0,795.0,732.5,664.0,692.5,714.0,567.0,620.0,694.5,1391.5,601.0,585.0,1432.0,912.0,845.0,992.0,1120.5,1110.0,922.0,1.0,
0000000000000000002c_0,348.0,737.0,384.0,362.5,327.0,360.0,348.0,327.5,331.0,302.0,316.0,867.0,566.5,535.0,923.0,1142.5,818.0,705.0,904.0,829.0,709.0,851.0,717.0,369.0,505.0,609.0,648.0,362.5,406.0,375.0,452.0,391.5,384.0,1.0,
0000000000000000002d_0,723.0,788.0,828.0,722.0,592.0,765.0,736.0,723.5,721.0,640.5,697.0,698.0,701.0,772.0,1001.0,1039.0,951.0,846.0,755.5,774.0,655.5,781.0,656.5,597.0,632.5,474.5,656.0,638.0,790.0,717.0,918.0,973.0,768.5,1.0,
0000000000000000002e_0,643.0,672.0,679.0,843.5,624.5,786.5,943.0,1024.5,1286.0,1439.0,1045.0,1022.5,595.0,841.5,641.0,761.0,737.5,607.0,540.0,572.0,519.0,246.5,511.0,780.0,584.0,511.0,565.0,695.0,569.0,694.5,1161.5,782.0,819.0,1.0,
0000000000000000002f_0,310.0,369.0,584.0,634.5,570.5,721.5,608.0,643.0,578.0,515.5,630.5,562.0,332.5,561.0,584.0,587.5,614.5,541.0,593.0,599.0,619.0,644.0,561.0,316.0,530.0,498.5,470.5,737.5,569.0,665.5,788.5,747.0,694.0,1.0,
00000000000000000030_0,443.0,572.0,250.0,253.0,279.0,236.0,293.5,315.5,291.0,269.5,273.0,263.5,440.5,216.0,198.0,231.0,249.0,193.5,225.0,295.0,213.5,194.5,202.0,462.0,148.5,168.0,189.0,355.0,478.0,314.0,578.5,418.5,360.5,1.0,
00000000000000000031_0,338.0,343.5,382.5,423.0,459.0,559.0,538.0,559.0,537.0,544.0,579.0,639.0,316.0,619.0,608.0,618.0,587.0,550.0,569.0,618.0,511.0,572.0,510.0,315.0,457.5,536.0,554.0,267.0,351.0,380.5,529.0,519.0,479.5,1.0,
00000000000000000032_0,327.0,365.5,270.5,498.0,413.0,456.5,434.0,434.5,358.0,603.0,515.0,491.0,365.0,601.5,563.5,580.5,504.0,468.0,465.5,515.0,561.0,512.0,490.5,315.0,453.0,361.0,426.0,265.0,343.0,334.5,398.5,371.0,338.0,1.0,
00000000000000000034_0,544.5,451.0,615.0,651.5,610.0,636.0,715.0,692.5,599.0,616.0,627.0,614.0,488.0,627.0,632.0,652.0,561.0,530.0,547.0,609.0,594.0,630.0,570.0,474.0,520.0,585.5,526.0,387.0,419.0,479.0,707.0,681.0,657.0,1.0,
00000000000000000035_0,466.0,470.0,499.5,527.0,448.0,508.0,490.0,541.0,523.0,440.0,633.0,560.5,495.0,444.5,488.0,499.0,543.0,437.5,483.0,510.5,465.0,385.0,416.5,526.0,364.0,358.0,367.0,510.0,568.5,563.5,697.5,498.0,552.0,1.0,
00000000000000000036_0,789.0,549.5,693.0,740.0,591.0,702.5,767.5,822.0,707.0,749.5,706.5,810.0,608.0,733.0,772.5,775.0,620.0,1120.0,855.0,902.0,846.0,862.0,760.0,627.0,662.5,784.0,686.0,580.0,514.0,717.0,696.0,616.0,621.0,1.0,
00000000000000000037_0,467.5,460.5,424.0,456.0,369.0,399.0,438.0,498.0,607.0,404.0,402.0,421.5,376.0,341.0,385.0,419.0,485.0,418.0,422.0,346.5,354.5,275.0,259.0,494.0,333.0,243.0,239.0,723.0,609.0,559.0,741.5,342.0,412.5,1.0,
00000000000000000038_0,402.0,387.0,447.5,583.0,409.0,676.5,503.5,868.0,636.0,714.0,891.5,864.5,366.0,738.0,667.0,743.5,695.0,608.0,627.0,734.5,796.5,849.0,686.0,411.0,426.0,313.5,476.0,432.0,507.0,594.0,714.0,607.0,884.0,1.0,
00000000000000000039_0,780.0,648.0,466.0,469.5,469.0,576.0,523.0,515.0,705.0,489.0,799.0,588.5,587.5,569.0,561.5,691.5,802.0,527.0,698.0,532.5,741.0,725.0,486.0,561.0,560.0,539.0,528.0,573.5,648.0,677.0,820.5,729.5,573.0,1.0,
0000000000000000003a_0,314.5,336.5,398.0,420.5,297.5,343.0,351.0,462.0,354.0,377.0,408.0,430.0,320.0,415.0,388.0,445.0,419.5,344.0,384.0,420.0,327.0,361.0,320.0,272.5,378.0,290.0,326.0,291.5,349.0,369.0,760.0,576.5,545.0,1.0,
0000000000000000003b_0,298.0,304.0,464.0,506.0,523.5,551.5,570.5,539.5,627.0,567.0,602.0,541.0,639.0,571.5,626.5,765.5,663.0,651.5,525.0,627.0,655.0,688.0,568.0,872.5,557.0,436.0,531.0,686.0,567.0,583.0,886.0,764.0,544.0,1.0,
0000000000000000003c_0,732.0,414.5,640.0,623.0,569.5,591.0,613.5,663.0,619.0,546.5,605.5,564.0,412.5,584.0,607.5,620.0,564.5,536.0,539.0,543.0,580.0,547.0,452.0,503.5,419.0,582.0,497.0,526.0,703.0,609.5,751.0,622.0,683.5,1.0,
0000000000000000003d_0,1295.0,595.0,298.0,351.0,316.0,398.5,356.5,787.5,602.0,538.5,870.0,658.0,621.0,590.5,639.5,878.0,908.5,723.0,742.0,813.0,794.5,660.0,754.0,737.5,673.5,669.5,750.5,581.0,743.0,857.0,740.0,520.5,360.0,1.0,
0000000000000000003e_0,278.0,293.5,343.0,345.5,312.0,347.0,323.0,374.5,374.0,362.0,366.5,397.5,239.0,333.5,281.0,579.0,705.5,451.5,608.0,701.0,626.5,601.0,555.5,267.0,545.5,563.5,582.0,257.0,255.0,278.0,961.0,362.0,332.0,1.0,
0000000000000000003f_0,429.0,427.0,672.0,702.0,559.0,646.0,684.0,688.0,621.0,623.0,646.0,722.0,704.0,580.0,646.0,695.0,657.0,731.5,678.5,735.0,621.0,476.5,536.0,638.0,467.0,506.0,476.5,556.0,536.5,613.5,787.0,740.5,628.0,1.0,
00000000000000000040_0,416.5,430.0,636.5,711.0,599.5,585.0,660.0,621.5,634.0,665.0,589.0,636.0,407.0,564.5,646.0,741.0,649.5,568.5,619.0,607.5,528.0,451.0,459.0,399.0,486.0,512.0,665.0,317.0,430.0,427.5,740.0,591.5,738.0,1.0,
00000000000000000041_0,590.0,498.0,691.0,1232.0,651.0,589.0,655.5,690.5,555.0,488.5,540.0,502.0,662.0,548.0,547.0,500.0,517.5,529.0,539.0,547.0,443.0,294.0,476.0,663.0,439.5,459.0,488.0,500.5,644.5,532.5,696.0,732.0,657.0,1.0,
00000000000000000042_0,541.0,515.0,322.0,428.0,443.5,490.0,503.5,463.5,418.0,590.0,773.0,703.0,495.0,715.0,687.5,718.0,728.5,609.0,661.0,550.0,708.0,760.0,766.0,474.0,1377.0,899.5,676.0,466.0,474.0,413.0,464.0,455.0,373.0,1.0,
00000000000000000043_0,565.5,622.0,454.0,527.0,417.0,597.0,530.0,603.0,608.0,579.5,564.5,566.0,497.0,546.5,613.0,626.0,855.5,668.0,642.0,514.5,507.0,380.0,363.0,496.0,347.5,331.0,670.5,484.0,572.0,487.0,849.0,632.0,526.0,1.0,
00000000000000000044_0,524.0,601.0,749.0,465.0,391.0,453.0,414.0,435.0,860.5,779.0,794.0,765.0,464.0,528.5,683.0,600.0,503.0,391.0,419.0,351.0,1073.5,294.0,942.5,531.0,705.5,1109.0,518.5,498.0,427.0,397.5,518.0,650.0,463.0,1.0,
00000000000000000045_0,973.0,828.5,914.0,650.5,614.0,879.0,667.0,640.5,714.0,667.5,833.0,686.0,795.0,548.0,650.0,781.0,687.0,519.0,598.0,700.5,956.0,702.0,502.0,657.0,712.0,568.0,551.0,628.0,775.0,787.0,1003.5,869.5,813.5,1.0,
00000000000000000046_0,570.0,576.0,387.5,449.5,439.0,425.0,365.0,384.0,392.0,695.5,537.0,546.0,532.0,447.5,434.5,454.0,520.0,434.0,432.0,438.0,401.0,410.5,431.5,579.0,442.0,406.0,428.0,561.0,567.0,570.0,672.0,564.5,452.5,1.0,
00000000000000000047_0,322.5,432.0,238.0,416.0,284.0,361.0,475.5,347.0,393.0,304.0,307.5,304.0,435.5,274.0,344.0,588.0,505.5,391.0,442.0,555.0,363.5,305.5,389.5,401.0,335.0,277.0,288.0,347.0,402.0,375.0,483.0,459.5,614.0,1.0,
00000000000000000048_0,356.0,392.0,352.5,360.5,297.0,347.5,318.5,317.0,311.0,360.5,470.0,341.0,352.0,322.0,305.0,369.5,463.0,408.5,460.0,503.0,467.0,408.0,510.5,342.5,463.0,571.0,1193.5,311.5,345.0,396.0,709.0,523.0,358.5,1.0,
00000000000000000049_0,825.0,1026.0,565.0,643.0,848.0,855.0,689.0,848.5,733.0,707.0,710.0,721.0,744.0,655.5,793.0,752.0,676.0,614.5,762.0,759.0,703.5,597.0,565.0,606.0,542.5,607.0,563.5,672.5,952.0,658.0,923.0,493.0,701.0,1.0,
0000000000000000004a_0,310.0,389.0,352.5,331.0,298.0,321.5,321.0,316.0,293.0,652.0,633.0,541.0,324.0,569.0,535.5,951.5,875.0,478.0,508.0,791.0,925.0,1080.0,436.0,299.0,431.0,445.5,643.5,294.5,375.0,364.0,744.0,469.5,359.0,1.0,
0000000000000000004b_0,656.0,769.5,670.0,603.0,614.0,602.5,635.0,626.0,620.0,670.0,842.0,582.0,618.0,514.0,547.0,761.0,498.0,616.0,558.0,716.0,689.0,765.0,414.0,880.0,525.5,455.0,603.0,469.0,783.0,640.0,705.5,772.5,727.0,1.0,
0000000000000000004c_0,297.0,309.5,518.0,524.0,478.0,438.0,483.5,656.0,537.0,454.5,424.0,377.0,540.0,382.0,498.5,543.5,549.0,487.0,409.5,514.0,378.0,184.0,207.0,466.0,251.0,272.0,224.0,863.0,868.0,618.0,755.0,547.0,591.0,1.0,
0000000000000000004d_0,513.0,436.0,729.0,1049.5,759.0,528.5,550.0,1017.0,975.5,618.0,678.0,761.0,399.0,894.0,865.0,995.0,754.5,584.0,667.0,816.0,640.5,588.0,461.0,340.0,707.5,523.5,777.0,349.0,363.0,375.5,675.0,602.0,695.0,1.0,
0000000000000000004e_0,535.5,471.0,711.5,687.0,560.0,618.0,618.0,516.5,589.0,496.5,684.0,621.0,438.0,679.5,691.0,562.5,535.0,486.5,516.5,572.0,545.0,443.0,413.0,434.0,457.5,443.0,499.0,374.0,409.5,397.5,583.0,631.0,585.0,1.0,
0000000000000000004f_0,730.0,785.0,611.5,632.0,807.0,628.0,672.5,736.0,596.0,708.5,772.0,648.5,597.0,730.0,707.0,730.0,597.0,595.0,641.5,681.0,610.0,507.0,697.0,517.0,550.0,544.0,583.0,588.0,547.5,586.5,762.5,493.0,707.5,1.0,
00000000000000000050_0,1095.0,1013.0,864.0,819.0,854.0,837.5,767.5,792.5,813.0,808.0,1005.0,925.0,961.5,756.5,757.0,770.5,693.0,769.0,734.0,720.0,752.0,828.5,683.0,1039.0,735.0,579.5,669.0,721.0,1056.0,982.5,1020.5,816.0,813.0,1.0,
00000000000000000051_0,443.5,556.0,664.0,559.5,1068.0,562.0,524.0,687.0,654.5,627.0,621.0,659.0,421.0,648.0,597.0,691.0,763.5,604.0,708.0,591.0,892.5,859.0,857.0,653.0,1289.5,857.5,970.0,484.5,908.0,580.5,699.5,731.0,908.0,1.0,
00000000000000000052_0,367.0,338.0,616.0,565.0,513.0,529.0,507.0,493.0,403.0,377.0,388.0,384.0,354.0,406.0,403.0,402.5,414.0,391.5,394.0,391.0,368.5,377.5,351.0,472.0,362.5,374.0,333.0,309.0,346.0,325.0,718.5,578.5,484.0,1.0,
00000000000000000053_0,924.0,846.0,735.0,842.5,820.0,655.5,586.0,746.0,837.0,532.0,570.0,684.0,692.0,558.0,789.0,901.0,658.0,520.0,612.5,856.0,571.0,653.0,531.0,633.0,557.0,564.0,713.0,381.0,680.0,602.5,817.0,792.0,621.0,1.0,
00000000000000000054_0,452.5,606.5,653.0,921.5,880.0,635.5,561.0,516.0,582.0,622.0,662.5,652.0,722.5,612.5,558.5,695.0,728.5,627.0,573.0,583.0,661.5,469.0,533.0,620.5,692.0,490.5,664.0,406.0,600.5,594.0,719.0,782.5,852.0,1.0,
00000000000000000055_0,802.0,695.0,576.0,539.5,850.0,637.5,565.0,830.0,734.0,633.0,724.5,656.0,641.0,483.0,667.0,871.5,638.0,541.0,574.0,787.0,544.0,850.0,670.0,720.0,645.0,498.0,567.0,522.5,655.0,630.0,947.5,849.0,613.0,1.0,
00000000000000000056_0,893.0,842.5,830.0,1025.0,965.0,674.0,890.0,934.0,861.0,608.0,788.5,748.5,628.5,714.0,686.5,810.0,736.5,550.0,826.5,889.0,603.0,634.0,598.0,922.0,701.5,634.0,792.0,443.0,752.0,716.5,793.0,1050.0,608.0,1.0,
00000000000000000057_0,416.0,718.0,501.0,741.5,564.0,731.5,593.0,623.0,709.0,758.0,698.0,685.5,585.0,632.5,616.0,712.0,670.0,525.0,587.5,626.0,682.0,781.0,576.5,704.0,935.0,625.0,720.5,640.5,725.5,577.0,680.0,732.0,580.0,1.0,
00000000000000000058_0,864.5,808.0,856.0,995.5,948.5,691.5,889.0,967.0,915.0,668.0,739.5,699.0,828.0,617.0,662.5,821.5,826.0,472.0,732.0,897.0,627.0,633.0,590.0,864.0,667.5,590.0,731.0,443.0,683.0,751.5,703.0,946.0,552.0,1.0,
00000000000000000059_0,750.0,977.0,831.0,1040.0,706.0,737.5,880.0,979.0,1001.0,677.0,640.0,673.0,737.0,571.0,752.5,919.5,814.0,577.5,550.0,789.0,565.5,515.0,707.0,764.0,565.5,500.5,528.0,583.5,599.0,839.0,888.0,997.0,860.5,1.0,
0000000000000000005a_0,1044.0,1065.0,966.0,1155.0,1260.0,1243.5,973.0,978.5,1023.0,959.0,1021.0,961.5,991.5,883.0,858.0,1270.0,892.5,743.0,845.0,932.0,1102.5,1408.0,1117.0,1087.0,1064.0,1139.0,1021.5,1244.5,1088.5,1052.5,1226.0,889.5,1010.5,1.0,
0000000000000000005b_0,1072.0,894.5,923.0,739.0,663.0,756.0,682.0,503.5,461.5,667.0,928.0,834.0,693.5,884.0,917.0,823.0,914.0,809.0,689.0,751.5,309.0,387.0,617.0,596.5,461.0,351.0,418.0,547.0,717.5,722.0,949.0,974.0,880.5,1.0,
0000000000000000005c_0,1101.0,1023.0,793.0,656.0,655.0,748.0,718.5,602.0,635.0,658.0,894.0,811.5,717.0,852.0,955.5,857.0,818.0,724.0,746.0,718.0,374.5,333.0,409.0,723.5,402.0,332.0,346.5,697.0,682.5,722.0,1029.0,908.0,847.0,1.0,
0000000000000000005d_0,969.0,1081.0,916.0,972.0,822.0,912.0,836.0,960.0,896.0,939.0,855.5,809.0,904.0,860.0,870.0,773.5,590.0,800.5,592.0,424.0,405.0,353.0,764.5,813.0,539.0,435.5,424.0,748.0,878.5,866.0,887.5,831.5,850.5,1.0,
0000000000000000005e_0,573.0,622.5,741.0,840.5,774.0,809.0,669.0,693.5,788.0,899.0,717.5,768.0,488.0,917.0,911.0,947.5,934.0,927.0,909.5,809.0,516.0,587.0,791.0,501.0,666.0,598.0,672.5,502.0,541.5,509.0,950.0,757.0,976.5,1.0,
0000000000000000005f_0,569.0,381.0,594.5,578.0,465.0,616.0,640.0,581.5,562.5,585.0,590.0,559.0,576.5,522.0,412.5,583.0,763.0,728.0,819.5,800.0,316.0,254.0,352.0,718.5,261.0,299.0,293.0,654.0,643.0,617.0,720.0,634.0,593.0,1.0,
00000000000000000060_0,397.0,421.0,662.5,695.0,709.0,773.0,657.5,827.5,687.0,780.0,749.0,652.0,357.5,724.5,806.0,845.5,937.0,607.0,596.0,824.0,769.0,758.0,817.5,363.0,772.0,588.0,742.0,1287.0,761.5,546.0,945.0,826.0,827.5,1.0,
00000000000000000061_0,545.5,637.5,576.0,1150.0,749.0,600.0,1161.0,518.5,593.5,866.5,759.0,890.0,580.0,865.5,793.0,634.0,916.0,899.0,916.0,932.0,345.0,300.0,418.5,882.0,323.0,420.0,330.0,726.0,364.0,616.5,558.5,748.0,521.5,1.0,
00000000000000000062_0,643.0,631.0,973.0,989.0,760.0,689.0,1241.0,454.0,708.0,717.0,788.0,926.5,641.0,968.5,727.0,624.0,921.5,803.5,761.0,773.5,312.0,418.0,259.0,604.5,231.0,324.5,298.0,540.0,566.0,668.0,763.0,530.0,712.0,1.0,
00000000000000000063_0,792.0,723.0,812.5,1224.5,781.0,735.5,1233.0,564.0,583.0,870.0,759.0,841.5,580.0,865.5,817.0,676.0,933.0,883.5,884.0,960.0,380.0,314.0,458.5,763.0,379.0,426.0,399.5,655.0,451.0,706.0,730.5,690.5,598.5,1.0,
00000000000000000064_0,468.0,431.0,1039.0,896.5,868.0,993.0,1067.5,985.0,778.0,830.0,825.0,915.5,402.0,964.0,893.0,801.0,837.0,872.5,769.0,954.0,698.0,1122.5,810.0,360.5,755.5,608.0,855.0,346.0,1117.5,855.0,945.0,882.0,969.0,1.0,
00000000000000000065_0,613.0,507.0,862.5,706.0,620.0,1032.0,1144.5,1357.5,1202.0,989.5,831.0,876.5,1745.5,726.0,982.0,999.0,805.5,674.0,945.0,1015.0,797.0,936.0,787.0,1676.5,923.0,804.0,829.5,1534.0,1580.0,1136.0,984.0,939.0,751.0,1.0,
00000000000000000066_0,380.0,432.0,606.5,679.0,759.0,800.0,873.0,928.5,965.5,793.0,859.5,822.5,406.5,733.5,974.5,998.0,907.0,990.0,674.5,730.0,852.0,806.0,1172.0,528.5,848.5,598.0,701.5,436.0,811.0,619.0,1107.0,1077.0,931.0,1.0,
00000000000000000067_0,513.0,501.0,266.0,373.0,362.0,609.5,642.0,597.5,579.5,630.5,594.0,596.0,512.0,442.0,415.0,691.0,545.5,471.0,487.0,519.5,508.0,236.5,446.0,637.0,470.0,264.0,362.0,422.5,697.0,997.0,661.0,473.0,421.0,1.0,
00000000000000000068_0,616.0,450.0,347.0,429.0,341.0,414.0,373.0,789.0,637.0,748.0,854.0,823.5,454.5,850.0,974.0,878.5,809.0,854.0,881.0,1161.0,947.0,1074.0,937.0,476.5,847.5,837.0,658.5,707.5,586.5,541.0,630.0,536.0,418.0,1.0,
00000000000000000069_0,769.0,816.0,792.5,924.0,749.0,771.0,742.5,717.5,685.0,718.0,718.0,728.0,675.0,738.5,692.0,831.0,803.5,684.0,638.0,697.0,445.0,442.0,567.0,719.0,476.0,473.0,566.5,654.0,710.0,677.0,828.0,598.0,811.0,1.0,
0000000000000000006a_0,537.5,793.0,678.5,846.5,614.0,693.5,684.5,764.5,733.5,607.5,757.0,678.0,637.0,609.0,646.0,798.0,579.0,790.0,488.0,1227.0,1291.0,886.5,907.0,1442.0,792.0,702.0,611.5,923.5,963.0,644.0,731.0,932.5,832.5,1.0,
0000000000000000006b_0,796.5,658.0,704.5,810.5,670.0,669.0,593.0,777.0,788.0,729.0,779.0,704.0,686.0,578.0,626.0,704.5,717.0,653.5,664.5,743.0,705.5,615.5,638.0,681.0,550.0,560.0,647.0,795.0,1207.0,1045.0,798.0,862.0,751.0,1.0,
0000000000000000006c_0,763.5,817.5,672.0,763.0,707.0,565.0,500.0,630.0,647.0,636.0,660.5,492.5,657.5,452.0,493.5,570.0,599.0,494.0,546.0,850.5,800.0,745.5,752.0,754.5,1141.0,1477.0,960.5,900.0,1117.0,695.0,1031.0,971.0,751.5,1.0,
0000000000000000006d_0,301.5,303.0,379.5,479.0,443.0,505.0,393.5,451.0,377.5,651.0,670.0,584.0,295.0,517.0,566.0,635.5,646.5,579.0,545.0,571.0,569.0,537.0,663.0,280.5,593.0,510.0,563.5,297.0,538.5,433.5,607.0,613.0,652.0,1.0,
0000000000000000006e_0,551.5,382.0,1105.5,1018.5,619.0,627.5,1212.0,601.0,609.0,835.0,873.0,807.0,597.0,850.0,960.0,755.5,990.0,931.0,1102.0,922.0,411.0,290.0,500.5,1031.0,473.0,409.0,439.0,1042.0,446.5,712.0,558.5,346.0,572.5,1.0,
0000000000000000006f_0,575.5,559.0,1050.5,902.0,703.0,661.0,1067.5,635.0,610.0,787.0,715.0,787.0,552.0,805.0,822.0,689.5,978.0,849.0,973.0,831.5,435.0,538.0,292.5,1017.5,318.0,399.5,382.0,1036.0,455.0,685.0,572.0,381.0,557.0,1.0,
00000000000000000070_0,521.5,502.0,769.0,845.0,907.0,962.0,725.5,890.0,793.5,736.5,832.0,751.0,449.0,770.0,734.0,827.5,791.0,821.5,814.0,935.0,834.0,956.5,900.0,791.0,885.0,856.0,672.0,578.0,774.0,845.0,821.0,807.0,926.0,1.0,
00000000000000000071_0,626.5,552.5,1047.5,863.0,654.0,668.0,1142.5,605.0,607.0,790.0,834.5,848.0,553.0,792.0,870.0,714.0,986.0,901.0,1091.0,875.5,395.0,526.0,295.0,1024.0,389.0,368.0,378.0,1068.0,378.0,722.0,573.0,379.0,520.5,1.0,
00000000000000000072_0,602.0,522.0,1085.0,1061.0,607.0,737.0,1142.0,657.0,696.0,837.0,778.0,847.0,531.0,839.0,1012.0,747.0,985.0,962.0,1125.0,1125.0,388.0,619.0,484.0,961.0,529.0,465.0,456.5,567.0,423.0,774.5,587.0,347.0,637.0,1.0,
00000000000000000073_0,492.0,509.0,371.0,499.0,905.0,927.0,730.0,821.0,692.0,481.0,851.0,711.0,458.0,660.0,699.5,750.0,747.0,681.0,488.0,671.5,722.0,989.5,631.0,549.5,869.0,708.0,611.0,436.0,552.0,454.5,607.0,569.0,588.0,1.0,
00000000000000000074_0,915.0,903.0,800.0,771.0,789.0,803.0,773.0,834.0,856.0,1333.0,1380.0,1182.0,976.5,1301.0,1400.0,1467.0,1218.0,1259.0,1272.0,1306.0,1196.0,1381.0,1445.5,953.0,1334.5,1305.0,1155.0,783.0,841.0,829.5,958.0,862.0,834.0,1.0,
00000000000000000075_0,587.5,651.0,745.0,648.5,609.0,669.0,627.5,726.0,651.0,592.0,506.5,459.0,1238.0,481.0,447.0,462.0,433.5,471.0,447.0,444.0,481.0,384.0,369.0,972.0,348.0,333.0,319.5,1050.0,1046.0,861.0,1210.0,1117.0,1010.0,1.0,
00000000000000000076_0,703.0,701.0,539.0,621.0,562.0,629.0,631.5,615.0,643.0,666.0,598.0,556.0,608.5,506.0,571.0,560.0,673.5,565.5,585.0,616.0,655.5,485.0,1721.0,639.0,2077.0,1381.0,1140.0,575.0,740.0,689.0,772.0,677.0,613.0,1.0,
00000000000000000077_0,806.0,701.5,627.5,633.5,598.0,850.0,925.5,863.0,699.5,718.0,753.0,607.5,649.0,638.5,676.0,678.5,716.0,668.0,717.0,815.5,774.0,652.0,621.5,742.5,704.5,717.0,877.0,623.0,686.0,735.5,846.0,711.0,717.0,1.0,
00000000000000000078_0,540.0,573.0,914.0,840.0,685.0,640.5,1154.5,641.5,643.0,784.0,752.0,811.5,571.0,855.0,964.5,763.0,1016.0,948.5,1075.0,955.0,421.0,375.0,435.5,1026.5,399.0,456.0,420.0,1036.0,515.5,685.0,446.5,508.0,635.5,1.0,
00000000000000000079_0,579.0,569.5,1189.0,741.0,657.0,718.5,1140.5,677.5,678.0,810.5,805.0,824.5,676.0,848.0,986.5,831.0,1001.5,950.0,1090.0,927.0,537.0,545.5,495.5,1007.0,487.0,465.0,499.0,943.0,711.5,590.0,440.0,316.0,651.0,1.0,
0000000000000000007a_0,407.0,393.5,740.0,820.0,710.0,897.0,861.5,1043.5,991.0,940.0,1064.5,840.0,373.0,785.5,967.0,1032.0,740.0,714.0,644.0,768.5,773.0,583.5,686.0,1351.0,798.0,847.0,734.0,611.0,1101.0,655.0,847.5,816.0,841.0,1.0,
0000000000000000007b_0,892.5,994.0,944.5,978.0,909.0,1285.0,1274.0,1210.0,1188.0,1095.5,988.0,949.0,1046.5,936.5,895.5,949.5,786.0,789.0,755.5,785.0,797.0,648.5,610.0,948.5,784.5,769.0,646.0,842.0,913.5,890.5,1122.0,922.0,946.5,1.0,
0000000000000000007c_0,589.5,531.5,640.0,424.0,494.0,647.0,1069.0,601.0,286.5,368.0,429.0,644.0,558.0,446.0,892.5,693.0,1016.0,904.0,925.0,671.0,200.5,303.5,180.0,690.0,250.0,350.5,224.5,755.0,388.0,314.0,371.0,282.0,593.0,1.0,
0000000000000000007d_0,368.0,976.0,494.5,609.0,613.5,751.0,530.5,681.0,691.0,694.5,685.0,581.0,861.5,497.5,552.0,631.0,558.0,476.0,516.0,540.0,689.5,492.0,539.5,654.0,588.0,510.5,545.0,552.0,630.5,657.0,716.0,827.0,675.0,1.0,
0000000000000000007e_0,465.0,587.5,324.5,1042.0,604.0,771.5,841.0,1011.5,1151.5,814.0,800.0,773.0,424.0,876.5,956.0,1011.0,996.0,879.5,781.0,989.0,882.0,1049.5,789.0,405.5,996.0,767.0,854.0,351.0,434.5,422.5,594.0,435.0,374.5,1.0,
0000000000000000007f_0,574.0,494.5,426.0,613.0,616.0,593.5,536.5,447.0,403.0,451.0,492.5,423.0,579.0,430.0,477.0,578.5,461.5,522.0,457.0,543.5,564.5,503.0,491.0,581.5,532.0,492.0,497.5,475.0,550.0,679.5,781.5,644.0,509.0,1.0,
00000000000000000080_0,443.5,493.0,354.0,473.0,330.0,503.5,673.0,289.0,254.0,208.0,232.0,446.0,497.5,276.5,293.0,272.5,392.0,245.0,224.5,254.0,175.0,279.0,147.0,583.0,157.0,212.0,186.0,264.0,342.0,188.0,361.0,285.0,283.0,1.0,
00000000000000000081_0,604.5,726.0,746.0,472.0,503.0,560.0,662.0,377.0,308.5,345.0,385.5,607.0,522.0,825.0,920.0,819.0,994.0,710.5,762.0,627.0,465.0,412.0,277.5,529.0,235.0,467.5,444.0,647.0,621.5,401.0,1372.0,315.0,592.0,1.0,
00000000000000000082_0,478.0,918.0,694.5,659.0,861.0,950.0,856.0,919.5,895.0,897.5,771.0,738.0,936.0,802.5,928.0,968.0,837.5,804.0,776.0,860.0,794.0,711.0,776.0,838.0,714.0,613.5,617.0,793.0,775.0,641.0,800.5,702.5,520.0,1.0,
00000000000000000083_0,307.0,772.5,409.0,528.0,553.5,764.5,653.0,689.0,707.0,729.0,671.5,642.0,977.0,556.0,668.0,791.0,768.0,647.0,639.0,818.5,805.0,526.0,808.0,1069.0,771.0,588.0,651.0,601.5,994.0,659.0,644.5,905.5,568.0,1.0,
00000000000000000084_0,744.0,642.0,694.5,486.0,556.0,659.0,833.0,453.0,402.5,319.0,414.0,694.0,666.5,907.5,913.0,700.5,799.0,738.0,714.0,532.0,468.0,363.5,327.0,685.0,262.0,385.0,199.0,802.0,583.5,475.0,1305.5,596.0,614.5,1.0,
00000000000000000085_0,464.0,449.0,427.0,829.5,591.5,634.0,840.0,729.0,595.5,852.0,933.0,777.0,448.0,758.5,884.0,905.0,906.0,930.0,748.0,818.5,913.0,887.5,945.0,417.0,826.5,725.0,775.0,360.0,461.5,419.0,527.0,683.0,645.0,1.0,
00000000000000000086_0,481.5,616.0,1175.0,1091.0,914.0,859.0,688.0,698.5,667.0,566.0,563.5,445.0,479.5,469.0,668.0,1269.0,1077.0,844.5,614.5,740.0,836.0,732.0,756.0,977.5,729.5,573.0,668.0,1159.0,693.0,668.0,1296.5,892.0,1010.0,1.0,
00000000000000000087_0,522.0,553.0,576.0,612.5,706.0,640.5,695.5,776.0,743.0,650.0,651.0,714.0,600.0,625.5,703.0,798.0,721.5,640.0,610.0,591.0,855.5,734.5,738.5,866.0,679.0,634.0,631.0,682.0,926.0,872.0,984.0,820.5,595.5,1.0,
00000000000000000088_0,583.0,723.0,785.5,629.0,490.0,506.0,696.0,750.0,295.5,423.0,405.0,455.0,314.0,544.5,822.0,498.5,394.0,461.0,415.0,525.5,336.0,487.0,269.0,514.5,395.0,411.0,216.0,617.0,604.0,620.0,1171.0,699.0,643.0,1.0,
00000000000000000089_0,474.0,432.0,693.0,630.0,591.0,686.0,672.0,775.0,821.5,680.0,738.5,949.0,385.5,637.0,880.5,1005.0,957.0,786.0,833.0,760.0,897.0,937.0,734.5,361.5,903.0,661.0,652.5,350.0,771.0,836.0,770.5,620.0,652.0,1.0,
0000000000000000008a_0,621.0,693.0,521.5,674.0,539.0,511.0,703.0,587.5,682.0,326.0,368.0,450.5,332.0,419.0,913.0,521.5,646.5,367.0,424.0,699.0,721.0,563.0,533.0,516.0,392.0,442.0,608.0,617.0,737.0,650.0,598.0,667.0,895.5,1.0,
0000000000000000008b_0,410.0,618.0,698.5,640.5,594.5,683.0,504.0,662.5,1221.0,762.0,650.0,713.5,632.0,714.0,936.0,1134.5,893.0,808.5,700.0,783.0,894.0,878.5,800.0,573.5,850.5,546.0,607.0,427.0,651.0,550.0,794.0,820.5,598.0,1.0,
0000000000000000008c_0,305.0,346.0,400.5,626.0,480.0,469.0,522.5,570.0,560.0,685.5,545.0,661.0,330.5,448.0,468.0,654.0,669.0,481.0,621.0,529.0,566.0,695.0,451.0,535.5,539.5,376.0,391.5,332.0,456.0,345.5,511.5,412.5,361.0,1.0,
0000000000000000008d_0,296.0,350.0,467.0,692.0,676.0,602.0,565.5,629.0,585.0,553.0,456.5,450.0,299.0,443.0,453.0,591.5,494.0,487.0,447.0,551.0,626.5,445.0,561.0,347.5,553.0,466.5,476.0,459.0,944.0,969.0,867.0,679.0,581.0,1.0,
0000000000000000008e_0,914.5,825.0,803.0,922.0,937.5,837.0,851.0,953.5,864.0,950.0,1019.0,935.0,660.0,830.0,740.0,1246.0,922.0,911.5,858.0,995.0,668.5,623.0,595.0,786.0,587.0,510.0,1087.0,609.5,805.0,800.0,713.0,770.0,1022.0,1.0,
0000000000000000008f_0,387.0,645.5,323.0,432.0,431.0,529.0,586.0,623.0,534.0,571.5,432.0,477.5,718.0,502.0,428.0,469.5,473.5,406.0,412.0,435.0,443.0,330.0,342.0,677.0,332.5,277.0,282.0,529.0,724.0,534.0,664.0,562.0,605.0,1.0,
00000000000000000090_0,619.0,685.0,559.0,610.0,613.0,650.0,572.0,635.0,681.5,584.0,582.0,605.0,637.5,595.0,553.0,641.0,589.0,594.0,565.5,614.5,661.0,400.0,507.0,624.0,394.5,286.5,258.0,563.0,649.0,524.0,639.5,482.0,499.0,1.0,
00000000000000000091_0,511.0,523.0,917.5,931.0,714.0,1069.0,1100.0,1307.0,1030.0,1047.0,1023.0,1023.5,448.0,774.5,879.0,1065.0,842.5,797.0,796.0,875.0,1209.0,952.0,1072.0,684.5,817.0,743.0,842.0,747.0,848.0,707.0,774.5,826.0,1284.0,1.0,
00000000000000000092_0,520.5,474.0,836.5,784.0,647.0,770.0,598.0,643.0,566.0,581.0,580.0,531.0,453.0,560.0,836.0,991.0,916.0,832.0,767.5,795.0,850.0,753.0,779.5,608.0,765.5,667.0,747.0,1055.0,1032.5,801.0,821.5,933.0,836.5,1.0,
00000000000000000093_0,654.0,666.5,546.0,500.0,430.0,545.0,682.5,531.0,502.0,365.0,456.0,662.5,505.0,599.0,448.5,534.0,482.0,461.0,498.5,504.0,589.0,478.0,476.5,519.5,471.0,385.0,428.5,493.0,460.0,577.0,615.0,603.0,694.5,1.0,
00000000000000000094_0,379.0,601.0,658.0,731.0,809.0,790.0,704.0,670.0,763.0,810.0,763.5,864.0,673.0,797.5,915.0,941.0,851.0,782.0,722.0,697.0,883.5,758.0,797.0,766.0,752.0,796.0,809.5,771.5,900.0,948.0,892.5,690.0,839.0,1.0,
00000000000000000095_0,304.0,369.5,587.0,730.0,621.5,834.0,730.0,814.5,669.0,620.0,813.0,696.5,416.0,659.0,632.5,784.0,749.0,559.0,759.0,793.0,699.5,798.0,669.0,603.0,814.5,511.0,538.5,543.0,827.0,505.0,787.5,632.0,697.5,1.0,
00000000000000000096_0,361.0,431.0,853.0,828.5,873.0,983.0,884.0,964.0,1091.0,933.0,881.0,781.0,326.0,795.0,994.0,893.0,994.5,703.0,601.0,776.0,719.5,870.0,806.0,361.5,702.0,553.5,868.0,389.0,1253.0,968.0,1691.0,808.5,828.0,1.0,
00000000000000000097_0,322.0,373.0,576.0,577.5,616.0,716.5,593.0,707.0,697.0,573.0,632.5,522.0,264.0,476.0,525.0,551.0,650.0,429.5,427.0,481.0,473.0,592.0,470.0,346.5,443.0,344.0,469.0,289.0,1247.0,744.0,2240.5,678.0,593.0,1.0,
00000000000000000098_0,337.0,392.0,406.0,457.0,494.0,419.0,488.0,608.0,644.5,568.0,590.5,555.0,341.0,532.0,489.0,650.5,615.0,446.5,487.0,478.0,635.0,632.5,577.0,404.0,552.0,439.0,630.5,360.0,405.0,442.0,581.0,473.5,510.0,1.0,
00000000000000000099_0,418.0,435.0,686.0,707.0,778.0,679.5,663.0,666.0,632.0,534.0,528.0,481.0,354.0,485.0,506.5,462.5,527.0,369.5,533.0,585.0,676.0,484.0,597.0,351.0,566.0,483.0,629.0,409.5,424.0,564.0,1022.0,725.5,770.0,1.0,
0000000000000000009a_0,337.0,357.0,304.0,342.5,295.0,325.0,306.0,312.0,308.0,454.0,620.0,495.0,308.0,330.0,375.0,499.0,587.0,494.0,459.0,366.0,310.0,326.0,306.0,323.0,338.5,261.0,296.0,288.0,347.0,368.0,903.5,387.0,341.5,1.0,
0000000000000000009b_0,567.5,548.0,524.0,459.0,412.0,781.0,1187.0,944.0,778.5,579.0,883.0,601.5,507.0,576.0,665.0,841.0,906.0,668.5,634.0,628.0,687.5,703.0,721.0,552.0,614.0,432.0,599.5,528.0,638.0,607.5,1054.5,631.0,762.0,1.0,
0000000000000000009c_0,1360.0,1333.0,1636.0,1501.5,1496.0,1327.5,1346.5,1299.5,1340.0,1231.0,1198.0,1127.0,1202.0,1117.5,1240.0,1201.5,1092.0,1101.0,1091.5,1288.5,1349.0,904.5,1228.0,1177.0,1224.0,1283.0,1257.0,1180.5,1412.0,2286.0,1824.0,1324.0,1826.5,1.0,
0000000000000000009d_0,702.0,683.0,649.0,670.5,617.0,691.5,1036.0,734.5,1130.5,491.0,693.5,793.0,519.0,628.0,561.0,650.0,743.0,603.0,514.5,629.5,664.5,445.0,550.0,665.0,543.0,616.0,617.0,504.0,713.0,758.5,1055.5,774.0,712.0,1.0,
0000000000000000009e_0,702.0,830.0,855.0,691.0,803.5,826.0,787.5,798.5,801.0,733.0,1012.0,682.5,537.0,517.0,518.0,583.0,540.0,482.0,497.0,950.5,618.0,425.0,803.0,756.0,702.0,681.0,706.0,755.5,649.0,806.0,1091.0,517.0,929.0,1.0,
0000000000000000009f_0,415.0,563.0,509.0,544.0,621.0,495.5,508.0,515.0,462.0,454.0,535.5,561.0,478.0,470.0,506.0,532.5,561.0,502.5,477.0,479.5,447.0,396.0,419.0,606.0,348.5,336.0,367.0,540.0,537.0,567.5,883.0,668.0,569.0,1.0,
000000000000000000a0_0,566.0,744.0,846.0,706.5,784.5,921.0,851.0,870.0,740.0,667.5,562.5,526.0,503.0,486.0,376.0,522.0,458.5,364.0,688.5,916.0,766.0,523.0,753.0,885.0,675.0,589.0,717.0,776.5,608.0,808.0,802.0,621.0,897.0,1.0,
000000000000000000a1_0,592.0,838.5,736.0,690.0,966.0,652.0,772.0,809.0,878.0,660.0,697.0,608.0,540.0,571.0,703.0,721.0,688.0,482.0,555.0,602.0,525.5,427.0,581.0,755.0,409.5,479.0,435.0,571.0,676.0,921.0,797.0,565.0,828.5,1.0,
000000000000000000a2_0,1610.0,1394.0,548.0,621.0,720.0,581.0,635.0,762.0,938.0,1002.0,914.0,736.0,1277.0,788.0,846.0,821.0,726.0,868.5,860.0,888.5,758.0,984.5,1152.0,1056.0,785.0,754.0,750.5,999.0,929.0,933.0,882.0,740.5,791.0,1.0,
000000000000000000a3_0,560.0,660.5,550.0,530.0,409.0,600.0,606.0,790.0,783.0,629.0,722.5,679.5,495.0,563.0,593.0,665.0,611.5,486.0,724.5,818.0,638.0,1038.0,633.0,573.0,520.0,560.0,527.0,474.0,540.0,623.0,928.5,716.0,712.0,1.0,
000000000000000000a4_0,721.0,810.0,727.0,769.0,891.0,860.0,739.5,839.0,748.0,740.5,789.0,767.0,1289.5,817.0,906.0,1018.0,1140.5,876.0,958.0,1184.5,1162.0,1128.0,930.0,1111.0,973.0,1340.0,1657.0,965.0,1051.5,857.0,957.0,977.5,902.0,1.0,
000000000000000000a5_0,368.5,1137.5,454.0,536.0,431.5,453.0,428.5,445.0,426.0,531.5,499.0,395.0,900.0,340.0,374.0,379.0,372.0,305.5,333.0,357.0,339.0,321.0,314.0,672.0,454.0,425.0,447.5,597.0,711.0,600.5,783.5,600.0,605.5,1.0,
000000000000000000a6_0,467.0,715.0,632.0,791.0,555.0,799.0,737.0,681.5,746.0,828.0,674.0,766.0,491.0,524.0,508.0,634.5,636.0,552.0,591.0,627.0,695.0,760.0,537.0,745.5,834.0,617.0,796.0,687.0,608.5,588.0,659.0,785.0,548.5,1.0,
000000000000000000a7_0,738.0,875.5,717.0,811.0,754.0,631.0,718.0,834.5,742.5,715.0,565.0,639.5,501.0,529.0,612.0,827.0,615.5,505.5,561.0,593.0,587.5,412.5,678.0,505.0,527.5,366.5,556.0,520.5,678.0,650.0,699.5,800.0,699.5,1.0,
000000000000000000a8_0,572.0,725.0,690.0,627.5,684.0,650.5,613.0,617.0,717.5,748.0,668.5,700.5,576.0,720.5,718.5,720.0,825.5,623.5,675.0,782.0,667.5,473.0,586.0,630.0,562.0,438.5,498.5,611.5,607.0,629.0,709.0,862.5,685.5,1.0,
000000000000000000a9_0,397.5,483.0,466.0,484.0,430.5,464.0,711.0,742.5,620.5,606.0,744.0,632.0,440.0,634.5,655.0,766.0,621.0,599.0,501.0,627.0,692.0,481.5,477.5,475.0,564.5,530.5,637.0,436.0,528.0,396.0,597.0,517.0,711.5,1.0,
000000000000000000aa_0,181.0,220.0,160.5,235.0,165.5,276.0,225.5,211.0,194.0,223.5,163.5,226.5,234.0,160.0,174.0,244.0,263.0,205.0,228.5,231.5,207.5,55.0,126.0,248.0,127.0,100.0,123.0,205.0,277.5,186.0,365.0,359.5,260.5,1.0,
000000000000000000ab_0,605.5,602.0,509.0,441.5,561.5,531.0,638.0,734.5,728.5,685.5,796.0,775.0,547.0,735.0,916.0,922.0,723.5,491.0,462.0,818.0,570.5,599.5,643.0,524.0,580.5,425.0,673.0,612.5,643.0,745.0,1458.0,721.5,712.5,1.0,
000000000000000000ac_0,436.0,552.0,568.0,722.0,593.0,632.0,650.0,822.5,995.0,957.0,910.0,769.0,860.0,722.5,746.0,674.5,1187.0,752.5,708.0,1100.0,850.5,935.0,614.0,478.0,653.0,614.0,667.5,512.0,655.0,972.0,797.5,812.0,704.5,1.0,
000000000000000000ad_0,514.0,558.5,850.5,716.0,626.0,615.0,598.0,797.5,940.0,727.0,823.0,722.0,596.5,848.0,822.0,656.0,842.0,697.5,605.5,594.0,607.0,685.0,433.0,625.0,508.0,412.0,518.0,801.0,702.0,1316.0,878.0,702.0,859.0,1.0,
000000000000000000ae_0,705.0,711.0,776.0,693.0,661.0,695.0,736.0,779.0,696.0,865.0,928.0,688.0,449.0,663.0,541.0,562.0,618.0,509.0,471.0,503.0,578.5,989.0,767.0,718.0,731.0,640.5,546.0,328.0,959.0,589.0,740.5,714.0,669.0,1.0,
000000000000000000af_0,1228.0,1316.5,1166.0,1231.0,1195.0,1330.5,1317.0,1426.5,1489.0,1676.0,1342.0,1405.0,1190.0,1310.0,1280.0,1270.0,1328.0,760.0,682.0,731.5,779.5,632.0,1238.5,1112.0,1322.0,1026.0,954.0,1073.0,1135.0,809.0,1109.5,950.0,1208.5,1.0,
000000000000000000b1_0,657.5,570.0,515.0,538.5,621.5,517.0,698.0,729.5,669.0,666.0,570.0,640.5,578.0,654.0,802.5,912.0,685.0,517.0,561.5,794.0,574.0,557.0,681.0,644.0,639.5,437.0,681.0,579.0,645.0,599.0,713.5,694.0,593.0,1.0,
000000000000000000b2_0,461.0,473.0,691.0,816.0,771.0,790.0,697.0,605.0,714.0,726.0,721.0,692.5,452.0,651.5,666.0,759.0,719.0,654.5,620.0,759.0,669.0,578.0,603.0,439.0,513.0,574.0,484.0,377.0,810.5,831.5,850.0,879.0,758.0,1.0,
000000000000000000b3_0,797.0,683.0,815.0,681.0,798.0,737.0,638.0,783.5,954.5,622.0,652.0,783.0,663.0,698.0,700.0,896.0,735.0,459.0,592.0,969.5,812.0,698.5,756.0,693.0,664.0,597.0,717.5,529.0,579.0,578.0,847.0,686.0,685.0,1.0,
000000000000000000b4_0,656.0,1141.0,743.0,1169.0,779.0,637.0,769.0,771.0,981.0,978.0,967.5,621.5,774.0,639.0,987.0,739.0,780.0,589.0,559.5,582.0,650.0,556.0,530.0,1326.0,509.0,510.0,587.0,799.0,566.0,861.0,920.0,880.0,1084.0,1.0,
000000000000000000b5_0,729.0,1004.0,716.0,744.5,843.0,916.0,797.0,681.0,887.0,847.0,722.5,780.0,778.5,752.0,686.0,850.0,733.0,681.0,631.0,638.0,693.0,355.0,490.0,1047.0,567.5,489.0,518.0,828.0,1172.0,1027.5,1342.5,911.0,805.0,1.0,
000000000000000000b6_0,571.5,595.0,743.0,939.0,710.5,691.0,723.0,642.0,698.0,725.0,834.0,832.5,546.5,751.5,789.5,862.0,716.0,823.0,660.0,760.0,776.0,645.0,629.0,974.0,528.5,827.0,546.0,824.0,944.0,758.5,911.0,883.0,763.0,1.0,
000000000000000000b7_0,567.5,622.0,559.0,810.0,879.0,634.0,776.0,643.5,681.5,622.5,696.0,605.0,472.0,660.5,596.0,694.0,625.0,669.0,631.0,625.0,517.0,434.5,463.5,527.0,363.0,494.0,519.0,559.5,591.0,645.0,743.0,686.0,550.0,1.0,
000000000000000000b8_0,573.0,751.0,570.5,687.5,612.0,551.0,498.0,594.0,747.0,626.0,932.0,715.0,696.5,597.0,585.0,627.0,654.0,575.0,556.5,589.0,673.5,444.5,583.0,718.0,529.0,497.5,538.5,588.0,678.0,698.5,718.5,895.0,787.5,1.0,
000000000000000000b9_0,652.0,587.5,508.0,597.5,521.0,705.0,550.0,762.0,707.0,666.0,525.5,472.0,551.5,483.0,575.0,639.0,562.0,490.0,505.0,575.0,647.0,456.5,779.0,679.0,555.5,415.0,521.0,530.0,602.0,672.0,794.0,667.0,541.0,1.0,
000000000000000000ba_0,314.0,351.5,238.0,322.0,258.0,310.0,296.0,296.0,287.0,246.5,323.5,269.5,300.5,247.0,261.0,303.0,285.0,273.0,281.0,265.0,218.0,284.0,252.0,327.0,224.0,210.0,201.0,262.5,325.0,273.0,484.0,424.0,333.5,1.0,
000000000000000000bb_0,445.0,380.0,361.5,364.0,303.0,380.0,446.0,491.0,439.0,365.0,334.0,365.0,412.5,314.0,353.0,403.0,351.0,361.0,340.5,330.5,312.0,289.0,279.0,363.0,276.0,301.5,264.0,336.0,319.5,363.0,485.0,386.0,328.0,1.0,
000000000000000000bc_0,393.0,627.0,1024.0,634.0,589.0,587.0,586.0,547.0,839.0,693.0,728.0,780.5,576.0,862.0,782.0,795.0,771.0,558.0,568.0,706.0,555.5,737.0,656.0,502.0,615.0,621.0,640.0,527.0,556.5,611.5,821.0,977.0,722.5,1.0,
000000000000000000bd_0,396.0,439.0,742.0,998.0,945.5,1046.0,922.0,975.5,877.0,959.5,975.0,975.0,400.5,804.5,730.5,770.0,684.0,532.0,688.5,521.0,628.5,483.0,508.0,408.0,544.0,537.0,591.0,338.0,447.0,396.0,1148.5,896.0,1119.5,1.0,
000000000000000000be_0,515.0,350.0,581.0,878.0,720.0,946.5,760.0,886.5,815.0,770.0,771.0,934.5,299.0,859.0,918.5,778.0,794.0,657.0,671.0,641.5,597.5,664.0,606.5,333.0,648.0,524.0,523.0,358.0,807.0,435.0,805.0,977.0,883.0,1.0,
000000000000000000bf_0,417.0,427.5,711.0,676.5,685.0,628.0,551.0,536.0,864.0,756.0,743.0,884.0,631.0,860.0,799.5,812.0,808.0,561.0,570.5,721.0,533.0,672.0,720.0,565.0,472.0,652.0,539.0,609.0,669.0,648.5,821.0,768.0,1005.0,1.0,
000000000000000000c0_0,760.0,1600.0,664.0,587.0,652.5,698.0,732.5,791.0,826.0,947.0,799.0,901.5,896.0,661.0,749.0,819.5,788.0,672.5,715.0,822.0,742.0,688.0,725.0,818.0,557.0,571.0,619.0,718.5,785.0,705.0,756.0,666.0,660.0,1.0,
000000000000000000c1_0,333.0,376.0,443.0,514.0,490.0,635.0,627.0,589.0,580.0,623.0,634.0,609.0,397.0,496.5,534.0,569.0,532.0,460.0,462.0,450.5,538.0,402.0,395.5,527.0,454.5,411.0,572.0,426.0,493.0,504.5,655.5,726.5,723.0,1.0,
000000000000000000c2_0,625.0,661.5,688.0,615.0,591.0,644.0,692.0,657.0,645.0,681.5,560.0,719.0,511.0,706.0,684.0,644.0,573.5,416.0,537.0,597.5,442.0,455.0,444.5,794.0,606.0,481.0,596.0,864.5,421.0,797.5,814.0,671.5,664.0,1.0,
000000000000000000c3_0,657.0,818.5,575.0,585.5,463.0,544.0,456.0,578.5,740.0,690.0,854.5,516.5,658.0,501.0,646.0,555.5,707.5,492.0,555.0,692.5,478.0,312.0,358.0,740.0,603.0,369.0,446.5,637.0,713.0,553.0,785.0,722.0,618.0,1.0,
000000000000000000c4_0,714.0,664.0,520.0,546.0,635.5,564.0,531.0,555.0,740.0,648.0,490.0,486.0,523.0,395.0,581.0,623.0,619.0,572.5,643.0,725.5,731.0,532.0,830.0,682.0,604.0,404.0,601.0,610.0,618.0,645.0,638.0,719.0,589.0,1.0,
000000000000000000c5_0,640.5,601.0,520.0,555.0,612.0,547.0,524.5,584.0,564.5,520.5,396.5,406.0,515.0,395.0,546.0,576.0,619.0,538.0,623.0,743.0,680.0,447.5,655.0,560.0,570.0,539.0,566.5,496.5,651.0,626.0,706.0,692.0,589.0,1.0,
000000000000000000c6_0,599.0,601.0,571.0,555.0,645.0,562.0,502.0,552.0,683.5,561.0,364.5,357.5,515.0,411.0,581.0,662.0,601.0,490.0,623.0,664.5,598.0,500.0,661.0,605.0,534.0,502.0,544.5,521.5,647.0,591.0,699.0,692.0,560.0,1.0,
000000000000000000c7_0,673.0,539.0,618.0,558.0,570.0,404.5,455.5,434.5,390.0,334.5,519.0,354.0,448.0,369.5,374.0,395.0,352.0,330.0,323.0,286.0,206.0,452.0,244.0,536.0,163.0,165.0,159.5,541.0,582.5,645.0,755.0,712.0,586.5,1.0,
000000000000000000c8_0,917.5,760.5,554.5,536.0,490.5,762.0,887.0,832.5,995.5,866.5,753.5,742.0,733.5,920.5,971.0,999.0,736.0,669.0,778.5,872.5,716.0,933.5,634.5,594.0,672.0,721.0,604.0,478.0,782.5,688.0,689.0,582.0,538.0,1.0,
000000000000000000c9_0,366.0,375.5,291.5,429.0,424.5,539.0,599.0,768.0,753.0,619.0,775.0,671.0,314.0,667.5,652.0,713.5,619.0,602.0,569.5,588.0,570.5,564.0,467.5,403.5,474.0,499.0,347.0,322.0,549.0,534.0,548.0,462.0,380.0,1.0,
000000000000000000ca_0,517.5,606.0,745.0,669.0,622.0,713.0,662.0,685.0,800.0,633.0,650.0,794.0,610.5,779.0,785.5,819.5,830.0,626.0,821.0,884.0,677.0,745.0,646.5,753.0,729.0,810.0,773.0,900.5,756.5,739.5,983.0,735.0,672.5,1.0,
000000000000000000cb_0,468.0,562.5,924.0,635.5,767.0,816.5,949.0,855.0,1163.0,879.0,831.0,870.0,541.0,932.0,1079.5,1237.5,1073.0,812.0,737.0,803.5,794.0,1077.0,810.0,512.0,894.0,947.0,832.5,480.0,513.5,494.0,569.0,546.0,440.0,1.0,
000000000000000000cc_0,575.5,578.0,450.0,586.0,508.0,536.0,549.5,556.0,516.5,494.0,496.0,417.5,762.5,461.0,508.0,650.0,684.0,653.0,426.5,251.5,259.0,225.5,228.0,791.5,339.5,295.0,611.5,668.0,559.0,546.5,778.0,632.5,813.0,1.0,
000000000000000000cd_0,498.0,459.5,405.0,484.0,470.0,480.0,458.0,545.0,469.0,524.0,548.0,459.0,484.0,472.0,477.0,500.0,475.5,395.5,397.0,497.0,376.0,532.0,507.0,494.0,398.0,577.5,425.0,425.0,472.0,582.5,670.0,613.0,503.0,1.0,
000000000000000000ce_0,970.0,675.0,557.0,654.0,518.0,952.0,568.5,905.5,824.0,773.0,798.0,959.0,774.0,786.0,713.0,575.0,681.0,628.0,549.5,656.0,630.5,558.5,623.0,778.5,568.5,471.0,683.0,716.5,745.0,552.0,685.0,757.0,508.5,1.0,
000000000000000000cf_0,626.0,711.5,514.0,590.5,552.0,661.0,652.5,727.0,832.5,780.0,901.0,719.5,695.0,622.0,522.0,708.0,634.5,539.0,684.0,729.5,741.0,808.0,650.0,636.5,733.0,562.0,586.0,601.5,626.0,664.0,779.0,674.0,586.0,1.0,
000000000000000000d0_0,708.0,665.0,739.0,870.0,748.0,789.5,827.0,982.0,837.0,796.0,869.5,999.0,990.5,890.0,643.0,996.0,808.0,1093.5,999.5,1048.0,796.0,807.0,635.0,691.0,363.0,267.0,257.5,648.0,1189.5,1019.5,1262.0,974.0,857.5,1.0,
000000000000000000d1_0,448.0,447.0,572.0,708.0,838.0,657.0,684.0,721.5,641.5,616.0,884.0,679.0,366.0,657.0,646.5,848.0,767.0,637.5,486.0,678.5,727.0,790.0,914.0,653.0,721.0,528.0,605.0,485.5,960.0,698.0,950.0,701.0,832.0,1.0,
000000000000000000d2_0,581.0,655.0,624.0,613.0,520.0,689.5,638.5,513.0,490.0,535.0,395.0,421.5,602.5,385.5,226.0,308.0,508.0,308.0,293.5,297.5,183.0,168.0,199.0,523.0,196.0,191.5,264.0,474.0,555.0,469.0,688.0,590.0,586.0,1.0,
000000000000000000d3_0,259.0,350.0,161.0,314.0,442.0,419.0,375.0,391.5,351.0,366.0,417.5,391.0,304.0,269.0,298.0,395.5,456.0,291.0,329.5,408.0,244.0,188.0,257.5,431.0,297.0,179.5,229.0,298.0,370.0,372.5,487.0,530.5,520.0,1.0,
000000000000000000d4_0,342.5,375.0,295.0,352.0,297.0,351.0,305.0,325.0,367.0,306.5,327.5,312.5,301.0,313.0,287.0,409.0,416.0,339.0,569.0,599.0,501.5,698.0,567.5,324.0,582.5,545.0,476.0,315.5,367.0,326.0,489.0,463.0,336.0,1.0,
000000000000000000d5_0,461.0,392.0,758.0,949.0,659.0,523.0,1042.5,477.0,443.0,754.0,574.0,712.0,482.0,800.0,647.0,298.5,744.0,597.0,641.0,701.0,186.0,260.0,188.0,654.0,178.0,216.0,201.0,616.0,389.5,563.5,562.0,492.5,519.0,1.0,
000000000000000000d6_0,518.0,692.0,681.0,584.5,561.0,663.0,598.5,696.0,671.0,776.0,807.0,701.0,494.0,611.5,621.0,724.0,672.0,641.0,583.5,690.0,547.0,472.0,764.5,589.0,553.0,443.0,569.0,443.0,633.0,557.0,883.0,766.0,651.5,1.0,
000000000000000000d7_0,370.0,447.0,379.0,584.0,464.0,556.0,637.0,536.0,496.0,520.0,672.5,589.0,398.0,503.5,471.0,653.0,615.5,519.0,478.0,591.0,474.0,757.0,600.0,464.0,574.5,464.5,457.0,335.0,664.0,589.5,754.0,654.5,692.0,1.0,
000000000000000000d8_0,517.0,621.0,620.0,631.0,657.0,747.5,609.0,761.0,775.5,763.0,705.5,650.0,507.5,634.0,665.0,524.5,732.0,593.0,572.0,667.0,603.5,542.0,664.5,573.5,588.0,491.0,751.0,494.0,743.0,789.0,975.0,764.0,555.5,1.0,
000000000000000000d9_0,301.0,536.5,569.0,1088.0,651.0,478.5,1149.0,512.5,468.0,832.0,687.0,748.0,451.0,904.0,646.0,604.5,869.0,885.0,907.0,848.0,171.0,239.0,272.0,669.0,218.0,227.0,298.0,618.0,359.0,614.0,607.0,776.0,510.0,1.0,
000000000000000000da_0,489.0,606.0,482.0,778.5,560.0,677.0,506.0,679.0,585.0,737.0,623.0,662.5,481.0,563.5,643.5,665.0,663.5,651.0,693.0,688.5,729.5,610.0,744.0,515.0,784.0,664.0,605.5,445.0,597.5,603.0,994.0,789.0,906.5,1.0,
000000000000000000db_0,492.5,649.0,588.0,709.0,682.0,823.0,734.5,899.0,735.0,655.0,756.5,724.5,513.0,792.0,803.0,855.0,770.0,612.0,636.0,818.0,736.0,732.0,765.0,604.5,726.5,669.0,721.0,534.0,713.0,645.0,1005.0,881.5,853.0,1.0,
000000000000000000dc_0,608.5,715.5,773.0,580.0,461.0,590.0,493.5,638.0,683.0,558.0,739.0,847.5,549.0,700.0,885.0,843.0,694.0,746.0,769.5,728.0,1023.0,885.0,730.0,771.0,611.0,792.0,789.0,620.0,906.0,651.0,731.0,819.0,886.0,1.0,
000000000000000000dd_0,957.0,997.0,577.5,837.5,781.0,688.0,828.0,1270.0,778.5,851.5,872.0,920.0,521.5,720.0,640.0,781.0,1290.0,978.0,721.0,1290.0,1124.5,745.0,918.0,607.0,1222.0,675.5,982.5,432.0,695.0,578.0,1109.0,762.0,1194.0,1.0,
000000000000000000de_0,469.0,482.0,566.0,1004.0,650.0,504.0,1186.5,506.0,531.5,849.0,740.0,766.0,427.0,848.0,685.0,635.0,860.0,887.0,906.0,842.5,282.0,326.0,292.0,822.0,187.0,266.0,321.5,653.0,357.0,574.0,600.0,884.0,464.5,1.0,
000000000000000000df_0,277.5,792.5,636.0,753.5,907.0,742.0,905.0,862.5,821.0,703.0,844.0,740.0,452.5,623.0,698.0,795.0,727.5,676.0,589.5,609.5,663.0,565.0,688.0,848.5,539.5,658.0,534.0,744.0,947.0,681.0,652.5,764.5,663.0,1.0,
000000000000000000e0_0,540.0,502.0,506.0,1009.0,683.0,435.0,1078.5,485.0,461.0,818.5,677.0,730.0,577.0,833.0,655.0,536.0,834.0,807.5,836.0,879.0,193.0,316.0,225.0,587.0,173.0,249.0,218.0,581.0,442.0,566.0,593.0,543.0,479.0,1.0,
000000000000000000e1_0,391.0,466.0,505.0,1035.5,586.0,471.0,1069.5,501.5,486.0,775.0,695.0,769.5,487.0,844.5,650.5,577.0,872.0,827.0,888.0,903.5,213.0,339.0,278.5,679.0,189.0,242.0,164.5,830.5,395.5,593.0,621.0,572.0,500.5,1.0,
000000000000000000e2_0,443.5,396.0,506.0,980.0,683.0,423.0,1081.0,471.0,455.0,830.5,689.0,734.5,455.0,840.0,655.0,571.0,835.0,816.0,852.5,898.5,206.0,328.0,233.0,566.0,172.0,260.0,238.5,687.0,371.5,584.0,560.0,543.0,473.5,1.0,
000000000000000000e3_0,326.0,389.5,351.0,538.0,406.0,598.5,684.0,1043.0,1031.5,754.0,928.0,745.0,339.5,857.0,869.0,893.0,831.0,715.0,669.0,706.0,680.5,605.5,599.0,326.5,615.5,724.0,526.5,420.0,350.0,353.0,487.0,425.5,358.5,1.0,
000000000000000000e4_0,726.0,649.0,681.0,767.0,752.0,655.0,663.0,1116.0,689.0,579.0,769.0,579.0,698.5,605.0,888.0,695.0,637.5,599.0,767.0,1135.0,953.0,892.5,888.0,576.0,801.0,867.5,934.0,579.5,875.0,704.0,950.0,946.0,725.0,1.0,
000000000000000000e5_0,546.0,653.0,469.5,658.0,422.0,490.5,598.0,478.0,456.5,692.5,659.0,752.5,508.5,842.0,619.0,571.0,893.0,823.0,871.5,915.5,282.5,275.0,330.0,489.0,193.0,250.0,174.0,523.5,506.0,592.0,688.0,555.0,497.0,1.0,
000000000000000000e6_0,943.5,803.0,746.0,754.0,752.5,796.5,720.0,793.0,748.0,806.0,803.0,734.0,765.0,801.0,992.5,1051.5,890.5,774.0,578.0,696.0,600.0,278.0,252.0,947.0,242.0,344.0,278.0,880.0,961.0,840.0,944.0,896.0,834.0,1.0,
000000000000000000e7_0,364.5,463.5,661.0,824.0,683.5,655.0,633.0,714.0,923.0,649.0,710.0,632.5,363.0,602.0,588.0,710.0,629.0,528.0,450.0,600.0,560.0,553.0,581.0,328.0,562.0,385.0,536.5,932.0,955.0,783.0,859.0,932.0,937.5,1.0,
000000000000000000ea_0,346.0,360.0,182.5,387.5,360.0,427.5,367.0,346.0,369.5,398.0,396.5,510.0,323.0,277.0,339.0,420.0,366.0,289.0,407.0,494.0,371.0,406.5,502.5,397.0,473.0,455.0,476.0,316.0,761.0,346.5,756.0,592.0,573.0,1.0,
000000000000000000eb_0,461.0,409.0,586.5,1034.0,619.0,462.0,1135.5,499.5,505.5,828.0,683.0,744.0,503.0,848.0,668.5,632.0,863.0,869.0,899.0,886.0,317.0,297.5,365.0,581.0,247.0,306.0,305.0,689.0,369.5,596.0,535.0,719.0,462.5,1.0,
000000000000000000ec_0,627.0,694.5,539.0,600.5,457.0,548.0,604.5,548.0,538.0,561.5,647.0,675.0,572.5,725.0,675.0,631.5,868.0,882.0,874.0,800.0,318.0,357.0,368.0,661.0,260.0,369.0,254.0,617.0,443.0,652.5,623.0,576.0,594.5,1.0,
000000000000000000ed_0,382.5,366.5,209.5,301.0,226.0,306.0,307.0,291.0,374.5,468.5,359.0,515.0,440.0,465.0,464.0,561.0,518.0,465.0,464.0,489.0,429.0,470.0,531.0,370.0,423.5,410.0,390.5,308.0,368.0,378.5,428.0,377.0,273.0,1.0,
000000000000000000ee_0,562.0,707.0,686.0,739.0,695.5,600.0,645.5,849.0,755.0,781.5,778.5,834.5,654.0,864.0,788.0,618.0,694.0,506.0,830.0,708.0,679.0,729.5,590.5,661.0,593.5,595.5,582.0,765.5,606.0,646.0,1062.0,922.5,743.0,1.0,
000000000000000000ef_0,483.5,756.0,455.0,1042.0,619.0,551.0,1185.5,555.0,511.0,860.0,778.0,832.0,556.5,884.0,724.0,598.0,917.0,890.0,904.0,873.0,298.0,373.0,372.5,822.5,278.0,336.5,284.0,689.0,320.0,685.0,625.0,516.0,529.5,1.0,
000000000000000000f0_0,791.0,418.0,339.0,345.5,312.0,346.0,307.0,376.0,541.0,728.0,478.5,697.5,502.0,703.5,724.5,705.0,664.0,587.0,589.0,621.0,571.0,642.0,637.5,377.5,485.0,619.0,555.0,346.0,347.0,663.5,448.0,407.0,354.0,1.0,
000000000000000000f1_0,518.0,547.0,584.5,829.0,587.0,723.0,946.5,527.5,507.0,753.0,692.0,765.0,455.0,837.0,591.0,531.0,767.0,824.5,851.5,787.5,290.0,221.0,439.5,667.5,282.0,381.5,416.0,582.0,396.0,629.5,656.0,644.0,581.0,1.0,
000000000000000000f2_0,320.0,270.0,183.0,262.5,257.0,316.0,286.5,292.0,447.5,460.0,292.5,510.0,297.0,394.0,398.5,488.0,465.5,394.0,446.5,458.0,355.0,460.0,545.0,280.5,381.0,340.0,316.5,244.0,345.0,406.0,398.0,348.0,273.0,1.0,
000000000000000000f3_0,741.0,621.0,590.0,1073.5,740.0,806.0,1188.0,604.0,652.0,935.0,802.5,867.0,568.5,850.0,740.0,594.0,853.5,883.0,962.0,901.0,284.0,221.0,229.0,804.5,254.0,308.0,353.0,759.0,381.0,702.0,625.0,812.0,672.5,1.0,
000000000000000000f4_0,580.0,753.0,670.0,1043.0,619.0,700.0,1225.0,565.0,539.0,896.5,788.5,857.5,553.0,871.0,724.0,646.0,911.0,915.0,957.0,879.5,340.0,309.0,439.5,846.5,275.0,406.0,440.0,689.0,382.0,711.0,722.0,546.0,493.5,1.0,
000000000000000000f5_0,816.0,782.0,742.0,796.0,521.0,849.0,1148.0,613.5,423.0,394.5,458.0,331.5,544.0,421.0,238.5,339.0,461.0,256.0,482.0,357.0,219.0,355.0,212.0,538.0,195.0,157.5,158.0,652.0,386.5,475.0,629.0,616.5,619.0,1.0,
000000000000000000f6_0,373.0,475.0,517.0,980.0,614.0,401.0,1114.0,501.0,512.0,755.0,648.0,739.0,264.0,862.0,646.0,572.5,905.0,905.0,859.5,851.5,345.0,311.0,395.0,644.0,297.0,368.0,331.0,535.0,405.0,579.0,565.0,506.0,492.5,1.0,
000000000000000000f7_0,621.0,654.5,760.0,680.0,749.0,696.5,693.0,914.0,877.0,806.0,855.0,854.0,676.0,797.0,942.0,736.0,700.0,562.0,600.5,737.0,641.0,808.0,748.0,674.0,735.0,552.0,605.0,782.0,805.0,926.0,1243.0,977.0,838.5,1.0,
000000000000000000f8_0,599.5,756.0,624.0,1043.0,684.0,649.0,1225.0,576.0,576.0,916.0,787.0,888.0,504.0,898.0,691.0,646.0,916.0,907.0,941.0,881.5,366.5,306.0,439.0,829.5,259.0,373.0,413.0,689.0,351.0,685.0,658.0,580.0,493.5,1.0,
000000000000000000f9_0,922.5,724.0,708.0,760.0,563.0,848.0,1180.0,583.0,507.0,511.0,467.0,463.0,469.0,571.5,658.0,481.0,663.5,417.0,541.5,627.0,215.0,215.0,398.0,637.5,370.0,190.5,256.0,618.0,506.0,489.0,589.5,750.0,665.5,1.0,
000000000000000000fa_0,819.5,770.0,646.0,698.0,586.0,750.0,1092.0,584.5,435.5,425.0,370.5,401.0,488.0,620.0,804.0,694.0,553.0,404.0,414.0,414.0,199.0,383.0,272.0,622.5,263.0,250.0,176.0,490.0,550.0,503.0,573.5,634.0,529.0,1.0,
000000000000000000fb_0,469.0,636.0,515.0,1088.5,717.0,653.0,1179.0,563.5,559.5,869.0,811.0,849.0,583.0,946.0,727.0,604.0,926.5,895.0,866.5,921.5,315.0,315.0,438.0,853.0,236.0,349.0,415.0,725.0,365.0,685.0,660.0,484.0,492.5,1.0,
000000000000000000fc_0,709.0,598.5,628.0,1101.0,717.0,855.0,1225.0,587.0,595.5,908.0,810.0,833.0,579.0,812.5,756.5,726.0,874.0,862.0,904.0,944.5,335.5,237.0,429.0,775.0,310.0,435.5,408.0,760.0,386.0,711.0,659.0,682.0,694.5,1.0,
000000000000000000fd_0,436.5,413.0,855.0,848.5,825.0,925.0,733.0,696.0,611.0,557.0,519.5,578.5,447.0,538.0,556.5,541.0,530.0,474.0,480.0,459.0,414.5,404.5,383.5,448.0,375.0,372.0,314.0,361.0,436.0,1026.0,1463.5,1134.0,1036.0,1.0,
000000000000000000fe_0,566.0,598.5,700.0,687.0,523.0,642.5,557.0,911.0,981.5,701.5,797.0,716.5,449.0,648.0,1105.0,959.5,710.0,652.0,682.0,854.0,908.0,744.0,913.0,468.0,927.0,861.0,1321.0,494.0,562.0,438.5,980.0,758.0,719.0,1.0,
000000000000000000ff_0,800.0,934.0,1509.0,827.0,810.0,836.0,769.0,1078.5,955.5,611.5,931.0,767.0,738.0,720.0,1098.0,899.5,854.0,685.5,695.0,885.0,858.0,710.5,1204.0,837.0,1207.0,1426.0,1530.5,619.0,875.0,734.0,888.0,895.5,1146.0,1.0,
00000000000000000100_0,681.0,671.0,670.0,1206.0,909.0,1092.0,1221.0,618.5,683.0,907.0,843.0,884.0,549.0,880.0,737.5,778.0,863.0,948.0,977.0,864.5,295.0,258.0,558.0,714.0,373.0,453.0,535.0,690.0,501.0,641.5,633.0,964.0,780.5,1.0,
