system:index,BLUE,BLUE_1,BLUE_10,BLUE_11,BLUE_12,BLUE_13,BLUE_14,BLUE_15,BLUE_16,BLUE_17,BLUE_18,BLUE_19,BLUE_2,BLUE_20,BLUE_21,BLUE_22,BLUE_23,BLUE_24,BLUE_25,BLUE_26,BLUE_27,BLUE_28,BLUE_29,BLUE_3,BLUE_30,BLUE_31,BLUE_32,BLUE_4,BLUE_5,BLUE_6,BLUE_7,BLUE_8,BLUE_9,VALUE,.geo
00000000000000000000_0,188.0,167.0,115.0,178.0,107.0,172.0,233.0,140.0,129.0,135.0,152.0,156.0,159.0,123.0,129.0,143.5,196.0,132.5,149.0,123.0,137.0,92.0,133.0,204.5,35.0,91.5,52.0,140.0,175.0,235.5,335.0,433.5,225.5,1.0,
00000000000000000001_0,133.0,169.5,83.0,187.0,134.0,165.0,155.0,144.0,142.0,145.5,150.0,133.0,186.0,105.0,92.0,177.5,131.5,133.0,159.0,129.0,151.0,84.0,85.0,207.0,78.0,82.0,60.0,146.0,177.5,149.0,476.0,207.0,129.0,1.0,
00000000000000000002_0,236.0,180.0,143.5,175.0,205.0,219.5,221.0,206.5,162.0,184.0,200.0,205.0,250.0,189.5,201.0,203.0,193.5,187.0,154.5,172.0,193.0,125.0,129.0,187.0,182.5,159.0,133.0,192.0,239.5,244.0,482.0,244.0,239.0,1.0,
00000000000000000003_0,107.5,146.0,53.0,168.0,27.0,105.0,153.0,122.0,93.0,115.0,125.0,103.0,153.5,75.0,68.0,115.0,103.5,128.0,93.0,100.5,117.0,-2.0,77.0,164.0,63.0,21.5,38.0,78.0,165.0,218.0,414.0,208.0,132.0,1.0,
00000000000000000004_0,261.5,219.0,329.0,388.5,348.0,416.0,396.0,400.0,332.0,337.5,487.0,468.0,232.5,389.0,400.0,402.0,402.5,329.5,358.0,323.0,352.0,397.5,301.0,306.0,250.0,304.0,357.0,247.0,284.5,253.5,489.5,399.0,379.0,1.0,
00000000000000000005_0,276.5,283.0,234.5,356.0,379.0,375.0,448.0,346.0,336.0,319.0,340.5,384.0,306.5,281.5,287.5,372.0,288.5,265.0,294.5,258.0,333.0,183.0,318.5,424.5,188.0,249.5,274.5,292.0,387.0,437.5,540.5,424.5,461.0,1.0,
00000000000000000006_0,229.0,171.5,126.0,197.5,178.0,167.0,203.0,144.0,149.0,140.0,180.0,107.0,163.0,166.5,118.0,149.0,190.0,127.5,138.0,88.5,141.5,111.0,114.0,195.0,82.0,110.0,118.0,156.0,189.0,236.5,277.0,137.0,196.5,1.0,
00000000000000000007_0,169.0,228.5,194.0,363.0,266.0,268.0,327.0,269.0,292.0,297.0,268.0,242.0,203.0,311.0,291.5,338.5,249.0,243.0,249.0,240.5,293.0,263.0,237.0,206.0,206.0,214.5,215.0,274.0,276.0,328.0,505.5,341.5,263.0,1.0,
00000000000000000008_0,138.5,189.5,135.0,149.5,150.0,179.0,196.0,183.0,177.5,215.0,160.5,143.0,178.0,150.0,155.0,213.0,165.0,157.0,164.0,164.0,157.0,135.0,125.0,179.5,119.0,128.5,116.0,160.0,212.0,217.5,354.5,208.0,174.0,1.0,
00000000000000000009_0,300.5,216.0,251.0,347.0,310.0,326.0,353.5,346.0,276.0,306.0,270.0,287.0,298.0,330.0,295.0,383.0,313.5,265.0,225.0,288.0,304.0,229.0,247.0,380.5,221.0,252.0,269.0,337.0,389.0,421.0,464.0,449.0,386.0,1.0,
0000000000000000000a_0,97.0,75.0,26.0,87.5,-4.5,75.0,130.0,100.0,38.0,96.5,107.0,81.5,73.0,73.0,82.0,93.5,102.0,66.5,24.0,47.0,122.0,-29.0,-50.0,132.0,28.0,-38.0,-33.0,-3.5,124.5,61.5,224.0,105.5,114.0,1.0,
0000000000000000000b_0,187.0,176.5,137.0,256.0,171.0,229.0,219.5,186.5,173.5,204.5,163.0,177.0,234.0,204.0,207.0,234.0,207.0,201.0,151.0,193.0,162.5,88.0,141.0,249.0,140.5,126.0,124.0,163.0,244.0,206.0,432.5,276.0,227.0,1.0,
0000000000000000000c_0,236.0,210.5,212.5,363.0,283.0,381.5,350.0,326.0,305.0,285.5,340.5,342.5,368.5,293.0,282.0,365.0,339.0,291.0,266.0,330.0,291.0,276.0,338.0,370.0,277.5,234.0,301.5,309.0,301.0,412.0,626.0,396.0,387.5,1.0,
0000000000000000000d_0,387.0,407.5,380.0,374.5,308.0,349.0,359.0,338.5,317.5,331.0,336.0,342.5,454.0,320.0,324.0,320.0,339.0,309.5,316.0,314.0,310.5,296.0,246.0,361.0,261.0,246.0,266.0,364.0,398.0,445.5,605.0,471.0,406.0,1.0,
0000000000000000000e_0,263.5,210.0,223.0,250.0,212.0,270.5,276.0,274.0,220.0,209.0,200.5,202.0,201.5,226.0,199.0,235.0,260.0,219.0,182.5,209.0,176.0,181.5,187.0,238.5,179.0,199.0,177.0,169.0,240.0,285.0,325.5,272.0,257.0,1.0,
0000000000000000000f_0,274.5,235.0,113.0,221.0,184.0,241.0,245.0,216.0,171.5,206.0,201.0,190.0,190.0,225.0,188.0,186.0,190.0,198.0,128.0,177.0,181.0,162.0,162.0,249.0,170.0,174.0,161.0,179.0,357.0,306.5,312.0,275.0,223.0,1.0,
00000000000000000010_0,273.0,303.0,154.0,347.5,257.5,296.5,261.0,238.0,313.0,246.0,387.0,285.0,276.0,300.0,306.5,363.5,308.0,275.0,222.5,265.0,305.0,229.0,342.0,287.0,311.0,258.0,289.0,276.0,348.0,208.5,454.0,294.0,276.0,1.0,
00000000000000000012_0,389.5,320.0,279.0,343.0,325.5,372.5,389.0,313.5,328.0,323.0,286.0,326.0,307.0,329.0,330.0,355.0,359.0,365.0,353.5,342.0,277.0,393.0,265.0,302.5,238.0,241.0,300.0,261.0,350.0,379.0,467.5,371.5,327.0,1.0,
00000000000000000013_0,398.0,308.0,237.0,333.5,284.0,326.0,303.0,363.0,299.5,288.0,297.0,292.5,303.0,309.0,299.0,365.0,278.0,274.5,259.0,267.0,317.0,234.0,254.0,275.0,221.0,213.5,199.0,282.0,386.0,393.5,447.0,404.0,385.5,1.0,
00000000000000000014_0,309.0,435.0,402.0,454.0,433.0,404.0,375.0,385.5,398.5,341.0,374.0,364.0,345.0,335.5,307.0,347.0,326.0,310.5,297.5,306.0,293.5,331.0,282.0,484.0,278.5,246.5,244.0,495.5,469.0,499.5,628.0,285.0,413.0,1.0,
00000000000000000015_0,319.5,285.0,278.5,334.0,294.0,297.5,313.5,301.0,265.5,270.0,255.0,260.5,290.0,277.0,286.0,267.0,271.5,250.5,223.0,238.5,226.0,216.0,204.0,312.0,215.0,223.0,198.0,228.0,259.0,350.0,448.0,343.0,305.0,1.0,
00000000000000000018_0,332.0,316.0,305.5,337.0,267.0,346.0,360.0,402.0,355.0,376.0,432.0,305.5,302.5,324.0,327.0,344.0,371.0,318.5,278.0,322.0,336.0,331.0,274.0,318.0,275.0,247.0,272.0,323.0,296.0,408.0,722.5,647.0,339.0,1.0,
00000000000000000019_0,186.0,247.0,207.0,212.0,162.0,209.0,226.0,218.5,190.0,181.5,210.0,202.0,168.0,183.0,172.0,176.0,205.0,195.0,183.5,214.5,181.0,143.0,144.0,195.0,132.0,145.0,161.0,200.0,211.0,226.5,307.0,222.5,233.5,1.0,
0000000000000000001a_0,332.0,298.5,323.0,308.0,269.0,321.0,322.0,365.0,353.0,301.5,344.0,373.5,287.5,381.5,423.0,494.0,473.0,400.0,331.0,371.5,355.0,423.0,355.5,350.0,332.0,263.0,291.5,406.0,376.0,334.0,596.5,492.0,304.5,1.0,
0000000000000000001b_0,201.0,188.5,115.0,196.5,124.0,202.5,176.0,181.0,158.0,184.0,164.0,137.5,163.0,154.0,142.5,157.0,172.0,158.0,138.5,156.5,183.0,106.0,134.0,205.0,132.0,114.0,116.0,94.0,203.5,233.0,242.5,224.5,192.5,1.0,
0000000000000000001c_0,378.0,387.0,460.0,424.0,344.0,416.0,408.0,425.0,400.0,366.0,386.0,430.0,355.0,425.5,393.5,387.5,385.0,400.5,411.0,400.5,362.0,321.0,297.0,343.0,281.0,230.0,262.0,341.0,439.0,467.0,629.0,494.0,467.0,1.0,
0000000000000000001d_0,286.5,271.0,402.0,391.5,368.0,383.0,468.0,440.0,436.0,325.0,377.0,413.0,292.0,402.0,314.0,374.0,345.0,329.0,292.0,316.0,311.5,317.0,564.0,275.5,524.0,475.0,376.5,364.0,360.0,347.5,429.5,401.5,399.0,1.0,
0000000000000000001f_0,252.5,387.5,481.0,452.5,393.5,412.0,408.0,514.0,394.0,340.0,423.5,470.0,463.0,443.0,364.0,403.0,435.0,362.5,304.0,415.0,349.5,362.0,332.5,444.0,318.0,343.0,361.0,530.0,460.0,436.5,650.0,674.5,493.0,1.0,
00000000000000000020_0,396.0,487.0,423.0,460.0,366.0,378.0,407.5,357.0,424.0,684.0,540.0,413.0,490.0,383.5,393.0,456.5,394.5,383.0,401.0,382.0,337.5,456.0,221.0,450.5,247.0,162.0,172.0,388.0,408.0,496.0,586.5,549.0,387.0,1.0,
00000000000000000021_0,287.0,207.0,224.5,341.0,247.0,254.0,315.0,367.0,329.0,282.0,295.0,243.5,272.5,244.0,229.0,269.0,253.0,249.0,216.0,225.0,238.5,150.0,185.0,371.5,206.0,190.0,172.0,324.0,336.0,404.0,478.5,404.0,291.0,1.0,
00000000000000000022_0,402.0,414.0,355.5,408.5,368.5,432.5,355.0,389.0,348.5,287.0,378.5,395.0,373.5,315.0,315.0,357.0,359.0,322.0,307.0,314.0,309.5,332.0,255.0,424.0,313.0,237.0,280.0,359.0,384.0,345.0,529.5,532.5,393.0,1.0,
00000000000000000023_0,371.0,373.0,410.5,540.0,460.0,526.5,532.0,623.0,564.0,488.0,564.0,517.0,350.0,499.0,545.0,529.0,558.0,420.0,360.5,475.0,488.0,482.0,456.0,336.0,509.0,417.0,433.0,526.0,459.5,503.0,675.5,650.5,601.0,1.0,
00000000000000000025_0,254.0,281.0,220.0,277.5,241.0,316.5,231.5,280.0,286.0,242.0,308.0,303.0,286.0,200.0,219.0,310.5,224.0,171.0,242.0,243.5,193.0,219.0,197.0,276.5,135.5,166.0,203.0,225.0,333.0,281.0,396.0,431.0,288.5,1.0,
00000000000000000027_0,240.5,201.0,353.5,323.5,280.5,331.0,347.0,287.0,314.0,266.0,258.0,275.0,240.5,287.0,275.5,284.0,260.5,252.0,227.5,292.5,312.5,267.5,274.0,243.0,305.0,310.0,279.0,434.0,394.0,453.5,581.0,456.0,372.5,1.0,
00000000000000000028_0,226.0,284.5,239.0,274.5,221.0,294.0,261.0,287.0,237.0,263.5,235.0,235.0,293.5,252.0,219.0,234.0,255.0,222.0,249.5,276.0,221.0,266.0,183.0,243.5,162.0,188.0,185.0,204.0,235.0,329.5,488.0,245.0,279.0,1.0,
00000000000000000029_0,366.0,369.0,333.0,391.0,398.0,367.0,345.0,353.5,393.0,400.0,380.5,325.0,382.0,267.0,298.0,497.5,439.0,345.0,346.0,359.0,409.0,485.0,358.5,450.0,356.0,334.0,334.0,410.0,446.0,396.5,556.5,385.5,384.5,1.0,
0000000000000000002a_0,284.0,422.0,362.0,368.0,272.5,327.0,343.0,378.0,378.0,351.5,485.0,360.0,351.0,335.0,290.5,347.0,316.5,271.0,294.5,365.0,305.5,285.0,237.5,370.0,262.5,220.0,244.0,346.0,350.0,446.5,626.0,803.5,425.5,1.0,
0000000000000000002b_0,562.5,704.0,368.0,446.0,378.0,793.0,1028.0,930.0,633.0,489.0,457.0,457.5,672.0,482.0,561.0,494.0,459.0,433.0,401.5,420.5,310.0,307.0,362.0,764.5,332.0,315.5,839.0,498.5,545.0,646.0,665.0,702.0,574.0,1.0,
0000000000000000002c_0,318.0,367.0,266.0,292.0,240.0,286.5,302.0,257.5,230.0,236.0,221.0,441.0,411.5,395.0,439.5,507.5,433.0,382.5,433.5,417.0,364.0,405.0,307.0,307.0,237.0,258.0,285.0,237.0,307.0,314.5,354.0,282.5,279.0,1.0,
0000000000000000002d_0,442.0,463.5,520.0,421.0,387.5,492.0,406.0,425.5,438.0,384.5,409.0,423.0,425.0,439.0,506.0,594.0,541.0,450.0,470.5,422.5,400.0,394.0,355.5,399.0,348.5,261.0,338.0,396.0,475.0,409.5,671.5,705.0,477.0,1.0,
0000000000000000002e_0,373.0,495.0,477.5,538.0,372.0,449.5,508.0,589.0,685.0,619.0,603.0,584.5,370.0,504.5,373.0,461.5,412.0,389.0,353.0,393.0,368.0,186.5,298.0,463.0,312.0,272.0,303.0,459.0,440.0,418.0,774.0,503.0,560.5,1.0,
0000000000000000002f_0,305.0,317.0,357.5,417.0,366.5,453.5,412.0,408.0,380.0,352.0,426.0,455.0,248.0,361.0,354.0,389.5,418.5,352.0,350.0,373.5,365.0,368.0,312.0,276.0,313.5,277.0,281.5,485.5,420.5,451.5,607.5,574.5,431.0,1.0,
00000000000000000030_0,326.0,360.0,277.0,272.0,265.0,224.0,235.5,265.5,260.0,231.5,219.0,260.5,268.5,212.0,187.0,231.0,244.0,210.5,199.0,213.0,194.0,173.5,150.5,296.0,119.0,134.0,131.0,254.0,372.0,267.0,496.5,354.0,278.5,1.0,
00000000000000000031_0,305.5,250.0,245.5,327.5,266.0,386.0,357.0,357.0,334.0,353.5,356.0,369.0,278.0,375.5,377.0,388.0,377.5,358.0,325.0,384.5,332.0,304.0,329.0,279.0,269.5,316.5,320.0,225.0,278.0,300.5,364.0,362.0,316.0,1.0,
00000000000000000032_0,292.0,271.5,180.5,352.0,266.0,319.5,323.0,312.0,263.0,399.0,360.0,364.0,312.0,370.0,383.5,372.5,323.0,312.0,318.5,352.0,370.0,292.5,300.0,264.0,325.0,285.0,261.0,239.0,275.0,267.0,302.5,311.0,281.5,1.0,
00000000000000000034_0,317.5,325.5,369.0,401.5,358.0,422.0,422.0,419.0,341.5,369.0,390.0,373.0,338.0,382.0,364.0,409.0,369.0,338.0,339.0,358.0,400.0,361.0,320.0,347.0,290.0,324.5,290.5,225.0,314.0,341.0,465.5,404.0,416.0,1.0,
00000000000000000035_0,307.0,371.0,367.0,352.0,299.5,310.0,316.0,358.0,343.0,350.0,347.0,343.0,344.0,313.5,318.0,339.0,366.0,320.0,326.0,332.0,310.0,313.5,261.5,347.0,256.0,243.0,253.0,325.0,385.5,401.5,542.0,318.0,363.0,1.0,
00000000000000000036_0,400.0,340.5,347.5,402.0,355.0,440.5,425.5,452.0,377.0,378.0,395.5,431.0,373.0,386.0,383.5,392.0,397.5,509.0,417.5,488.5,400.0,445.0,375.0,373.0,351.0,392.5,355.0,284.5,357.0,358.0,404.0,385.5,354.0,1.0,
00000000000000000037_0,326.0,322.5,312.0,306.0,257.0,335.0,298.0,354.0,434.0,297.0,264.0,294.5,246.0,270.5,261.0,324.0,350.0,259.0,308.0,272.0,258.5,218.5,161.0,309.0,193.5,140.0,150.0,384.0,366.0,354.0,606.0,277.0,315.5,1.0,
00000000000000000038_0,273.0,330.0,313.5,393.0,305.5,381.0,363.0,475.0,394.0,424.0,500.0,543.5,283.0,419.0,419.0,442.5,408.0,361.0,393.0,371.0,407.0,437.0,304.0,314.0,227.0,171.5,255.0,282.0,359.0,423.0,617.0,382.0,537.5,1.0,
00000000000000000039_0,430.0,436.0,332.5,379.0,344.0,391.0,380.0,401.0,405.0,400.5,515.0,435.5,373.5,389.0,374.5,459.5,531.5,375.0,428.0,365.0,471.0,452.0,329.0,420.0,380.0,291.5,295.0,374.5,429.0,409.0,610.5,458.0,419.5,1.0,
0000000000000000003a_0,231.5,315.5,262.5,350.0,238.0,281.0,282.0,312.5,285.0,308.0,293.0,336.0,256.0,293.0,284.0,327.0,339.5,250.0,289.0,309.0,254.0,247.5,198.0,240.0,240.0,189.5,219.5,263.0,280.0,353.0,627.0,513.5,404.0,1.0,
0000000000000000003b_0,273.0,283.0,329.5,384.0,295.5,380.5,327.5,362.0,369.0,400.5,365.0,360.5,387.0,351.0,346.0,456.0,429.0,403.0,425.0,350.0,352.0,359.5,315.0,526.5,272.5,243.0,286.0,416.0,375.0,417.0,762.0,490.0,360.0,1.0,
0000000000000000003c_0,436.0,254.5,334.0,408.0,347.5,399.0,396.5,400.0,365.0,366.0,383.5,360.0,310.5,362.0,356.5,375.0,381.5,332.0,327.5,344.0,364.5,292.0,233.0,345.5,220.0,277.0,248.0,296.5,423.0,384.0,470.0,436.0,368.5,1.0,
0000000000000000003d_0,537.0,417.0,222.0,306.0,238.0,268.0,332.5,456.5,363.0,330.5,483.5,430.0,388.0,395.5,351.5,439.0,507.0,411.0,367.0,401.0,399.0,365.0,401.0,414.5,359.0,351.5,411.5,340.0,401.0,517.0,659.0,496.5,267.0,1.0,
0000000000000000003e_0,244.0,282.0,252.5,291.0,298.0,280.0,282.0,290.0,303.5,300.5,277.0,367.0,224.0,270.5,262.0,423.0,491.5,286.0,392.0,455.0,385.5,363.0,297.0,224.0,296.5,298.5,308.0,247.5,230.0,245.0,852.0,299.5,233.0,1.0,
0000000000000000003f_0,311.5,338.5,379.0,420.0,336.0,447.5,428.0,413.0,365.0,389.0,389.0,417.0,445.0,350.0,384.0,409.0,417.0,422.5,405.0,427.0,367.0,300.0,307.0,430.0,286.0,288.0,292.0,330.0,360.0,385.5,460.0,444.5,390.0,1.0,
00000000000000000040_0,324.0,307.5,353.5,458.0,368.0,383.0,447.0,345.5,356.0,445.0,358.0,370.0,296.5,353.5,385.0,449.5,367.0,341.5,362.0,334.0,319.0,265.5,246.5,294.0,286.0,289.0,361.0,233.5,296.0,316.0,473.5,412.5,457.0,1.0,
00000000000000000041_0,393.5,294.0,406.0,781.0,391.0,427.0,477.5,465.5,321.5,342.0,342.5,346.5,409.0,373.0,336.0,350.0,322.5,331.0,306.0,333.0,275.0,157.0,221.5,436.0,223.5,237.0,274.0,308.5,420.5,386.5,470.0,496.0,483.0,1.0,
00000000000000000042_0,379.0,344.0,259.0,291.0,281.0,354.5,380.0,339.0,273.0,389.0,411.0,411.0,374.0,434.5,393.5,422.0,464.5,372.5,398.0,390.0,395.0,303.0,336.0,338.0,709.0,453.5,282.0,299.5,315.5,293.0,356.5,306.0,269.0,1.0,
00000000000000000043_0,333.5,409.0,351.0,342.0,273.0,362.0,336.0,393.0,368.0,393.0,335.5,388.0,332.0,345.5,372.0,413.0,580.5,422.0,429.5,326.0,367.0,235.5,213.0,327.0,200.0,200.0,403.5,319.0,366.0,352.5,824.0,486.0,339.0,1.0,
00000000000000000044_0,356.0,405.0,391.0,349.0,298.0,357.0,317.0,288.5,516.5,457.5,457.0,451.0,332.0,349.5,404.0,372.0,353.0,288.0,297.0,259.0,520.5,198.0,430.0,384.0,286.0,441.5,312.5,308.0,301.0,295.5,388.0,410.0,334.0,1.0,
00000000000000000045_0,622.0,524.0,610.0,451.5,420.0,517.5,417.0,432.5,451.0,485.5,512.0,427.0,507.0,366.0,382.0,462.0,480.0,334.0,403.0,481.5,487.0,410.0,205.0,448.5,369.5,348.5,305.0,376.0,531.0,542.0,742.0,593.0,500.5,1.0,
00000000000000000046_0,380.0,391.0,330.5,330.0,306.0,327.0,290.0,296.0,303.0,434.0,406.0,426.0,353.5,280.5,288.5,316.0,326.0,350.0,335.0,311.0,283.0,247.5,278.0,374.0,294.0,275.0,278.5,369.0,390.0,415.0,590.5,444.5,326.5,1.0,
00000000000000000047_0,234.0,297.0,206.0,291.0,181.0,257.0,321.0,238.0,257.0,237.0,213.5,242.0,292.0,245.0,248.0,333.0,350.0,255.0,263.0,327.0,244.5,156.0,187.5,293.0,183.0,146.0,142.5,275.0,307.0,308.0,368.0,288.5,346.0,1.0,
00000000000000000048_0,298.0,332.0,320.5,305.5,263.0,299.0,294.0,297.0,246.0,268.0,341.0,295.0,271.0,271.0,253.5,266.5,368.5,313.5,332.0,318.5,302.5,312.0,310.0,283.0,354.0,379.0,708.5,269.5,321.0,334.0,701.0,390.5,305.0,1.0,
00000000000000000049_0,517.5,609.0,392.0,469.0,432.0,537.0,461.0,518.5,469.0,440.0,404.0,446.0,451.0,399.0,469.5,468.5,499.0,399.0,450.5,439.0,403.5,328.0,308.0,435.0,304.0,311.0,268.5,338.5,567.0,460.0,713.5,305.0,446.0,1.0,
0000000000000000004a_0,255.0,333.0,296.5,276.5,242.0,266.5,274.0,280.5,251.5,428.0,417.0,376.0,277.0,374.0,335.5,649.0,587.0,336.0,330.0,498.0,556.0,579.0,284.0,296.0,256.0,268.0,349.5,272.0,303.0,330.0,742.0,420.5,284.5,1.0,
0000000000000000004b_0,452.5,570.0,444.0,376.0,401.0,406.5,396.0,390.0,389.0,460.0,484.0,388.0,452.0,336.0,345.0,458.0,347.5,378.0,351.0,437.0,389.0,476.0,233.0,510.0,296.5,239.0,272.0,372.0,532.0,458.0,599.5,516.0,542.0,1.0,
0000000000000000004c_0,266.5,227.5,244.0,341.0,267.0,280.5,343.5,400.0,324.0,314.0,281.0,274.0,376.0,275.0,289.0,351.0,344.5,302.0,263.0,343.0,263.0,155.0,159.0,324.0,178.0,183.0,151.0,471.0,401.5,318.0,524.0,338.0,354.5,1.0,
0000000000000000004d_0,349.0,370.5,423.0,602.5,522.0,347.5,347.0,647.0,552.5,457.0,414.0,509.0,323.0,563.0,538.0,574.5,507.0,375.0,391.0,450.0,406.5,293.0,278.0,297.0,366.5,311.0,402.5,282.5,315.5,298.5,590.0,441.5,447.5,1.0,
0000000000000000004e_0,393.0,344.0,397.0,472.0,413.5,411.0,411.0,386.5,418.0,351.5,457.0,394.0,294.0,380.0,412.0,381.0,347.0,332.5,340.0,357.0,326.0,252.0,247.0,319.0,274.5,262.5,282.0,308.0,326.5,356.5,492.0,441.0,420.0,1.0,
0000000000000000004f_0,456.0,502.0,447.0,475.5,490.0,411.0,417.0,428.0,407.0,489.0,492.0,461.0,403.5,440.0,416.0,467.5,471.5,374.0,421.0,445.5,385.5,302.0,372.0,380.0,292.0,303.0,293.0,369.0,432.0,446.5,610.0,370.0,506.0,1.0,
00000000000000000050_0,737.0,740.0,584.5,587.5,608.0,586.5,507.5,528.0,525.0,575.5,658.0,572.0,656.0,505.5,495.0,494.0,493.5,479.0,502.0,462.5,424.0,523.5,383.0,702.0,415.0,336.5,416.0,566.0,676.5,654.5,781.0,584.0,594.0,1.0,
00000000000000000051_0,329.0,417.0,436.0,419.5,816.0,417.5,361.0,461.0,451.5,446.0,419.0,430.0,345.0,413.0,384.0,441.0,576.0,427.5,439.0,400.0,585.0,466.0,501.0,395.5,675.5,462.5,582.0,309.5,491.5,377.5,606.0,586.5,636.0,1.0,
00000000000000000052_0,309.0,286.5,387.0,391.5,302.0,381.0,361.0,333.5,300.0,277.5,266.0,287.0,255.0,311.0,292.0,314.5,321.0,271.5,307.0,278.0,285.5,211.5,204.0,341.0,199.0,209.0,194.0,280.0,289.0,319.0,547.5,374.0,371.0,1.0,
00000000000000000053_0,503.0,530.0,478.0,582.0,470.5,428.0,393.0,446.0,490.0,379.0,390.0,497.0,407.0,409.0,449.5,562.0,461.0,408.0,391.5,500.0,387.0,438.0,359.0,387.0,351.0,313.0,424.0,284.0,389.0,470.5,651.5,479.0,484.0,1.0,
00000000000000000054_0,327.0,404.0,479.0,621.5,451.0,438.0,406.0,369.0,395.0,475.5,434.0,443.5,398.5,419.5,360.0,443.0,512.5,423.0,378.5,404.0,421.0,284.0,323.0,421.5,330.0,309.5,402.0,289.0,379.0,442.0,639.0,601.5,511.5,1.0,
00000000000000000055_0,423.0,501.0,386.0,376.0,481.0,429.0,427.0,496.0,469.0,414.0,442.5,408.0,428.0,340.0,394.0,526.0,445.5,357.0,402.0,482.5,371.0,498.0,412.5,433.0,401.0,216.0,265.0,343.5,441.0,426.5,698.0,494.0,426.0,1.0,
00000000000000000056_0,476.0,495.5,578.0,573.0,577.5,446.0,543.0,579.0,545.5,463.0,449.0,468.5,410.5,443.0,430.5,520.0,468.0,382.5,456.0,555.0,382.0,436.0,399.0,595.0,435.5,371.0,456.0,317.0,477.0,534.0,580.0,608.0,411.0,1.0,
00000000000000000057_0,315.0,472.0,446.0,551.0,372.0,479.5,393.0,421.5,456.0,544.0,475.0,434.5,423.0,412.5,384.0,449.5,465.0,372.0,376.5,403.0,406.0,409.0,347.5,448.5,591.0,410.0,476.0,392.5,408.5,468.0,577.5,588.5,372.0,1.0,
00000000000000000058_0,488.5,492.5,508.0,574.5,593.5,436.5,545.0,555.0,561.5,457.0,428.5,453.5,528.0,425.0,408.0,508.5,425.0,363.0,417.0,540.5,388.0,431.0,378.0,566.0,403.0,364.0,454.0,300.0,460.0,521.0,619.0,541.0,432.0,1.0,
00000000000000000059_0,455.0,580.0,616.0,639.0,389.0,489.0,529.0,586.0,582.0,449.0,430.0,440.5,405.0,393.0,460.0,529.5,457.0,389.5,364.0,484.0,383.0,287.0,444.5,395.0,355.5,321.5,337.0,377.0,406.0,473.0,677.0,538.0,537.5,1.0,
0000000000000000005a_0,645.0,650.0,590.0,675.5,705.0,727.0,593.0,587.5,599.5,589.0,620.0,606.5,640.0,542.0,515.0,686.0,585.5,441.0,527.0,512.0,672.0,725.0,529.0,653.0,573.0,616.0,541.0,716.5,616.0,670.0,847.0,657.5,639.5,1.0,
0000000000000000005b_0,568.0,615.0,521.0,535.0,394.0,505.0,478.5,390.0,387.5,523.0,517.5,528.0,427.5,496.0,542.0,466.0,560.0,565.0,430.0,545.5,309.5,324.0,401.0,385.0,397.0,293.0,293.0,381.0,422.0,471.0,711.0,691.0,583.5,1.0,
0000000000000000005c_0,514.0,606.0,417.0,458.0,418.0,475.0,479.5,411.0,427.0,434.0,470.0,516.0,427.5,501.5,544.0,498.0,520.0,539.0,444.0,453.0,293.0,331.0,355.0,431.5,355.0,259.0,241.5,467.0,432.5,471.0,674.0,731.0,526.0,1.0,
0000000000000000005d_0,451.0,613.0,430.0,506.0,424.0,540.0,467.0,517.0,446.0,445.0,454.0,435.0,520.0,468.0,426.0,427.0,346.0,451.0,346.0,281.0,281.5,214.0,428.0,492.0,315.0,262.5,257.0,409.0,478.5,457.0,549.5,453.0,503.5,1.0,
0000000000000000005e_0,376.0,503.5,450.0,542.0,462.0,537.0,514.0,443.5,505.5,577.0,428.5,530.0,358.5,525.0,526.0,568.5,621.5,565.0,559.0,507.0,362.0,308.0,413.0,375.0,436.0,399.0,354.0,326.0,374.0,408.0,726.0,535.0,683.5,1.0,
0000000000000000005f_0,342.0,322.0,409.5,425.0,321.0,402.0,401.0,383.0,361.0,360.0,329.5,365.0,369.5,318.0,296.0,427.0,483.0,518.5,469.5,571.0,279.5,225.5,321.0,450.0,277.0,303.0,264.5,417.0,442.5,416.0,442.0,430.0,373.0,1.0,
00000000000000000060_0,348.0,352.5,426.0,483.0,425.0,516.0,459.5,493.0,458.0,457.0,451.5,422.5,300.0,437.5,524.0,523.5,606.0,387.0,359.0,447.0,456.0,473.0,456.0,313.0,464.0,386.5,477.0,629.0,528.5,379.0,602.0,547.0,521.5,1.0,
00000000000000000061_0,352.5,469.0,468.0,677.0,443.0,472.0,717.0,445.5,458.0,618.0,496.0,576.5,358.0,551.0,537.0,472.0,558.0,614.0,604.0,635.5,338.0,326.0,368.5,567.5,310.0,342.0,294.0,462.0,351.0,442.5,443.0,597.0,428.0,1.0,
00000000000000000062_0,371.5,477.0,496.0,695.0,458.0,416.0,649.0,394.0,454.5,450.0,441.0,546.5,431.0,538.0,522.0,443.0,559.5,475.5,462.0,510.0,256.5,292.0,159.5,413.5,155.0,216.5,191.0,379.0,389.0,419.0,563.0,397.0,422.0,1.0,
00000000000000000063_0,434.5,467.0,562.0,731.0,462.0,474.0,706.0,429.0,482.5,568.5,496.0,578.0,413.0,536.5,526.0,471.5,558.5,621.0,609.0,621.0,344.0,317.0,359.0,499.0,423.0,340.0,311.0,443.0,369.0,468.0,498.5,502.0,441.5,1.0,
00000000000000000064_0,338.0,302.5,567.0,464.0,445.0,556.0,578.0,556.0,452.0,457.0,441.0,458.0,325.0,497.0,464.0,450.0,465.0,476.5,404.0,525.0,446.0,563.0,429.0,314.5,420.0,315.0,437.0,258.0,572.5,472.0,594.0,492.0,558.5,1.0,
00000000000000000065_0,398.0,370.0,577.0,514.0,475.0,633.0,667.0,757.0,684.0,590.5,523.0,479.0,934.5,454.0,501.0,591.5,549.0,439.5,509.0,593.0,494.0,572.0,562.0,882.5,562.0,505.0,539.0,738.0,767.5,624.0,607.0,725.5,499.0,1.0,
00000000000000000066_0,319.0,342.0,424.5,509.0,485.0,461.0,515.0,539.0,545.5,440.0,487.5,538.5,326.5,459.0,551.0,561.0,587.0,614.5,432.0,409.0,466.5,449.5,611.0,377.5,493.5,349.5,359.5,357.0,498.0,419.0,691.0,681.5,561.0,1.0,
00000000000000000067_0,363.5,296.0,185.0,293.0,240.5,364.0,366.5,381.5,321.5,382.5,340.5,367.0,317.0,311.5,278.0,371.0,360.5,327.0,303.0,304.5,300.5,166.5,237.0,371.0,264.0,173.0,207.0,275.5,447.0,545.0,413.0,277.0,263.0,1.0,
00000000000000000068_0,365.0,322.5,280.0,341.0,244.0,318.0,292.0,408.5,372.5,425.0,486.0,413.5,303.0,465.0,501.5,452.0,429.0,473.0,508.0,521.0,486.5,554.0,473.0,356.0,456.0,447.0,350.0,409.0,398.0,349.0,481.0,378.0,329.0,1.0,
00000000000000000069_0,407.5,541.0,509.5,562.0,495.0,519.5,509.0,465.5,449.0,495.5,424.0,473.0,414.0,477.5,475.0,561.0,487.0,467.0,433.0,441.0,321.0,367.0,384.0,463.0,367.0,342.0,371.5,446.0,420.0,500.5,615.0,383.0,537.0,1.0,
0000000000000000006a_0,352.0,547.5,496.5,549.5,399.0,443.5,434.5,460.0,461.5,379.5,449.0,466.0,454.0,390.0,390.0,450.5,424.0,489.5,340.0,625.0,634.0,468.5,434.0,838.0,450.0,394.0,405.0,517.0,505.0,435.0,562.0,708.5,501.5,1.0,
0000000000000000006b_0,478.5,464.5,444.5,533.5,398.5,432.0,401.0,467.0,489.0,434.0,484.0,475.0,416.0,372.0,407.0,434.5,456.0,397.5,434.0,453.0,398.5,435.0,384.0,388.0,339.0,333.0,374.0,509.0,675.0,641.0,552.0,595.5,439.0,1.0,
0000000000000000006c_0,510.0,527.0,449.0,495.0,432.0,344.0,360.0,417.0,427.0,432.0,436.5,340.5,399.0,336.0,340.5,369.0,401.0,334.5,374.0,468.0,448.0,491.5,451.0,472.0,593.0,731.0,545.0,571.0,628.0,409.0,618.0,755.0,506.5,1.0,
0000000000000000006d_0,284.5,251.0,280.5,362.5,257.0,343.0,291.0,307.0,264.5,384.0,390.0,379.5,247.0,324.0,317.0,393.5,369.0,365.0,299.0,361.0,341.0,323.0,342.0,241.5,324.0,266.0,299.5,219.0,373.0,322.0,421.0,378.0,320.0,1.0,
0000000000000000006e_0,375.5,347.0,670.5,587.0,394.0,431.0,708.0,444.0,493.0,582.0,554.0,554.5,433.0,519.0,632.0,499.0,617.0,615.0,582.0,606.0,386.0,307.0,327.5,642.5,404.0,281.0,352.0,550.0,359.0,432.0,421.5,335.0,461.5,1.0,
0000000000000000006f_0,357.0,463.0,579.5,508.0,402.0,395.0,623.5,438.5,468.0,557.0,447.0,558.0,383.0,492.0,525.0,497.5,603.5,565.0,555.0,566.0,315.0,406.0,267.0,588.5,310.0,269.0,339.0,548.0,382.0,431.0,468.0,318.0,414.5,1.0,
00000000000000000070_0,382.5,371.0,437.5,547.0,494.0,566.0,465.5,492.5,453.0,424.0,436.0,453.0,337.0,462.5,401.0,477.5,477.0,483.5,458.0,544.5,445.0,512.0,488.0,494.5,497.0,447.5,376.0,405.0,523.5,421.0,542.0,459.0,582.0,1.0,
00000000000000000071_0,393.0,399.0,627.5,512.5,416.0,472.5,679.0,454.0,457.0,505.0,521.5,563.5,370.5,505.5,565.0,525.0,586.0,618.0,639.0,596.5,339.0,430.0,282.0,597.0,379.0,276.0,340.0,582.0,336.0,448.0,502.0,336.0,414.5,1.0,
00000000000000000072_0,448.5,371.0,638.0,701.0,433.0,478.0,668.0,470.0,505.0,558.0,488.0,550.5,367.5,517.0,642.0,546.0,625.0,595.0,641.5,666.0,326.0,562.0,349.0,556.0,455.0,329.0,410.5,441.0,367.0,533.0,449.5,278.0,470.0,1.0,
00000000000000000073_0,345.5,374.0,346.0,366.0,578.0,544.0,457.0,515.0,448.0,381.0,477.0,442.0,356.0,446.0,418.5,470.0,464.5,431.0,321.0,430.5,418.0,545.5,390.5,363.0,493.0,369.0,369.0,279.0,402.5,358.5,445.0,428.0,437.0,1.0,
00000000000000000074_0,496.5,525.0,400.0,463.0,411.0,463.0,494.0,449.0,486.5,693.0,641.0,602.0,548.0,651.0,585.0,686.0,583.0,596.5,612.0,636.0,618.5,613.0,695.0,518.0,697.5,649.0,603.0,415.0,493.0,473.0,634.0,481.0,439.5,1.0,
00000000000000000075_0,436.0,495.0,407.5,401.0,338.0,425.0,385.0,401.0,371.5,396.0,319.0,312.0,667.0,336.0,292.0,324.5,294.5,308.0,289.0,301.0,310.0,263.0,239.5,575.0,262.0,225.0,224.5,536.0,567.0,511.0,631.0,626.0,492.0,1.0,
00000000000000000076_0,406.0,418.0,309.0,441.0,338.0,457.0,436.5,416.0,373.0,440.0,363.5,369.0,421.5,337.0,342.0,342.0,426.0,358.5,404.0,417.5,411.5,228.5,626.0,446.0,754.0,685.0,538.0,399.0,509.0,424.0,572.0,417.0,344.0,1.0,
00000000000000000077_0,518.0,460.5,376.5,438.0,380.0,522.0,549.5,490.0,443.0,448.0,453.0,403.0,478.0,417.0,394.0,450.0,437.5,441.0,428.0,478.0,451.0,358.0,300.5,487.5,390.5,338.5,406.0,396.0,512.0,458.0,583.0,503.0,458.0,1.0,
00000000000000000078_0,341.0,460.0,628.0,563.0,392.0,457.0,690.5,462.5,491.0,500.0,498.5,533.5,433.0,516.0,582.0,544.0,687.0,581.5,608.0,599.5,368.0,338.0,290.0,608.5,368.0,298.5,362.5,549.0,384.0,447.0,395.5,356.0,480.0,1.0,
00000000000000000079_0,366.5,424.0,664.0,523.0,411.0,431.5,658.5,467.0,483.0,512.5,480.0,534.5,439.0,489.0,589.0,515.0,650.5,605.0,678.0,634.0,359.0,355.5,316.5,652.0,373.0,304.5,401.0,529.0,465.5,447.0,425.0,279.0,506.0,1.0,
0000000000000000007a_0,302.0,299.0,453.0,509.0,427.0,502.0,530.5,521.0,518.0,532.0,554.5,491.0,300.0,438.5,494.0,598.5,414.5,418.0,364.0,441.0,400.0,321.5,344.0,691.0,428.0,401.0,379.0,425.0,612.0,458.0,590.5,415.0,496.5,1.0,
0000000000000000007b_0,539.0,459.0,428.5,471.0,408.0,570.5,617.0,622.0,589.5,566.0,501.5,484.0,627.0,527.0,455.0,521.0,442.0,434.5,441.0,444.0,471.5,307.0,296.5,545.0,330.5,326.0,292.0,461.0,535.0,477.5,759.0,543.0,504.5,1.0,
0000000000000000007c_0,388.0,426.0,464.0,339.0,276.0,383.0,650.0,379.0,295.0,362.0,365.0,457.0,400.0,410.5,591.5,471.5,644.0,536.0,576.5,501.0,210.0,308.0,195.0,446.0,283.0,249.0,260.5,438.0,345.0,298.0,356.0,296.0,469.0,1.0,
0000000000000000007d_0,235.0,513.0,293.0,400.5,367.0,468.0,401.0,419.0,405.0,424.5,439.5,386.0,468.0,315.0,353.0,419.0,340.0,332.0,326.0,345.0,385.5,322.0,303.0,389.0,324.0,294.0,305.0,352.0,407.5,379.0,488.0,450.0,469.5,1.0,
0000000000000000007e_0,363.0,448.0,295.5,619.0,432.0,442.0,499.0,580.0,632.0,489.0,535.0,493.0,328.0,496.5,563.0,608.5,547.0,541.5,507.0,563.0,519.0,624.5,456.0,336.0,608.0,398.0,528.0,292.0,378.5,342.0,510.0,380.0,313.0,1.0,
0000000000000000007f_0,394.0,347.0,298.0,346.0,343.0,404.0,347.5,298.0,293.0,351.0,317.0,297.0,370.0,295.0,294.0,356.5,319.0,330.0,297.0,307.0,326.5,282.0,239.0,380.5,279.0,261.0,276.0,295.0,374.5,363.0,488.5,393.0,290.0,1.0,
00000000000000000080_0,293.0,391.0,361.0,331.5,259.0,374.0,450.5,250.0,239.0,241.0,243.0,304.0,309.0,242.0,282.5,269.0,349.0,215.0,231.0,250.0,203.0,292.5,169.0,398.0,198.0,187.5,173.0,200.0,316.0,223.0,302.0,241.0,234.0,1.0,
00000000000000000081_0,383.5,461.0,492.0,350.0,364.0,386.0,475.0,298.0,278.0,297.5,321.5,433.0,380.0,483.0,538.0,517.0,548.0,443.0,480.0,428.0,281.0,319.0,171.0,346.5,220.5,273.0,307.0,470.0,396.0,297.0,1272.5,315.0,388.0,1.0,
00000000000000000082_0,318.0,517.0,399.5,460.0,466.0,550.0,482.0,510.0,535.0,525.5,407.0,441.0,553.0,462.5,480.0,521.0,455.0,466.0,471.0,485.0,428.0,411.0,400.0,553.5,376.0,326.5,347.5,456.0,489.0,388.0,477.0,429.0,354.0,1.0,
00000000000000000083_0,258.0,396.5,242.0,362.0,304.0,476.5,417.0,373.0,411.0,452.5,343.5,350.0,471.0,367.0,373.0,400.0,421.0,346.0,367.0,419.0,445.0,236.0,384.0,537.5,340.0,241.0,267.0,361.5,517.0,420.0,453.0,458.0,303.0,1.0,
00000000000000000084_0,437.0,486.0,495.5,374.0,400.0,435.0,501.5,318.0,306.5,292.5,299.0,458.0,417.5,477.5,522.5,489.0,473.5,447.0,408.0,379.0,349.5,312.0,216.0,400.0,213.5,247.5,198.0,527.0,393.5,301.0,1224.0,556.0,382.0,1.0,
00000000000000000085_0,367.0,334.0,302.0,474.0,355.5,406.0,477.0,443.0,381.5,501.0,465.0,475.0,352.0,462.5,448.5,508.0,508.0,496.0,457.0,458.0,446.0,472.0,489.0,328.0,466.5,403.0,428.0,280.0,361.0,319.0,415.0,428.0,459.5,1.0,
00000000000000000086_0,326.5,452.0,584.0,629.0,500.0,553.5,453.0,464.5,421.5,387.0,406.5,348.0,339.5,350.0,454.0,700.0,608.0,521.0,388.5,450.0,470.0,465.0,465.0,651.0,457.5,359.0,431.0,604.0,428.0,465.5,1018.0,591.0,553.0,1.0,
00000000000000000087_0,350.0,389.5,339.0,363.0,377.0,429.0,433.5,427.0,393.0,413.0,379.5,417.0,440.0,377.0,377.5,413.0,405.0,344.0,358.0,332.0,458.0,339.5,343.5,491.0,347.5,299.0,314.0,401.0,513.0,458.0,622.0,443.5,354.5,1.0,
00000000000000000088_0,460.0,457.0,495.0,474.0,334.0,359.0,445.0,426.5,260.0,282.0,283.0,403.0,246.0,367.0,513.0,380.5,341.0,301.0,317.0,295.0,244.0,286.0,144.0,323.5,197.0,253.5,170.0,342.0,377.0,383.0,1068.5,470.0,478.5,1.0,
00000000000000000089_0,364.0,308.0,389.0,419.0,400.0,446.0,431.0,429.0,461.5,396.0,457.0,515.0,282.0,370.0,448.5,580.0,553.0,450.0,453.0,437.0,466.0,532.5,377.5,303.0,481.0,425.5,381.0,252.0,467.0,471.5,524.0,399.0,410.0,1.0,
0000000000000000008a_0,445.0,482.5,428.0,431.0,387.0,434.0,487.0,332.0,400.0,301.0,296.5,377.5,268.0,351.0,505.0,383.5,406.5,292.0,301.0,381.5,427.0,279.0,287.0,351.0,221.0,220.0,297.0,380.0,455.0,413.0,435.0,433.0,627.5,1.0,
0000000000000000008b_0,319.0,394.0,402.0,415.5,343.5,421.5,331.0,372.5,647.0,485.0,409.0,406.5,444.0,410.0,511.0,614.5,478.5,458.0,425.0,490.5,505.0,462.5,475.0,389.0,524.0,351.0,348.5,322.0,422.5,404.0,508.0,484.5,352.0,1.0,
0000000000000000008c_0,212.0,270.5,275.0,411.0,310.0,346.0,365.5,357.0,339.0,418.0,348.5,384.0,263.5,297.0,285.5,398.5,421.0,310.0,365.0,327.0,360.0,409.0,245.0,361.0,332.0,239.0,228.0,240.0,328.0,264.5,388.0,257.5,246.0,1.0,
0000000000000000008d_0,256.0,240.0,298.0,448.5,337.0,418.0,419.0,388.0,361.0,343.0,301.5,278.0,250.0,306.0,299.0,386.5,328.0,326.0,302.0,332.0,337.5,261.0,313.0,274.0,306.0,268.5,291.0,370.0,459.0,533.0,515.0,429.0,386.5,1.0,
0000000000000000008e_0,458.0,536.0,438.0,524.0,524.5,501.0,489.0,460.0,525.5,570.0,536.5,564.0,431.0,445.0,420.5,705.0,511.0,492.0,417.0,520.0,347.0,334.0,364.0,468.0,362.5,332.5,595.0,396.5,496.5,521.0,452.0,446.5,658.0,1.0,
0000000000000000008f_0,312.0,362.0,259.0,343.0,298.0,400.0,402.0,387.0,367.0,373.0,305.0,325.5,409.0,320.0,293.5,330.5,321.5,279.0,305.0,289.0,299.0,235.0,207.0,449.0,220.0,184.0,202.0,334.0,465.0,364.0,439.0,390.0,408.0,1.0,
00000000000000000090_0,402.5,443.0,400.0,434.0,402.0,415.0,424.0,420.0,416.0,422.0,375.5,400.0,428.5,360.0,351.0,428.5,364.0,372.0,345.5,392.0,394.0,257.0,285.5,405.0,284.5,197.5,205.0,374.0,427.0,355.0,499.5,340.0,371.5,1.0,
00000000000000000091_0,339.0,346.0,506.0,539.0,505.0,604.0,663.0,753.0,578.0,626.0,632.0,589.0,334.0,462.0,477.0,637.0,464.0,477.0,428.0,534.0,662.0,555.0,575.0,474.5,482.5,397.5,471.0,461.0,505.5,488.0,567.0,508.0,728.0,1.0,
00000000000000000092_0,374.5,324.0,442.0,463.0,388.0,432.0,386.0,401.0,352.5,369.0,356.0,332.0,330.0,369.0,466.0,570.0,464.0,483.5,466.5,456.0,470.0,436.0,438.5,449.0,454.5,375.0,443.0,517.0,529.5,492.0,541.0,542.0,485.5,1.0,
00000000000000000093_0,356.0,438.0,409.0,412.0,337.0,389.0,503.5,310.0,355.5,291.0,294.0,444.5,356.0,364.0,333.5,356.5,354.0,328.0,321.0,315.0,341.0,271.5,265.0,377.0,256.0,240.0,236.5,331.0,397.0,369.0,453.0,434.0,513.0,1.0,
00000000000000000094_0,353.5,401.0,365.0,438.0,457.0,428.0,459.0,398.0,441.0,430.0,406.5,449.0,443.0,447.0,471.0,536.5,459.0,449.0,402.0,386.5,485.0,416.0,419.0,506.0,462.0,424.0,435.0,435.5,473.0,553.0,558.5,399.0,487.5,1.0,
00000000000000000095_0,254.0,316.5,474.5,510.0,412.5,498.0,479.0,488.0,461.0,415.0,465.0,452.5,357.5,420.0,400.5,516.0,481.0,400.0,436.0,458.5,481.5,558.0,381.0,482.0,497.5,325.0,318.0,361.0,491.0,430.0,591.0,447.0,491.0,1.0,
00000000000000000096_0,339.0,388.0,524.0,522.5,519.0,578.0,538.5,549.0,561.0,513.5,518.0,456.5,262.0,473.5,524.0,512.0,560.0,437.0,426.0,423.0,421.5,546.0,476.0,282.0,440.0,367.5,490.0,358.0,543.0,493.0,1448.5,554.0,495.0,1.0,
00000000000000000097_0,282.0,341.0,361.0,378.0,370.5,427.5,400.0,414.0,413.0,386.0,449.5,318.0,242.0,317.0,344.0,339.0,395.0,314.5,319.0,307.0,314.0,404.5,275.0,315.5,321.5,259.0,317.0,332.0,769.0,488.0,1946.0,473.5,397.0,1.0,
00000000000000000098_0,277.0,355.5,348.0,376.0,333.0,318.0,374.0,399.0,411.5,313.0,346.0,398.0,277.0,355.0,321.0,374.0,404.0,320.5,315.5,300.0,335.0,382.5,327.0,322.0,330.0,265.0,338.0,287.5,311.0,297.0,558.5,385.5,360.0,1.0,
00000000000000000099_0,379.0,359.0,489.5,527.0,490.5,490.0,471.0,442.0,433.0,419.0,370.0,334.0,302.0,340.0,335.5,333.0,393.0,284.0,361.0,391.0,483.0,208.5,324.5,328.0,335.0,289.0,401.0,319.0,382.0,423.0,733.0,483.0,484.5,1.0,
0000000000000000009a_0,296.0,353.0,298.5,308.5,263.0,258.5,286.0,268.0,240.0,348.0,409.0,368.0,254.0,276.5,308.0,375.5,379.0,305.0,326.0,293.0,256.0,315.5,245.0,272.0,270.5,227.0,259.0,290.0,318.0,305.0,780.0,304.0,247.0,1.0,
0000000000000000009b_0,389.5,426.5,381.0,407.0,300.0,391.0,533.0,501.0,499.0,382.0,522.0,409.5,301.0,352.0,386.0,480.0,525.0,409.0,440.0,381.0,381.0,388.0,314.0,404.0,335.0,214.0,333.5,352.5,457.0,427.0,812.0,458.5,439.5,1.0,
0000000000000000009c_0,652.5,638.0,780.5,719.5,764.0,716.0,731.5,666.5,720.0,659.0,655.0,613.0,612.0,611.0,678.0,698.5,668.0,625.0,645.5,663.5,725.5,501.5,597.0,637.0,660.0,675.0,643.5,627.0,734.0,1009.0,936.0,587.0,848.5,1.0,
0000000000000000009d_0,409.0,496.0,495.0,442.0,412.5,487.0,608.0,468.5,655.0,332.0,459.0,480.5,334.0,443.0,362.0,500.0,488.0,418.0,386.0,446.0,454.5,307.0,317.0,419.0,347.0,357.0,344.0,339.0,460.0,514.0,798.5,567.5,476.0,1.0,
0000000000000000009e_0,387.0,546.0,579.0,474.0,456.5,475.0,453.0,499.5,455.0,427.0,642.0,513.5,357.0,365.0,303.0,329.0,417.0,438.0,312.0,439.0,374.5,207.0,405.0,498.0,353.0,356.0,343.0,437.0,415.0,501.0,828.0,449.0,577.0,1.0,
0000000000000000009f_0,330.0,421.0,377.0,387.0,373.0,376.0,384.5,391.0,372.0,363.0,431.5,373.0,329.0,311.0,356.0,361.5,394.0,348.0,347.0,328.0,312.0,258.0,261.0,421.0,242.0,170.0,221.5,404.0,380.0,398.0,776.0,514.5,400.0,1.0,
000000000000000000a0_0,295.0,453.0,543.0,487.0,432.5,530.0,478.0,519.0,445.0,423.0,452.5,416.0,323.5,349.0,303.0,380.0,335.0,304.0,359.5,420.0,422.5,297.0,455.0,485.0,384.5,329.0,366.0,451.5,414.0,508.5,738.0,377.0,576.0,1.0,
000000000000000000a1_0,394.0,535.5,486.0,483.0,564.0,434.0,465.0,481.0,491.5,403.5,452.0,387.0,377.0,335.5,417.0,437.5,474.0,361.0,376.0,400.5,338.5,284.0,330.0,527.0,277.0,278.0,275.0,361.5,436.0,493.0,737.0,474.0,525.0,1.0,
000000000000000000a2_0,917.0,912.0,403.5,462.5,432.5,394.5,423.0,544.0,604.0,699.5,625.0,566.0,795.0,553.5,583.0,552.5,522.0,650.5,606.0,633.5,557.0,612.0,748.0,665.0,521.0,481.0,467.5,589.0,596.0,581.5,755.0,569.0,489.5,1.0,
000000000000000000a3_0,429.0,508.5,442.0,394.0,316.0,415.5,376.0,447.0,524.0,410.0,433.5,418.0,347.0,362.0,374.0,409.0,420.5,357.0,450.0,499.5,375.0,580.0,438.0,463.0,315.5,337.5,315.0,370.0,391.0,543.0,791.0,603.5,520.5,1.0,
000000000000000000a4_0,465.0,532.5,489.0,538.5,559.5,532.5,471.0,547.5,456.0,423.5,493.5,526.5,811.5,505.0,553.0,624.0,690.0,559.0,601.0,747.0,666.0,720.0,585.0,726.0,625.0,825.5,1123.5,594.0,663.0,558.0,660.0,766.0,570.0,1.0,
000000000000000000a5_0,309.5,757.0,344.0,417.5,362.0,366.0,325.5,345.0,316.5,380.5,371.0,343.0,636.0,264.0,288.0,288.0,301.0,244.0,258.0,299.0,272.0,271.0,248.0,524.0,341.0,307.0,347.5,443.0,431.0,424.0,600.0,549.5,440.5,1.0,
000000000000000000a6_0,371.0,445.0,443.0,548.5,394.0,529.5,485.0,453.0,480.0,555.0,494.0,472.0,371.5,353.0,330.0,432.0,452.0,377.5,415.0,392.0,460.5,403.0,347.5,463.0,513.0,411.0,456.5,415.0,402.0,411.5,589.5,622.0,406.0,1.0,
000000000000000000a7_0,446.0,502.0,564.0,568.0,490.0,388.0,464.5,514.5,499.5,473.0,374.0,448.5,340.0,360.0,405.5,488.0,429.0,357.5,376.0,426.0,371.0,233.5,430.0,379.0,339.5,227.0,315.5,360.0,412.0,426.0,575.0,547.5,504.0,1.0,
000000000000000000a8_0,367.0,479.0,474.5,456.0,472.0,411.0,429.0,438.5,443.5,494.0,470.0,471.0,365.0,453.5,446.5,490.0,520.0,411.5,409.0,498.0,427.0,271.0,295.0,441.5,344.0,259.0,254.5,417.5,403.0,447.0,609.5,687.0,475.0,1.0,
000000000000000000a9_0,279.0,313.0,234.0,425.0,320.5,328.0,403.0,433.0,365.5,372.5,434.0,373.0,302.0,379.0,346.0,434.0,369.0,349.0,306.0,333.0,377.0,308.0,290.5,333.0,294.5,290.0,330.0,290.0,362.0,315.0,482.5,430.0,411.5,1.0,
000000000000000000aa_0,176.0,221.0,135.5,216.0,152.0,235.0,205.5,192.0,153.0,202.0,161.5,189.0,213.5,150.0,146.0,206.0,207.0,168.0,141.0,208.0,170.0,77.5,84.0,207.0,83.0,81.0,95.0,190.0,231.5,190.0,285.0,234.5,220.5,1.0,
000000000000000000ab_0,366.5,463.0,396.0,369.0,405.5,358.0,449.0,433.5,444.0,482.5,547.0,546.0,377.0,427.0,507.0,519.5,435.5,327.5,298.0,447.0,349.5,369.5,423.0,375.0,393.5,250.5,433.0,425.5,447.0,539.5,1198.0,531.0,478.5,1.0,
000000000000000000ac_0,349.0,437.0,379.0,487.5,419.0,432.0,434.0,446.0,575.0,631.0,575.0,468.0,503.5,426.0,430.0,500.0,681.0,423.5,425.0,655.0,492.0,556.0,331.5,383.0,344.0,346.0,306.0,374.5,496.5,580.0,637.5,560.0,458.0,1.0,
000000000000000000ad_0,349.0,433.0,534.0,544.5,391.0,385.0,374.0,459.5,517.0,478.0,477.5,429.0,366.5,461.0,448.0,444.0,438.0,391.0,388.5,378.0,355.0,391.0,246.0,410.0,289.0,230.0,294.5,427.5,495.0,791.0,652.5,480.0,503.0,1.0,
000000000000000000ae_0,428.0,498.0,499.0,480.5,486.0,407.0,460.0,487.0,446.0,542.0,591.0,433.0,317.0,423.0,364.5,426.0,466.0,340.0,365.0,380.0,395.0,576.5,426.0,434.0,426.0,402.0,335.0,254.0,591.0,444.0,622.0,517.0,494.0,1.0,
000000000000000000af_0,761.0,865.0,788.0,837.0,770.0,884.5,831.0,922.5,959.0,1025.0,939.5,862.0,781.0,785.0,805.0,817.0,907.0,540.0,472.0,472.5,469.0,381.0,719.5,813.0,782.0,571.0,535.0,639.0,777.0,576.0,815.5,649.0,792.0,1.0,
000000000000000000b1_0,373.0,403.0,396.0,410.5,386.0,366.0,449.0,446.5,437.0,431.5,407.0,443.0,356.0,388.0,455.0,514.0,414.0,355.0,330.0,472.0,355.5,339.5,438.0,390.0,428.5,234.0,389.0,365.0,413.0,416.0,612.0,478.5,393.5,1.0,
000000000000000000b2_0,333.0,312.0,367.0,530.0,408.0,487.0,473.0,378.0,398.0,472.0,433.0,453.5,313.0,367.0,379.0,491.0,430.0,403.5,392.5,440.0,409.5,310.0,295.0,291.0,270.5,307.0,261.0,185.0,573.5,543.0,566.0,519.0,464.0,1.0,
000000000000000000b3_0,505.0,472.0,518.0,501.0,458.0,479.0,433.0,514.5,562.5,402.0,482.0,497.0,447.0,427.0,450.0,514.0,545.0,333.0,397.0,558.0,478.5,417.5,477.0,481.0,368.5,367.5,425.0,371.0,455.0,474.0,640.0,407.0,452.0,1.0,
000000000000000000b4_0,471.0,670.5,495.0,711.0,451.0,411.0,532.0,524.0,560.0,640.5,589.0,440.0,468.5,415.0,539.0,464.0,504.0,401.0,404.0,391.0,404.0,371.5,294.0,794.0,316.0,304.0,364.0,561.5,428.0,531.0,718.0,618.0,755.0,1.0,
000000000000000000b5_0,430.5,619.0,487.0,461.0,470.0,549.0,522.0,443.0,511.0,505.0,514.0,467.0,516.5,483.5,402.5,555.5,516.0,438.0,431.5,422.5,420.0,107.0,260.0,638.0,319.0,280.0,296.0,458.0,653.0,666.5,997.0,644.0,525.0,1.0,
000000000000000000b6_0,386.0,358.0,375.0,588.0,381.5,383.0,433.5,378.0,418.0,399.5,421.0,453.5,320.0,422.5,398.5,501.0,423.0,462.0,359.0,438.0,413.0,330.0,314.0,503.0,263.5,385.5,267.0,400.0,533.0,484.5,542.5,467.0,384.0,1.0,
000000000000000000b7_0,356.5,430.0,380.0,530.0,453.0,398.0,527.0,461.5,467.5,428.0,455.0,439.0,358.0,408.5,398.0,458.5,477.0,435.0,403.0,421.0,321.0,203.5,249.5,375.0,192.5,212.0,255.0,343.5,449.0,557.0,659.0,406.0,385.0,1.0,
000000000000000000b8_0,397.0,492.0,439.5,471.0,372.0,399.0,347.0,422.0,481.0,449.0,548.0,425.0,423.0,358.0,365.0,414.0,438.0,358.0,364.0,374.0,395.5,262.5,305.0,503.5,270.5,292.0,291.5,379.0,432.0,484.5,599.0,503.0,504.5,1.0,
000000000000000000b9_0,412.0,457.0,364.0,375.0,321.0,401.0,343.0,509.0,453.0,435.0,334.0,319.0,319.0,322.0,325.0,402.0,420.5,337.0,336.0,376.0,381.0,302.5,444.0,389.0,375.5,258.0,312.0,316.5,377.0,372.5,622.0,444.0,361.0,1.0,
000000000000000000ba_0,230.0,250.5,189.0,289.0,221.5,232.0,305.0,242.0,220.5,223.5,274.0,249.5,250.0,229.0,194.0,256.0,216.0,218.5,216.5,229.0,198.0,239.5,192.0,273.0,206.5,203.0,186.0,223.5,297.0,266.5,403.0,335.0,296.0,1.0,
000000000000000000bb_0,349.0,268.0,255.5,285.0,214.5,287.5,296.5,342.5,269.0,249.0,224.0,254.0,292.5,240.0,237.0,256.0,264.0,242.0,256.5,257.5,230.0,200.0,185.0,270.0,214.0,223.0,189.0,233.0,287.5,279.0,452.0,286.0,245.0,1.0,
000000000000000000bc_0,316.0,492.0,486.0,450.0,422.0,408.0,465.5,435.0,552.0,528.0,508.0,468.0,399.0,534.0,461.0,491.0,517.0,400.0,388.5,472.0,377.0,420.0,377.0,403.0,379.0,382.0,383.5,344.0,427.0,450.0,570.0,587.0,500.5,1.0,
000000000000000000bd_0,281.5,335.0,379.0,560.0,523.5,548.0,509.0,499.5,451.0,465.0,526.0,560.0,308.5,443.0,405.0,435.5,370.5,329.5,374.0,321.0,321.5,325.0,342.0,286.0,363.0,320.0,351.0,301.0,342.0,307.0,697.5,614.0,562.5,1.0,
000000000000000000be_0,292.5,316.0,319.0,426.0,351.5,447.5,397.5,426.5,381.0,377.0,400.0,475.0,242.0,399.0,414.0,390.0,395.0,376.0,372.0,335.0,341.5,363.5,316.0,265.0,354.0,298.5,294.5,285.0,384.0,301.0,520.0,516.0,453.5,1.0,
000000000000000000bf_0,319.0,452.5,488.0,472.0,460.0,421.0,405.0,413.0,506.0,516.0,496.0,522.0,416.0,517.0,428.5,496.5,473.0,393.0,379.0,455.0,304.0,371.0,370.0,398.0,302.0,329.0,291.0,392.5,444.0,496.5,529.0,521.0,608.0,1.0,
000000000000000000c0_0,451.5,1125.0,431.0,379.0,399.5,451.0,506.5,483.0,477.5,570.0,483.0,599.0,542.0,428.0,447.5,546.0,473.0,417.0,457.0,523.0,404.0,394.0,401.0,575.0,343.5,336.0,331.0,441.5,469.0,420.0,571.0,445.5,464.0,1.0,
000000000000000000c1_0,273.0,282.0,286.0,325.0,291.5,375.0,424.0,385.0,347.0,357.0,381.5,356.0,329.0,337.0,331.0,366.0,332.0,290.0,265.5,322.0,346.0,243.0,230.0,371.5,244.5,253.0,308.0,290.0,326.5,326.0,465.5,466.5,461.0,1.0,
000000000000000000c2_0,427.0,457.0,516.0,425.0,416.0,404.0,418.0,439.0,422.0,421.5,420.0,485.0,362.0,433.0,387.5,424.0,423.0,307.0,351.0,392.0,279.5,255.0,254.0,463.5,402.0,299.0,358.0,490.5,352.5,430.5,698.0,473.5,444.0,1.0,
000000000000000000c3_0,377.0,570.0,429.0,427.0,328.0,382.0,338.0,421.0,465.0,463.0,516.0,359.5,481.0,367.0,396.0,380.0,441.0,334.0,400.5,424.5,333.0,201.5,212.0,508.0,385.0,220.0,249.5,475.0,465.0,401.0,640.0,547.0,403.0,1.0,
000000000000000000c4_0,444.0,464.0,400.0,390.0,461.0,410.0,357.0,419.0,477.5,444.0,349.0,328.0,391.0,300.0,317.0,376.5,370.0,358.5,366.0,415.0,401.0,257.0,479.0,430.0,357.0,244.0,344.5,374.5,428.0,443.0,564.0,609.5,418.0,1.0,
000000000000000000c5_0,401.5,461.0,373.0,375.0,393.0,368.0,342.0,419.0,472.5,376.0,304.5,242.0,327.0,253.0,334.0,335.5,402.5,360.0,366.0,421.0,368.0,251.0,384.0,380.0,336.0,270.0,318.0,351.0,447.0,481.0,600.0,525.5,453.0,1.0,
000000000000000000c6_0,396.5,456.0,372.0,393.0,437.0,375.5,401.0,414.0,441.0,371.5,286.5,218.0,328.0,272.0,316.0,416.0,386.0,312.5,357.0,401.5,382.0,283.0,377.0,406.0,330.0,291.0,303.0,357.0,447.0,481.0,581.0,540.5,423.0,1.0,
000000000000000000c7_0,414.0,402.0,398.0,371.0,367.5,271.5,353.0,309.5,305.0,279.0,349.0,324.0,350.5,312.0,261.0,282.5,330.0,274.0,302.0,268.0,201.0,366.0,208.0,361.0,186.0,171.0,178.0,356.0,411.5,459.0,476.0,456.0,394.5,1.0,
000000000000000000c8_0,559.0,427.5,301.5,358.0,323.5,443.0,579.0,454.5,530.0,480.5,382.5,368.0,463.0,434.5,528.0,536.0,417.0,404.0,414.0,465.5,370.0,498.0,344.0,383.0,395.0,416.0,352.0,323.0,487.5,398.0,429.0,387.0,366.0,1.0,
000000000000000000c9_0,285.0,300.5,226.5,309.0,281.0,372.0,411.0,458.0,471.5,412.5,427.0,408.0,259.0,366.0,360.5,468.5,388.0,364.5,339.0,343.0,340.5,338.0,260.5,338.5,300.0,314.0,263.0,274.0,375.0,364.5,411.0,324.0,332.0,1.0,
000000000000000000ca_0,387.0,432.5,436.0,452.5,342.0,406.0,398.0,450.0,506.0,371.0,456.0,523.5,419.0,466.0,471.5,535.0,548.0,414.5,546.0,523.5,455.0,454.0,368.5,509.0,458.0,462.0,535.0,516.0,471.0,476.0,739.0,515.0,435.0,1.0,
000000000000000000cb_0,381.0,374.5,489.0,408.0,390.0,450.0,563.0,458.0,585.0,491.0,441.0,465.0,381.0,499.0,542.5,669.5,570.5,442.5,398.0,447.5,435.0,513.0,385.5,350.5,434.0,487.0,401.0,309.5,347.0,302.0,446.0,413.5,339.0,1.0,
000000000000000000cc_0,337.5,383.0,280.0,402.0,291.0,376.0,399.5,345.0,311.0,335.0,295.0,268.5,445.0,309.0,312.0,379.0,387.0,374.0,254.5,216.0,193.0,132.0,125.0,493.0,186.0,178.5,329.5,367.5,366.0,338.0,487.0,378.5,456.0,1.0,
000000000000000000cd_0,316.5,320.0,274.0,338.0,288.0,350.0,313.0,339.0,311.0,351.0,327.0,324.0,331.0,307.0,273.0,281.0,326.5,261.0,258.5,306.0,268.0,239.0,251.5,350.0,222.5,269.5,212.0,307.0,278.5,359.0,427.0,398.0,361.0,1.0,
000000000000000000ce_0,540.5,440.0,330.0,442.0,333.0,487.0,391.5,491.5,465.0,454.0,433.0,595.5,497.5,470.0,431.5,384.0,440.5,437.5,359.0,406.0,389.0,381.5,356.0,481.0,369.0,337.0,416.0,475.5,455.0,406.0,511.0,457.0,383.0,1.0,
000000000000000000cf_0,403.0,472.0,367.0,453.0,331.0,411.0,420.5,467.0,525.0,528.0,582.0,504.0,407.5,370.0,311.0,475.0,427.5,339.0,414.0,442.0,474.0,510.0,446.0,406.0,467.0,377.0,389.0,383.5,398.0,433.0,701.0,461.5,428.5,1.0,
000000000000000000d0_0,408.0,451.5,472.0,560.0,460.5,461.5,508.0,611.0,539.0,482.0,591.5,562.0,630.0,545.0,412.0,599.0,510.5,621.0,582.5,553.0,461.0,510.0,416.5,508.0,305.0,254.0,256.5,410.0,647.5,662.5,777.0,676.0,505.0,1.0,
000000000000000000d1_0,315.0,413.0,308.0,458.0,496.0,440.0,445.0,433.0,407.0,385.0,502.5,465.0,264.0,383.5,361.5,517.5,484.0,374.5,337.0,403.5,440.0,489.0,511.0,462.0,430.0,316.0,378.0,378.5,534.0,448.0,653.0,504.0,534.0,1.0,
000000000000000000d2_0,359.0,466.0,410.0,403.0,362.0,450.5,417.5,360.0,350.5,405.0,348.0,330.5,405.5,311.5,255.0,272.0,475.0,290.0,265.5,306.0,200.0,232.0,194.0,414.0,227.0,176.0,198.0,321.0,421.5,364.0,500.0,464.0,388.5,1.0,
000000000000000000d3_0,232.0,279.5,141.0,254.5,215.0,297.0,289.0,259.0,249.5,248.0,261.0,221.0,256.0,212.0,226.0,281.5,301.0,230.0,202.5,251.0,214.0,139.0,158.5,316.0,201.0,148.0,151.0,237.0,282.0,303.0,319.0,352.5,321.0,1.0,
000000000000000000d4_0,273.0,317.5,226.0,308.0,240.0,294.0,290.0,235.0,295.0,256.0,264.0,285.5,269.0,269.0,242.0,297.0,319.0,283.0,385.0,382.0,354.5,421.0,380.0,249.0,376.0,343.0,357.0,288.0,316.0,263.0,430.0,381.5,293.0,1.0,
000000000000000000d5_0,328.0,313.5,491.0,620.5,405.0,390.5,614.0,388.0,353.5,496.0,392.0,501.0,352.0,505.0,463.5,315.5,520.0,502.0,486.0,497.0,234.0,306.0,210.0,465.0,216.0,225.5,212.0,417.0,312.0,421.0,444.0,411.0,386.0,1.0,
000000000000000000d6_0,405.0,588.5,446.0,462.0,389.0,484.0,407.0,504.0,471.0,507.0,503.0,501.0,398.0,440.5,424.0,530.0,452.0,428.0,392.5,454.0,368.0,310.0,486.0,465.0,420.0,277.0,348.0,363.0,472.0,427.0,568.0,564.0,450.5,1.0,
000000000000000000d7_0,287.5,393.0,252.0,411.5,295.0,380.0,377.0,329.0,315.0,355.0,423.0,391.0,298.0,334.0,310.5,431.5,389.0,352.0,322.0,352.5,299.0,451.0,372.0,349.0,321.0,282.5,271.0,288.0,428.0,416.0,683.0,471.5,452.5,1.0,
000000000000000000d8_0,392.0,558.0,445.0,483.0,408.0,456.5,440.0,547.0,485.0,460.0,458.5,474.0,392.5,432.5,436.0,457.5,489.0,403.0,358.0,412.0,410.0,414.0,467.5,437.5,377.0,313.0,464.0,361.0,521.0,494.0,601.0,621.0,454.5,1.0,
000000000000000000d9_0,269.0,389.0,414.0,631.0,421.0,361.5,624.0,426.0,398.0,547.5,462.0,593.0,319.0,529.5,475.0,486.5,574.0,616.0,560.0,577.0,197.0,292.0,262.0,450.0,263.0,233.0,285.5,364.0,316.5,402.0,487.0,535.0,379.0,1.0,
000000000000000000da_0,398.5,524.0,435.0,548.0,391.0,430.0,394.0,471.0,428.5,525.0,480.0,516.0,433.0,415.5,406.0,432.0,411.0,405.0,476.0,523.5,461.0,359.5,431.0,424.0,529.0,455.0,391.5,365.0,450.5,459.0,747.0,641.5,635.0,1.0,
000000000000000000db_0,350.0,445.0,431.5,473.0,431.0,491.0,425.0,536.5,425.0,404.5,450.5,462.0,362.0,427.5,427.0,501.0,455.5,366.0,420.0,482.5,402.0,455.0,476.0,373.5,444.5,429.0,428.0,361.0,426.5,378.0,668.0,606.5,499.5,1.0,
000000000000000000dc_0,392.0,528.5,486.5,437.0,332.0,420.0,360.0,426.0,412.5,400.0,504.0,535.5,432.0,421.0,489.0,498.0,478.0,403.0,459.5,432.0,568.5,476.5,370.5,480.0,355.0,429.0,423.0,413.0,577.0,482.0,505.0,609.0,574.0,1.0,
000000000000000000dd_0,617.0,653.0,514.5,594.0,460.0,461.0,536.0,725.0,499.5,561.5,585.5,647.0,364.0,499.0,431.0,509.0,798.0,559.0,497.0,765.0,626.0,396.0,500.0,401.0,650.0,391.0,551.5,329.0,464.0,481.0,651.0,621.0,786.5,1.0,
000000000000000000de_0,303.0,349.0,410.0,623.5,411.0,356.0,696.5,430.5,433.0,519.0,491.0,553.0,299.5,527.0,498.0,465.0,571.0,594.0,600.0,575.5,291.5,343.0,285.0,511.0,262.0,308.0,318.0,417.0,299.0,392.0,492.0,639.0,368.5,1.0,
000000000000000000df_0,178.5,478.5,370.0,499.0,521.0,473.0,537.0,508.0,480.0,463.0,484.5,451.0,308.5,409.0,455.5,490.0,415.0,371.0,385.5,394.0,401.5,312.0,360.0,496.0,300.5,317.5,308.0,481.0,481.0,456.0,480.5,486.5,450.5,1.0,
000000000000000000e0_0,412.5,381.0,379.0,638.0,411.0,350.0,622.5,407.0,394.0,542.5,427.0,540.0,362.0,516.5,467.5,459.0,616.0,589.0,549.0,563.0,261.0,355.0,250.0,483.0,251.0,273.0,229.5,416.0,334.5,451.5,440.0,464.5,398.5,1.0,
000000000000000000e1_0,340.0,332.5,381.0,632.5,455.0,377.0,606.0,384.5,419.0,522.5,475.0,528.0,311.0,513.0,447.5,403.0,591.0,570.0,571.0,611.0,257.0,369.0,295.0,447.5,262.0,245.5,237.5,484.0,339.0,400.5,453.0,446.0,360.0,1.0,
000000000000000000e2_0,383.5,309.0,403.0,646.5,430.0,343.0,614.5,406.0,418.0,542.5,427.0,549.0,336.0,543.0,521.5,442.0,587.0,595.0,525.0,596.0,241.0,368.0,241.0,411.0,251.0,283.0,238.0,443.0,294.5,430.5,440.0,411.5,370.0,1.0,
000000000000000000e3_0,257.0,322.5,312.0,342.0,301.0,388.0,459.0,565.0,551.5,463.0,527.0,477.0,294.5,490.0,477.0,539.0,463.0,441.0,425.5,426.0,383.0,375.0,383.0,293.5,387.0,414.0,343.5,355.5,318.0,276.0,397.0,369.5,327.0,1.0,
000000000000000000e4_0,399.0,470.0,448.0,507.0,440.0,410.0,402.0,683.0,527.0,409.0,565.0,419.0,524.5,409.0,538.0,452.0,440.0,425.0,481.5,732.0,581.0,513.0,540.0,424.0,427.0,502.0,543.5,405.0,527.0,445.5,619.0,613.0,509.0,1.0,
000000000000000000e5_0,454.0,426.0,377.5,435.0,330.0,361.5,418.0,346.0,384.5,450.0,462.0,520.5,366.0,511.0,416.0,404.0,569.0,562.0,546.0,621.5,297.5,325.0,300.0,370.0,280.0,291.0,197.0,338.0,369.0,370.0,518.0,427.0,351.5,1.0,
000000000000000000e6_0,522.0,475.0,397.0,468.5,373.5,516.5,474.0,482.0,415.0,470.0,468.0,429.5,446.0,485.0,550.0,597.5,571.0,428.0,391.5,408.0,389.0,186.0,148.0,563.5,152.0,187.0,167.0,450.0,500.0,492.0,533.0,466.0,458.0,1.0,
000000000000000000e7_0,273.0,335.5,465.0,551.0,421.0,390.0,400.0,453.5,502.0,399.0,446.0,455.5,273.0,408.0,374.0,461.0,431.0,370.0,395.0,368.0,362.0,383.0,401.0,300.0,342.0,266.0,336.5,466.0,538.0,442.0,528.0,624.0,545.5,1.0,
000000000000000000ea_0,254.0,287.0,169.5,291.0,237.5,304.5,308.5,268.0,235.0,264.0,257.0,329.0,272.0,221.0,244.0,290.5,248.0,223.5,233.0,323.5,248.0,260.0,252.5,341.0,274.0,220.0,232.0,239.0,341.0,257.5,459.0,378.0,463.0,1.0,
000000000000000000eb_0,329.0,307.0,413.5,622.0,425.0,366.0,616.5,404.5,412.5,519.0,430.0,523.5,308.0,489.0,456.5,446.0,604.0,588.0,572.0,595.0,325.0,240.5,320.0,467.0,296.0,308.5,299.0,440.0,361.5,421.0,453.0,551.5,377.5,1.0,
000000000000000000ec_0,372.0,470.0,384.0,457.0,345.0,422.0,430.0,348.5,402.0,426.5,397.0,474.5,404.0,438.0,463.5,453.0,534.0,601.0,535.0,547.0,333.0,310.0,328.5,421.0,256.0,327.0,249.0,414.0,353.0,420.5,498.0,400.0,398.5,1.0,
000000000000000000ed_0,300.5,263.5,154.0,235.5,109.0,268.0,244.0,228.5,261.0,325.0,262.0,348.0,302.0,308.0,270.0,346.0,323.0,297.0,260.0,318.0,290.0,281.0,253.0,287.0,212.0,210.0,187.5,250.0,302.0,302.5,309.0,259.0,259.0,1.0,
000000000000000000ee_0,353.5,456.5,491.0,463.0,397.5,416.5,407.0,541.5,461.0,498.0,495.0,513.0,437.0,516.0,528.0,420.0,481.5,344.0,501.0,577.0,411.0,384.0,301.0,447.5,337.5,338.5,308.5,426.5,377.0,426.0,718.0,654.0,467.0,1.0,
000000000000000000ef_0,394.0,585.5,383.0,624.0,407.0,434.0,728.0,437.0,423.5,611.0,504.0,578.0,357.5,544.0,521.5,431.5,592.0,629.0,624.0,620.0,338.0,383.0,347.5,595.0,319.0,315.0,323.0,437.0,339.0,492.0,482.0,390.0,394.0,1.0,
000000000000000000f0_0,396.0,273.0,238.0,270.0,211.0,267.5,267.0,268.0,360.5,422.0,299.0,369.5,350.5,359.5,410.0,401.5,350.0,344.0,377.0,348.5,331.0,336.0,307.5,297.5,253.0,312.0,292.5,232.0,291.0,368.0,317.0,279.0,239.0,1.0,
000000000000000000f1_0,344.0,433.5,457.5,518.0,362.0,481.0,570.0,409.5,412.0,495.0,431.0,547.0,323.0,493.0,434.0,407.0,500.0,518.5,536.0,572.0,272.0,219.0,318.0,477.5,261.0,296.5,305.0,443.0,345.0,440.0,480.0,505.0,420.0,1.0,
000000000000000000f2_0,269.5,229.0,132.5,213.0,211.0,256.5,248.5,238.0,273.0,348.0,227.0,285.0,235.0,287.0,249.0,298.0,314.5,255.0,263.5,266.0,238.0,237.0,242.5,255.0,180.0,148.5,135.5,177.0,262.0,328.5,317.0,259.0,162.0,1.0,
000000000000000000f3_0,492.5,417.5,372.0,658.5,416.0,543.0,658.5,442.0,495.0,557.0,481.0,580.0,359.0,509.0,475.0,456.0,559.0,581.0,564.5,603.0,292.0,291.5,252.5,514.0,340.0,278.5,316.0,442.0,301.0,477.0,503.0,617.0,467.5,1.0,
000000000000000000f4_0,445.5,472.0,440.0,665.0,435.0,483.0,678.0,460.5,438.0,606.5,517.0,589.0,343.0,539.5,514.0,471.0,561.0,584.0,582.0,624.5,316.0,345.0,364.5,568.5,338.0,359.0,325.0,443.0,308.0,492.0,523.0,365.0,423.0,1.0,
000000000000000000f5_0,548.5,468.0,380.0,486.5,362.0,506.0,663.0,440.0,363.0,410.0,385.0,359.5,343.0,338.0,296.5,370.0,500.0,271.5,420.0,339.5,254.0,335.5,247.0,375.0,233.0,194.5,189.0,360.0,372.5,402.0,495.0,481.5,402.0,1.0,
000000000000000000f6_0,386.0,344.0,414.5,621.0,427.0,283.0,629.0,400.0,416.0,504.0,427.5,538.5,268.0,490.0,501.5,423.5,594.0,595.0,522.0,563.0,314.0,302.0,353.0,481.0,303.0,334.0,302.5,404.0,363.0,353.0,471.0,352.0,356.5,1.0,
000000000000000000f7_0,376.0,421.0,550.0,468.0,457.0,491.5,408.0,604.5,564.0,531.0,533.0,506.0,442.5,485.5,565.0,511.0,444.0,338.0,442.0,511.0,420.0,430.0,401.5,486.0,415.5,334.0,383.0,460.0,499.0,554.5,743.0,727.0,541.0,1.0,
000000000000000000f8_0,421.0,489.0,470.0,644.0,435.0,524.0,719.0,460.5,438.0,611.0,519.5,602.0,381.0,570.0,535.0,506.0,588.0,600.0,602.0,592.5,310.5,336.0,362.5,577.0,336.0,354.0,328.0,420.0,328.0,492.0,505.0,467.0,412.0,1.0,
000000000000000000f9_0,633.0,542.0,418.0,486.0,366.0,536.0,650.0,419.5,440.0,454.5,435.0,438.0,345.0,447.5,460.5,417.0,490.5,381.5,484.0,500.0,216.5,283.0,373.0,439.5,350.0,214.5,236.0,411.0,383.0,421.0,490.5,582.0,487.5,1.0,
000000000000000000fa_0,568.5,532.0,369.0,449.5,393.0,483.0,624.0,439.0,409.5,398.0,351.5,409.5,320.0,422.0,527.0,510.0,476.0,370.0,375.0,426.0,214.0,396.0,272.0,427.5,264.0,178.0,197.0,354.0,434.5,362.0,439.0,524.0,395.0,1.0,
000000000000000000fb_0,359.0,424.5,457.0,658.0,456.0,477.0,662.0,444.5,469.0,609.0,539.0,581.0,370.0,555.0,525.0,469.5,581.5,592.0,576.0,576.5,342.0,342.0,368.0,586.0,316.0,351.5,309.0,442.0,315.0,479.0,449.0,390.0,412.0,1.0,
000000000000000000fc_0,438.0,435.0,493.0,665.0,487.0,536.0,694.0,459.0,458.0,576.0,482.0,545.0,371.0,554.0,521.5,449.0,575.0,601.5,603.0,621.5,314.5,294.0,350.0,552.5,366.0,362.0,350.0,471.0,350.0,460.0,486.0,536.0,478.5,1.0,
000000000000000000fd_0,337.5,279.0,358.0,453.0,408.5,497.0,426.0,385.0,350.0,337.0,313.0,332.5,322.0,332.0,311.5,322.0,311.0,285.0,277.0,297.0,262.0,250.0,246.5,326.0,228.0,233.0,218.5,280.0,345.0,388.5,723.0,469.5,484.0,1.0,
000000000000000000fe_0,385.0,429.5,522.0,492.0,356.0,431.5,393.0,544.5,585.5,435.5,510.5,452.5,319.0,443.0,597.0,532.0,490.5,434.0,517.0,520.5,532.0,390.0,466.0,362.0,517.5,476.5,705.0,359.0,398.0,322.5,640.0,670.0,452.0,1.0,
000000000000000000ff_0,526.0,565.0,816.5,621.0,526.0,556.5,483.0,622.0,564.0,388.0,739.0,484.5,484.0,470.0,606.0,558.0,516.5,444.0,495.5,540.0,490.0,331.0,680.0,524.0,673.0,743.0,807.5,393.0,527.0,453.0,573.0,671.0,653.0,1.0,
00000000000000000100_0,438.5,459.0,452.0,699.0,512.0,644.0,678.0,466.0,468.5,556.0,521.0,559.0,374.5,557.0,525.0,516.5,581.5,586.0,605.5,605.5,314.0,317.0,415.0,476.0,367.0,338.0,375.0,413.0,385.0,459.0,486.0,666.0,508.5,1.0,
