system:index,SWIR1,SWIR1_1,SWIR1_10,SWIR1_11,SWIR1_12,SWIR1_13,SWIR1_14,SWIR1_15,SWIR1_16,SWIR1_17,SWIR1_18,SWIR1_19,SWIR1_2,SWIR1_20,SWIR1_21,SWIR1_22,SWIR1_23,SWIR1_24,SWIR1_25,SWIR1_26,SWIR1_27,SWIR1_28,SWIR1_29,SWIR1_3,SWIR1_30,SWIR1_31,SWIR1_32,SWIR1_4,SWIR1_5,SWIR1_6,SWIR1_7,SWIR1_8,SWIR1_9,.geo
00000000000000000000_0,521.0,888.0,333.0,687.0,897.5,745.0,819.0,877.5,788.0,979.0,848.5,883.0,798.5,657.5,622.0,928.0,926.0,695.0,835.0,953.0,1022.0,539.0,1045.0,1147.5,1075.0,788.0,948.5,731.0,943.0,714.0,1236.5,1125.5,986.0,
00000000000000000001_0,604.5,873.0,352.0,670.0,706.5,792.0,794.0,850.5,821.0,901.5,893.5,871.0,776.0,815.0,652.5,914.0,879.0,801.0,777.0,845.5,858.0,658.5,925.0,1020.5,926.0,784.0,856.0,453.0,827.0,611.0,1113.5,986.0,847.0,
00000000000000000002_0,1411.0,1593.0,1107.0,1285.0,1214.5,1363.5,1296.0,1276.5,1251.5,1395.0,1299.0,1325.0,1376.5,1156.0,977.0,1286.0,1280.0,1197.0,1217.0,1213.0,1268.0,1044.5,1322.0,1493.0,1373.0,1214.0,1172.0,1238.5,1505.0,1291.0,1522.5,1579.0,1488.0,
00000000000000000003_0,979.0,1239.0,992.0,1179.0,1123.5,1067.0,1185.5,1203.0,1185.5,1302.5,1258.0,1259.0,1108.0,1215.0,986.0,1296.5,1286.0,1144.0,1156.0,1162.0,1151.0,965.0,1276.0,1375.0,1235.0,1105.0,1200.0,1020.0,1347.5,1098.0,1333.0,1288.5,1209.0,
00000000000000000004_0,1139.0,1144.0,896.5,1016.0,1068.5,1129.0,1075.0,1179.0,1151.0,1159.5,1030.0,1091.0,990.0,1155.0,1172.0,1201.0,1134.5,1132.0,1130.5,1136.0,1196.5,1135.5,1155.0,1079.0,1188.5,1150.0,1085.0,979.0,964.0,984.0,1127.0,1048.5,966.0,
00000000000000000005_0,1058.5,1204.0,921.0,1229.0,1095.0,1113.5,1096.0,1244.5,1012.0,1177.5,1131.0,1168.0,1091.0,1062.0,955.0,1161.0,1183.0,1086.0,997.5,1127.5,1157.0,799.0,1181.0,1363.0,1249.0,998.0,1098.5,854.0,1424.0,1196.0,1284.5,1268.0,1181.0,
00000000000000000006_0,896.0,1072.0,802.0,1036.0,1067.0,1102.0,990.0,1131.5,1050.0,1100.0,1064.0,1006.0,1057.0,1048.0,967.0,1227.0,1125.0,997.0,970.0,1120.0,1025.0,1078.0,1183.5,1219.0,1162.5,979.0,1094.0,798.0,1319.0,1048.0,1146.5,1190.0,1068.0,
00000000000000000007_0,1214.5,1296.5,937.0,1199.5,1155.5,1299.0,1121.5,1214.0,1196.0,1245.0,1248.0,1147.5,1226.0,1160.0,1176.0,1288.0,1240.0,1198.0,1121.0,1250.0,1245.5,1049.0,1280.0,1343.0,1274.0,1149.0,1228.0,1136.0,1246.0,1163.5,1298.0,1262.0,1187.0,
00000000000000000008_0,1006.5,1192.0,1030.0,1228.0,1187.0,1305.0,1184.0,1340.5,1218.0,1336.0,1186.5,1199.0,1114.0,1048.5,1105.0,1262.5,1277.5,1212.5,1257.0,1414.0,1182.0,970.0,1277.0,1456.0,1292.0,1060.0,1186.0,1092.0,1422.0,1241.0,1379.0,1456.0,1407.0,
00000000000000000009_0,1617.0,1748.0,1546.0,1667.5,1443.0,1641.5,1529.0,1564.0,1543.0,1567.0,1563.0,1477.0,1645.5,1560.0,1513.0,1662.0,1550.0,1546.0,1463.0,1552.5,1480.5,1532.5,1543.0,1763.0,1601.0,1535.0,1549.0,1591.5,1746.0,1592.0,1650.5,1552.0,1529.0,
0000000000000000000a_0,1036.0,1334.5,1029.0,1354.0,1279.0,1331.0,1332.5,1378.5,1278.0,1509.5,1376.0,1346.5,1327.0,1242.0,1260.0,1389.0,1363.0,1275.0,1249.0,1429.0,1312.0,1076.0,1437.0,1488.0,1453.0,1304.0,1228.0,1193.0,1481.0,1097.0,1294.0,1524.5,1464.0,
0000000000000000000b_0,1795.0,1829.0,1578.0,1515.0,1520.0,1471.0,1426.5,1427.5,1433.5,1400.0,1422.0,1389.0,1685.0,1412.0,1388.0,1409.0,1456.0,1374.0,1362.0,1392.5,1461.0,1376.5,1355.0,1749.0,1391.0,1545.0,1447.0,1637.5,1676.5,1604.0,1387.5,1601.5,1656.5,
0000000000000000000c_0,1931.0,1876.5,1642.5,1635.0,1565.0,1633.0,1514.5,1595.0,1582.5,1629.0,1540.0,1514.0,1812.0,1578.0,1510.0,1520.0,1495.0,1475.0,1475.0,1488.0,1507.0,1459.5,1441.0,1899.0,1511.5,1425.0,1431.0,1769.0,1878.0,1756.0,1670.0,1673.5,1754.0,
0000000000000000000d_0,1116.0,1309.0,621.0,1198.0,1152.0,1058.5,1020.0,989.5,1219.5,1229.0,1190.5,1125.0,1188.0,1016.0,880.0,1269.5,1383.0,1035.0,1153.0,1214.0,996.0,766.0,1313.0,1494.0,1260.0,1000.0,1014.0,1133.0,1310.0,995.0,1008.0,1344.0,1179.5,
0000000000000000000e_0,1395.0,1370.5,1228.5,1281.0,1257.5,1319.5,1272.0,1339.0,1328.0,1387.5,1308.0,1273.0,1375.0,1251.0,1219.0,1342.0,1293.0,1281.0,1235.5,1292.5,1296.0,1249.5,1270.0,1467.0,1351.0,1287.0,1253.0,1245.5,1407.5,1254.5,1251.0,1308.0,1260.0,
0000000000000000000f_0,1355.0,1331.0,1007.0,1107.0,1049.5,1083.0,1152.5,1146.5,1131.5,1139.0,1043.0,1009.5,1320.0,1029.0,1031.0,1100.0,1110.0,1044.5,1017.0,1029.5,1088.0,988.5,1007.0,1369.0,1079.0,1066.0,1010.5,1190.0,1207.0,1155.5,1153.0,1173.0,1044.5,
00000000000000000010_0,1892.0,1807.0,1548.0,1639.0,1578.0,1563.5,1574.0,1563.0,1540.5,1584.0,1554.0,1502.0,1832.5,1492.0,1504.5,1525.5,1511.0,1516.5,1466.0,1504.0,1516.0,1508.0,1452.0,1812.0,1524.0,1437.0,1395.0,1624.5,1752.5,1628.0,1639.5,1655.0,1646.0,
00000000000000000011_0,1852.0,1800.5,1482.0,1535.0,1428.0,1479.0,1473.0,1514.0,1494.0,1528.0,1486.0,1431.0,1691.5,1299.5,1318.0,1486.0,1486.0,1359.0,1304.0,1425.5,1340.0,1302.5,1393.5,1924.0,1435.0,1339.5,1317.0,1567.0,1894.0,1595.5,1646.0,1580.5,1557.5,
00000000000000000012_0,2139.0,2001.5,1821.0,1771.5,1575.0,1701.0,1786.0,1740.0,1722.5,1667.0,1593.0,1560.0,2105.5,1657.0,1673.0,1608.0,1570.0,1626.0,1550.0,1545.0,1577.5,1508.5,1468.5,1905.0,1538.0,1505.5,1439.0,1903.0,1627.0,1854.0,1606.0,1608.0,1760.0,
00000000000000000013_0,1214.0,1272.5,1113.0,1199.0,1317.0,1231.5,1283.0,1248.0,1219.0,1269.0,1331.0,1258.0,1215.0,1182.0,1190.0,1296.5,1359.0,1212.0,1181.0,1268.5,1276.5,1285.0,1301.0,1415.0,1317.0,1297.5,1264.0,1268.5,1329.0,1272.0,1155.5,1429.0,1319.0,
00000000000000000014_0,1864.0,1787.0,1606.5,1638.5,1605.0,1559.0,1514.0,1548.0,1496.0,1514.0,1537.0,1510.0,1768.0,1465.0,1476.0,1521.5,1529.0,1508.0,1435.0,1512.0,1436.5,1511.5,1493.0,1815.0,1522.5,1475.5,1435.0,1616.0,1717.0,1669.0,1611.5,1595.0,1640.0,
00000000000000000015_0,1527.0,1608.0,1295.5,1497.5,1354.0,1507.5,1546.5,1583.5,1416.0,1497.0,1448.0,1369.0,1523.0,1392.0,1386.0,1466.5,1448.0,1430.5,1388.5,1467.5,1439.0,1343.5,1386.5,1626.0,1391.0,1412.0,1378.5,1359.0,1503.5,1455.0,1634.0,1428.0,1355.0,
00000000000000000016_0,1594.0,1607.0,1345.0,1480.5,1504.0,1407.0,1420.0,1485.5,1416.0,1462.0,1412.0,1363.0,1597.5,1428.0,1387.0,1366.0,1502.0,1364.5,1350.5,1428.0,1473.0,1301.0,1410.0,1595.0,1438.5,1426.0,1429.0,1443.0,1608.0,1437.0,1581.0,1524.0,1494.0,
00000000000000000017_0,1669.0,1447.0,1456.0,1412.0,1383.0,1479.0,1533.0,1486.0,1459.0,1451.5,1444.0,1462.0,1630.0,1480.0,1467.5,1445.0,1419.0,1448.0,1415.0,1405.0,1468.0,1395.0,1440.5,1485.5,1366.5,1430.0,1349.0,1412.0,1308.0,1428.0,1322.0,1230.0,1397.5,
00000000000000000018_0,1946.0,1601.0,1478.0,1414.5,1408.0,1532.5,1606.0,1573.0,1483.0,1444.0,1429.0,1397.5,1773.0,1502.0,1399.5,1394.0,1351.0,1429.0,1393.0,1468.0,1410.0,1300.0,1350.5,1624.5,1271.0,1363.0,1354.5,1421.5,1435.0,1508.0,1472.0,1319.0,1412.0,
00000000000000000019_0,1568.0,1438.0,1132.0,1314.5,1097.0,1345.5,1485.0,1315.0,1390.0,1383.0,1127.0,1124.0,1272.0,1400.0,1368.0,1294.0,1075.5,1216.0,1192.5,1410.0,1262.0,1178.5,1186.5,1493.0,1253.0,1240.0,1111.0,1086.0,1271.0,1133.5,1236.0,1132.0,1234.5,
0000000000000000001a_0,1475.0,1451.0,1412.0,1398.5,1373.0,1514.0,1452.0,1502.0,1436.0,1487.5,1430.0,1419.0,1482.0,1458.5,1509.0,1492.0,1512.0,1471.0,1415.0,1523.0,1456.0,1494.0,1426.0,1462.0,1516.0,1453.0,1427.5,1284.5,1317.0,1364.0,1286.0,1266.5,1428.0,
0000000000000000001b_0,1602.0,1801.0,1658.0,1768.0,1927.0,1853.0,1764.0,1888.0,1928.5,1818.0,1647.0,1407.0,1769.0,1319.0,1337.5,1648.0,1611.5,1484.0,1594.5,1545.0,1795.5,1506.0,1580.0,1919.0,1574.0,1658.0,1676.0,1763.0,1896.0,1767.0,1980.5,1984.0,1905.5,
0000000000000000001c_0,1065.0,1195.0,951.0,1044.0,1292.0,1208.0,1178.5,1181.0,1185.0,1275.5,1193.5,1126.0,1120.0,1062.0,1036.0,1222.0,1231.5,1178.5,1203.0,1369.5,1212.0,1040.0,1319.0,1465.0,1278.0,1120.0,1159.0,1059.0,1303.0,1161.5,1532.0,1415.0,1326.0,
0000000000000000001d_0,1074.0,1242.0,870.0,855.5,1227.0,1065.0,1159.0,1020.0,1108.0,1102.0,1144.0,1039.5,1086.0,963.0,889.0,1165.0,1202.0,1115.0,1059.0,1043.5,1256.0,911.5,1152.5,1377.0,1203.0,946.0,1070.0,1170.0,1176.0,1003.5,1310.0,1374.0,1201.0,
0000000000000000001e_0,660.0,712.0,590.0,671.0,721.5,749.0,746.5,760.5,837.0,828.0,821.0,811.0,714.0,770.0,752.0,877.0,867.0,829.0,827.0,917.5,856.0,836.0,905.0,929.0,960.0,864.0,896.5,680.5,732.0,634.5,951.0,813.0,729.0,
0000000000000000001f_0,1774.0,1670.5,1775.0,1630.5,1594.5,1774.0,1773.0,1715.5,1696.0,1667.0,1519.0,1410.5,1694.0,1554.5,1568.5,1514.0,1400.0,1541.5,1486.0,1540.0,1562.0,1480.0,1451.0,1668.0,1477.0,1559.0,1460.5,1639.0,1628.0,1667.0,1651.0,1604.5,1642.0,
00000000000000000020_0,1437.0,1736.0,1638.0,1694.0,1833.0,1714.0,1753.0,1759.0,1821.0,1716.0,1615.0,1321.5,1527.0,1241.0,1178.0,1312.5,1344.5,1322.0,1321.0,1453.0,1393.0,1161.5,1270.0,1758.0,1319.0,1286.0,1364.0,1476.0,1740.0,1619.5,1868.0,1758.5,1835.0,
00000000000000000021_0,1793.5,1836.0,1735.0,1615.0,1607.5,1711.0,1578.0,1608.0,1576.0,1585.0,1595.0,1532.5,1733.0,1624.5,1584.5,1569.0,1602.0,1537.0,1486.0,1582.0,1512.0,1538.5,1545.5,1814.0,1542.0,1507.0,1526.5,1660.0,1734.5,1631.5,1797.0,1718.0,1643.5,
00000000000000000022_0,1599.0,1509.0,1481.5,1507.5,1431.0,1525.5,1489.0,1549.5,1523.0,1486.0,1423.0,1427.0,1584.0,1476.0,1466.0,1475.0,1392.0,1436.5,1423.0,1472.0,1390.0,1412.0,1482.0,1556.0,1473.0,1503.0,1364.5,1445.5,1503.0,1482.0,1564.0,1483.5,1440.0,
00000000000000000023_0,970.5,1081.0,813.0,979.0,1097.5,1133.0,1050.0,1052.0,1124.0,1132.0,1097.0,1075.0,963.5,1114.5,997.0,1195.0,1082.0,1122.0,1178.0,1210.5,1206.0,1123.0,1261.0,1159.0,1227.0,1166.5,1176.0,858.0,1183.5,1053.0,1360.0,1219.0,1102.0,
00000000000000000024_0,1554.0,1563.0,1362.0,1486.0,1437.0,1552.5,1489.0,1516.0,1449.0,1466.0,1446.5,1407.0,1485.0,1464.0,1395.0,1464.0,1457.0,1495.0,1423.0,1465.5,1446.0,1382.0,1403.0,1591.0,1420.0,1433.0,1375.5,1407.0,1556.0,1431.0,1437.0,1432.0,1439.0,
00000000000000000025_0,971.5,1125.0,870.0,1064.0,1091.0,1044.5,1144.0,1053.0,1130.5,1134.0,1077.5,1008.0,997.5,1018.0,877.5,1141.0,1059.5,1122.0,1091.0,1124.5,1072.0,1062.0,1159.5,1231.5,1185.0,1130.0,1074.0,1049.0,1118.0,1082.0,1273.0,1296.0,1116.0,
00000000000000000026_0,1560.5,1573.0,1420.0,1547.5,1409.0,1509.0,1539.0,1553.5,1491.5,1556.0,1480.5,1433.0,1482.0,1488.0,1505.5,1482.0,1504.5,1471.0,1466.5,1476.5,1521.0,1480.0,1504.0,2040.0,1528.0,1436.0,1438.5,1543.0,1681.0,1550.0,1628.0,1529.0,1399.0,
00000000000000000027_0,2229.0,2243.0,1781.0,1979.0,1717.0,1763.0,1924.0,1880.0,1779.0,1758.5,1646.5,1590.5,2175.0,1717.0,1652.0,1587.0,1548.0,1639.5,1547.0,1647.5,1645.0,1467.0,1512.0,2226.5,1604.0,1692.0,1550.0,1782.0,2073.0,1747.5,2126.0,1844.5,1947.5,
00000000000000000028_0,1402.0,1529.0,1249.0,1419.0,1371.0,1484.0,1484.0,1487.0,1461.5,1484.0,1492.0,1378.5,1496.0,1377.5,1305.5,1424.5,1402.0,1396.5,1343.0,1409.0,1368.0,1371.0,1440.0,1515.0,1436.0,1390.5,1429.5,1289.0,1572.0,1491.0,1777.0,1530.0,1384.5,
00000000000000000029_0,1389.0,1393.0,1177.0,1341.5,1258.5,1470.0,1363.5,1423.0,1405.0,1469.0,1328.5,1271.0,1375.0,1374.5,1331.0,1446.0,1343.5,1344.5,1412.5,1428.5,1354.0,1498.5,1480.5,1436.5,1500.5,1427.0,1370.0,1278.0,1517.0,1278.0,1624.5,1458.0,1358.0,
0000000000000000002a_0,1545.0,1621.0,1380.0,1422.0,1419.0,1551.5,1421.5,1539.5,1439.0,1538.0,1451.0,1370.0,1573.0,1460.0,1403.0,1528.0,1423.0,1476.0,1396.0,1436.0,1474.5,1460.5,1448.0,1576.5,1455.5,1446.5,1363.0,1398.0,1516.0,1412.0,1574.0,1470.5,1384.0,
0000000000000000002b_0,1398.0,1443.0,1282.0,1365.5,1340.0,1397.5,1357.0,1383.0,1386.0,1415.0,1397.0,1271.0,1417.0,1371.0,1316.0,1363.0,1420.0,1378.0,1352.0,1377.0,1476.0,1417.0,1490.0,1484.0,1438.0,1360.0,1366.0,1333.0,1487.0,1306.5,1630.0,1407.0,1302.0,
0000000000000000002c_0,1467.0,1378.0,1240.0,1260.0,1295.5,1361.0,1301.5,1408.5,1385.0,1403.0,1304.0,1299.0,1417.5,1267.5,1216.0,1309.0,1381.0,1266.0,1252.5,1322.0,1448.0,1496.0,1337.0,1381.0,1444.0,1337.5,1343.0,1318.0,1484.0,1244.0,1695.0,1334.0,1262.0,
0000000000000000002d_0,1500.0,1419.5,1258.0,1436.0,1358.5,1420.0,1330.0,1382.5,1352.0,1422.5,1326.5,1314.0,1452.5,1397.0,1292.0,1439.5,1369.5,1398.0,1316.0,1487.0,1443.0,1471.0,1469.0,1456.0,1472.0,1457.5,1467.0,1398.0,1543.0,1327.0,1592.0,1407.0,1306.0,
0000000000000000002e_0,1212.0,1346.0,1143.0,1204.0,1280.0,1426.0,1330.0,1348.0,1377.0,1479.5,1448.0,1387.0,1358.5,1344.0,1327.0,1458.0,1414.0,1386.0,1386.0,1448.0,1443.0,1523.0,1477.0,1337.0,1541.0,1521.0,1445.5,1129.0,1354.0,1277.5,1527.0,1457.0,1327.0,
0000000000000000002f_0,1254.0,1305.0,1104.0,1199.0,1177.0,1289.0,1235.0,1331.5,1262.5,1267.5,1298.0,1206.5,1251.5,1235.0,1238.5,1295.0,1210.0,1253.0,1271.0,1274.0,1298.5,1404.0,1298.0,1270.5,1327.5,1301.0,1243.0,1138.0,1318.0,1234.0,1374.5,1169.0,1187.0,
00000000000000000030_0,962.0,1119.0,775.0,978.0,1165.5,1181.0,1013.0,1210.5,1123.0,1215.0,1070.5,1074.5,1047.5,1021.0,991.5,1205.5,1100.0,1093.0,1151.0,1219.0,1163.0,1192.5,1204.5,1115.0,1229.0,1133.0,1075.5,949.0,1114.0,1036.5,1443.0,1244.5,1158.0,
00000000000000000031_0,1360.0,1273.0,1122.5,1282.5,1370.5,1428.0,1275.0,1272.0,1378.5,1409.0,1311.0,1239.0,1373.0,1289.0,1291.5,1397.0,1384.0,1343.0,1245.0,1354.0,1466.0,1470.0,1427.0,1420.5,1476.0,1401.0,1307.0,1236.0,1429.0,1310.5,1485.5,1366.0,1287.0,
00000000000000000032_0,1242.0,1274.5,1085.0,1297.0,1354.5,1400.0,1234.5,1297.0,1332.0,1398.5,1327.0,1295.5,1376.5,1262.5,1235.0,1398.0,1331.0,1325.0,1275.5,1373.0,1347.0,1291.0,1391.0,1374.0,1421.5,1370.0,1351.0,1110.0,1396.0,1277.0,1470.5,1350.0,1266.5,
00000000000000000033_0,1147.0,1225.0,945.5,1014.0,1177.5,1156.5,1209.5,1270.0,1195.0,1245.0,1180.0,1204.5,1243.0,1139.0,1205.0,1312.0,1290.0,1263.5,1273.0,1315.5,1381.0,1259.0,1367.0,1247.5,1348.0,1300.0,1302.0,1166.0,1225.0,1195.0,1436.5,1294.0,1142.0,
00000000000000000034_0,1814.0,1719.0,1468.0,1603.0,1576.0,1582.0,1554.5,1671.0,1561.0,1598.0,1498.0,1474.0,1652.0,1509.0,1569.5,1541.0,1513.0,1539.5,1508.0,1540.5,1577.0,1626.5,1536.0,1731.5,1602.0,1479.0,1561.0,1538.0,1733.0,1677.0,1649.0,1506.5,1651.0,
00000000000000000035_0,959.5,1117.0,887.0,1119.5,1122.0,1090.0,1091.5,1202.0,1209.0,1243.0,1111.0,1044.0,1246.0,1132.0,1058.0,1234.0,1166.0,1155.0,1099.0,1165.0,1228.0,1188.0,1192.5,1138.5,1263.0,1204.5,1118.0,979.0,1216.0,1070.5,1193.0,1138.5,1186.0,
00000000000000000036_0,1267.5,1327.0,998.0,1256.0,1235.0,1336.0,1222.5,1306.0,1310.0,1342.0,1199.0,1175.0,1301.0,1199.0,1138.0,1336.0,1266.0,1223.5,1191.0,1254.0,1350.0,1344.5,1248.0,1370.0,1304.5,1218.5,1211.0,1116.5,1269.5,1270.0,1223.5,1276.0,1175.0,
00000000000000000037_0,1615.0,1755.0,1412.0,1562.0,1470.5,1521.0,1471.0,1550.5,1514.0,1557.5,1425.0,1465.0,1645.0,1486.5,1433.0,1529.0,1474.0,1499.0,1442.5,1531.5,1540.0,1522.0,1487.0,1577.5,1535.0,1457.5,1435.5,1432.5,1598.5,1648.5,1638.0,1594.0,1528.5,
00000000000000000038_0,1355.0,1472.0,1208.0,1353.5,1330.5,1362.5,1358.0,1382.5,1390.5,1473.0,1316.5,1332.5,1315.0,1322.0,1290.0,1344.0,1343.0,1352.0,1380.5,1386.0,1405.0,1410.5,1351.0,1474.0,1438.0,1335.5,1419.0,1312.0,1471.0,1428.5,1355.0,1403.0,1353.0,
00000000000000000039_0,1296.0,1560.0,1138.0,1340.5,1272.5,1407.5,1339.0,1346.0,1360.0,1466.0,1335.0,1278.0,1665.0,1340.0,1241.5,1385.5,1389.5,1289.0,1303.5,1336.5,1397.5,1325.0,1305.0,1734.0,1339.0,1272.0,1290.0,1163.5,1660.0,1308.0,1462.0,1533.0,1562.0,
0000000000000000003a_0,1565.0,1642.0,1495.0,1534.0,1482.0,1572.0,1507.5,1533.5,1520.5,1540.5,1450.0,1492.0,1496.0,1462.0,1445.0,1550.0,1451.5,1402.5,1396.0,1465.0,1445.0,1378.0,1410.0,1588.5,1447.0,1470.0,1490.0,1426.0,1590.0,1540.0,1597.5,1475.0,1572.0,
0000000000000000003b_0,1194.0,1263.0,1073.0,1291.0,1275.5,1252.0,1263.0,1311.0,1234.0,1325.5,1258.0,1211.0,1282.0,1063.5,984.0,1325.0,1199.5,1198.0,1137.0,1326.0,1227.5,1159.0,1207.0,1467.0,1232.0,1139.0,1178.0,1102.0,1358.5,1297.0,1355.0,1359.0,1299.0,
0000000000000000003c_0,890.0,1199.0,722.0,1105.0,1148.0,1151.0,1112.5,1265.5,1113.0,1149.0,1128.5,1058.0,1160.0,1041.0,940.0,1230.0,1091.0,1047.5,1043.5,1163.0,1157.0,1069.5,1086.0,1364.0,1188.0,930.0,1039.5,948.0,1182.0,1158.0,1324.0,1293.0,1185.0,
0000000000000000003d_0,2057.0,1892.0,1317.0,1502.0,1515.0,1398.5,1482.0,1527.5,1548.0,1569.0,1532.0,1620.0,1645.0,1468.5,1336.5,1496.0,1377.0,1420.0,1366.0,1408.0,1358.0,1366.0,1357.0,1837.0,1440.0,1398.0,1377.0,1652.0,1735.0,1631.0,1532.0,1547.5,1431.0,
0000000000000000003e_0,1773.0,1798.0,1586.0,1635.5,1596.0,1739.0,1580.0,1650.5,1618.5,1696.0,1699.0,1607.5,1670.0,1565.0,1505.5,1569.0,1446.0,1482.5,1517.0,1532.0,1512.0,1502.0,1440.5,1899.0,1520.0,1475.5,1437.5,1721.5,1832.0,1715.0,1700.0,1689.0,1706.0,
0000000000000000003f_0,1269.0,1275.0,1038.0,1265.0,1224.0,1305.0,1263.0,1312.0,1292.5,1335.0,1354.0,1263.5,1183.0,1231.0,1296.0,1378.5,1188.0,1285.5,1343.5,1369.0,1365.0,1353.5,1294.5,1310.0,1315.5,1319.0,1313.0,1209.5,1319.0,1269.0,1228.0,1211.0,1300.5,
00000000000000000040_0,1512.0,1376.0,1308.0,1381.0,1396.0,1528.0,1428.0,1469.0,1470.0,1452.0,1483.0,1424.0,1317.0,1444.0,1470.0,1586.0,1450.0,1469.5,1478.0,1574.0,1518.0,1505.5,1487.0,1402.0,1511.0,1512.0,1510.5,1372.0,1427.5,1406.0,1441.0,1355.0,1277.5,
00000000000000000041_0,1624.5,1639.0,1547.0,1631.0,1516.0,1510.0,1488.5,1632.5,1609.0,1607.0,1505.5,1457.5,1631.0,1438.5,1500.0,1543.0,1511.0,1472.5,1448.0,1550.0,1520.0,1459.5,1474.5,1830.5,1519.0,1421.0,1436.0,1491.0,1878.0,1769.0,1783.0,1642.0,1666.0,
00000000000000000042_0,1329.0,1655.0,1175.5,1319.5,1278.0,1258.0,1329.0,1398.0,1357.0,1416.0,1362.0,1294.0,1492.0,1330.0,1231.0,1324.0,1260.0,1266.0,1245.0,1343.0,1356.0,1316.0,1302.0,1596.0,1358.0,1300.5,1286.0,1233.0,1456.0,1339.0,1491.5,1509.0,1410.5,
00000000000000000043_0,1061.0,1113.0,971.0,1177.0,1135.0,1172.0,1235.0,1262.5,1252.0,1334.0,1273.0,1180.0,1241.0,1143.0,1163.0,1293.0,1235.0,1218.0,1222.5,1303.0,1283.0,1166.5,1225.0,1282.0,1285.0,1164.0,1173.0,1062.0,1254.0,1182.0,1280.0,1282.0,1212.0,
00000000000000000044_0,1437.0,1678.0,1422.0,1411.5,1408.0,1360.0,1505.5,1493.0,1503.0,1435.0,1408.0,1408.0,1414.0,1397.0,1380.0,1485.0,1537.5,1389.0,1459.0,1449.0,1474.0,1634.0,1531.0,1609.0,1551.0,1517.5,1450.0,1489.0,1525.5,1493.0,1498.0,1573.0,1649.0,
00000000000000000045_0,1229.0,1534.0,1105.0,1210.5,1375.0,1299.0,1244.0,1259.5,1290.0,1424.0,1278.0,1302.0,1173.0,1200.0,1115.5,1400.0,1291.0,1182.0,1321.5,1213.5,1392.0,1467.5,1348.0,1511.0,1335.5,1350.0,1322.5,1360.0,1440.0,1237.0,1449.0,1606.0,1512.5,
00000000000000000046_0,1848.0,1745.5,1442.5,1418.0,1436.0,1518.0,1496.5,1467.0,1477.0,1438.5,1499.0,1484.0,1606.0,1469.5,1458.0,1514.0,1447.0,1395.0,1416.0,1438.5,1482.0,1619.0,1455.0,1707.0,1464.0,1489.0,1459.5,1618.0,1641.5,1580.0,1635.0,1945.5,1589.5,
00000000000000000047_0,1561.0,1788.0,1351.5,1560.5,1561.0,1733.5,1571.5,1622.0,1629.0,1504.5,1527.0,1577.0,1528.0,1492.0,1444.0,1598.0,1551.0,1507.5,1678.5,1517.0,1631.0,1713.0,1650.0,1767.0,1652.0,1539.0,1511.0,1589.0,1743.0,1637.5,1709.5,2154.5,1798.0,
00000000000000000048_0,1423.0,1653.0,1378.5,1478.5,1436.0,1422.0,1515.0,1519.0,1496.0,1477.5,1480.5,1555.5,1389.0,1436.0,1400.5,1487.5,1448.5,1442.0,1394.5,1452.0,1545.5,1582.0,1455.5,1660.5,1454.5,1535.0,1470.5,1504.0,1556.5,1473.5,1427.0,1601.0,1577.0,
00000000000000000049_0,1345.0,1637.5,1278.0,1288.0,1323.0,1445.0,1485.0,1470.0,1420.0,1395.0,1447.0,1434.5,1451.0,1332.5,1310.5,1441.0,1293.0,1368.0,1406.5,1492.0,1408.5,1606.0,1452.0,1481.0,1329.0,1433.0,1478.0,1383.0,1507.0,1397.5,1487.5,2322.0,1600.5,
0000000000000000004a_0,1301.0,1299.5,1066.0,1271.5,1372.0,1495.0,1325.5,1331.0,1350.0,1428.0,1450.0,1342.5,1157.0,1353.5,1279.0,1396.0,1273.5,1332.0,1327.0,1351.0,1420.5,1337.0,1372.0,1466.0,1407.0,1317.5,1288.0,1412.0,1460.0,1284.0,1444.5,1440.5,1472.5,
0000000000000000004b_0,1069.5,1295.0,921.0,1184.0,1174.0,1162.5,1180.0,1180.0,1197.0,1229.0,1389.5,1342.0,1110.0,1144.0,1100.0,1282.5,1153.0,1181.0,1149.0,1142.0,1153.0,1224.5,1178.5,1396.0,1323.0,1150.5,1223.0,1287.0,1249.5,1186.0,1338.5,1378.0,1374.0,
0000000000000000004c_0,1022.0,1021.0,875.5,931.0,986.5,1010.0,1039.0,1046.5,1104.0,1096.5,997.5,1017.5,1020.0,1024.5,1025.5,1124.5,1115.0,1064.0,1081.0,1139.0,1144.5,1099.5,1114.0,1063.0,1210.0,1166.5,1058.0,919.0,1067.0,1049.0,1168.0,1112.0,1115.5,
0000000000000000004d_0,914.5,1208.0,651.0,1081.0,811.0,981.0,1032.5,1119.0,1005.5,1248.5,1001.0,982.5,988.5,974.0,867.5,1181.0,1089.5,976.5,1034.5,1212.0,1279.0,815.0,1164.0,1385.0,1176.0,1001.0,1107.0,883.5,1240.0,1120.5,1361.0,1208.0,1154.0,
0000000000000000004e_0,1613.5,1402.5,1351.0,1441.5,1386.0,1465.0,1473.0,1409.0,1390.5,1441.5,1362.0,1291.0,1624.0,1309.0,1334.0,1345.0,1299.0,1395.0,1299.0,1353.5,1344.5,1360.5,1298.5,1656.0,1344.5,1348.0,1308.0,1387.0,1217.0,1278.0,1318.0,1290.0,1353.0,
0000000000000000004f_0,1226.0,1330.0,1073.0,1313.5,1242.5,1278.0,1284.0,1291.0,1231.0,1285.0,1228.5,1215.0,1455.5,1179.5,1148.0,1296.0,1228.0,1211.0,1205.0,1229.0,1195.5,1053.0,1254.0,1384.0,1318.0,1173.0,1197.0,1173.0,1306.0,1295.5,1375.5,1372.0,1291.0,
00000000000000000050_0,1015.0,1074.0,934.0,1010.0,1005.0,1027.5,1092.0,1079.0,1082.5,1173.0,1126.0,1131.5,1082.0,1084.5,1117.0,1180.0,1170.0,1149.0,1132.0,1200.5,1091.5,1065.0,1230.0,1039.0,1271.0,1182.0,1168.5,961.5,1057.5,1044.0,1181.5,1212.5,1025.0,
00000000000000000051_0,927.0,1173.5,763.5,947.0,1177.0,967.0,1086.5,1178.0,1105.0,1199.0,1056.0,998.0,1045.0,997.0,850.0,1142.0,1134.0,1041.0,1081.5,1287.0,1174.0,745.0,1207.0,1274.0,1304.0,978.5,1097.5,915.0,1277.5,924.0,1485.0,1319.0,1322.0,
00000000000000000052_0,1682.5,1544.0,1615.0,1647.0,1625.0,1711.0,1665.0,1643.0,1597.0,1610.0,1606.0,1637.0,1478.0,1699.0,1726.0,1696.5,1700.0,1697.0,1715.0,1764.0,1706.0,1714.5,1637.0,1591.0,1761.0,1855.0,1721.0,1544.5,1385.0,1509.5,1535.0,1437.0,1524.5,
00000000000000000053_0,1149.5,1136.0,1004.5,1161.0,1159.0,1121.0,1176.0,1270.0,1196.0,1260.5,1165.0,1163.5,1102.0,1159.0,1161.0,1291.0,1270.0,1240.0,1214.0,1289.5,1253.5,1127.0,1276.0,1248.0,1307.5,1217.0,1261.5,1009.0,1184.0,1189.0,1317.5,1193.0,1186.5,
00000000000000000054_0,1518.0,1451.5,1296.5,1497.0,1501.5,1562.5,1474.5,1555.5,1488.5,1529.0,1498.5,1491.0,1482.0,1545.5,1525.0,1573.5,1536.0,1523.0,1452.5,1572.0,1527.0,1616.0,1611.0,1456.0,1656.5,1588.5,1578.0,1407.0,1491.0,1407.5,1544.0,1476.0,1413.5,
00000000000000000055_0,1178.0,1195.5,1028.0,1174.5,1159.0,1237.0,1266.0,1209.5,1163.0,1252.5,1161.0,1202.5,1142.5,1177.0,1176.0,1240.0,1225.0,1249.0,1184.0,1266.0,1213.0,1094.5,1274.0,1239.0,1250.5,1192.0,1188.5,1131.0,1309.0,1186.0,1306.0,1268.0,1200.0,
00000000000000000056_0,1344.5,1364.5,1247.5,1297.0,1276.5,1466.0,1347.0,1393.5,1363.5,1412.0,1352.0,1368.0,1318.0,1310.5,1284.0,1406.0,1388.0,1349.0,1341.0,1428.0,1357.0,1224.0,1416.0,1337.0,1405.5,1284.5,1383.0,1292.5,1408.0,1341.5,1493.5,1321.5,1353.0,
00000000000000000057_0,1637.0,1504.0,1487.0,1511.0,1426.0,1570.0,1395.5,1479.0,1471.0,1458.5,1466.0,1440.0,1479.0,1403.0,1388.0,1440.0,1379.0,1418.0,1375.0,1471.0,1451.0,1383.0,1460.0,1530.0,1515.0,1410.0,1492.0,1423.5,1489.0,1478.0,1473.5,1431.0,1425.0,
00000000000000000058_0,860.0,776.0,445.0,840.0,727.0,721.0,843.5,906.0,874.0,993.0,835.5,810.0,789.0,870.0,834.0,942.0,942.5,853.0,871.5,914.0,835.5,727.0,937.0,890.0,895.0,913.0,900.0,612.5,852.0,738.0,1040.0,877.0,834.5,
00000000000000000059_0,1261.0,1205.0,1179.0,1303.0,1288.0,1379.0,1366.0,1336.0,1325.0,1350.0,1267.5,1255.0,1187.5,1228.0,1289.5,1333.0,1346.5,1351.0,1317.5,1397.0,1331.0,1316.0,1364.0,1180.0,1335.0,1326.0,1354.0,1140.0,1251.5,1206.0,1362.0,1307.0,1361.0,
0000000000000000005a_0,1772.5,1940.0,1177.0,1423.0,1339.0,1608.0,1467.0,1568.0,1475.0,1512.0,1433.0,1369.0,1707.5,1394.0,1435.5,1453.0,1355.0,1406.0,1389.0,1448.0,1461.0,1285.0,1436.0,1457.0,1467.0,1394.0,1427.5,1627.0,1606.0,1397.0,1565.0,1530.5,1506.0,
0000000000000000005b_0,1313.0,1271.0,1138.0,1222.0,1274.0,1358.0,1320.0,1327.0,1291.0,1309.0,1253.0,1264.5,1264.0,1310.5,1290.5,1361.0,1282.0,1332.0,1263.0,1350.0,1316.0,1210.0,1348.5,1288.0,1337.0,1269.0,1286.5,1175.0,1244.0,1258.0,1332.0,1294.0,1288.5,
0000000000000000005c_0,1684.0,1525.0,1551.0,1571.5,1547.0,1623.5,1583.0,1502.0,1495.0,1414.5,1512.0,1528.0,1597.0,1548.0,1482.0,1442.0,1446.5,1496.0,1528.5,1503.0,1421.0,1526.0,1438.0,1471.0,1520.0,1494.0,1492.0,1575.0,1529.0,1541.0,1547.0,1461.0,1501.0,
0000000000000000005d_0,1323.0,1297.0,1314.0,1341.0,1324.0,1346.5,1355.5,1272.0,1275.0,1265.5,1301.5,1318.0,1282.0,1332.0,1357.0,1316.0,1291.0,1322.0,1317.0,1369.0,1267.5,1388.0,1253.0,1329.0,1317.0,1379.0,1325.0,1279.0,1179.5,1268.5,1287.0,1200.5,1251.5,
0000000000000000005e_0,799.0,1216.0,765.0,840.0,869.5,791.0,966.0,905.0,945.0,1163.0,1029.5,909.0,733.0,826.0,864.0,1093.0,1057.0,946.5,1053.0,883.0,973.5,736.0,1203.0,1091.0,1197.0,805.0,953.0,900.0,1465.0,695.5,1169.5,1371.0,1200.0,
0000000000000000005f_0,1604.0,1528.5,1630.0,1598.0,1499.0,1483.0,1504.0,1483.0,1504.0,1416.5,1478.0,1486.0,1571.0,1455.0,1397.0,1351.5,1368.5,1366.0,1389.0,1453.5,1442.0,1424.0,1371.5,1489.0,1417.5,1434.5,1442.0,1621.0,1375.0,1518.0,1558.0,1511.0,1569.0,
00000000000000000060_0,592.0,956.0,325.0,564.0,1200.0,791.0,684.5,766.5,940.0,1115.0,827.5,824.0,660.0,752.0,903.0,1038.0,1040.0,864.5,946.5,620.0,815.0,452.0,1032.0,1018.0,1054.0,876.0,796.0,618.0,1230.5,561.0,1373.0,1294.0,1149.5,
00000000000000000061_0,1053.0,1332.0,931.5,1329.0,1541.0,1239.5,1458.0,1471.0,1318.0,1475.0,1442.0,1195.5,1101.0,936.0,1031.0,1408.0,1354.0,1298.0,1337.0,1338.0,1109.0,1168.0,1303.5,1586.0,1447.5,1051.0,1185.0,1053.0,1465.0,1101.0,1718.0,1654.5,1512.0,
00000000000000000062_0,1177.5,1205.0,1133.5,1140.0,1142.0,1179.5,1223.0,1170.5,1131.0,1180.0,1140.5,1114.0,1218.5,1201.5,1174.0,1194.5,1215.0,1204.0,1172.0,1156.0,1176.5,1189.0,1221.0,1209.0,1252.0,1162.0,1186.0,1088.5,1132.0,1130.5,1299.0,1140.0,1155.0,
00000000000000000063_0,1403.0,1401.0,1433.0,1363.0,1355.0,1395.0,1370.0,1339.0,1354.0,1362.0,1350.0,1372.0,1391.0,1402.0,1382.0,1356.5,1348.0,1348.0,1364.0,1420.0,1346.0,1420.5,1377.0,1394.0,1406.5,1393.0,1390.0,1355.0,1357.0,1380.0,1397.0,1399.0,1379.5,
00000000000000000064_0,592.0,710.5,451.0,516.5,872.0,661.5,660.0,678.5,724.0,824.0,759.0,657.0,563.0,442.0,563.0,710.0,651.0,744.0,718.0,853.5,628.5,765.0,859.0,800.0,906.0,583.0,735.5,606.0,827.0,662.0,805.0,929.0,862.0,
00000000000000000065_0,527.5,857.0,244.0,583.0,767.0,492.0,597.5,717.0,785.0,898.0,766.5,680.0,492.0,591.0,648.0,785.5,749.5,795.0,794.5,1014.0,539.5,732.0,838.0,862.0,852.0,550.5,692.0,452.0,842.0,583.5,834.0,1006.0,846.0,
00000000000000000066_0,1464.0,1426.0,1180.5,1259.5,1281.0,1318.0,1266.0,1321.0,1324.0,1335.0,1292.0,1273.0,1431.5,1337.0,1294.5,1286.5,1293.0,1301.0,1266.5,1327.0,1253.0,1415.0,1315.0,1429.0,1284.0,1292.0,1254.0,1313.0,1274.0,1325.0,1316.5,1299.0,1324.5,
00000000000000000067_0,323.0,766.0,215.0,182.0,158.5,527.0,477.5,472.0,585.0,771.0,594.0,363.0,359.0,462.0,361.5,698.0,628.5,551.5,535.5,541.5,499.5,494.0,879.5,597.0,908.0,610.0,873.0,419.0,662.0,443.5,842.5,929.5,754.0,
00000000000000000068_0,1521.0,1340.0,1321.5,1237.0,1249.0,1271.0,1215.0,1221.0,1267.0,1249.5,1208.0,1271.0,1439.0,1253.5,1281.5,1314.5,1302.0,1264.0,1264.0,1392.0,1268.0,1287.0,1225.0,1469.5,1294.0,1285.0,1272.0,1301.0,1217.5,1353.0,1356.0,1242.0,1250.0,
00000000000000000069_0,1855.0,1721.5,1757.0,1708.5,1694.0,1626.0,1658.5,1660.0,1642.5,1628.0,1679.0,1589.0,1741.0,1621.0,1694.0,1641.0,1621.0,1586.0,1626.0,1626.0,1663.0,1663.0,1575.0,1711.0,1642.0,1684.0,1682.0,1604.0,1563.0,1674.0,1691.0,1582.0,1655.0,
0000000000000000006a_0,1273.0,1164.0,1207.5,1227.0,1210.0,1271.5,1241.5,1270.5,1215.0,1266.5,1232.0,1259.5,1256.5,1294.5,1279.0,1253.0,1202.5,1275.5,1272.5,1295.5,1292.5,1259.0,1223.0,1278.5,1300.0,1325.0,1300.5,1209.0,1062.5,1177.0,1229.0,1064.0,1169.5,
0000000000000000006b_0,130.5,477.0,75.0,124.0,457.5,270.0,359.0,473.0,510.0,609.0,526.0,512.0,206.5,419.0,314.0,539.0,479.0,521.5,549.5,602.0,379.0,263.0,727.5,594.0,761.0,457.0,728.0,155.0,447.0,197.5,787.5,670.0,566.0,
0000000000000000006c_0,385.0,845.0,214.0,258.5,963.0,527.0,354.0,638.0,655.0,834.5,686.0,625.0,456.0,497.5,390.0,706.0,433.0,535.0,688.0,843.0,745.5,305.5,903.0,778.5,893.0,457.0,551.0,352.0,897.0,497.5,1084.0,1033.0,971.0,
0000000000000000006d_0,2129.0,2209.5,1799.0,1821.0,1751.0,1769.0,1714.0,1818.0,1742.0,1779.0,1688.0,1693.0,2096.0,1745.0,1707.0,1679.5,1695.0,1660.0,1650.5,1741.5,1689.0,1622.0,1666.5,1974.5,1710.5,1624.0,1628.0,1797.5,1946.0,1879.0,1909.5,1914.0,1828.0,
0000000000000000006e_0,2002.0,1853.0,1934.0,1892.0,1848.0,1863.0,1834.0,1796.0,1798.5,1815.5,1780.0,1787.0,1928.0,1814.0,1805.5,1761.0,1770.0,1731.0,1683.0,1733.0,1724.5,1736.0,1724.0,1940.0,1724.5,1742.0,1675.0,1757.0,1714.5,1926.0,1855.5,1852.5,1900.0,
0000000000000000006f_0,1665.0,1533.0,1385.0,1485.0,1450.0,1425.0,1587.5,1570.0,1485.5,1495.0,1430.0,1426.0,1677.0,1491.0,1450.0,1535.0,1499.0,1520.5,1436.0,1470.0,1309.0,1247.0,1438.0,1580.0,1422.0,1368.5,1383.0,1460.5,1500.5,1505.0,1585.0,1455.0,1523.5,
00000000000000000070_0,1818.0,1639.0,1696.0,1659.0,1544.0,1615.0,1610.0,1546.5,1543.0,1501.0,1509.0,1493.5,1716.5,1554.0,1525.0,1608.5,1473.0,1492.5,1481.5,1477.0,1514.0,1531.5,1507.0,1675.5,1591.0,1506.0,1477.0,1588.0,1563.5,1640.0,1618.5,1575.0,1722.0,
00000000000000000071_0,1586.5,1611.0,1374.0,1521.5,1445.5,1464.0,1349.0,1463.0,1447.5,1440.0,1461.0,1387.0,1686.0,1357.0,1351.0,1459.0,1387.0,1360.0,1365.0,1367.0,1377.0,1247.5,1409.5,1562.0,1388.5,1377.0,1403.0,1428.5,1584.0,1525.0,1638.5,1516.0,1529.5,
00000000000000000072_0,2244.0,1923.0,1972.0,1963.0,1888.5,1907.5,1892.5,1860.5,1752.0,1715.0,1782.5,1803.5,1926.5,1779.0,1786.5,1811.5,1728.0,1790.0,1753.0,1749.5,1764.5,1837.0,1727.0,1810.5,1658.0,1689.0,1672.0,1836.0,1776.0,1945.0,1903.0,1770.0,1839.0,
00000000000000000073_0,1278.0,1349.0,1169.0,1319.0,1313.5,1324.0,1284.0,1350.5,1218.5,1314.5,1245.0,1179.0,1399.0,1110.0,1103.5,1327.0,1320.5,1206.0,1292.0,1179.0,1074.0,878.0,1329.5,1574.0,1321.0,1163.0,1244.0,1135.5,1471.5,1261.0,1615.0,1501.0,1447.5,
00000000000000000074_0,2341.5,1904.0,1991.0,1809.5,1791.5,1819.5,1843.0,1854.0,1809.0,1821.5,1827.0,1806.0,2241.0,1828.5,1812.0,1844.0,1769.5,1794.0,1738.5,1724.5,1718.0,1789.0,1782.0,2287.5,1833.0,1796.5,1758.5,1866.0,1930.0,1940.5,1957.0,1784.0,1865.0,
00000000000000000075_0,116.0,617.0,159.5,322.0,362.0,270.0,343.0,591.0,472.0,668.5,553.0,289.0,670.5,311.0,130.0,531.5,546.5,731.0,448.0,619.5,711.0,308.0,743.0,840.0,749.5,269.0,519.5,278.5,610.5,630.0,864.5,822.0,795.0,
00000000000000000076_0,375.0,1024.0,446.0,875.0,366.0,746.0,565.5,820.0,784.0,1013.0,782.0,532.0,1177.0,689.0,580.0,973.0,843.0,596.0,731.0,635.5,910.0,610.5,953.5,833.0,889.0,535.0,433.0,493.5,1061.0,595.0,1257.0,959.0,1097.0,
00000000000000000077_0,1068.0,1334.0,1004.5,1167.5,1143.5,1202.0,1224.0,1279.0,1215.0,1148.5,1170.5,1159.5,1299.5,1246.0,1083.0,1292.5,1187.5,1214.0,1094.0,1254.0,1177.0,936.0,1172.0,1492.0,1215.0,1129.5,1131.0,752.0,1452.0,1453.0,1371.0,1342.0,1268.5,
00000000000000000078_0,961.0,1278.0,808.0,1289.0,1224.0,1071.0,1014.5,1186.5,1229.0,1263.0,1110.0,1063.0,1332.0,1118.5,916.0,1276.0,1111.0,1089.0,1031.0,1224.0,1100.0,883.0,1149.0,1370.0,1143.0,891.0,1135.5,878.5,1328.0,1668.0,1371.0,969.0,1357.0,
00000000000000000079_0,1620.0,1859.0,1221.5,1657.0,1075.0,1246.0,1387.5,1442.0,1515.5,1500.0,1392.5,1271.0,1649.0,1333.0,1268.5,1372.5,1343.5,1377.5,1297.0,1362.0,1273.5,1162.0,1450.0,1830.0,1457.0,1390.5,1420.0,1178.0,1860.0,1606.0,1559.0,1627.0,1602.0,
0000000000000000007a_0,1282.0,1437.0,1116.0,1352.5,1154.5,1246.0,1153.0,1263.0,1205.0,1285.5,1233.0,1143.0,1162.5,1172.0,1173.0,1303.5,1282.0,1144.0,1174.5,1150.0,1019.0,877.0,1135.0,1363.0,1138.0,1118.0,1144.0,1136.0,1443.0,1370.5,1358.0,1245.5,1388.5,
0000000000000000007b_0,1423.0,1600.0,1415.0,1537.0,1446.0,1464.0,1471.0,1538.5,1510.5,1536.5,1473.0,1505.0,1524.0,1519.0,1424.0,1631.0,1491.5,1465.0,1396.0,1477.0,1395.0,1361.0,1539.0,1741.0,1551.0,1524.5,1502.0,1294.5,1776.0,1512.0,1721.5,1474.0,1649.0,
0000000000000000007c_0,665.0,926.5,484.0,1013.5,610.0,868.0,887.5,932.0,959.0,1050.0,889.0,820.5,917.0,907.0,818.5,1097.0,976.0,966.0,920.0,1053.5,939.0,758.0,1053.5,1062.0,1046.0,953.0,871.5,639.0,923.5,1015.0,1238.0,1000.5,1110.0,
0000000000000000007d_0,838.0,1117.0,828.0,998.0,847.5,901.5,963.0,1068.5,1123.0,1120.0,1051.0,902.0,1206.5,995.0,876.0,1105.5,1028.0,1059.0,1027.0,1016.0,1032.0,803.0,1185.0,1211.5,1180.0,994.0,1031.0,794.5,1239.0,1090.0,1264.0,1289.0,1237.0,
0000000000000000007e_0,2215.0,1868.0,1812.5,1945.0,1883.0,1878.0,1803.0,1730.0,1748.0,1780.5,1726.0,1610.0,1892.5,1645.0,1696.0,1707.0,1632.0,1629.0,1618.0,1554.5,1573.5,1599.0,1521.5,1840.0,1535.5,1529.5,1510.0,1858.5,1765.0,2036.5,1775.0,1598.5,1727.0,
0000000000000000007f_0,1255.5,1432.0,1128.0,1380.0,1179.0,1236.0,1329.5,1302.0,1251.0,1148.5,1297.0,1150.0,1335.0,1146.0,1067.5,1336.0,1287.0,1169.5,1151.0,1197.0,1268.5,1085.5,1402.0,1496.5,1345.0,1213.0,1324.5,1142.0,1515.5,1602.0,1570.0,1473.5,1375.0,
00000000000000000080_0,1346.5,1614.0,1403.0,1443.0,1340.0,1397.0,1410.5,1446.5,1390.0,1457.0,1359.0,1332.0,1429.0,1311.5,1292.5,1380.0,1388.5,1348.0,1357.0,1361.0,1334.0,1219.0,1395.0,1490.0,1390.5,1364.0,1378.0,1580.0,1616.0,1588.5,1618.5,1507.0,1478.0,
00000000000000000081_0,865.0,903.0,674.0,980.0,769.0,801.0,828.0,974.0,1002.0,1003.5,1122.0,867.0,873.5,851.0,899.5,986.5,939.5,879.0,866.0,855.0,1029.0,806.5,999.5,889.0,1044.0,927.0,949.0,1021.0,1005.0,1101.0,1233.5,1027.0,957.0,
00000000000000000082_0,1559.5,1367.5,1327.0,1383.5,1347.0,1318.0,1470.0,1432.0,1477.0,1437.5,1425.0,1392.0,1385.0,1439.0,1404.0,1440.5,1393.0,1387.0,1362.0,1371.5,1404.0,1339.0,1310.0,1410.0,1336.0,1343.0,1351.0,1469.0,1222.0,1443.0,1442.0,1205.5,1215.5,
00000000000000000083_0,1479.5,1172.5,1213.0,1396.0,1335.0,1436.5,1387.0,1382.0,1410.0,1369.0,1331.5,1286.5,1347.5,1359.0,1309.5,1315.5,1338.0,1239.0,1210.0,1205.0,1231.0,1402.0,1212.0,1386.0,1438.0,1238.0,1238.5,1382.0,1207.0,1389.5,1523.0,1292.0,1170.0,
00000000000000000084_0,1735.5,1670.0,1632.0,1735.0,1712.0,1636.0,1599.0,1684.0,1633.0,1683.0,1664.0,1620.0,1784.0,1583.0,1537.0,1564.0,1482.0,1562.0,1489.0,1522.0,1488.0,1572.0,1558.0,1771.5,1595.0,1710.5,1500.0,1797.0,1762.0,1746.0,1881.5,1610.0,1764.0,
00000000000000000085_0,1547.0,1589.0,1596.0,1651.0,1681.0,1534.0,1462.5,1561.5,1487.0,1708.0,1719.0,1566.5,1735.0,1589.0,1593.0,1572.0,1575.0,1488.0,1480.0,1516.0,1517.0,1385.0,1574.0,1722.0,1533.5,1671.5,1484.0,1701.0,1717.0,1746.0,1979.0,1591.5,1791.0,
00000000000000000086_0,1359.5,1466.0,1025.0,1544.5,1716.5,1445.0,1325.0,1331.0,1289.0,1477.0,1406.0,1301.5,1584.0,1278.0,1180.0,1311.0,1343.0,1394.0,1236.0,1275.0,1422.5,1152.0,1499.0,1736.0,1410.5,1475.0,1431.0,1675.5,1803.0,1762.0,1452.0,1419.5,1723.5,
00000000000000000087_0,1422.0,1472.5,1372.0,1581.5,1502.0,1583.0,1542.0,1549.5,1531.0,1589.0,1545.0,1481.0,1583.0,1450.0,1399.0,1479.0,1465.0,1386.0,1363.0,1368.0,1402.0,1494.5,1529.5,1654.5,1378.5,1437.0,1568.0,1599.0,1604.0,1530.0,1511.0,1641.0,1662.5,
00000000000000000088_0,749.0,954.0,498.5,755.5,897.0,958.0,890.0,979.0,979.0,1018.0,1148.0,1020.0,924.0,947.0,874.0,1098.0,1037.0,1011.0,976.0,1042.0,916.0,957.5,1121.0,1201.0,1084.0,921.0,1000.0,1066.0,1031.0,748.0,1175.5,1101.0,1211.5,
00000000000000000089_0,1696.0,1458.0,1417.5,1474.0,1520.0,1477.0,1471.0,1487.5,1484.5,1480.0,1516.0,1431.5,1527.5,1425.0,1390.0,1474.5,1368.5,1367.5,1295.0,1312.0,1305.0,1325.0,1365.5,1612.5,1478.0,1289.5,1296.0,1561.5,1505.0,1512.0,1785.0,1554.0,1431.5,
0000000000000000008a_0,328.5,632.5,117.0,373.0,460.0,593.0,419.0,486.5,620.0,775.0,865.5,569.0,204.0,657.0,595.0,654.0,651.0,495.0,531.0,510.5,864.0,347.0,805.5,928.0,857.5,668.0,696.5,655.0,862.0,303.0,1167.0,959.0,919.5,
0000000000000000008b_0,2201.0,1886.0,1964.0,2019.5,1962.0,1947.0,1928.0,1930.0,1954.5,1892.5,1882.5,1824.5,2016.5,1898.0,1774.5,1903.5,1725.0,1832.0,1792.0,1744.5,1746.0,2009.5,1922.0,2031.5,1883.0,1825.0,1834.0,1908.5,1974.0,2041.0,1777.0,2016.5,1845.5,
0000000000000000008c_0,1273.5,1333.0,1128.0,1353.0,1407.0,1379.0,1391.0,1471.0,1314.5,1475.0,1504.5,1444.0,1385.0,1367.5,1316.5,1398.5,1362.0,1308.0,1241.0,1381.5,1360.5,1586.0,1449.0,1630.5,1421.0,1291.5,1255.5,1340.5,1618.0,1463.0,1431.5,1497.0,1558.5,
0000000000000000008d_0,1713.0,1362.0,1412.0,1579.0,1447.5,1413.0,1485.5,1553.0,1562.5,1580.5,1480.0,1453.5,1462.5,1514.0,1457.0,1559.0,1444.5,1418.0,1416.0,1490.0,1417.0,1460.0,1380.0,1515.0,1434.0,1437.5,1404.5,1625.0,1408.0,1589.0,1544.0,1343.0,1358.0,
0000000000000000008e_0,1675.0,1616.0,1621.0,1637.5,1568.5,1543.0,1625.0,1538.0,1604.0,1627.0,1574.5,1527.0,1606.0,1594.5,1583.0,1651.5,1545.0,1504.0,1558.0,1559.0,1510.5,1590.5,1512.0,1657.0,1558.0,1603.0,1534.0,1559.0,1649.0,1661.0,1677.0,1549.0,1550.0,
0000000000000000008f_0,1004.0,1191.0,915.0,881.0,965.0,1100.5,1337.5,1188.0,1137.0,1145.0,1334.5,1140.0,939.5,1032.0,992.5,1163.5,1192.0,1116.0,1052.0,1228.0,1181.0,1313.0,1285.0,1334.0,1252.0,1140.0,1198.0,1341.0,1296.0,1107.5,1388.0,1379.5,1292.0,
00000000000000000090_0,698.0,942.0,530.0,945.5,696.5,757.0,1101.0,967.5,925.0,969.5,1115.0,889.0,983.0,811.0,715.5,984.0,897.0,923.0,871.5,863.0,939.0,665.0,1008.0,1065.0,1066.0,861.0,1052.0,1066.0,1122.0,994.5,1129.5,1153.5,1084.5,
00000000000000000091_0,1262.0,1086.0,1184.0,1217.0,1145.5,1231.0,1349.0,1338.0,1383.5,1350.0,1342.0,1333.0,1144.0,1338.0,1357.0,1395.0,1299.0,1326.0,1395.5,1367.5,1382.0,1483.0,1375.0,1159.0,1375.5,1441.0,1424.5,1181.0,1063.0,1209.0,1258.0,1203.0,1143.5,
00000000000000000092_0,1110.0,1138.5,832.5,959.5,1057.0,963.5,1140.0,1023.0,1033.0,1129.0,1148.0,972.0,1112.0,1090.0,947.0,1150.0,1139.5,1157.0,1086.0,1140.5,1115.0,1114.0,1130.0,1209.0,1177.0,1139.0,1099.5,1269.0,1238.0,1186.5,1179.0,1218.0,1093.5,
00000000000000000093_0,1941.0,1780.5,1661.0,1861.0,1799.0,1776.0,1715.0,1738.0,1736.0,1735.0,1684.5,1548.0,1987.0,1604.5,1555.0,1668.0,1517.0,1558.0,1458.5,1601.0,1527.0,1497.5,1542.0,1935.0,1525.0,1548.0,1479.0,1938.0,1941.0,1809.0,1924.5,1756.0,1681.5,
00000000000000000094_0,1187.0,1447.5,1169.5,1310.0,1431.0,1312.0,1339.0,1265.0,1305.0,1306.0,1378.0,1346.0,1436.0,1210.5,1050.5,1305.0,1317.0,1252.0,1134.5,1240.0,1421.0,1128.5,1360.0,1559.5,1273.0,1384.0,1299.5,1411.0,1603.0,1443.0,1544.0,1452.5,1521.0,
00000000000000000095_0,840.5,1148.5,737.0,1081.0,1212.5,909.5,928.0,1016.0,952.0,1039.0,1281.5,998.5,1226.0,974.0,729.0,1054.0,1034.0,1030.0,798.0,1089.0,1090.0,916.0,1318.0,1436.0,1225.5,1239.5,1236.5,1266.0,1501.5,1062.0,1467.0,1206.5,1490.0,
00000000000000000096_0,718.5,1201.5,497.0,1009.5,1183.5,777.0,1096.0,951.0,896.0,1039.0,1118.5,1128.0,1142.0,947.5,765.5,1062.0,1049.5,790.0,890.0,765.0,846.0,1122.0,1396.0,1375.0,1198.0,1131.0,1008.5,1062.0,1354.5,986.5,1324.0,1165.0,1289.0,
00000000000000000097_0,1690.5,1826.0,1413.5,1562.5,1583.0,1616.0,1603.5,1670.0,1577.0,1664.0,1623.0,1567.5,1637.0,1618.5,1577.0,1595.0,1554.0,1578.0,1621.0,1570.0,1534.0,1580.5,1606.5,1831.5,1594.5,1712.0,1630.0,1749.5,1774.0,1599.0,1795.0,1795.5,1740.0,
00000000000000000098_0,1655.0,1645.0,1513.0,1571.0,1629.0,1603.0,1490.0,1525.5,1513.0,1510.0,1595.0,1554.0,1578.0,1480.5,1448.5,1576.0,1499.0,1465.0,1593.0,1461.0,1539.0,1661.5,1647.0,1636.5,1556.0,1662.5,1582.0,1602.0,1626.0,1629.0,1445.0,1590.0,1678.0,
00000000000000000099_0,190.0,653.0,202.0,205.0,519.5,215.5,460.0,305.5,546.5,720.0,864.0,515.0,388.0,413.0,266.0,676.0,524.0,522.0,615.5,435.5,737.0,423.0,946.0,707.0,603.0,765.0,681.0,597.0,804.0,585.0,370.0,263.5,884.0,
0000000000000000009a_0,889.0,1280.0,988.5,1016.0,1059.5,1018.0,929.0,852.0,1037.0,1219.0,1382.5,1190.0,1290.0,883.0,845.0,1009.5,1044.0,1056.0,1153.0,1174.0,1012.0,957.5,1302.0,1298.0,1047.5,1269.5,1296.0,1233.0,1402.0,1569.0,1723.0,755.0,1570.5,
0000000000000000009c_0,1155.0,1429.0,1230.5,1170.0,1597.0,1061.5,1094.0,1114.5,1002.0,1488.5,1241.0,1201.0,1298.5,1179.0,1055.0,1275.5,1271.0,1078.0,1322.0,1213.0,1360.0,1116.0,1347.0,1388.0,1146.0,1542.0,1426.0,1320.5,1543.0,955.0,1247.0,2002.0,1593.5,
0000000000000000009d_0,1029.0,1233.0,944.0,1051.0,1264.0,1047.0,1049.0,1076.0,1097.5,1199.0,1254.0,1217.0,1014.0,1038.0,992.0,1152.0,1050.0,1076.0,1138.0,1115.0,1213.0,1045.5,1243.5,1241.0,1072.5,1235.5,1206.0,1198.0,1146.0,1333.0,1179.0,1427.0,1315.5,
0000000000000000009e_0,144.0,486.0,135.0,290.0,469.5,245.5,202.0,333.0,317.0,500.0,575.0,358.5,266.0,331.5,231.0,431.0,335.0,280.0,314.5,253.5,510.5,343.0,817.0,512.0,302.5,664.0,420.5,627.0,745.5,451.0,289.0,349.0,827.5,
0000000000000000009f_0,723.0,1039.5,580.0,706.0,1082.0,836.0,727.0,904.0,951.0,1087.0,1108.0,839.0,917.0,842.0,683.0,1062.0,910.5,742.0,973.0,934.0,1121.0,989.0,1283.0,1094.0,868.5,934.5,1103.0,1039.5,1173.0,800.0,755.0,664.0,1223.5,
000000000000000000a0_0,790.0,1070.0,691.0,813.0,1051.0,897.0,855.5,1004.0,799.0,1099.5,1103.0,1067.0,827.0,855.5,945.0,1007.0,905.0,902.0,1046.5,1074.0,1011.0,1094.0,1326.0,1039.5,964.5,1236.0,1123.0,1031.0,1230.0,784.0,807.0,790.0,1247.0,
000000000000000000a1_0,842.0,1041.0,246.0,313.0,852.5,866.0,822.0,988.5,800.5,983.5,1096.0,1028.5,918.5,911.0,876.5,897.0,844.0,863.5,936.5,1062.5,791.0,886.5,1122.0,1120.0,945.0,1064.0,1123.5,973.0,1002.0,855.5,1233.5,284.5,1156.0,
000000000000000000a2_0,989.0,1451.0,1026.0,1028.0,1437.5,1170.0,1092.0,1136.0,1130.5,1303.0,1377.0,1143.0,986.0,1043.5,818.0,1219.5,1170.0,1067.5,1198.0,1096.0,1316.0,1425.0,1521.0,1399.0,1204.0,1478.5,1317.5,1341.0,1601.0,1433.0,1317.0,904.5,1594.0,
000000000000000000a3_0,257.0,582.5,76.5,166.5,424.0,112.0,525.0,529.5,611.0,673.0,718.0,410.0,230.0,656.0,509.0,731.0,717.0,701.0,731.5,684.0,767.5,416.0,790.0,693.0,770.5,810.5,812.5,614.0,507.0,468.5,556.5,199.5,703.0,
000000000000000000a4_0,1149.0,1402.0,1252.0,1458.0,1401.0,1505.0,1459.0,1443.0,1453.0,1479.5,1522.0,1520.0,1352.0,1451.0,1365.5,1447.0,1440.0,1499.0,1451.0,1433.0,1364.0,1400.5,1574.0,1440.0,1462.5,1474.5,1553.0,1382.0,1354.0,1304.0,1352.0,1376.0,1523.5,
000000000000000000a5_0,1664.0,1620.0,1456.5,1547.0,1508.0,1634.5,1563.0,1626.5,1651.0,1590.5,1633.0,1609.0,1544.0,1575.5,1581.0,1611.0,1564.0,1575.0,1547.5,1569.5,1525.0,1603.5,1603.0,1618.0,1587.0,1629.5,1613.0,1480.0,1517.0,1527.5,1700.0,1555.0,1549.0,
000000000000000000a6_0,691.0,738.0,501.0,493.0,790.5,930.0,1044.0,800.5,882.0,912.0,934.0,979.0,696.5,868.0,955.0,1088.0,928.0,860.5,883.5,915.0,1021.5,1028.5,1075.0,1541.0,1016.0,1068.0,1107.0,1270.0,1004.5,749.0,994.0,769.0,1065.0,
000000000000000000a7_0,958.0,1179.0,722.0,886.0,992.0,859.0,1018.0,996.5,978.0,1152.5,1224.0,1146.5,1051.5,904.0,854.5,1063.0,1075.0,939.5,955.0,1065.5,914.0,744.0,1022.5,1252.5,1068.0,879.0,938.0,1150.0,1280.0,972.0,1083.0,1171.0,1194.0,
000000000000000000a8_0,1103.5,1337.5,1037.0,1144.0,1180.0,1132.0,1197.0,1158.0,1236.5,1276.0,1327.0,1319.0,1107.0,1121.5,1080.0,1272.0,1281.0,1228.5,1160.0,1214.0,1283.0,1150.0,1269.5,1402.5,1331.0,1287.5,1200.5,1327.5,1366.5,1157.0,1261.0,1425.0,1419.0,
000000000000000000a9_0,619.0,1054.5,468.0,573.0,615.0,765.5,723.0,733.0,812.0,1002.0,1185.0,750.0,633.5,812.0,444.5,913.0,785.5,732.0,841.0,989.0,893.0,1167.0,955.0,1251.0,1130.5,751.0,829.0,978.0,1146.0,601.0,1147.5,1188.0,1095.5,
000000000000000000aa_0,1305.0,1568.0,1354.0,1500.0,1441.0,1354.0,1393.0,1405.0,1402.5,1484.0,1506.0,1511.0,1497.0,1357.0,1242.0,1393.0,1302.0,1391.0,1368.5,1364.0,1399.0,1265.0,1438.0,1556.5,1423.5,1434.0,1358.0,1470.0,1575.0,1535.5,1555.0,1681.5,1658.0,
000000000000000000ab_0,1109.0,1295.5,1116.0,1180.0,1170.0,1192.0,1203.0,1213.0,1260.0,1278.0,1273.0,1128.0,1238.0,1150.0,1070.5,1209.0,1296.0,1210.0,1166.5,1244.5,1299.5,1025.0,1259.0,1520.5,1292.0,1200.0,1173.0,1276.0,1455.5,1294.0,1384.0,1404.5,1521.0,
000000000000000000ac_0,1229.0,1450.0,1142.0,1418.0,1271.0,1226.0,1267.0,1340.5,1348.0,1432.5,1423.0,1319.0,1272.0,1282.0,1184.0,1419.0,1356.0,1251.0,1236.0,1324.0,1336.0,1179.0,1333.0,1463.0,1345.0,1263.0,1350.0,1278.0,1526.0,1329.0,1548.5,1455.0,1431.0,
000000000000000000ad_0,1271.0,1504.0,1133.0,1391.0,1194.0,1261.5,1318.0,1301.5,1293.0,1372.5,1374.0,1217.5,1387.0,1220.0,1215.5,1372.5,1378.0,1228.5,1238.0,1396.5,1335.0,1014.0,1374.0,1683.0,1392.5,1134.0,1191.0,1285.0,1725.0,1352.0,1602.5,1543.0,1494.0,
000000000000000000ae_0,1314.0,1555.0,1222.0,1420.0,1213.0,1291.0,1380.0,1377.0,1342.5,1347.0,1351.0,1288.0,1402.0,1270.5,1238.5,1287.0,1294.0,1279.0,1213.5,1298.0,1260.5,1097.0,1270.0,1563.0,1287.0,1229.0,1226.0,1359.5,1799.0,1452.0,1543.0,1477.0,1431.0,
000000000000000000af_0,1662.0,1574.0,1495.0,1552.5,1412.0,1541.0,1624.5,1520.0,1498.5,1492.0,1517.5,1498.0,1530.0,1517.0,1552.0,1596.0,1447.0,1570.0,1513.0,1591.0,1620.0,1621.0,1539.0,1632.0,1561.0,1638.0,1536.0,1513.5,1421.5,1511.0,1492.5,1411.0,1510.5,
000000000000000000b0_0,802.0,972.0,671.0,817.0,910.5,966.0,934.0,1017.0,1027.0,1080.0,976.5,1053.0,1155.0,976.0,902.0,1066.0,1080.5,1065.5,967.0,1148.5,1007.0,854.5,1085.0,969.0,1099.5,969.0,1052.5,809.5,944.0,1012.5,1095.5,1060.0,980.0,
000000000000000000b1_0,993.0,989.5,906.0,978.0,1022.0,1023.0,1029.0,1066.0,1059.5,1149.0,1097.0,1090.0,1022.0,992.0,991.0,1090.0,1061.5,1069.0,1006.0,1092.5,1103.5,968.0,1040.0,1004.0,1059.0,1013.0,1018.5,952.0,980.5,958.0,1078.0,1071.0,1053.5,
000000000000000000b2_0,1696.5,1507.0,1373.0,1407.0,1370.5,1514.0,1438.5,1423.0,1440.0,1484.5,1417.0,1445.0,1492.0,1411.0,1441.0,1465.0,1448.0,1454.0,1378.0,1441.0,1474.0,1409.0,1313.0,1533.0,1390.0,1391.0,1324.0,1462.0,1286.5,1409.0,1455.5,1372.0,1425.0,
000000000000000000b3_0,1309.5,1200.5,1146.0,1172.0,1180.5,1289.5,1295.0,1274.0,1253.0,1373.0,1246.0,1241.0,1188.0,1298.0,1353.0,1348.5,1265.0,1302.5,1300.5,1298.5,1315.0,1304.5,1270.0,1249.0,1339.5,1360.0,1288.5,1190.0,1091.0,1189.0,1105.0,1153.5,1144.5,
000000000000000000b4_0,1550.5,1545.5,1276.0,1406.0,1305.0,1329.0,1419.0,1403.0,1395.5,1417.5,1332.5,1334.0,1494.0,1372.0,1361.0,1383.0,1374.0,1397.0,1313.0,1405.5,1390.5,1224.0,1388.0,1472.0,1396.0,1280.0,1325.5,1430.5,1445.5,1408.0,1462.5,1470.5,1385.0,
000000000000000000b5_0,1662.0,3063.0,1857.0,1776.0,1735.0,1757.0,1681.5,1679.5,1608.0,1657.0,1645.0,1646.0,2287.5,1649.0,1654.0,1647.0,1562.0,1655.5,1535.0,1673.0,1639.0,1575.5,1509.0,2055.0,1627.0,1587.5,1516.0,1845.0,1782.0,1809.0,1749.0,1629.0,1751.0,
000000000000000000b6_0,1595.0,1537.0,1494.5,1497.0,1462.0,1502.0,1442.0,1438.0,1471.0,1518.5,1441.5,1442.0,1519.0,1423.0,1454.0,1471.0,1428.5,1454.0,1395.0,1468.0,1467.0,1486.0,1440.5,1579.0,1461.0,1442.5,1427.5,1447.0,1497.0,1517.5,1523.5,1459.0,1467.0,
000000000000000000b7_0,3049.0,2127.0,1636.0,1671.0,1580.0,1613.0,1592.0,1540.5,1472.0,1480.0,1477.0,1477.0,1874.0,1488.0,1447.0,1495.0,1424.0,1498.0,1434.0,1468.0,1473.0,1466.0,1385.0,1857.0,1422.0,1415.0,1428.0,1830.0,1603.5,1646.0,1607.0,1490.0,1587.0,
000000000000000000b8_0,1290.5,1288.0,1173.0,1246.0,1210.5,1248.0,1223.5,1213.0,1241.0,1307.0,1227.5,1197.0,1253.0,1181.5,1229.5,1271.0,1272.0,1255.0,1213.0,1251.0,1267.5,1217.0,1302.5,1222.5,1292.0,1243.5,1262.0,1185.5,1294.0,1262.5,1307.5,1234.5,1263.5,
000000000000000000b9_0,1917.0,1826.0,1720.0,1743.0,1621.0,1757.5,1700.5,1664.0,1730.5,1736.0,1676.5,1664.0,1804.0,1726.0,1739.0,1724.5,1729.0,1782.0,1748.0,1803.0,1776.0,1772.0,1793.0,1816.5,1779.0,1767.5,1825.0,1683.0,1688.5,1709.0,1665.0,1672.0,1716.0,
000000000000000000ba_0,1265.0,1216.0,678.0,860.0,1124.0,931.0,1040.5,1138.0,1228.0,1288.0,1266.0,1229.0,1268.0,1229.0,1220.0,1300.0,1260.0,1222.0,1163.0,1266.0,1165.0,1205.0,1306.0,1313.5,1263.0,1280.0,1258.0,1231.5,1273.5,1234.0,1320.0,1163.5,1212.5,
000000000000000000bb_0,1279.0,1299.0,1096.0,1248.0,1262.5,1254.0,1350.0,1326.0,1284.0,1331.0,1248.0,1251.0,1305.0,1247.0,1260.0,1285.0,1310.0,1292.0,1274.0,1283.0,1244.5,1258.0,1321.0,1291.0,1316.5,1316.0,1262.0,1224.0,1331.5,1222.5,1397.0,1294.0,1262.0,
000000000000000000bc_0,1128.0,1154.0,674.0,801.0,1016.0,936.0,915.5,933.0,995.0,1054.0,951.5,872.0,1119.0,1014.0,859.0,1015.0,1116.0,934.5,935.5,1026.0,1040.5,1104.5,1118.5,1081.0,1003.0,904.0,1016.0,855.0,1021.0,795.0,1121.0,982.0,1102.0,
000000000000000000bd_0,1641.0,1563.0,1527.0,1517.0,1503.0,1498.0,1550.0,1497.0,1519.0,1535.0,1487.0,1487.0,1563.0,1456.5,1441.0,1489.0,1478.0,1523.0,1435.5,1495.0,1482.0,1568.5,1524.0,1561.0,1594.0,1561.0,1528.0,1524.0,1608.5,1566.0,1589.0,1445.0,1502.0,
000000000000000000be_0,1752.0,1852.0,1836.0,1853.5,1751.0,1728.0,1707.0,1709.0,1723.0,1762.5,1645.5,1652.5,1767.0,1564.0,1585.0,1581.0,1564.0,1629.0,1555.5,1565.0,1428.5,1444.5,1516.0,1871.0,1563.5,1429.0,1425.5,1728.0,1879.0,1867.0,1944.0,1862.5,1864.0,
000000000000000000bf_0,1461.5,1506.5,1208.0,1341.0,1349.0,1369.0,1367.0,1337.0,1371.5,1390.0,1307.5,1284.0,1434.0,1276.0,1218.5,1260.0,1315.5,1178.0,1224.0,1303.0,1172.0,999.5,1355.0,1469.0,1280.0,1133.0,1206.5,1277.0,1433.0,1371.0,1494.0,1394.5,1291.0,
000000000000000000c0_0,1637.0,1629.0,1607.0,1575.0,1499.5,1576.0,1578.0,1566.0,1563.5,1594.0,1537.0,1581.0,1577.0,1576.0,1546.5,1560.0,1553.0,1577.0,1532.0,1554.5,1544.0,1587.0,1559.0,1618.0,1572.0,1575.0,1571.0,1542.0,1491.5,1564.5,1460.0,1481.5,1535.0,
000000000000000000c1_0,1363.0,1426.5,1270.0,1394.0,1396.0,1430.0,1213.0,1291.0,1336.0,1382.0,1299.5,1189.5,1355.0,1235.5,1144.0,1283.0,1291.0,1166.0,1160.5,1293.5,1256.0,978.0,1338.0,1435.5,1363.0,1190.0,1296.0,1162.0,1413.0,1399.0,1514.0,1523.0,1426.0,
000000000000000000c2_0,679.0,797.5,351.0,454.0,845.0,615.0,975.5,816.0,844.5,911.0,826.5,714.0,661.0,715.0,679.0,905.0,901.0,771.0,839.0,804.5,965.0,652.5,989.0,939.0,984.0,807.0,935.0,579.5,855.0,748.5,1090.5,1004.0,917.5,
000000000000000000c3_0,1355.0,1560.0,1264.5,1342.5,1358.0,1256.0,1360.5,1284.0,1312.0,1375.5,1342.0,1284.0,1399.5,1228.0,1161.0,1278.0,1381.0,1269.0,1181.0,1243.0,1290.0,1174.0,1372.0,1495.5,1390.5,1287.0,1319.0,1285.0,1476.0,1410.0,1544.0,1450.0,1343.5,
000000000000000000c4_0,1397.0,1468.0,1271.0,1304.0,1425.0,1285.0,1341.5,1298.0,1397.0,1418.5,1376.0,1327.0,1308.5,1161.0,1148.0,1347.0,1350.5,1292.0,1238.0,1336.5,1309.5,1381.5,1399.0,1405.0,1415.0,1236.0,1293.0,1222.0,1689.0,1291.0,1535.0,1498.0,1443.0,
000000000000000000c5_0,1631.0,1607.0,1572.0,1493.0,1524.0,1476.0,1481.5,1466.0,1444.0,1441.0,1464.0,1452.0,1517.0,1417.0,1417.0,1417.5,1412.0,1478.0,1428.0,1463.0,1448.5,1465.0,1436.0,1583.0,1454.0,1469.0,1461.0,1487.0,1521.0,1506.5,1522.5,1494.0,1507.0,
000000000000000000c6_0,1119.0,1105.0,989.0,957.0,1148.0,1057.0,1186.0,1162.5,1150.5,1187.0,1125.0,1136.5,1191.5,1203.0,1119.0,1162.0,1148.0,1205.5,1094.0,1257.0,1217.0,1171.0,1191.0,1176.5,1205.5,1157.5,1185.0,1099.0,1082.0,1009.0,1270.5,1223.0,1135.0,
000000000000000000c7_0,1114.0,1256.0,994.0,1060.0,1036.5,1026.5,1091.5,1103.0,1096.0,1225.0,1152.5,1091.0,1050.0,1009.0,1019.0,1156.0,1157.5,1132.5,1132.0,1149.5,1077.0,1110.0,1234.0,1189.0,1257.0,1074.0,1163.0,981.0,1165.0,1038.0,1295.0,1228.0,1156.5,
000000000000000000c8_0,1143.0,1109.0,1078.0,992.0,960.0,1041.0,1025.0,1093.0,1060.0,1054.0,1053.0,1088.5,1096.0,1100.5,1044.5,1131.0,1001.5,1166.0,1125.0,1087.0,1094.0,1054.5,1081.0,1151.0,1133.5,1103.0,1104.0,1057.5,902.0,1031.0,1085.0,970.0,982.0,
000000000000000000c9_0,544.0,757.0,263.0,349.0,899.0,584.5,650.0,643.5,788.0,913.0,761.0,858.0,715.0,643.5,593.0,846.0,954.0,672.0,738.0,972.0,775.0,813.5,976.0,752.5,982.0,707.5,866.0,563.0,911.0,619.0,1107.0,1037.0,885.0,
000000000000000000ca_0,1232.0,1344.5,926.0,1049.0,1332.0,1252.0,1104.0,1212.0,1250.0,1349.0,1339.0,1186.0,1111.0,1257.0,1096.0,1343.0,1425.0,1245.0,1279.0,1238.0,1313.0,939.0,1413.5,1288.0,1436.0,1150.0,1269.0,1164.0,1393.5,1191.0,1519.0,1400.0,1400.0,
000000000000000000cb_0,1431.5,1390.5,1204.0,1232.0,1310.0,1220.5,1260.0,1294.0,1341.0,1408.0,1341.0,1252.0,1266.0,1224.5,1184.5,1288.5,1360.0,1290.5,1238.0,1272.5,1333.5,1292.0,1360.0,1420.5,1358.0,1241.5,1279.5,1285.0,1431.0,1378.0,1457.0,1348.0,1333.5,
000000000000000000cc_0,1483.5,1473.0,1260.0,1370.5,1444.0,1457.0,1460.0,1507.0,1442.5,1482.0,1405.0,1352.0,1445.0,1326.0,1333.0,1461.0,1444.5,1462.0,1455.5,1449.0,1372.0,1445.0,1554.5,1462.0,1557.0,1458.0,1484.0,1316.5,1475.0,1382.0,1515.0,1374.0,1424.0,
000000000000000000cd_0,1893.0,1732.0,1859.0,1835.5,1754.5,1783.0,1806.0,1728.5,1758.0,1765.5,1728.5,1682.0,1809.0,1791.0,1790.0,1724.0,1686.0,1750.5,1654.0,1617.0,1643.0,1617.0,1560.5,1782.5,1571.5,1629.0,1595.0,1693.5,1762.0,1749.0,1711.0,1656.0,1752.5,
000000000000000000ce_0,1086.0,1188.0,774.0,930.0,1072.5,869.0,980.0,951.0,1015.0,1091.5,1114.0,1080.0,1094.0,960.0,920.5,1065.0,1122.0,978.0,1018.0,1047.0,1101.0,1106.5,1214.0,1230.0,1289.0,992.0,1083.0,1040.0,1196.0,1012.5,1298.0,1164.0,1091.0,
000000000000000000cf_0,1288.5,1436.0,1222.0,1286.5,1284.5,1243.0,1232.5,1275.0,1289.0,1333.0,1317.0,1297.0,1285.0,1286.0,1214.5,1285.5,1254.0,1233.5,1250.0,1176.5,1358.5,1337.0,1255.0,1367.0,1351.0,1183.5,1222.0,1348.0,1444.0,1332.5,1420.0,1372.5,1354.5,
000000000000000000d0_0,1506.0,1678.0,1277.0,1334.0,1360.0,1248.0,1344.0,1379.5,1322.0,1362.5,1253.0,1280.0,1467.0,1289.0,1220.0,1397.0,1396.0,1364.0,1324.5,1238.0,1336.5,1293.5,1359.0,1589.0,1404.0,1215.0,1306.5,1317.0,1547.0,1447.5,1517.0,1475.5,1482.0,
000000000000000000d1_0,1167.0,1406.5,1297.5,1334.5,1359.0,1302.0,1300.0,1360.0,1354.0,1385.0,1351.0,1372.0,1221.0,1308.0,1294.0,1395.5,1439.5,1376.5,1339.0,1272.0,1405.5,1375.5,1449.0,1466.0,1484.0,1430.0,1416.0,1231.0,1395.5,1306.5,1598.5,1427.5,1439.0,
000000000000000000d2_0,1278.0,1203.0,959.5,1134.0,1146.5,1242.0,1228.0,1279.5,1250.5,1254.0,1193.5,1099.5,1102.0,1126.0,1164.0,1242.0,1246.0,1212.0,1167.0,1251.0,1170.5,1131.0,1216.0,1439.0,1264.5,1094.5,1104.5,1009.0,1201.0,1116.0,1467.0,1152.5,1247.0,
000000000000000000d3_0,604.0,965.5,400.0,797.0,1094.0,546.0,920.5,996.0,922.5,854.0,1073.0,992.5,941.5,790.0,745.0,1040.0,903.0,928.5,978.0,1010.0,777.0,620.0,1118.0,1316.0,1127.5,795.5,791.0,732.0,1059.5,585.0,1379.0,1220.0,1288.0,
000000000000000000d4_0,1748.0,1651.0,1630.0,1623.0,1559.0,1588.0,1555.0,1591.0,1573.0,1572.0,1566.0,1551.5,1662.0,1560.5,1588.5,1528.5,1505.0,1579.0,1544.0,1509.5,1499.5,1506.0,1496.0,1595.0,1541.5,1503.0,1484.0,1611.0,1610.0,1578.0,1630.0,1634.0,1616.0,
000000000000000000d5_0,911.5,1082.0,861.5,1061.5,1039.0,1119.0,1110.5,1217.0,1136.0,1170.5,1229.0,1084.5,898.0,1027.0,990.0,1180.0,1162.5,1175.0,1199.5,1298.0,1074.0,883.0,1219.0,1391.0,1295.5,914.0,1036.0,917.0,1287.0,1040.5,1181.5,1272.5,1385.0,
000000000000000000d6_0,1612.0,1456.0,1433.5,1459.5,1337.0,1506.0,1506.0,1517.5,1509.0,1488.0,1438.0,1395.0,1412.0,1460.0,1486.5,1411.5,1407.0,1509.0,1427.0,1473.0,1448.5,1437.0,1356.0,1511.0,1370.0,1396.0,1369.5,1436.5,1360.0,1403.0,1394.0,1292.0,1403.5,
000000000000000000d7_0,774.0,904.0,557.0,842.0,1071.0,919.0,937.0,1022.5,986.5,1078.0,1082.0,905.0,901.0,855.0,885.0,1039.0,1000.0,969.0,945.0,1052.0,901.0,784.0,1053.0,1192.0,1090.0,952.0,984.0,976.5,1168.0,1076.0,929.5,1182.0,1137.5,
000000000000000000d8_0,1709.0,1544.0,1479.5,1406.0,1274.0,1353.0,1463.0,1422.0,1389.0,1388.0,1419.0,1384.5,1707.0,1471.0,1447.0,1375.5,1386.0,1526.0,1380.0,1468.0,1515.5,1476.0,1456.5,1501.0,1368.0,1419.0,1285.5,1412.0,1285.5,1364.0,1380.0,1209.5,1378.0,
000000000000000000d9_0,1639.5,1522.0,1501.5,1503.5,1342.5,1542.0,1595.5,1491.0,1515.0,1515.0,1486.0,1416.5,1567.0,1503.0,1515.5,1458.0,1399.5,1447.0,1448.0,1448.5,1435.0,1423.5,1391.0,1648.5,1461.0,1429.0,1424.5,1414.5,1334.0,1481.0,1529.5,1361.0,1466.5,
000000000000000000da_0,1942.5,1770.0,1918.0,1787.0,1518.0,1735.0,1814.0,1735.0,1729.0,1701.0,1668.5,1620.0,1825.5,1721.0,1814.0,1727.0,1692.5,1746.5,1715.0,1706.0,1770.0,1739.0,1659.5,1872.5,1636.5,1690.0,1614.0,1657.5,1605.0,1667.0,1753.0,1569.5,1706.0,
000000000000000000db_0,1740.0,1751.0,1731.0,1938.0,1799.0,1920.0,1855.5,1985.0,1931.0,1729.0,1527.0,1351.5,1739.5,1354.0,1341.0,1396.0,1379.0,1471.5,1435.0,1542.0,1502.0,1375.5,1391.0,1863.0,1396.0,1427.0,1376.0,1724.5,1900.5,1752.0,2032.0,1768.0,1865.0,
000000000000000000dc_0,909.5,1171.0,820.0,940.0,1240.0,1152.5,1159.0,1259.0,1256.0,1305.0,1160.5,980.5,1034.0,1001.0,989.0,1062.0,1073.0,997.0,1082.0,1155.0,1263.0,1001.5,1087.0,1241.0,1199.5,1101.0,1074.5,1096.0,1212.0,1090.5,1381.0,1506.0,1290.5,
000000000000000000dd_0,1628.5,1585.0,1681.0,1708.0,1743.5,1707.5,1774.0,1799.0,1819.0,1775.0,1695.0,1545.5,1613.0,1492.0,1432.0,1415.5,1424.0,1467.0,1417.0,1493.0,1495.0,1417.0,1500.0,1739.0,1568.0,1582.0,1591.0,1537.0,1719.0,1632.0,1759.0,1794.5,1694.0,
000000000000000000de_0,1439.0,1232.0,1149.5,1240.0,1303.0,1223.5,1330.0,1315.0,1363.0,1376.0,1331.0,1290.0,1388.0,1252.0,1296.0,1413.0,1355.0,1385.0,1351.0,1398.0,1440.0,1312.0,1460.5,1383.0,1458.0,1477.5,1451.0,1321.0,1337.0,1314.5,1557.0,1293.5,1271.0,
000000000000000000df_0,267.0,486.0,170.0,396.0,613.0,882.5,720.0,802.0,648.0,801.0,763.0,677.0,558.5,554.0,342.0,739.5,624.0,550.0,691.5,572.0,764.0,722.5,809.0,772.0,824.0,612.0,702.0,293.0,715.5,333.0,1225.5,1052.0,527.5,
000000000000000000e0_0,860.0,1261.0,973.0,1155.0,1088.0,1414.0,1254.0,1313.0,1188.0,1476.5,1296.0,1337.0,1209.0,1118.0,1085.0,1300.5,1379.0,1226.0,1335.0,1351.0,1154.0,1434.0,1483.0,1466.0,1344.5,1242.0,1314.0,1140.5,1452.5,1169.0,1805.0,1622.0,1438.5,
000000000000000000e1_0,965.5,1253.5,906.0,1095.0,1135.0,1162.0,1153.0,1192.5,1158.0,1265.5,1209.0,1125.0,1151.0,1141.0,1044.0,1208.0,1200.5,1123.0,1091.5,1255.0,1268.5,1312.5,1227.0,1272.0,1273.0,1172.5,1123.0,917.0,1220.0,959.0,1394.0,1270.5,1019.0,
000000000000000000e2_0,1623.0,1545.0,1367.5,1448.5,1437.0,1430.5,1446.5,1389.0,1420.0,1458.0,1391.0,1368.5,1513.0,1360.0,1294.0,1390.0,1358.0,1347.0,1289.0,1379.5,1414.0,1412.0,1403.0,1601.0,1405.0,1367.0,1367.0,1459.0,1492.0,1511.0,1573.5,1606.5,1511.5,
000000000000000000e3_0,1379.0,1434.0,1211.5,1418.0,1254.0,1359.0,1389.0,1423.5,1364.0,1375.0,1341.0,1309.0,1431.0,1274.0,1236.0,1358.0,1357.0,1341.5,1226.0,1325.0,1304.5,1303.0,1291.0,1485.0,1336.0,1295.5,1278.0,1310.5,1484.0,1349.0,1539.0,1494.0,1334.0,
000000000000000000e4_0,1182.0,1395.0,1175.0,1182.0,1143.0,1370.0,1369.0,1387.0,1250.5,1380.0,1283.5,1270.0,1261.0,1202.0,1149.0,1254.5,1316.5,1218.5,1182.0,1258.5,1273.5,1178.5,1277.5,1523.5,1284.0,1236.0,1184.0,1133.0,1415.5,1310.0,1358.0,1457.0,1445.5,
000000000000000000e5_0,526.0,782.5,309.5,550.0,658.5,724.0,922.0,777.0,796.5,879.5,769.0,779.5,806.0,666.0,669.5,878.0,811.0,738.0,769.0,945.5,809.0,802.0,956.0,829.0,880.0,841.0,916.0,578.0,737.5,566.0,705.0,984.0,848.0,
000000000000000000e6_0,1263.0,1259.5,1128.5,1244.0,1276.0,1222.0,1388.5,1314.5,1270.5,1413.5,1262.0,1276.0,1303.0,1229.0,1072.0,1296.0,1267.0,1212.5,1240.0,1378.0,1148.0,1263.0,1299.0,1426.0,1358.0,1254.0,1318.0,1071.0,1460.5,1310.0,1327.0,1430.5,1211.0,
000000000000000000e7_0,1271.0,1187.0,1000.5,1113.5,1126.0,1118.5,1199.0,1151.0,1176.0,1253.0,1166.0,1249.0,1183.5,1078.0,1092.0,1230.5,1174.0,1165.0,1112.0,1205.5,1217.5,1232.5,1187.0,1230.5,1219.0,1178.0,1169.0,1111.0,1213.5,1230.0,1115.5,1216.0,1053.0,
000000000000000000e8_0,866.0,961.0,669.0,895.5,1252.0,964.5,1047.0,1039.0,1011.0,1212.0,1142.0,1014.0,916.5,941.0,955.0,1132.0,1103.5,1020.0,1123.0,1208.0,1046.0,912.5,1084.0,1155.5,1187.5,979.5,1022.0,794.0,1134.0,771.0,1208.0,1347.0,1214.0,
000000000000000000e9_0,1737.0,1574.0,1626.0,1635.0,1603.0,1586.0,1544.0,1584.5,1547.0,1584.0,1536.0,1548.0,1649.5,1532.0,1543.0,1594.5,1576.0,1555.0,1564.0,1625.0,1571.5,1649.0,1578.5,1683.0,1625.5,1551.0,1512.0,1650.0,1649.0,1582.0,1586.0,1576.5,1578.0,
000000000000000000ea_0,1517.0,1525.5,1463.5,1399.5,1403.0,1506.0,1434.5,1426.0,1456.0,1506.0,1410.5,1405.0,1498.0,1386.0,1356.0,1473.0,1420.0,1389.5,1343.0,1443.0,1359.0,1463.0,1371.5,1561.5,1438.0,1367.0,1360.0,1527.0,1616.0,1482.0,1444.0,1495.5,1423.0,
000000000000000000eb_0,773.0,926.0,412.0,725.0,707.0,864.0,723.0,845.0,900.0,1000.0,958.5,879.5,878.0,819.0,757.5,1039.0,949.0,859.0,930.0,1062.5,929.0,689.5,1039.5,1115.0,1052.0,976.0,978.0,756.0,882.0,873.0,733.0,1077.0,1091.0,
000000000000000000ec_0,1799.0,1626.0,1587.0,1484.5,1280.0,1613.5,1448.0,1478.0,1460.5,1481.0,1478.0,1405.0,1747.0,1443.0,1440.0,1471.0,1352.5,1435.0,1438.5,1429.0,1404.5,1346.0,1269.5,1673.0,1394.5,1368.0,1349.5,1538.5,1605.0,1518.0,1443.0,1344.0,1478.5,
000000000000000000ed_0,1073.0,1023.0,803.0,784.0,776.0,959.0,942.0,924.5,957.5,1003.0,935.0,1010.0,926.0,928.5,944.5,963.0,988.5,957.5,923.5,927.0,1081.5,896.5,907.5,982.0,971.0,952.5,907.0,1000.0,897.0,882.0,960.0,976.0,886.0,
000000000000000000ee_0,1312.5,1241.0,1036.0,1146.5,1083.0,1217.0,1166.0,1204.0,1206.0,1191.5,1167.5,1163.0,1297.0,1201.0,1168.0,1212.0,1162.0,1188.0,1146.0,1189.0,1230.0,1205.0,1205.0,1303.0,1235.0,1257.5,1193.0,1187.5,1150.0,1108.0,1213.5,1136.0,1090.0,
000000000000000000ef_0,1369.0,1273.0,1225.0,1223.0,1148.0,1298.0,1299.0,1298.0,1127.0,1137.5,1197.0,1210.0,1267.0,1239.0,1290.0,1271.0,1296.0,1361.0,1348.0,1361.0,1332.5,1311.5,1306.5,1373.0,1348.0,1358.5,1308.5,1246.0,1213.0,1161.0,1371.0,1223.0,1178.0,
000000000000000000f0_0,1698.5,1448.5,1407.0,1431.0,1301.5,1570.0,1478.5,1411.0,1382.0,1377.0,1389.0,1378.0,1425.0,1471.0,1458.5,1479.0,1399.0,1459.0,1375.0,1544.0,1490.5,1456.0,1388.0,1623.0,1461.0,1460.5,1439.0,1416.0,1424.0,1381.0,1442.0,1295.0,1304.0,
000000000000000000f1_0,1148.5,954.5,922.0,1025.0,899.0,1124.5,1156.0,1160.5,1057.0,1064.0,1077.0,1062.0,1004.0,1115.0,1121.5,1157.0,1112.0,1150.0,1073.0,1098.0,1204.0,1150.0,1045.0,1065.0,1094.0,1129.0,1032.0,980.5,785.5,952.5,1094.0,889.5,908.0,
000000000000000000f2_0,1698.0,1474.0,1548.0,1494.0,1356.0,1596.0,1472.0,1498.0,1448.0,1429.0,1387.5,1402.5,1629.0,1559.0,1429.0,1487.0,1416.0,1466.5,1427.0,1534.0,1428.0,1453.0,1427.0,1671.0,1469.0,1448.0,1402.0,1626.0,1466.0,1442.0,1556.5,1406.0,1473.0,
000000000000000000f3_0,1396.5,1307.0,1270.0,1353.0,1292.0,1344.0,1348.0,1390.0,1392.0,1378.0,1347.5,1406.0,1325.5,1420.5,1430.5,1455.5,1476.5,1503.0,1417.0,1506.0,1476.0,1498.0,1507.0,1503.0,1520.0,1527.0,1522.0,1383.0,1363.5,1295.0,1390.0,1383.0,1329.5,
000000000000000000f4_0,1598.0,1368.0,1409.0,1466.0,1354.0,1429.0,1526.5,1368.5,1307.0,1356.0,1345.5,1313.5,1415.5,1429.0,1393.0,1370.0,1409.0,1408.0,1318.5,1386.0,1305.0,1326.0,1316.5,1578.5,1372.5,1328.0,1307.0,1437.5,1369.0,1394.0,1476.0,1309.0,1352.0,
000000000000000000f5_0,1564.5,1651.0,1514.5,1433.0,1476.0,1543.0,1514.0,1518.5,1511.5,1490.5,1478.0,1458.0,1544.5,1516.0,1497.0,1498.0,1457.0,1522.5,1480.5,1420.5,1480.5,1490.0,1463.0,1575.0,1546.0,1554.0,1531.5,1522.0,1383.5,1461.0,1402.0,1339.0,1436.0,
000000000000000000f6_0,1199.0,1311.5,1241.0,1150.5,1202.0,1316.0,1156.0,1229.0,1244.0,1281.0,1361.0,1263.0,1130.0,1315.0,1164.0,1275.0,1251.0,1229.0,1232.0,1309.0,1331.0,1305.0,1343.0,1325.0,1143.0,1297.0,1267.0,1273.0,1266.0,1301.5,1290.0,1242.5,1405.0,
000000000000000000f7_0,879.0,905.5,763.0,830.0,671.0,812.0,925.0,967.0,972.0,942.0,975.5,940.0,813.0,947.0,943.0,922.5,929.5,921.0,991.0,1010.0,1034.0,1230.0,1083.5,924.5,1029.0,1042.0,1039.0,832.0,818.0,945.5,983.0,945.5,897.0,
000000000000000000f8_0,771.0,984.0,609.0,684.0,953.0,893.0,726.0,738.0,798.0,820.0,1016.0,837.0,700.0,779.0,659.0,833.0,790.0,725.5,905.0,865.0,823.0,1026.0,953.0,1007.0,821.5,953.0,955.5,991.0,1031.0,1109.0,964.0,603.5,1074.0,
000000000000000000f9_0,1378.5,1259.5,1197.0,1171.0,1054.0,1273.0,1264.0,1266.0,1273.0,1196.0,1276.0,1211.0,1282.0,1237.0,1204.0,1211.0,1268.0,1234.0,1201.0,1279.0,1233.5,1314.0,1278.5,1327.0,1293.0,1243.0,1283.0,1284.5,1082.0,1353.0,1312.0,1235.0,1220.0,
000000000000000000fa_0,1732.0,1628.0,1548.0,1535.0,1514.0,1549.0,1499.0,1574.5,1532.0,1549.5,1680.0,1570.5,1549.0,1660.5,1663.0,1646.0,1680.0,1658.0,1623.0,1567.0,1580.0,1577.5,1510.5,1622.0,1553.0,1608.0,1598.5,1608.0,1424.0,1522.0,1761.5,1785.0,1473.0,
000000000000000000fb_0,1626.0,1501.0,1443.5,1432.0,1440.0,1527.0,1472.0,1508.5,1441.0,1497.0,1662.0,1600.5,1529.0,1524.0,1510.0,1567.0,1569.0,1492.0,1529.0,1548.5,1568.0,1558.0,1580.0,1549.0,1555.0,1561.0,1569.5,1546.0,1376.0,1526.0,1484.0,1789.5,1483.5,
000000000000000000fc_0,1155.0,1289.0,1137.0,1004.0,1207.0,1381.5,1274.0,1312.0,1278.0,1529.0,1446.0,1492.0,1177.0,1425.0,1328.0,1392.0,1352.5,1279.5,1294.5,1349.5,1355.0,716.0,1349.0,1913.0,1216.5,1312.5,1440.0,1637.0,1600.0,1307.5,1436.0,1261.5,1510.5,
000000000000000000fd_0,1606.0,1580.0,1361.0,1423.0,1423.0,1379.0,1382.5,1502.0,1409.5,1537.0,1442.0,1487.5,1497.5,1498.0,1403.0,1414.0,1370.0,1413.0,1391.0,1463.0,1338.5,1427.0,1427.5,1516.0,1425.0,1473.0,1484.0,1562.0,1466.0,1440.0,1559.0,1641.0,1521.5,
000000000000000000fe_0,1183.0,1229.0,1136.0,1139.5,1283.5,1199.0,1252.0,1242.0,1228.0,1200.0,1316.0,1234.0,1236.0,1178.0,1045.0,1128.5,1153.5,1107.0,1146.0,1243.0,1221.0,1152.5,1251.5,1207.0,1170.0,1220.5,1274.0,1147.0,1197.0,1235.0,1348.0,1318.5,1313.0,
000000000000000000ff_0,1289.0,1432.0,1320.0,1341.5,1379.5,1427.5,1408.0,1458.0,1383.0,1403.0,1453.0,1379.0,1289.0,1375.0,1234.0,1351.5,1285.0,1287.0,1446.0,1455.0,1487.0,1471.0,1483.0,1416.0,1422.0,1375.0,1479.5,1256.5,1370.0,1404.0,1552.0,1448.0,1524.0,
00000000000000000100_0,1414.0,1427.0,1403.0,1318.0,1337.0,1425.0,1381.0,1411.0,1362.0,1335.5,1378.5,1350.5,1389.0,1339.5,1330.5,1389.5,1347.0,1368.0,1344.0,1345.0,1362.0,1441.5,1440.0,1405.0,1396.0,1396.5,1453.0,1365.0,1372.0,1473.0,1442.0,1561.0,1410.0,
