system:index,NDMI,NDMI_1,NDMI_10,NDMI_11,NDMI_12,NDMI_13,NDMI_14,NDMI_15,NDMI_16,NDMI_17,NDMI_18,NDMI_19,NDMI_2,NDMI_20,NDMI_21,NDMI_22,NDMI_23,NDMI_24,NDMI_25,NDMI_26,NDMI_27,NDMI_28,NDMI_29,NDMI_3,NDMI_30,NDMI_31,NDMI_32,NDMI_4,NDMI_5,NDMI_6,NDMI_7,NDMI_8,NDMI_9,.geo
00000000000000000000_0,0.52433765,0.5315315,0.57634115,0.6733601,0.54221064,0.51750237,0.49433962,0.62426287,0.5093229,0.46441948,0.5362731,0.5896861,0.56326985,0.52281827,0.55975795,0.5155939,0.46139118,0.5904628,0.47419617,0.47182426,0.5125858,0.4784876,0.47786024,0.5449814,0.47855917,0.55898565,0.4853017,0.570863,0.4787234,0.6145308,0.43353942,0.49376115,0.49881798,
00000000000000000001_0,0.49473685,0.48273528,0.7240618,0.62446165,0.49262536,0.4786432,0.4914882,1.2156863,0.48438948,0.4612868,0.48712206,0.47146705,0.5173979,0.5027134,0.50071734,0.49300912,0.48493826,0.524,0.541502,0.46804014,0.49335957,0.45781466,0.4970111,0.49871135,0.49372384,0.64065707,0.50849056,0.5321155,0.47196594,0.49252242,0.4399664,0.4928092,0.5206612,
00000000000000000002_0,0.4403731,0.47464043,0.46513605,0.4347826,0.44235712,0.4432582,0.44395867,0.83870965,0.44322804,0.45301646,0.43868273,0.42918456,0.43983546,0.48604205,0.45247418,0.42841193,0.42954773,0.45078924,0.4811321,0.4432456,0.49503163,0.4319022,0.4823484,0.44329897,0.47512802,0.45710626,0.49275082,0.4425612,0.43058747,0.44945568,0.48953202,0.44099975,0.43462896,
00000000000000000003_0,0.49659508,0.50389206,0.4605762,0.49302325,0.48127207,0.48178914,0.4683973,0.82539684,0.5125149,0.4815675,0.45235893,0.47210032,0.4790941,0.4672374,0.5556582,0.49889135,0.44813696,0.5232816,0.48470208,0.45133752,0.48044944,0.5114364,0.55939084,0.50902283,0.4934245,0.6037209,0.52441734,0.44474602,0.4523702,0.4745597,0.4515405,0.46213835,0.49533334,
00000000000000000004_0,0.43219265,0.4587356,0.4988067,0.50132006,0.48436075,0.51746655,0.50153846,0.90434784,0.5152463,0.59207267,0.4734929,0.4779478,0.45244387,0.45327103,0.4842491,0.47037265,0.4750327,0.49332637,0.47853827,0.47149676,0.48861018,0.45582855,0.5285481,0.48918834,0.48708043,0.48746803,0.4937552,0.5082793,0.4693737,0.48975673,0.4213801,0.46205145,0.44877726,
00000000000000000005_0,0.48120302,0.4813698,0.5414132,0.5073977,0.56830335,0.47360483,0.4850023,0.46464208,0.49308175,0.4728836,0.46180904,0.5340118,0.48779193,0.4782197,0.47472838,0.49116346,0.4683735,0.57242584,0.5176661,0.4524715,0.60045147,0.49772727,0.50284785,0.46743488,0.48452753,0.511734,0.51629156,0.49590835,0.4665748,0.45391476,0.37064248,0.47767252,0.49099836,
00000000000000000006_0,0.46907216,0.4998172,0.52884614,0.4991004,0.51222736,0.41345292,0.52291423,0.9505656,0.52729887,0.52198243,0.45321193,0.46464646,0.5339806,0.4713076,0.48498404,0.4668016,0.4296578,0.459799,0.48899487,0.4532925,0.46879607,0.47112265,0.5413185,0.4579164,0.4979021,0.48132542,0.50889915,0.506244,0.4788087,0.48990726,0.4077481,0.46737587,0.49215144,
00000000000000000007_0,0.4444983,0.47609037,0.47409877,0.456869,0.4608905,0.40609136,0.48362234,0.44864866,0.45157167,0.4661558,0.46993157,0.4583115,0.5160915,0.46164447,0.46822184,0.47551623,0.4467706,0.48027277,0.463813,0.46011886,0.5484826,0.45892662,0.4918033,0.4356945,0.50535184,0.463363,0.49735007,0.46276012,0.43862167,0.44477436,0.40137494,0.46423316,0.46701846,
00000000000000000008_0,0.42390078,0.47582698,0.44668278,0.45389876,0.45559105,0.44077426,0.42754346,0.43844303,0.43802026,0.44414994,0.43742955,0.449668,0.4698933,0.45480227,0.4829843,0.45111662,0.44713226,0.4756258,0.4933905,0.43696246,0.5340206,0.46966293,0.49365607,0.44156396,0.5142956,0.48537204,0.5026324,0.44460967,0.4403419,0.4432481,0.38041842,0.47305712,0.45648855,
00000000000000000009_0,0.4458504,0.46329677,0.4722984,0.44031963,0.4662124,0.50111467,0.44614765,0.6310716,0.4340263,0.43541247,0.47401208,0.48326898,0.45042145,0.45457944,0.5592186,0.44660515,0.49132374,0.47424197,0.46829727,0.45348245,0.4609618,0.46096215,0.48664293,0.46120378,0.47683924,0.4766866,0.49756998,0.4646887,0.4674074,0.4548844,0.39073467,0.5362479,0.45069158,
0000000000000000000a_0,0.4016139,0.475633,0.4918949,0.50015146,0.5000977,0.4670407,0.47463557,0.46678734,0.4941831,0.44466665,0.48485723,0.45721877,0.44321868,0.53721243,0.48210394,0.48879203,0.44981292,0.5572093,0.48182666,0.4702381,0.4827586,0.48758584,0.54437625,0.5010352,0.49529782,0.48899522,0.5183965,0.47703612,0.4169041,0.47310585,0.42998517,0.4861812,0.47030804,
0000000000000000000b_0,0.40940344,0.40421486,0.4415248,0.52435315,0.43977055,0.4733285,0.45693597,0.48945716,0.46969974,0.48583335,0.4561477,0.46302855,0.4082569,0.49591878,0.45863992,0.46931028,0.4542917,0.5849057,0.48206097,0.44434932,0.45208332,0.46347404,0.47937545,0.398893,0.48849207,0.4384783,0.45997953,0.4168064,0.4007078,0.4182186,0.45070088,0.4090144,0.41954947,
0000000000000000000c_0,0.41327843,0.41530433,0.47490624,0.48516747,0.4494647,0.43131772,0.4438406,0.44336447,0.47651443,0.45834407,0.45528457,0.5319285,0.43792674,0.45802256,0.4630199,0.46303353,0.48706707,0.4755122,0.47388706,0.4343029,0.4504259,0.479773,0.49176553,0.41513363,0.5082169,0.454039,0.49312612,0.40701002,0.420372,0.4239291,0.40759134,0.4255991,0.41091016,
0000000000000000000d_0,0.5463917,0.48967707,0.7011494,0.5508587,0.5126965,0.5226537,0.5345455,0.81395346,0.54756874,0.5776987,0.49876338,0.5559131,0.57829183,0.51653945,0.5183333,0.51178205,0.47922438,0.6504689,0.5160966,0.4935946,0.45169282,0.52946234,0.4979424,0.5323149,0.49925926,0.5394737,0.55426073,0.44487995,0.45373702,0.4963145,0.4398148,0.56019264,0.50075644,
0000000000000000000e_0,0.4589414,0.48224917,0.44769332,0.48057932,0.50220776,0.49154803,0.4581543,0.82539684,0.47114298,0.46039954,0.4745869,0.47323015,0.4709098,0.48413053,0.5,0.49248374,0.4435754,0.59966916,0.4950138,0.47988456,0.5856459,0.43635094,0.5015912,0.4600403,0.5016496,0.4931071,0.5071353,0.44719315,0.45957127,0.52624243,0.4491161,0.44686908,0.4876426,
0000000000000000000f_0,0.43537098,0.43754393,0.45289755,0.4729842,0.47505876,0.46677604,0.450438,1.2075472,0.49014524,0.45690277,0.4664352,0.533098,0.482706,0.5010225,0.51432294,0.49070632,0.47634253,0.54485166,0.5184466,0.49872124,0.48103353,0.5152719,0.5219463,0.41973,0.5163044,0.49468893,0.5159169,0.4291197,0.44698763,0.47772098,0.42335585,0.41226214,0.46568003,
00000000000000000010_0,0.38484508,0.41244572,0.42116097,0.43192333,0.4591952,0.45126355,0.45417592,0.4484179,0.44541574,0.4287108,0.4476045,0.4356415,0.43400267,0.4569305,0.44480625,0.4597902,0.43106458,0.45125347,0.48165315,0.44285145,0.43559197,0.46160197,0.4838356,0.3998934,0.47139055,0.4496722,0.5230317,0.39930907,0.3942984,0.41965142,0.39727962,0.42519543,0.40361822,
00000000000000000011_0,0.42073485,0.4299584,0.43663618,0.47578475,0.50029886,0.4138859,0.4450754,0.44239745,0.46471488,0.42761117,0.43053088,0.43051007,0.43480843,0.46414924,0.46833682,0.4516129,0.41987315,0.48185483,0.5221675,0.44235712,0.45727623,0.4478587,0.46975005,0.4330955,0.5275081,0.47000894,0.5376782,0.44434822,0.42507872,0.44342372,0.42448512,0.4366617,0.40339246,
00000000000000000012_0,0.33814248,0.39082927,0.45410186,0.43772015,0.44602773,0.44540727,0.44722325,0.42957485,0.46458924,0.42621258,0.42718035,0.44764978,0.4017999,0.43098134,0.48841944,0.46609652,0.43630925,0.46348414,0.47768128,0.45572272,0.44167092,0.47205535,0.5009739,0.43715194,0.49344063,0.4689667,0.5001031,0.43596813,0.4286281,0.44885176,0.41895804,0.41271514,0.40907678,
00000000000000000013_0,0.42131978,0.41893423,0.45572254,0.4819243,0.43914232,0.41184267,0.4498234,1.2307693,0.4359443,0.45809892,0.46124455,0.44879845,0.46432817,0.44038245,0.54362416,0.4535593,0.40967575,0.44607732,0.46073878,0.4172398,0.4461466,0.40128332,0.48218623,0.42096812,0.4756473,0.4359294,0.45788965,0.43364123,0.4425817,0.4742268,0.4681267,0.38959715,0.44473305,
00000000000000000014_0,0.3995744,0.41411975,0.45951942,0.48078787,0.44272977,0.44440228,0.457734,1.1043166,0.43552712,0.41999224,0.43860397,0.43522012,0.42842975,0.5198792,0.45967266,0.45023313,0.40580004,0.4539757,0.46685192,0.42912924,0.4511111,0.43820226,0.4581919,0.43015316,0.45153666,0.45008636,0.4956982,0.4309091,0.4177363,0.41821983,0.42111194,0.41213804,0.45420998,
00000000000000000015_0,0.44242424,0.46561396,0.4607724,0.5351411,0.46759158,0.44010305,0.48932537,0.43553427,0.46692234,0.44529262,0.42774415,0.4422496,0.4288965,0.43276402,0.42561555,0.43963742,0.4176811,0.4328233,0.43664414,0.42585483,0.4443817,0.46666667,0.49705094,0.46827525,0.47697112,0.46251053,0.4873629,0.4319139,0.44916517,0.46326014,0.42510906,0.4347481,0.44929397,
00000000000000000016_0,0.43459916,0.44048148,0.44923803,0.45409542,0.48472303,0.47069559,0.47429025,0.45878404,0.4590334,0.4376861,0.47324416,0.4629962,0.45766488,0.51702785,0.45592165,0.4724733,0.46815288,0.46463546,0.46726424,0.44880676,0.48009798,0.45803797,0.49532712,0.4460473,0.47092146,0.47229886,0.481219,0.4755211,0.46288574,0.4554409,0.4335576,0.44711035,0.41645423,
00000000000000000017_0,0.39109132,0.41275167,0.43657252,0.47806856,0.47262004,0.40320942,0.42758462,0.55257064,0.44247788,0.44251713,0.44065127,0.39005637,0.3942446,0.49560353,0.45047265,0.48188093,0.42608696,0.4651628,0.4922998,0.46739954,0.4547642,0.4721287,0.50319785,0.42884207,0.50908375,0.45976344,0.47805455,0.42100415,0.4262202,0.44745636,0.405881,0.41912633,0.40660378,
00000000000000000018_0,0.3655723,0.3646506,0.34508154,0.39577177,0.4051724,0.36033094,0.39801773,0.39214423,0.40384614,0.41432336,0.40172452,0.39874282,0.44984984,0.42625675,0.4383704,0.43635908,0.42296073,0.48319328,0.48097613,0.5618221,0.44428706,0.46269253,0.47545648,0.37769294,0.5244845,0.46265516,0.47433063,0.37897784,0.36955094,0.38819706,0.39913592,0.3600609,0.3719626,
00000000000000000019_0,0.43827915,0.44531462,0.44892472,0.52431613,0.46562123,0.44214305,0.45480227,0.5139319,0.4633447,0.45425805,0.46022,0.46289954,0.5345529,0.47284836,0.45521528,0.48107213,0.5341652,0.48278582,0.4942276,0.45152506,0.4568158,0.46836638,0.48913568,0.46799225,0.47064486,0.5328798,0.49248406,0.51183766,0.48322147,0.53488374,0.42070276,0.4408602,0.4597701,
0000000000000000001a_0,0.43663713,0.42071196,0.4559741,0.44889075,0.45878693,0.40745342,0.43577272,0.8030303,0.45910347,0.4381979,0.4708442,0.42366982,0.44850188,0.45808968,0.43568465,0.4961637,0.4528302,0.5277778,0.46471128,0.45719698,0.44410345,0.4538732,0.49179587,0.45019376,0.45945945,0.59372115,0.5239839,0.5438226,0.4422928,0.4467552,0.4287671,0.4505079,0.41961414,
0000000000000000001b_0,0.40602285,0.39526668,0.4667153,0.42889306,0.48523372,0.42703477,0.42474267,0.39146313,0.43704423,0.39669928,0.36061776,0.4928292,0.4111675,0.46490586,0.44564956,0.4591684,0.43281165,0.4747055,0.43970823,0.4231032,0.4011356,0.44535202,0.45006114,0.3870396,0.49456066,0.44508874,0.46216288,0.42037705,0.41954023,0.40692383,0.3458455,0.38013965,0.45568958,
0000000000000000001c_0,0.43113175,0.51848567,0.4706289,0.6184379,0.42582858,0.43185642,0.47440743,0.42849404,0.4389769,0.41760615,0.43048042,0.43877864,0.46803418,0.5285044,0.44820973,0.4429772,0.447487,0.46460322,0.4530435,0.42469472,0.44232923,0.4411164,0.46695358,0.45730028,0.464442,0.4521691,0.46919015,0.44357315,0.42890996,0.4593438,0.41192338,0.42910448,0.4624557,
0000000000000000001d_0,0.45994368,0.5022929,0.48026064,0.46026596,0.46906036,0.4291939,0.42704356,1.0339426,0.46646705,0.49677938,0.43652946,0.48292682,0.55335534,0.5154815,0.4855908,0.46488625,0.503248,0.5070476,0.4698521,0.47393206,0.5458613,0.4903339,0.48782012,0.45076007,0.4793757,0.5173378,0.51457137,0.42950284,0.44538143,0.46460176,0.42383024,0.45925674,0.44982934,
0000000000000000001e_0,0.4503597,0.48990983,0.42011833,0.44626272,0.4484536,0.4087863,0.46731707,0.48297364,0.4745448,0.45817077,0.4564737,0.52783966,0.48364756,0.470542,0.48314607,0.5012451,0.4546208,0.49009147,0.4907909,0.43653074,0.48040032,0.44998282,0.51129365,0.43614852,0.491404,0.47263017,0.50777555,0.4675737,0.44217688,0.50885206,0.38837922,0.50998384,0.49327594,
0000000000000000001f_0,0.4369777,0.43781373,0.403232,0.41633537,0.4143973,0.396875,0.40221402,0.402385,0.41290197,0.53736955,0.38229927,0.41686583,0.42851695,0.44694376,0.4084675,0.4276466,0.47385103,0.43775934,0.4479359,0.4057713,0.43148503,0.42330813,0.48227173,0.42103294,0.43995047,0.44098574,0.47496948,0.4034695,0.40397352,0.40747088,0.4180812,0.38273025,0.40882263,
00000000000000000020_0,0.42325377,0.42922187,0.42208588,0.36946663,0.39291403,0.38431457,0.38478747,1.0079365,0.4285117,0.39394924,0.22398081,0.2817123,0.40235525,0.42971087,0.42631117,0.4179303,0.4132565,0.52205646,0.43746004,0.39914808,0.4006024,0.4501526,0.45120373,0.41362917,0.43972835,0.44635195,0.48335746,0.4039765,0.3784,0.38008657,0.3283582,0.35815868,0.33514738,
00000000000000000021_0,0.42884833,0.44881344,0.45084018,0.43163452,0.4638879,0.4501905,0.4660102,0.4662249,0.4536547,0.46253037,0.46077713,0.4702517,0.4156543,0.45829356,0.4789784,0.4656738,0.4326943,0.47542754,0.49751598,0.47722343,0.48773062,0.48800892,0.49463782,0.42334643,0.5495327,0.47154164,0.4902522,0.41920376,0.45109642,0.44073606,0.4092579,0.4242309,0.43204075,
00000000000000000022_0,0.4419743,0.44768766,0.4306773,0.42840886,0.4492494,0.44066048,0.43817428,0.42651725,0.42466906,0.48589343,0.40836877,0.47283176,0.43608177,0.44331607,0.44209734,0.43820703,0.44624746,0.4541718,0.46856663,0.44847605,0.45204338,0.44824842,0.4710378,0.41955099,0.4608003,0.45641026,0.45555955,0.44329104,0.4680307,0.42717922,0.40546784,0.42706355,0.42099056,
00000000000000000023_0,0.4968079,0.49809885,0.5075908,0.4915254,0.4790174,0.45100936,0.47260046,0.4991838,0.51533955,0.5105882,0.50551426,0.5120482,0.48475373,0.49837133,0.52522254,0.5131472,0.4763033,0.5124164,0.527845,0.4662868,0.5158617,0.49155405,0.49530515,0.520991,0.50961334,0.5036145,0.5375689,0.4803036,0.46345297,0.45749906,0.43703705,0.49900484,0.46969134,
00000000000000000024_0,0.4473978,0.46341464,0.500902,0.46011174,0.492934,0.3979702,0.4810021,0.47370574,0.48227105,0.4824819,0.48902363,0.4701258,0.4555746,0.4764021,0.4896679,0.5411471,0.45202464,0.4898705,0.50269026,0.5737374,0.47034484,0.48995423,0.51165545,0.45863453,0.5065963,0.5034267,0.5025035,0.469223,0.46526387,0.4637089,0.52883506,0.46237007,0.44967806,
00000000000000000025_0,0.43594587,0.48881036,0.4489101,0.5154954,0.46997598,0.40738383,0.46559703,0.47398478,0.4555841,0.43538767,0.42280796,0.46049783,0.496557,0.4741609,0.49776876,0.45149526,0.4294856,0.44117647,0.4655788,0.43047035,0.43419832,0.43483555,0.45709342,0.44225016,0.48645163,0.44961852,0.45508784,0.4369434,0.46455833,0.44141147,0.37973663,0.4301578,0.4466899,
00000000000000000026_0,0.39709124,0.41909924,0.4382304,0.42021158,0.41755888,0.41944444,0.41437632,0.41833162,0.41452822,0.40232107,0.3874941,0.4195774,0.4409115,0.45943674,0.4283516,0.4362884,0.42158616,0.42881247,0.53082037,0.42249066,0.4975223,0.44749528,0.4612924,0.38890088,0.46128643,0.45236272,0.478897,0.4099898,0.42105263,0.41758242,0.3902544,0.41942558,0.4118844,
00000000000000000027_0,0.3609229,0.29028717,0.388149,0.43115577,0.39248475,0.34589502,0.4099358,0.40436208,0.4110883,0.43552208,0.4122867,0.46389574,0.32631254,0.46007067,0.4676564,0.5056054,0.43505412,0.43739772,0.45387453,0.43582946,0.450545,0.4590661,0.4758836,0.3059572,0.47067395,0.47560975,0.4753507,0.36068743,0.33681902,0.37669054,0.29817605,0.37652957,0.3948472,
00000000000000000028_0,0.4256436,0.4215311,0.42824444,0.43382996,0.40448925,0.3894097,0.43161094,0.45083103,0.48155844,0.410177,0.39669862,0.45122963,0.4652813,0.5226891,0.45610836,0.41386735,0.40771124,0.417812,0.42185718,0.4887324,0.42273307,0.43935174,0.444333,0.39160517,0.44470224,0.51097804,0.5181463,0.42031977,0.40262207,0.4139153,0.37834102,0.40637067,0.48144165,
00000000000000000029_0,0.44836774,0.45442238,0.4742676,0.51869804,0.4713161,0.41975614,0.45196402,0.46275946,0.49325895,0.45454547,0.5059908,0.52867246,0.46089002,0.4550505,0.452349,0.45469192,0.43787912,0.4519291,0.47015104,0.4730787,0.47067308,0.45990667,0.49939048,0.4758567,0.47532895,0.47565544,0.48957872,0.4972145,0.48716775,0.46283492,0.3941654,0.44726238,0.44137225,
0000000000000000002a_0,0.43645725,0.46132022,0.47931176,0.45369467,0.45176175,0.4300126,0.48019803,0.43837306,0.5030675,0.44597167,0.4364261,0.47057506,0.46567506,0.46441793,0.48001018,0.49019608,0.4377769,0.53367877,0.4869045,0.4445669,0.44046873,0.45328718,0.4820144,0.4502597,0.45108473,0.4573077,0.45748013,0.4514452,0.447597,0.4562929,0.41056496,0.440623,0.5005959,
0000000000000000002b_0,0.40433297,0.44265497,0.4343075,0.44246185,0.46642467,0.3926884,0.44187242,0.41747573,0.45961002,0.42067555,0.41985068,0.49841845,0.43560296,0.4985624,0.42792794,0.4364305,0.42591846,0.44164193,0.4479554,0.46187514,0.52162164,0.45041704,0.5065641,0.4154131,0.4925926,0.4607579,0.46109444,0.42362648,0.4338351,0.42239776,0.3681933,0.46312973,0.42289498,
0000000000000000002c_0,0.41044062,0.45129016,0.4467894,0.4585,0.4252126,0.42522293,0.4266903,0.435175,0.43619442,0.41132775,0.4235355,0.42828077,0.4263411,0.4661984,0.45025396,0.45438492,0.4163918,0.49269792,0.4363085,0.4271047,0.45062485,0.46334586,0.47368422,0.48885888,0.47519812,0.4680749,0.49270737,0.4189383,0.40675175,0.42073897,0.36806723,0.4506972,0.45915493,
0000000000000000002d_0,0.45401824,0.4291195,0.4346721,0.43829328,0.41600397,0.39475733,0.4233095,0.45217633,0.5154274,0.46957767,0.43870968,0.45490196,0.43482184,0.4383414,0.48551565,0.47820672,0.41432458,0.4221714,0.43815514,0.42237905,0.4273859,0.42293054,0.44517094,0.4771481,0.5107125,0.44308084,0.45536518,0.4523388,0.42158705,0.42239776,0.38922802,0.4512235,0.44137225,
0000000000000000002e_0,0.43486336,0.43926218,0.47655502,0.5181976,0.461084,0.41875285,0.4481687,0.47597137,0.5710456,0.46075225,0.4645382,0.4776204,0.44894227,0.44197655,0.57549614,0.4936306,0.46818417,0.43339905,0.47539395,0.4460719,0.46053812,0.46810764,0.4933117,0.45210728,0.5066002,0.47265136,0.5357895,0.44914788,0.41226414,0.4638775,0.38316286,0.47560695,0.46861097,
0000000000000000002f_0,0.4468308,0.4860284,0.5110533,0.47373977,0.44873777,0.42360756,0.46472728,0.46751344,0.4799302,0.53415453,0.43034604,0.45600414,0.49313122,0.4538784,0.4678946,0.4491423,0.42056075,0.47874826,0.46166575,0.43422914,0.43419832,0.44849303,0.48205927,0.4460213,0.47792783,0.47126436,0.4728334,0.48336297,0.46303293,0.44040662,0.4617369,0.49232343,0.49011657,
00000000000000000030_0,0.45924014,0.43997633,0.4777563,0.544951,0.42927596,0.422,0.42676502,0.508046,0.44790447,0.42950392,0.43029442,0.4630205,0.4499606,0.5,0.46098757,0.44198006,0.4668863,0.43910956,0.4662623,0.42519888,0.40340653,0.3967583,0.47343513,0.4448643,0.44572863,0.44603056,0.45206243,0.47614214,0.45895714,0.45302713,0.4207146,0.4476489,0.4048414,
00000000000000000031_0,0.45362636,0.47161067,0.49577916,0.48220593,0.46243292,0.46644846,0.48309046,0.4616747,0.46588594,0.4434021,0.45652175,0.45229134,0.6559309,0.52058434,0.49602506,0.45280924,0.4282496,0.47460845,0.48857993,0.46414343,0.46599284,0.4638192,0.45199567,0.45495597,0.45399347,0.47517174,0.4948229,0.4520202,0.456869,0.44747612,0.3752372,0.4822735,0.45557657,
00000000000000000032_0,0.43517798,0.52092177,0.48504427,0.46337157,0.45220152,0.423179,0.45475268,0.47401667,0.47823924,0.44652614,0.4844931,0.46863648,0.45332694,0.46752098,0.47797358,0.4843061,0.46708286,0.4624041,0.4914361,0.4596813,0.472568,0.46341464,0.5,0.43817014,0.46688405,0.49264377,0.5075536,0.4697181,0.45338982,0.45861635,0.39773557,0.45400593,0.47058824,
00000000000000000033_0,0.4544542,0.42447734,0.46536684,0.47192717,0.46992028,0.468605,0.42682928,0.44474986,0.47696018,0.43301153,0.4489465,0.45967343,0.46014708,0.4976526,0.43378016,0.4472471,0.41303787,0.44083434,0.475719,0.44425955,0.46321106,0.4509804,0.46890098,0.440173,0.44434822,0.46635434,0.4602804,0.42119634,0.4297972,0.42908117,0.3867806,0.46024096,0.43974322,
00000000000000000034_0,0.42653847,0.425548,0.45868945,0.45731822,0.44886363,0.41203803,0.4244462,0.43152454,0.42313263,0.4268808,0.43181342,0.57914,0.4322897,0.44550595,0.43642753,0.47341773,0.43490416,0.44193682,0.4870537,0.4371899,0.4347912,0.4348,0.47643608,0.44066203,0.43393245,0.5525634,0.4889614,0.45564136,0.41679388,0.43218663,0.3556785,0.47343284,0.41142502,
00000000000000000035_0,0.44168392,0.43385708,0.5218993,0.50787795,0.4218585,0.50595236,0.4352861,0.434835,0.4157841,0.46414074,0.44080743,0.45937195,0.4474501,0.45058036,0.47113594,0.43334076,0.42359552,0.4525805,0.45961124,0.43965098,0.43800363,0.42693043,0.4514234,0.42864308,0.40502793,0.4632107,0.5036855,0.43067226,0.4346492,0.4574662,0.4075211,0.511254,0.45454547,
00000000000000000036_0,0.4384333,0.44862556,0.4546448,0.43854997,0.46704668,0.4234181,0.43527368,0.43237463,0.40471512,0.4028287,0.44029266,0.5200391,0.44389588,0.53424656,0.4429642,0.44111997,0.42626986,0.43679526,0.48683274,0.4769688,0.44528112,0.42841005,0.46621004,0.44582593,0.43308622,0.5218978,0.47444877,0.41693637,0.49581707,0.42683235,0.38036928,0.4939148,0.44902673,
00000000000000000037_0,0.3835022,0.42917725,0.41438702,0.40415275,0.432438,0.41951498,0.43037203,0.41999587,0.45702305,0.4004348,0.42293155,0.424581,0.41976497,0.41712964,0.49271137,0.41209504,0.42301226,0.42285094,0.43742436,0.42739952,0.4084507,0.40306583,0.45314604,0.41746,0.40795407,0.43023255,0.46895075,0.40462303,0.43857917,0.41843972,0.37802798,0.41356492,0.4356228,
00000000000000000038_0,0.44040763,0.4351258,0.43084425,0.498366,0.4188504,0.41623798,0.42294264,0.42501795,0.39139974,0.38659474,0.40792412,0.42774567,0.45155486,0.42766127,0.4425213,0.43070126,0.40953624,0.43276694,0.44294536,0.50828433,0.42000458,0.423583,0.45712548,0.42839327,0.42026222,0.46980554,0.45656118,0.47097427,0.4143045,0.40568477,0.35746607,0.41433188,0.38177547,
00000000000000000039_0,0.45281738,0.4821067,0.510667,0.46124032,0.42326176,0.45744064,0.46848568,0.4218709,0.4045254,0.39953944,0.4381814,0.45719573,0.46191248,0.44737515,0.43462077,0.43073183,0.39694056,0.42113322,0.43051425,0.4497546,0.40552786,0.41617152,0.4296496,0.46007985,0.40135345,0.47253335,0.451165,0.45093346,0.39087883,0.45646146,0.37200904,0.45340875,0.42419174,
0000000000000000003a_0,0.41999602,0.47788873,0.43956044,0.4346399,0.42052785,0.4231553,0.43714902,0.4335605,0.43803132,0.4031155,0.44409376,0.45408282,0.43925235,0.45441443,0.4448276,0.43322954,0.42509285,0.43372944,0.45598245,0.42310068,0.4358108,0.44641683,0.46373627,0.4674322,0.442076,0.46147472,0.4801385,0.42663747,0.41032863,0.40732178,0.3417308,0.41977683,0.40527472,
0000000000000000003b_0,0.48354295,0.490781,0.51659405,0.523127,0.4674479,0.47430596,0.5077688,0.46653104,0.5206612,0.54797167,0.47732514,0.47977316,0.48396334,0.49168473,0.5161183,0.4978891,0.4685446,0.5128306,0.50163937,0.48423773,0.50830346,0.49842542,0.5118397,0.46532437,0.49633968,0.5238754,0.5203583,0.5029136,0.48200214,0.45469835,0.43378997,0.56613755,0.5320555,
0000000000000000003c_0,0.42259413,0.46192172,0.49391305,0.5192241,0.4553157,0.4955854,0.46992627,0.44693723,0.48971596,0.44631305,0.44780636,0.4699017,0.49255165,0.50477844,0.5266507,0.46669728,0.4595566,0.47439614,0.51340693,0.46169677,0.48682505,0.44070512,0.48665914,0.43405026,0.44875777,0.47661188,0.48870334,0.5039534,0.45138082,0.45040342,0.37028572,0.43532935,0.49597347,
0000000000000000003d_0,0.2985476,0.41221237,0.4564394,0.43350807,0.41443852,0.42590675,0.43746957,0.416936,0.38051283,0.39655846,0.4267774,0.43258056,0.42664182,0.43383658,0.49882904,0.45580524,0.42895088,0.44306335,0.44622323,0.44987383,0.4303085,0.424721,0.45615762,0.40780565,0.43249607,0.45925927,0.5251105,0.4256554,0.39730817,0.41119933,0.34191507,0.3808229,0.3985742,
0000000000000000003e_0,0.4050244,0.41375023,0.40883872,0.42825848,0.43043786,0.40409955,0.4330738,0.40738022,0.44068706,0.4146897,0.38907513,0.4112426,0.4106421,0.43370607,0.4131356,0.40068886,0.46442688,0.41394025,0.42191544,0.39337337,0.39596543,0.36844465,0.44648203,0.40715846,0.4177686,0.42827585,0.4603301,0.39544854,0.3991178,0.40913007,0.40321094,0.38810697,0.3889002,
0000000000000000003f_0,0.43870258,0.447341,0.50097793,0.48062575,0.45890597,0.44608977,0.46898,0.4481523,0.48958954,0.44571692,0.43493298,0.4628541,0.47257274,0.48230615,0.43477362,0.4413033,0.4557258,0.46184918,0.44367105,0.44767442,0.45076996,0.44923076,0.4652336,0.42784294,0.44407424,0.4800126,0.47684458,0.45018008,0.41847488,0.45359603,0.44583866,0.4726243,0.4410325,
00000000000000000040_0,0.39757052,0.4301702,0.44150606,0.4352227,0.4193222,0.40291154,0.42058754,0.42070276,0.44619104,0.44190872,0.41027352,0.44821963,0.41651624,0.4344427,0.43375292,0.44451258,0.51816446,0.5409836,0.42882437,0.43304655,0.4579733,0.4292743,0.46878058,0.43563902,0.44597015,0.46746606,0.5263387,0.43218553,0.42818323,0.42937243,0.37119907,0.49462366,0.48492792,
00000000000000000041_0,0.44886252,0.48179272,0.48897257,0.5031384,0.5120653,0.48452753,0.4806899,0.4987156,0.48205516,0.47628865,0.48289147,0.49520767,0.46192172,0.52629924,0.5136402,0.5434343,0.53674835,0.5205832,0.504436,0.47048357,0.48652166,0.49236727,0.4970378,0.4842553,0.49493244,0.5072904,0.52408636,0.48063958,0.50350446,0.5068679,0.3665219,0.4777414,0.4783232,
00000000000000000042_0,0.34497353,0.3601741,0.41931817,0.40570378,0.40667492,0.3895807,0.426271,0.41522568,0.3997839,0.3935568,0.41463414,0.4514991,0.4192025,0.43748453,0.44885412,0.47358835,0.43622392,0.5260197,0.46218073,0.4393545,0.43154246,0.4619739,0.47129393,0.3945473,0.4668076,0.47840065,0.5131031,0.49470252,0.37624452,0.4256091,0.350173,0.37854975,0.40367225,
00000000000000000043_0,0.43758282,0.4960707,0.5681024,0.45996758,0.46358237,0.4168018,0.4441617,0.45400593,0.42977056,0.41182417,0.4365432,0.44759035,0.4841082,0.4502277,0.45641297,0.46779016,0.4348919,0.44936514,0.46341464,0.4452182,0.4278481,0.4513489,0.46422628,0.4175577,0.4599049,0.50627613,0.4857793,0.4709592,0.44023997,0.41356084,0.35932636,0.41647333,0.45725316,
00000000000000000044_0,0.41710225,0.41066283,0.42005187,0.4361611,0.438317,0.39721724,0.3993566,0.40334228,0.38258463,0.40267336,0.44181257,0.43805936,0.43898177,0.45862615,0.43174163,0.44774568,0.42265442,0.5217568,0.4673629,0.42484826,0.40748388,0.42154324,0.43728942,0.40834486,0.4042042,0.4466001,0.45025826,0.41470125,0.41711327,0.41474018,0.32370204,0.3832582,0.38452852,
00000000000000000045_0,0.43227,0.42628273,0.48060915,0.46704745,0.43820226,0.41777042,0.4372146,0.4123322,0.3652491,0.46084127,0.441076,0.45439914,0.44131854,0.4620342,0.46821705,0.42950284,0.435806,0.44415584,0.4681607,0.46437213,0.41633308,0.4103814,0.43819365,0.4122981,0.4923077,0.45021817,0.46813607,0.44334975,0.43586075,0.48347825,0.37001118,0.4004008,0.44424674,
00000000000000000046_0,0.3776098,0.38781938,0.42557377,0.4273281,0.41827804,0.4033103,0.43120345,0.40911046,0.38231164,0.41487455,0.4184456,0.42202035,0.39809662,0.40628424,0.4251291,0.43258083,0.4168665,0.4236657,0.46392655,0.42527288,0.414231,0.37441602,0.43509048,0.40055606,0.38770282,0.43510833,0.45253348,0.3912883,0.38521534,0.41622677,0.38697878,0.37113822,0.39855072,
00000000000000000047_0,0.4454707,0.47537965,0.4917054,0.54821104,0.47334683,0.42834553,0.64261556,0.42421123,0.38015872,0.43061006,0.442264,0.46152332,0.47681066,0.48707673,0.45485592,0.46540147,0.4494438,0.4758739,0.45603192,0.47336262,0.46849206,0.42321643,0.47196737,0.4425197,0.44292238,0.46390304,0.48985344,0.48613024,0.4952519,0.46684352,0.4075485,0.41265655,0.43844754,
00000000000000000048_0,0.39500424,0.41130298,0.45327806,0.4346436,0.4097752,0.36896878,0.40073192,0.38860938,0.3756894,0.39419436,0.4147326,0.40469557,0.42002356,0.42964825,0.42543104,0.39817157,0.40641892,0.40665993,0.4296743,0.4228733,0.41377327,0.402335,0.41254002,0.4132183,0.43957394,0.42846373,0.4460118,0.40183067,0.43367866,0.42471492,0.35312784,0.37631476,0.43245077,
00000000000000000049_0,0.3941606,0.38474193,0.4215877,0.43816793,0.40187714,0.36116248,0.4127975,0.39486945,0.49555376,0.4174059,0.4021978,0.42003852,0.41336063,0.43272427,0.4084867,0.40758294,0.4756343,0.4164981,0.45300668,0.39629716,0.39603195,0.38527358,0.41778272,0.40343678,0.47773972,0.43738583,0.45349643,0.4535695,0.37955153,0.42929012,0.38014722,0.3937268,0.38342968,
0000000000000000004a_0,0.4207676,0.4792359,0.4425,0.44988808,0.38845554,0.34979898,0.38483548,0.41641667,0.3437219,0.36577415,0.4069937,0.46237364,0.44220284,0.39817303,0.43046907,0.4027479,0.40142277,0.42550072,0.4946581,0.41741204,0.4944238,0.4168798,0.40764982,0.38106433,0.37292495,0.40283194,0.4068441,0.40042463,0.39417782,0.42947558,0.37428805,0.36795625,0.42205793,
0000000000000000004b_0,0.46887967,0.46361747,0.45848617,0.48337084,0.44505674,0.44641998,0.46582952,0.46238285,0.43128896,0.433771,0.44849163,0.48934683,0.45784023,0.47130004,0.47832513,0.481409,0.4509922,0.47557083,0.48429254,0.46759906,0.47368422,0.43067303,0.48666668,0.4309103,0.46550977,0.48710683,0.49083188,0.44495115,0.44938686,0.4508409,0.41697118,0.37138063,0.42673436,
0000000000000000004c_0,0.48994768,0.4842802,0.48981512,0.4714932,0.5235495,0.42830712,0.47410116,0.5510204,0.47617638,0.4401985,0.47989115,0.43772456,0.4727776,0.48710257,0.4763975,0.4739901,0.4497791,0.5,0.49150684,0.4736225,0.47295496,0.46454948,0.49133185,0.45317304,0.45675188,0.46310753,0.48303548,0.48334274,0.46028233,0.45475772,0.41227856,0.4699248,0.40930232,
0000000000000000004d_0,0.5032761,0.4546713,0.48119575,0.46987003,0.4632397,0.4997636,0.5253664,0.52784765,0.5246885,0.5236641,0.45270967,0.5277247,0.48657718,0.54086643,0.49164787,0.51487255,0.46520787,0.5647127,0.4897681,0.44498163,0.43718594,0.48531953,0.47912773,0.5379483,0.5230189,0.5045482,0.4807074,0.49832553,0.5301621,0.49325338,0.41797635,0.48547962,0.49574468,
0000000000000000004e_0,0.4237882,0.43018404,0.4967136,0.45554465,0.4726477,0.44681886,0.42764145,0.49722072,0.48068136,0.48487714,0.45658398,0.44239724,0.42901933,0.47368422,0.45792407,0.5133415,0.48048568,0.48913297,0.5079047,0.4486405,0.47965533,0.47873107,0.48794642,0.4380998,0.5159971,0.474352,0.48706725,0.43548387,0.5927771,0.4381036,0.44545868,0.4549763,0.44291782,
0000000000000000004f_0,0.4391583,0.4219372,0.46650484,0.45652175,0.44924977,0.42181113,0.44640884,0.46287993,0.5150355,1.2162162,0.48041895,0.45686576,0.48374102,0.4920198,0.5349428,0.48382923,0.44743046,0.47233805,0.4802887,0.47866204,0.45722714,0.50775933,0.5191437,0.44378418,0.4901388,0.50159585,0.49782664,0.44886532,0.5140496,0.44408298,0.43057325,0.44045368,0.4706183,
00000000000000000050_0,0.44275776,0.50476193,0.4559387,0.49228945,0.43415248,0.4040466,0.46062237,0.44023904,0.5129204,0.50021803,0.45350173,0.45109585,0.42674834,0.47000706,0.4828229,0.47298297,0.5008446,0.480811,0.45889765,0.41986457,0.40144578,0.48009232,0.46865204,0.43398297,0.45969126,0.4617057,0.47466874,0.5326087,0.607443,0.43377042,0.46925208,0.48116326,0.45681265,
00000000000000000051_0,0.4439764,0.44824934,0.5521921,0.5690454,0.4577878,0.5456621,0.5053381,0.47712418,0.5288184,0.4324404,0.48508635,0.46578947,0.4622449,0.50729716,0.5124318,0.5659666,0.5424225,0.5259489,0.46769035,0.46263736,0.48229548,0.50808847,0.48845094,0.452349,0.49192163,0.49154484,0.53994983,0.4633867,0.43055138,0.5180897,0.43149412,0.46881065,0.43739426,
00000000000000000052_0,0.4322083,0.4458274,0.45658657,0.4730518,0.4381732,0.41566265,0.4670287,0.46559486,0.5147176,0.43217263,0.43044946,0.47484773,0.44792283,0.45569816,0.45484185,0.5299043,0.4298449,0.47556528,0.469445,0.43709004,0.43082154,0.50343966,0.58748406,0.45726317,0.47360662,0.5319321,0.49349865,0.47133222,0.47840172,0.4518919,0.42810577,0.4467249,0.44050676,
00000000000000000053_0,0.40451223,0.4486952,0.52669406,0.4395664,0.4723351,0.41883907,0.4423327,0.44421905,0.5109273,0.47518924,0.45057344,0.4437379,0.46115702,0.47724476,0.44876885,0.4684484,0.41458222,0.501002,0.45477512,0.4141601,0.43829188,0.4153758,0.5298578,0.43515012,0.4692697,0.45480093,0.48648074,0.44888365,0.47528517,0.43341553,0.4066808,0.43412527,0.43216485,
00000000000000000054_0,0.41084617,0.4039059,0.5007962,0.4235847,0.40150094,0.3840733,0.47299078,0.42405063,0.45238096,0.4595861,0.40519482,0.41488674,0.39557037,0.415357,0.5076142,0.4232346,0.47636363,0.40701032,0.4175099,0.3910064,0.4221478,0.4241338,0.54408604,0.41892785,0.4367776,0.4254043,0.4437762,0.46773386,0.4435719,0.41426015,0.41504177,0.41049737,0.41655043,
00000000000000000055_0,0.43513027,0.436674,0.42898217,0.53289217,0.4278997,0.41382432,0.42534262,0.42207307,0.41825005,0.43353924,0.42480984,0.4219949,0.4415449,0.41639975,0.46041575,0.42710426,0.5,0.42269555,0.42883894,0.41929322,0.4262462,0.44055945,0.48199892,0.42724383,0.4586744,0.4681385,0.4791562,0.49276274,0.4383473,0.41390514,0.41398272,0.4213529,0.4432367,
00000000000000000056_0,0.39451423,0.40722188,0.4914882,0.5154455,0.4756005,0.4458763,0.43055224,0.42986053,0.4507988,0.44396633,0.4436519,0.42450142,0.50155765,0.4752935,0.44512045,0.579661,0.4229749,0.50965476,0.47142184,0.43371823,0.42492726,0.53381735,0.48211244,0.41317365,0.48871565,0.4779874,0.4871686,0.4674493,0.47313553,0.41995662,0.4040953,0.42536265,0.44384503,
00000000000000000057_0,0.3553452,0.37226948,0.394636,0.42701632,0.38607913,0.36585367,0.41545895,0.38808584,0.42332506,0.4,0.38785505,0.37076762,0.3935555,0.39234003,0.43801653,0.49604744,0.37619632,0.39582902,0.41670147,0.3736607,0.41046426,0.41718063,0.43650016,0.3768821,0.40655023,0.4409938,0.4291279,0.3803479,0.36052343,0.3479638,0.35242185,0.37574145,0.37989557,
00000000000000000058_0,0.4930337,0.5239756,0.57251906,0.56386864,0.5198451,0.46542552,0.4704918,0.51717556,0.4713197,0.4673913,0.4882983,0.52199256,0.5604155,0.50426584,0.5035461,0.5507246,0.4648241,0.46343923,0.4995169,0.47751197,0.45012367,0.48955917,0.5014393,0.5084746,0.4530831,0.4930337,0.48290342,0.533107,0.4932709,0.54481953,0.50514543,0.5912226,0.52090394,
00000000000000000059_0,0.42430222,0.4314084,0.4582899,0.49873674,0.40390116,0.39125714,0.43280584,0.4391478,0.5419441,0.40991223,0.4136266,0.4429663,0.42273235,0.42044833,0.4418484,0.45242718,0.38961625,0.44646984,0.43482143,0.41877717,0.43668503,0.42264402,0.45964473,0.40485722,0.455335,0.4582093,0.49170005,0.4765208,0.4686038,0.43916506,0.4222949,0.4443041,0.48266423,
0000000000000000005a_0,0.29597035,0.26626325,0.4096024,0.5099114,0.36184058,0.41275796,0.36836517,0.35225928,0.34379718,0.3736631,0.35758224,0.36032388,0.4269222,0.3624454,0.37677383,0.3875803,0.375,0.38105726,0.41432837,0.3642487,0.35805836,0.37618405,0.41324922,0.4417217,0.39597657,0.40650597,0.41531914,0.42824987,0.49965918,0.4169603,0.35004076,0.35277352,0.40558913,
0000000000000000005b_0,0.43099886,0.43357784,0.49161857,0.49954587,0.44943002,0.42857143,0.4140593,0.45857763,0.43916625,0.41925746,0.41594622,0.40391958,0.44543484,0.45424291,0.42423567,0.41147578,0.41652143,0.46361965,0.45484856,0.4338179,0.43258786,0.45629156,0.4737924,0.4395887,0.47681332,0.46601415,0.47322348,0.6023055,0.61616164,0.42485747,0.44455302,0.4408654,0.43074417,
0000000000000000005c_0,0.38110182,0.43865886,0.39219785,0.42878282,0.44183007,0.38976628,0.39912006,0.4032913,0.5832522,0.49007395,0.4198907,0.43921015,0.40186206,0.40521327,0.41144976,0.45199567,0.416122,0.5966152,0.44239917,0.4196197,0.43319184,0.42130244,0.46196294,0.5270758,0.44028807,0.5443709,0.44110274,0.38389513,0.43906656,0.39374408,0.39303482,0.42805594,0.39706603,
0000000000000000005d_0,0.37218142,0.43487957,0.41712204,0.4094281,0.3950198,0.38234532,0.3948718,0.38225058,0.42024487,0.4404978,0.39168704,0.3695128,0.48206073,0.3997175,0.3810612,0.40225402,0.47697973,0.593562,0.4166065,0.41598624,0.41525996,0.40317857,0.48932463,0.37414646,0.43907064,0.42180863,0.4137228,0.38324505,0.4159933,0.38234583,0.4251816,0.39606336,0.39276487,
0000000000000000005e_0,0.4800363,0.47802788,0.5387841,0.5143813,0.51646584,0.46088794,0.4252593,0.49373883,0.5091278,0.45725647,0.46737212,0.47425804,0.43334925,0.51102203,0.54704595,0.48674443,0.50978374,0.49303135,0.54330707,0.4773218,0.54104847,0.40859783,0.47683284,0.4715026,0.42702702,0.43362832,0.48951048,0.49530956,0.40979382,0.42323652,0.44971788,0.5226891,0.49421743,
0000000000000000005f_0,0.42333272,0.4540639,0.4164362,0.4371116,0.44574586,0.4067157,0.42552245,0.4197317,0.4578442,0.45671776,0.43944067,0.4129111,0.43854684,0.48855358,0.38546714,0.42484796,0.4247972,0.44238067,0.45592576,0.5721519,0.44359696,0.4520124,0.4890031,0.41849855,0.46886057,0.5082927,0.46623656,0.41852772,0.4676007,0.44485703,0.40428472,0.41388673,0.41113856,
00000000000000000060_0,0.67787117,0.545961,0.65367967,0.64118564,0.6025067,0.43049327,0.56031126,0.57563853,0.62633455,0.55744684,0.4749795,0.4992764,0.77327937,0.5420099,0.58268934,0.73647714,0.5602606,0.6009501,0.6155303,0.585997,0.48862407,0.5052331,0.5873016,0.5273053,0.59368837,0.584,0.5182482,0.5895954,0.52556235,0.56356734,0.45842218,0.5652174,0.729927,
00000000000000000061_0,0.4691137,0.5121119,0.4929236,0.5455568,0.4448914,0.4332004,0.46831137,0.56651163,0.45833334,0.48227474,0.4297694,0.42318058,0.5375778,0.403966,0.5041816,0.5837188,0.51404494,0.4906776,0.5597422,0.5609756,0.54754394,0.48553556,0.49208993,0.42331082,0.46399617,0.4652778,0.47853848,0.45852688,0.44112077,0.47727984,0.42977458,0.45066667,0.49024707,
00000000000000000062_0,0.4149491,0.44970414,0.44183412,0.49965253,0.4702179,0.43014368,0.4229229,0.44971308,0.47196516,0.45404595,0.46400484,0.42470694,0.4119257,0.43680593,0.46983856,0.45762712,0.43232414,0.47516897,0.48358375,0.4533274,0.45555556,0.43007478,0.48818395,0.41564006,0.45745122,0.46177003,0.45765027,0.4154104,0.4681298,0.43357027,0.4415755,0.43890467,0.43191877,
00000000000000000063_0,0.384053,0.4424674,0.39077783,0.43333334,0.4257383,0.39723584,0.41450778,0.46615493,1.0576131,0.45671332,0.52340424,0.39396775,0.41328892,0.40270847,0.4176978,0.4036244,0.4821256,0.4752737,0.52602434,0.42998427,0.43357095,0.3946673,0.46143168,0.4611465,0.45391035,0.43136856,0.45317337,0.40006277,0.45772097,0.5161503,0.4249662,0.41737726,0.39962652,
00000000000000000064_0,0.47761193,0.5388956,0.49103138,0.4937107,0.56718194,0.5808045,0.5816619,0.533616,0.6151468,0.5280066,0.51945275,0.58426964,0.49591452,0.7264618,0.56170213,0.54275095,0.66236347,0.7029412,0.54938954,0.5784408,0.5048657,0.523888,0.5233706,0.5,0.5242347,0.5205946,0.5325602,0.49884793,0.48107484,0.45478374,0.45020577,0.5133531,0.5217637,
00000000000000000065_0,0.8636364,0.66233766,0.7988506,0.7518797,0.65048546,0.5011338,0.4923939,0.55244756,0.4988363,0.5659722,0.48314607,0.50287354,0.67528737,0.55584246,0.57155246,0.5222672,0.49262536,0.5717647,0.48992357,0.47346073,0.4830741,0.40044412,0.49050632,0.5726092,0.46819788,0.47229114,0.49472097,0.6587031,0.60465115,0.6,0.49425286,0.876,0.59116024,
00000000000000000066_0,0.43755382,0.4931153,0.43740094,0.46201015,0.4456717,0.40605763,0.4375284,0.42301676,0.48294315,0.57537156,0.454789,0.43357933,0.48695472,0.42758143,0.45873705,0.45879182,0.4163751,0.50857925,0.46280384,0.44556373,0.4409974,0.43561524,0.47328246,0.4460679,0.4810396,0.4844649,0.46930864,0.42333785,0.44108966,0.47165316,0.43506935,0.43854684,0.51291513,
00000000000000000067_0,0.86987954,0.5672823,1.4377682,1.0505618,0.7082353,0.8318318,0.7062937,0.6121673,0.8497409,0.7135741,0.73504275,0.7964912,0.6493827,0.80625,0.8729097,0.6622691,0.522673,0.8305085,0.61959654,0.68038744,0.7484787,0.5291971,0.5464684,0.75396824,0.60645163,0.5555556,0.57246375,1.0692308,0.8013245,0.5963303,0.61350405,0.6082474,0.80254775,
00000000000000000068_0,0.41485927,0.48735747,0.4376539,0.48073703,0.43070045,0.4148306,0.4612728,0.47787347,0.5174032,0.47026432,0.44582504,0.42739046,0.41515952,0.46651787,0.43151835,0.45426476,0.42804766,0.48293963,0.46738118,0.43742493,0.47487575,0.42713568,0.47700512,0.4286393,0.46112537,0.46493164,0.46594253,0.4277257,0.45581508,0.39684922,0.41319844,0.44096622,0.41573033,
00000000000000000069_0,0.35706717,0.4155791,0.35831383,0.40528554,0.39878586,0.39147288,0.42906573,0.3844065,0.6038835,0.41618124,0.3602611,0.3599249,0.36286268,0.3761719,0.38143933,0.37800765,0.3625639,0.49054506,0.416,0.36928105,0.3611421,0.3959433,0.41404262,0.38581148,0.40003705,0.37919462,0.40109786,0.39009592,0.44538653,0.36703482,0.40269172,0.3799647,0.42087913,
0000000000000000006a_0,0.37421033,0.37131757,0.35209617,0.37237626,0.37964913,0.39826304,0.35956493,0.3826576,0.49408984,0.37840497,0.37091395,0.36011732,0.35630205,0.4979625,0.36097175,0.5252687,0.36767977,0.3939394,0.4121212,0.41001266,0.39579684,0.3862069,0.40396342,0.36366895,0.42554292,0.37971297,0.4101682,0.34613004,0.5262655,0.40942928,0.3832898,0.36582467,0.49805447,
0000000000000000006b_0,0.64204544,0.7537538,0.8031746,1.113924,0.7986111,0.8318318,0.6960784,0.69082123,0.6972477,1.2896552,0.61904764,0.7964912,0.74358976,0.85900784,0.8729097,0.5525727,0.6466302,0.75849056,0.8563536,1.0529412,0.5751634,0.5462963,0.59292036,0.76086956,0.61538464,0.5947368,0.5882353,0.83286905,0.53931034,0.65810275,0.6410811,0.732342,0.7003891,
0000000000000000006c_0,0.761658,0.59090906,0.8357488,0.6919831,0.7298387,0.64420485,0.6458333,0.5942492,0.664042,0.631016,0.60465115,0.5951417,0.55992144,0.69020504,0.7794118,0.5188781,0.590625,0.64074075,0.5951417,0.60227275,0.672496,0.47302905,0.5240642,0.49891067,0.5358025,0.49866667,0.50877196,0.645,0.5591182,0.66412216,0.5315985,0.6448598,0.83466667,
0000000000000000006d_0,0.3669043,0.45968536,0.4354515,0.41853034,0.39955932,0.399185,0.44113296,0.41456863,0.40292048,0.39518318,0.40264925,0.39223814,0.40928793,0.4399062,0.37846944,0.41459227,0.3924295,0.5202136,0.4375546,0.39134744,0.41513145,0.40251693,0.42475158,0.41923076,0.4243396,0.4381858,0.45868316,0.4291995,0.44099724,0.4353113,0.3929619,0.39358813,0.39732686,
0000000000000000006e_0,0.42046574,0.45968324,0.4583062,0.42787585,0.45595768,0.37202632,0.49322745,0.47090092,0.45454547,0.45822698,0.4383818,0.4324147,0.45017183,0.43907666,0.5146067,0.43904135,0.43233946,0.45196354,0.4760866,0.46166185,0.4562575,0.458696,0.49010703,0.43762943,0.48013845,0.46928272,0.51034755,0.41927832,0.49822766,0.42204213,0.58381504,0.46032405,0.4300851,
0000000000000000006f_0,0.42371508,0.4622565,0.43375233,0.4569055,0.42605916,0.45560572,0.46518815,0.4467597,0.46868768,0.43677044,0.43112034,0.46791226,0.43252337,0.44578314,0.43017742,0.45788562,0.41463414,0.48331046,0.44321656,0.42989215,0.5944864,0.45663926,0.44129083,0.4167337,0.46826568,0.4479913,0.4721423,0.41699868,0.45091072,0.438301,0.4183486,0.45187393,0.41112012,
00000000000000000070_0,0.39926314,0.4709536,0.44366196,0.44580585,0.43492815,0.44591126,0.434992,0.50482583,0.44028103,0.43362105,0.43815765,0.41136283,0.42971608,0.42373887,0.43246117,0.49447605,0.4222798,0.4856478,0.4676397,0.43650126,0.43549713,0.4382595,0.46919256,0.4225741,0.48605967,0.46109453,0.4901432,0.4273859,0.47082004,0.42559752,0.4194697,0.47813955,0.41138023,
00000000000000000071_0,0.43359444,0.49085796,0.47607246,0.5233918,0.477992,0.5176909,0.47428572,0.45416105,0.4888037,0.4951014,0.46642518,0.46391088,0.43753827,0.47260433,0.45721537,0.4767507,0.439558,0.47031397,0.4854566,0.48159832,0.46554488,0.4749553,0.4869528,0.4449224,0.5221239,0.5350298,0.5008115,0.4378537,0.44656488,0.45156538,0.45315826,0.46151754,0.46398893,
00000000000000000072_0,0.45665962,0.45501655,0.46472752,0.45907962,0.47422493,0.46589017,0.44181427,0.4730111,0.47394454,0.4827241,0.44992813,0.44512516,0.454235,0.44731247,0.47171417,0.47368422,0.45572588,0.48352206,0.48048863,0.4331164,0.44774327,0.45054245,0.47570702,0.59981346,0.48493922,0.48304787,0.49051383,0.47079965,0.46446145,0.45891452,0.44839066,0.45448154,0.5341246,
00000000000000000073_0,0.48432252,0.4365356,0.4043983,0.43387336,0.45866665,0.39599913,0.4041805,0.45061585,0.52669036,0.43555406,0.4193097,0.40892345,0.46306193,0.43463203,0.49404216,0.42778865,0.46637744,0.51490235,0.45822784,0.42875236,0.70446736,0.44109398,0.52067226,0.4409504,0.46834734,0.46945778,0.44653228,0.47224864,0.49956256,0.44870067,0.40688217,0.41448382,0.4394366,
00000000000000000074_0,0.37780052,0.41577625,0.42822716,0.4045496,0.502439,0.41924825,0.485745,0.4299336,0.4613424,0.43260798,0.4221227,0.40320677,0.44306102,0.42556757,0.4166533,0.42385957,0.40313184,0.4295422,0.4405778,0.4073256,0.4157424,0.39899254,0.44980112,0.39077404,0.4506976,0.4265434,0.44431835,0.4202803,0.47398844,0.39174536,0.3702098,0.40921786,0.411495,
00000000000000000075_0,0.69161,0.75535166,0.87659574,0.67263424,0.8323699,0.64420485,0.8360656,0.5586854,0.6972477,0.6334232,0.55833334,0.6455026,0.88018435,0.66497463,1.3467742,0.695962,0.6912114,0.72747254,0.7276786,0.7284483,0.80124223,0.503876,0.5933333,0.62151396,0.58441556,0.5631399,0.6242038,0.73913044,0.77077365,0.5,0.51976854,0.7318436,0.69536424,
00000000000000000076_0,0.61622155,0.58989596,0.5935288,0.648294,0.56318253,0.54759824,0.61573035,0.53721243,0.6546341,0.5448718,0.50340134,0.57389164,0.6424051,0.61445785,0.5206751,0.4771623,0.507724,0.6513606,0.51111114,0.6771729,0.5753899,0.49896482,0.56578946,0.5484247,0.57403654,0.54957986,0.51724136,0.6422764,0.5312883,0.5832241,0.42561984,0.82762694,0.60544217,
00000000000000000077_0,0.4385675,0.4510175,0.41987082,0.5294118,0.4471172,0.43079388,0.43232325,0.40141016,0.43974203,0.48696846,0.41510016,0.41145492,0.43767506,0.5200289,0.41047585,0.46689722,0.4,0.4465331,0.4756022,0.4170282,0.4700793,0.4287879,0.46321338,0.40840602,0.527439,0.46409214,0.56989247,0.46921796,0.47905138,0.4296941,0.41032258,0.45972604,0.40925482,
00000000000000000078_0,0.4682899,0.45957547,0.4930362,0.596503,0.51749206,0.45911112,0.4569749,0.47891828,0.5711575,0.5096643,0.50460404,0.51586205,0.44672897,0.4963949,0.4915591,0.471066,0.48218766,0.70140845,0.49636805,0.4576554,0.46760824,0.487056,0.6636528,0.43428695,0.51600754,0.5015901,0.5094502,0.42709488,0.5771725,0.52186835,0.50398934,0.42185175,0.46822035,
00000000000000000079_0,0.38059244,0.4024186,0.4649504,0.4726661,0.49620152,0.43079388,0.49217936,0.4520847,0.43578947,0.41102758,0.42010847,0.52565444,0.43115008,0.48334733,0.44968554,0.51266533,0.436796,0.54046243,0.59335685,0.4661984,0.53656024,0.5106383,0.48486516,0.40083462,0.5013749,0.49459013,0.48472223,0.4583908,0.39166957,0.3889717,0.3171266,0.3941107,0.42196983,
0000000000000000007a_0,0.44482255,0.48864508,0.4843955,0.4500998,0.44524,0.43429556,0.4289781,0.4301595,0.45509526,0.5862069,0.44685918,0.44498152,0.43774953,0.44386494,0.45420054,0.446413,0.42719847,0.56539035,0.46945986,0.44878626,0.4707706,0.503139,0.4904022,0.45011953,0.49685252,0.503861,0.49202126,0.4700497,0.49755302,0.4750472,0.42479548,0.39883268,0.43612802,
0000000000000000007b_0,0.45418754,0.47619995,0.4734925,0.44300386,0.45227322,0.44534412,0.49271703,0.47469795,0.48308012,0.5322076,0.47783038,0.4491676,0.45187053,0.8621974,0.45928636,0.48032364,0.42999566,0.45592234,0.4595186,0.44516557,0.4549763,0.4840834,0.5006698,0.43011457,0.49167776,0.5029417,0.59717315,0.4931672,0.45470056,0.48560986,0.41162142,0.4294131,0.4422459,
0000000000000000007c_0,0.49918434,0.4975897,0.5640296,0.478,0.5795222,0.494863,0.5295229,0.50135666,0.49070632,0.49322557,0.50883394,0.57980454,0.47562426,0.5075885,0.56443554,0.5262739,0.43460765,0.5335558,0.51510334,0.45022625,0.47031578,0.50931674,0.4980883,0.4947114,0.5215729,0.5439377,0.48902547,0.5163297,0.47128078,0.45592704,0.41411108,0.510989,0.48318386,
0000000000000000007d_0,0.46578366,0.4521625,0.52176917,0.47227535,0.49340975,0.46376812,0.49143085,0.44235784,0.43357784,0.44263008,0.44264507,0.44181818,0.53053594,0.4952936,0.4598808,0.46780384,0.4355171,0.51299185,0.45526317,0.50481075,0.43338075,0.5207668,0.48143193,0.40340605,0.47721472,0.47358888,0.49489447,0.6332547,0.43466067,0.39244825,0.39699528,0.43083787,0.54130864,
0000000000000000007e_0,0.39037433,0.4103512,0.40603843,0.3757808,0.40889105,0.39233765,0.4728299,0.44508672,0.42483404,0.42647865,0.4141525,0.43452382,0.3786102,0.47955945,0.4141893,0.4332686,0.40068886,0.4480615,0.47614697,0.46831957,0.43671253,0.53219175,0.48866996,0.41188055,0.5244942,0.48948205,0.51305723,0.417312,0.41407624,0.38807338,0.39367816,0.34852174,0.39975587,
0000000000000000007f_0,0.4324853,0.45113844,0.5752719,0.56395346,0.43571824,0.47311297,0.486121,0.4384567,0.4868881,0.4657655,0.43035343,0.42759526,0.4439761,0.4551902,0.42364216,0.43057922,0.4473191,0.4554133,0.5639445,0.485187,0.4931802,0.43420696,0.49674055,0.423624,0.47460938,0.45736435,0.48665503,0.44459644,0.43968222,0.41589206,0.41542575,0.43566993,0.48553765,
00000000000000000080_0,0.44638816,0.4549223,0.43828714,0.4655514,0.4416996,0.40162036,0.41509873,0.4449761,0.44944677,0.4029774,0.42857143,0.48926803,0.42417583,0.43182436,0.4352072,0.42248565,0.42115262,0.81793106,0.44954127,0.43366575,0.4881455,0.51262236,0.48150957,0.4281328,0.4888681,0.45894364,0.46137464,0.42579934,0.4311048,0.4367929,0.4269026,0.41705558,0.4302374,
00000000000000000081_0,0.50363517,0.45454547,0.5578855,0.616,0.4731475,0.4676259,0.5022716,0.5012854,0.46595982,0.42062098,0.4237695,0.4975404,0.48026314,0.5133229,0.45021963,0.46003997,0.47407407,0.5455334,0.49655646,0.4547414,0.45888925,0.4668686,0.50132626,0.48887587,0.502008,0.52334946,0.5011909,0.5456659,0.5180341,0.42031687,0.39201453,0.44829562,0.48232773,
00000000000000000082_0,0.41252238,0.48347613,0.4675416,0.44733796,0.45157295,0.4276907,0.4252066,0.46215674,0.47007617,0.43972835,0.41397965,0.5323118,0.43012288,0.42552027,0.4270033,0.42874253,0.38236108,0.45191535,0.466,0.4933699,0.48802605,0.4288276,0.48178312,0.43655547,0.5311168,0.4705411,0.502971,0.415534,0.4766407,0.41760123,0.3550984,0.42227924,0.44620812,
00000000000000000083_0,0.42862853,0.44036418,0.43700027,0.4070628,0.4299195,0.4443266,0.37281153,0.4595661,0.43976054,0.39625227,0.40496254,0.3994012,0.43502232,0.42279592,0.4330511,0.43280232,0.48657358,0.43816406,0.47263184,0.45118734,0.44087255,0.39548618,0.48770726,0.41529235,0.46675315,0.44732141,0.5813275,0.409234,0.43776715,0.41132408,0.3531119,0.3636073,0.45776567,
00000000000000000084_0,0.4274542,0.44917497,0.7377423,0.40091944,0.41070834,0.37340054,0.37380815,0.47062513,0.4077828,0.40647027,0.39897108,0.40699574,0.41924572,0.40681362,0.40097943,0.4687735,0.40391496,0.42060524,0.44407967,0.49529412,0.41866285,0.39642927,0.45810056,0.3929395,0.44051322,0.4359294,0.45630705,0.38411504,0.41812816,0.40753308,0.38544962,0.3860835,0.37619793,
00000000000000000085_0,0.41456953,0.4643213,0.66943675,0.40676534,0.41982272,0.37818268,0.4112433,0.4662028,0.44171566,0.49861187,0.4215043,0.39699978,0.42538622,0.42899787,0.4523975,0.52505887,0.40239045,0.45063388,0.4657072,0.43994904,0.44386148,0.41401273,0.4848434,0.41810438,0.4791631,0.46460575,0.48061225,0.39854214,0.44693187,0.40511197,0.4007243,0.37038684,0.4299448,
00000000000000000086_0,0.46644482,0.44570756,0.63595504,0.4347826,0.41123143,0.42944276,0.47951442,0.4510178,0.43650272,0.50906557,0.42270368,0.42423198,0.41006818,0.38914728,0.53745455,0.913784,0.38946092,0.4225441,0.47040972,0.41725105,0.4047568,0.39345613,0.43347475,0.4254451,0.43758738,0.44161505,0.4508705,0.41202903,0.4260141,0.44985524,0.4248458,0.38528582,0.4025329,
00000000000000000087_0,0.4033579,0.4212408,0.47743782,0.41066042,0.40770203,0.4182286,0.40874946,0.43641618,0.4269932,0.42785355,0.43732157,0.4403575,0.41363552,0.43477297,0.4283019,0.4361831,0.43949044,0.48478532,0.43302828,0.4369748,0.42152023,0.4093241,0.4410507,0.44069096,0.5205479,0.4385113,0.4532287,0.42808437,0.4161401,0.401834,0.43855336,0.40269393,0.43540668,
00000000000000000088_0,0.53108954,0.50179535,0.5526992,0.49477682,0.42643678,0.40208334,0.5902669,0.4584123,0.45478794,0.49561402,0.48243168,0.48314607,0.61750406,0.45993415,0.4651709,0.4580078,0.47195622,0.45827633,0.48252735,0.446319,0.5343228,0.43658537,0.46937984,0.4073604,0.5078691,0.49266365,0.50426066,0.48044133,0.4667793,0.48784825,0.4213468,0.44573447,0.5163077,
00000000000000000089_0,0.42248836,0.49295774,0.480765,0.4491268,0.44193912,0.46651584,0.44476867,0.5019489,0.4575737,0.43822598,0.4503231,0.41402498,0.42891422,0.47311154,0.42667708,0.43314022,0.4260602,0.4620717,0.465096,0.5212689,0.44940048,0.49948078,0.49184054,0.41761887,0.4769821,0.5060048,0.52457005,0.442947,0.4392828,0.41594657,0.38118333,0.39455184,0.443443,
0000000000000000008a_0,0.5451895,0.56201553,0.78798586,0.56613755,0.7352342,0.4950166,0.65008575,0.5244755,0.64912283,0.51746726,0.60923964,0.88315904,0.69361705,0.5961165,0.7724138,0.5784469,0.578125,0.65337956,0.6483126,0.47782704,0.5215827,0.46409267,0.47837484,0.65217394,0.49652296,0.5188216,0.5138889,0.54489166,0.43345383,0.558952,0.55918366,0.49620637,0.562724,
0000000000000000008b_0,0.40732035,0.4724598,0.43998662,0.40258595,0.42029843,0.4030109,0.41740507,0.46175733,0.4175042,0.42353442,0.39039946,0.4116082,0.40211162,0.40378234,0.42161173,0.39609686,0.41066587,0.42707047,0.43424055,0.44162798,0.4304612,0.40591398,0.45401582,0.39391968,0.46761855,0.48390198,0.47672066,0.4056504,0.42284963,0.41713572,0.40004018,0.3854017,0.50397927,
0000000000000000008c_0,0.44261423,0.45309836,0.46086955,0.41453916,0.4522844,0.43045112,0.43451464,0.4373928,0.45771465,0.4295916,0.43068552,0.42949626,0.4151465,0.43504533,0.44129762,0.438846,0.40799317,0.4640458,0.50351983,0.44674796,0.49980673,0.42955962,0.45770064,0.39403453,0.46126622,0.46844408,0.49121383,0.39091647,0.40807742,0.3961644,0.35908803,0.40366793,0.4508248,
0000000000000000008d_0,0.40076593,0.46055046,0.4345679,0.40908235,0.410271,0.48081535,0.3990768,0.44641894,0.4150244,0.38586572,0.39568081,0.40749097,0.47178003,0.47587782,0.4088125,0.4109397,0.39323106,0.43777198,0.47551233,0.41069448,0.47564217,0.43289146,0.46773496,0.40457442,0.45918366,0.45809603,0.45832393,0.3986672,0.40724856,0.39262974,0.36185163,0.3833723,0.40258425,
0000000000000000008e_0,0.3588557,0.3987678,0.40809202,0.4090408,0.4342554,0.4831253,0.4122449,0.43374392,0.43241787,0.4087733,0.38525268,0.4486007,0.41873142,0.8090543,0.39416227,0.40090355,0.4705691,0.42425123,0.4500629,0.44218814,0.40179104,0.45778322,0.44027033,0.39468208,0.446693,0.42272907,0.4381696,0.39034015,0.41483322,0.41134113,0.3929776,0.38139534,0.43232697,
0000000000000000008f_0,0.37916312,0.46001467,0.5315126,0.46318114,0.44027779,0.49298596,0.45546645,0.42211363,0.41679484,0.4050057,0.42607775,0.42002916,0.41095892,0.42797494,0.43508115,0.4607978,0.44455066,0.43433696,0.46796432,0.42493245,0.478327,0.42185903,0.4591234,0.39568734,0.4696332,0.4401985,0.45078427,0.3785339,0.38100186,0.45024988,0.3903298,0.42523032,0.44799405,
00000000000000000090_0,0.47556615,0.42137593,0.51570046,0.43144104,0.42617962,0.5145386,0.44301766,0.43184337,0.478389,0.3984187,0.44169328,0.4228799,0.46209016,0.5619524,0.4761062,0.48927614,0.46003017,0.57575756,0.5451789,0.50419164,0.48903108,0.4780015,0.47040972,0.40834847,0.4607762,0.49204773,0.46875,0.39935216,0.42505133,0.39233956,0.40498844,0.3937677,0.47472256,
00000000000000000091_0,0.48995537,0.43958396,0.42199627,0.40480375,0.3948626,0.39244664,0.38049144,0.38982338,0.3850225,0.3765831,0.35976267,0.4683871,0.40255785,0.36331192,0.37142858,0.38739184,0.40228194,0.46061233,0.4160662,0.41427878,0.39610705,0.35259822,0.40560472,0.4041721,0.4364706,0.39727274,0.4114786,0.35605234,0.41965678,0.40073082,0.3624297,0.38496584,0.4133477,
00000000000000000092_0,0.4509586,0.45556444,0.5320262,0.46858168,0.48319593,0.48677057,0.45558488,0.4808,0.43822715,0.41738915,0.4501166,0.49313086,0.4370682,0.46069068,0.45244956,0.4437086,0.48645467,0.4673108,0.47472808,0.4581907,0.43217665,0.45254388,0.47550574,0.4293282,0.48425198,0.4628248,0.47442517,0.43838507,0.47637525,0.4490566,0.3982353,0.4108399,0.43069875,
00000000000000000093_0,0.4174923,0.45209682,0.4529638,0.40825036,0.43560606,0.43396226,0.40514904,0.43894932,0.41156605,0.3905857,0.40532434,0.44297957,0.41540602,0.42660633,0.40542683,0.45233968,0.40652275,0.42803946,0.4333875,0.42633015,0.448592,0.44003275,0.4665199,0.4061912,0.47877228,0.4598277,0.46760458,0.42675367,0.41930526,0.3995264,0.35009733,0.37437028,0.3957806,
00000000000000000094_0,0.42964435,0.45499384,0.48548812,0.45046967,0.46921667,0.4194821,0.46162975,0.47850344,0.44927537,0.4511452,0.4402436,0.43152973,0.47639015,0.4327071,0.4663761,0.44983137,0.4204461,0.45210958,0.45530146,0.44020063,0.42701614,0.4402446,0.45590153,0.41694415,0.47788343,0.4541051,0.4643026,0.4346955,0.42825443,0.41562933,0.3855949,0.4204204,0.45439366,
00000000000000000095_0,0.55566406,0.46203473,0.48258707,0.43547437,0.45054066,0.43516698,0.4505814,0.46718776,0.527567,0.4532294,0.4340554,0.47171283,0.5075047,0.5179325,0.5246949,0.52920604,0.40213358,0.5171042,0.5191413,0.4525904,0.42104164,0.41893902,0.4599156,0.42842132,0.4672713,0.45739675,0.4560547,0.43779233,0.42559135,0.46206897,0.3837429,0.3949694,0.45760807,
00000000000000000096_0,0.49189705,0.446645,0.59236455,0.47806004,0.49339208,0.47327653,0.47368422,0.49487516,0.584606,0.44113475,0.44543993,0.47995546,0.47704366,0.5080275,0.52135754,0.49943966,0.54796165,0.5376458,0.4738676,0.46223566,0.4893617,0.42330185,0.4749512,0.43086728,0.5024935,0.47540984,0.498593,0.49537036,0.45449275,0.49518874,0.40609497,0.41965106,0.4855558,
00000000000000000097_0,0.43298045,0.42057535,0.5922819,0.47572064,0.44547644,0.42720383,0.44607556,0.48099303,0.45367604,0.43707657,0.4730588,0.43526655,0.42893836,0.5549133,0.46057346,0.4479419,0.42539498,0.45464063,0.4591561,0.45383868,0.44505683,0.4379875,0.46266446,0.42045453,0.49634352,0.4882708,0.492595,0.44758064,0.4316921,0.4673311,0.40611354,0.42269143,0.44800547,
00000000000000000098_0,0.3459695,0.36433512,0.39039573,0.35270858,0.36058742,0.33815473,0.41004694,0.41477507,0.41155943,0.4579599,0.38560814,0.36365405,0.38491523,0.3805668,0.4461408,0.3961629,0.3702569,0.41559723,0.4104733,0.3924851,0.39049104,0.39007682,0.42798123,0.35878763,0.42126712,0.4049819,0.4406639,0.3630459,0.39498314,0.3666726,0.36002028,0.3420256,0.34509557,
00000000000000000099_0,0.65171504,0.716129,0.8341463,0.6425856,0.7327935,0.5588235,0.70046085,0.6654676,0.7017115,0.6798144,0.501634,0.65968585,0.83651227,0.556962,0.7227273,0.7570093,0.630597,0.6633166,0.4883721,0.8567639,0.6064257,0.5045045,0.52089137,0.592068,0.61094224,0.61904764,0.6146789,0.61172163,0.5145493,0.6060606,0.5872839,0.4535666,0.5020243,
0000000000000000009a_0,0.4556213,0.44493198,0.4592405,0.43752417,0.42196062,0.5499114,0.41295546,0.4620853,0.46984127,0.48033127,0.40051094,0.432319,0.43396226,0.45865384,0.43334925,0.44843253,0.40014213,0.43889165,0.4404487,0.45414656,0.414222,0.42167655,0.45050177,0.5295481,0.44683176,0.43696603,0.4523574,0.38357842,0.43115464,0.42740285,0.39427516,0.43186182,0.47693977,
0000000000000000009c_0,0.38680276,0.4307857,0.3999489,0.4305984,0.39810336,0.38854963,0.39375475,0.43818465,0.4441896,0.40732682,0.42112124,0.40173817,0.45541403,0.4433657,0.4632409,0.4267026,0.4056582,0.6225235,0.4274539,0.45414528,0.45139626,0.4252593,0.44648403,0.38233146,0.43428186,0.4366263,0.44147536,0.4131366,0.41496882,0.43741852,0.4305936,0.35252264,0.39076498,
0000000000000000009d_0,0.39143825,0.42133647,0.4583726,0.4169693,0.40016615,0.39154348,0.45864663,0.41724136,0.4370587,0.41668847,0.41147676,0.3922689,0.42864245,0.4224525,0.40610206,0.43258426,0.4136009,0.45194402,0.44447476,0.42462918,0.4117364,0.38951433,0.42972773,0.4140761,0.5430267,0.42951834,0.44741833,0.40416443,0.44444445,0.40331244,0.39569452,0.27765122,0.37142858,
0000000000000000009e_0,0.64451313,0.5996664,0.69407266,0.69547325,0.7309237,0.60600376,0.64199656,0.55123675,0.63178295,0.68372095,0.6779874,0.58258796,0.7326203,0.6037736,0.6962617,0.6046967,0.74850297,0.85487527,0.4917891,0.72103006,0.49268842,0.5619048,0.5930736,0.617357,0.5882353,0.5680751,0.5885947,0.64918035,0.5202369,0.6978131,0.56882024,0.56363636,0.6976744,
0000000000000000009f_0,0.40570042,0.43372607,0.4440843,0.40620783,0.41927084,0.45114344,0.4131403,0.42464578,0.49526066,0.39620978,0.43890736,0.38863915,0.43090317,0.42185664,0.41974995,0.40620783,0.41206348,0.49214146,0.41251475,0.47607934,0.3771657,0.41566265,0.44592953,0.42857143,0.4632353,0.43470263,0.45183888,0.4570361,0.42683667,0.4293866,0.4584307,0.519189,0.42225498,
000000000000000000a0_0,0.5296804,0.48812312,0.5663842,0.500348,0.4615145,0.44065806,0.478476,0.50128156,0.53830945,0.5224875,0.46341464,0.50053364,0.5681818,0.53333336,0.45420906,0.52237195,0.45491594,0.51395065,0.4697152,0.53104067,0.46817538,0.42536476,0.44990665,0.5674391,0.49650925,0.5013193,0.49889332,0.43277523,0.4293478,0.5399188,0.46784362,0.45647058,0.54039735,
000000000000000000a1_0,0.5436047,0.5638507,0.5948052,0.66292137,0.51956326,0.5324357,0.51432794,0.46805456,0.4796748,0.4970517,0.51211965,0.45652175,0.6543779,0.44974446,0.49153942,0.43617022,0.40612012,0.5389948,0.4954562,0.46542215,0.45242718,0.37806374,0.4921466,0.49714285,0.5357483,0.52273715,0.558277,0.5820477,0.46627736,0.59358287,0.46717778,0.5806029,0.65178573,
000000000000000000a2_0,0.43710408,0.41751152,0.48075527,0.4693504,0.441421,0.43935686,0.40860656,0.49669293,0.47855788,0.44718236,0.53912294,0.46902654,0.44199207,0.49196142,0.45573518,0.4627329,0.40747842,0.41313085,0.43445244,0.43369037,0.42804563,0.39264214,0.4868674,0.45718232,0.4461642,0.46340537,0.4638879,0.47168434,0.45648643,0.4527864,0.40633556,0.45476478,0.42722842,
000000000000000000a3_0,0.83554375,0.7136752,1.0872728,0.69154227,0.53944564,0.61431414,0.64893615,0.65371025,0.648294,0.49108204,0.7592593,0.4818653,0.84334207,0.59006214,0.84761906,0.64931506,0.45963755,0.62674093,0.44139194,0.63172805,0.6824877,0.40571427,0.44709897,0.6719577,0.4560811,0.46026987,0.48350072,0.880597,0.52079207,0.75849056,0.54607177,0.58115184,0.8362283,
000000000000000000a4_0,0.337269,0.4690467,0.46630412,0.42026955,0.4197938,0.38231164,0.44069767,0.45554614,0.4425578,0.43901324,0.43001822,0.41205412,0.44179678,0.3882911,0.41540056,0.42329827,0.41706464,0.43667763,0.43418542,0.42877838,0.45936638,0.44417205,0.47751036,0.4245556,0.49076518,0.5129266,0.48396686,0.42186165,0.44745484,0.45803356,0.40563992,0.378,0.40448067,
000000000000000000a5_0,0.41912922,0.42053172,0.4809221,0.45991874,0.4673784,0.39483395,0.42616823,0.45376858,0.41183433,0.4672222,0.41539073,0.47150734,0.43100774,0.4147898,0.41471434,0.42142448,0.4219693,0.41120508,0.43948796,0.40743908,0.43967038,0.41191953,0.47568607,0.39679936,0.4506559,0.4337603,0.44140553,0.4087974,0.42247236,0.42096838,0.40152895,0.41579607,0.549217,
000000000000000000a6_0,0.4620475,0.481454,0.5826377,0.63267815,0.43820974,0.40065604,0.43966714,0.5023328,0.49413422,0.4534084,0.46097946,0.47479406,0.48413017,0.5345642,0.4752152,0.47254446,0.4939287,0.5208892,0.5172179,0.49069768,0.4664657,0.45202893,0.46758968,0.48091602,0.5258935,0.49529552,0.5067604,0.4177508,0.394126,0.46577096,0.51756006,0.44894302,0.41944933,
000000000000000000a7_0,0.50535476,0.45863125,0.49422067,0.49018386,0.51287127,0.41485015,0.4776939,0.5048576,0.47908744,0.4712885,0.4866779,0.4752644,0.49186483,0.51381695,0.49984032,0.50543696,0.4598225,0.50390285,0.5123859,0.50849295,0.5507614,0.50769234,0.5120545,0.44,0.49878347,0.4915949,0.61444044,0.46304277,0.48224,0.5054687,0.46763462,0.4535375,0.46077034,
000000000000000000a8_0,0.49221903,0.4661587,0.4840469,0.42837045,0.4690909,0.41453323,0.4643684,1.4,0.44128442,0.4508807,0.45064998,0.4523862,0.46628734,0.49330956,0.4413965,0.43898574,0.44602543,0.4530831,0.5786477,0.4543374,0.437808,0.432244,0.48139963,0.42513427,0.44036302,0.4840374,0.49056605,0.44602978,0.44911087,0.45411205,0.47469276,0.426315,0.4497105,
000000000000000000a9_0,0.6360925,0.488779,0.5553677,0.5634286,0.62158275,0.5986278,0.63291967,0.85,0.50603175,0.5459906,0.5274329,0.5441096,0.5163002,0.5273339,0.528914,0.62827224,0.5133276,0.5270851,0.55152225,0.5148368,0.49628407,0.47111472,0.48861283,0.46067417,0.4994012,0.4915369,0.50248754,0.518774,0.46019784,0.5338691,0.39337397,0.41190815,0.52984387,
000000000000000000aa_0,0.4339212,0.43584436,0.47620174,0.42902997,0.4451704,0.4049822,0.43669373,0.49320543,0.42431408,0.44074515,0.429396,0.4404946,0.44983461,0.45673603,0.47842687,0.4578024,0.46666667,0.456909,0.44564408,0.45220283,0.44741833,0.45654044,0.49187145,0.43046358,0.45225155,0.46309695,0.5006402,0.44148937,0.44083273,0.4368408,0.4123765,0.4264346,0.4302823,
000000000000000000ab_0,0.47855422,0.48536208,0.5104364,0.5014684,0.4902069,0.44170016,0.515625,0.50541914,0.47129437,0.46058092,0.47175223,0.47560322,0.48419026,0.50087875,0.49141768,0.4928306,0.47240013,0.4896172,0.5031211,0.5050667,0.4879197,0.5201203,0.4946648,0.438646,0.47712418,0.4789982,0.53678477,0.47276556,0.44410506,0.5116214,0.417242,0.42816257,0.44634277,
000000000000000000ac_0,0.47549018,0.45579308,0.47463003,0.4340482,0.46849656,0.43946835,0.44466358,0.46653062,0.55299205,0.4688549,0.44081125,0.46000403,0.48063216,0.4554258,0.6226415,0.44918033,0.45009187,0.516454,0.51616967,0.45565516,0.46416172,0.44097406,0.52304316,0.4458574,0.49683544,0.45232505,0.52080536,0.45135653,0.4407753,0.46566585,0.4378464,0.4761046,0.45012036,
000000000000000000ad_0,0.49057493,0.4774686,0.49202263,0.44320711,0.4810983,0.45995775,0.45942825,1.2115384,0.53314805,0.47092783,0.49871024,0.46443516,0.5853841,0.5257193,0.47083983,0.47745848,0.4705091,0.4623656,0.4900285,0.4651202,0.46939588,0.47974992,0.54971594,0.48541862,0.50089884,0.48411283,0.5061588,0.48715365,0.46205452,0.45395738,0.40484536,0.45921743,0.4399346,
000000000000000000ae_0,0.42042863,0.49574268,0.5021382,0.45101988,0.48995677,0.47185546,0.45675614,0.8674699,0.4607724,0.4871403,0.47231132,0.47446457,0.48655534,0.46937016,0.486296,0.565009,0.43280366,0.6232065,0.4824983,0.46314943,0.4569049,0.4340214,0.4868175,0.4392842,0.49811116,0.47397697,0.48357204,0.45923418,0.42753777,0.47211578,0.3747412,0.5146552,0.4264529,
000000000000000000af_0,0.43430907,0.43336162,0.44853494,0.4326139,0.4494801,0.4219927,0.4117121,0.42978156,0.49113923,0.43819568,0.406518,0.41913775,0.42771804,0.42201835,0.4380049,0.4182286,0.46488294,0.52080536,0.4406181,0.42314488,0.4248137,0.40634206,0.43900034,0.4278982,0.43979058,0.4329114,0.46566844,0.42419288,0.45062208,0.4192413,0.42686567,0.4241817,0.3985571,
000000000000000000b0_0,0.4549284,0.44369522,0.49311817,0.49234137,0.4719429,0.424821,0.4814182,0.44587308,0.481168,0.43475178,0.43265054,0.42028984,0.561991,0.47033054,0.4687157,0.49963263,0.45309532,0.50711673,0.47368422,0.42857143,0.42394504,0.44574055,0.45117757,0.48649737,0.49952427,0.52228874,0.4968507,0.51172274,0.4820394,0.54121155,0.4382195,0.4920635,0.53287196,
000000000000000000b1_0,0.45028198,0.49027237,0.5159629,0.4829713,0.49346656,0.48465893,0.5148778,0.4958859,0.51096845,0.49065226,0.47852933,0.47470126,0.48136142,0.5240478,0.49359795,0.48806012,0.500164,0.5187364,0.59017044,0.49247536,0.51096493,0.520495,0.5439204,0.47194532,0.5195767,0.5176125,0.5241673,0.53438276,0.5105783,0.47966728,0.4542076,0.5046065,0.5029202,
000000000000000000b2_0,0.39918002,0.37718904,0.4107517,0.38465708,0.39064935,0.41588157,0.38534075,0.42547604,0.44553825,0.39767504,0.38604853,0.399951,0.3563627,0.48202395,0.4126347,0.40906218,0.49462867,0.4148525,0.4360984,0.41661328,0.40444228,0.44870013,0.45228216,0.3649289,0.50192416,0.45366052,0.46589085,0.41260937,0.4159292,0.3604176,0.35340384,0.39359117,0.38482532,
000000000000000000b3_0,0.41443634,0.44431308,0.4692824,0.43950072,0.4323284,0.42355555,0.43376625,0.44874823,0.4709345,0.43176734,0.45103687,0.4462299,0.49258474,0.44470313,0.4773547,0.44089276,0.43129182,0.46641317,0.46903136,0.4229113,0.43977302,0.44578314,0.47236788,0.4591114,0.4699783,0.45720348,0.45637298,0.43667725,0.51630944,0.4428447,0.4640797,0.42057723,0.4569307,
000000000000000000b4_0,0.41295725,0.41395772,0.48712823,0.45204177,0.44187063,0.43305084,0.45261702,0.45363984,0.43229643,0.42241648,0.43800813,0.4159331,0.429853,0.46378237,0.43944636,0.456621,0.4200471,0.490488,0.4829455,0.43046108,0.42302358,0.4490316,0.4723329,0.43866348,0.46489233,0.4707379,0.47910935,0.4486692,0.49963585,0.42763588,0.42313385,0.45820272,0.5012766,
000000000000000000b5_0,0.42501298,0.2012229,0.4359228,0.4380636,0.46068278,0.41581511,0.42852575,1.1851852,0.4708585,0.43205127,0.43549618,0.41913775,0.42011353,0.4648064,0.44698772,0.4526685,0.42851934,0.43423578,0.50839144,0.4410707,0.45713124,0.46128866,0.4756328,0.45903614,0.46831277,0.47434774,0.4942349,0.459095,0.42175815,0.43342122,0.40076965,0.43028605,0.42918825,
000000000000000000b6_0,0.44271457,0.4639866,0.45972738,0.43112293,0.43961573,0.44707394,0.41989663,0.44272983,0.5192563,0.4337456,0.41246292,0.5077067,0.45905173,0.4453172,0.4189189,0.5528674,0.40668467,0.42629302,0.43811497,0.41611737,0.48721,0.44554064,0.4481252,0.45272997,0.45035106,0.43431473,0.45543215,0.46542346,0.4496448,0.40894696,0.42608696,0.44058976,0.42182484,
000000000000000000b7_0,0.186824,0.4182377,0.46462852,0.45254293,0.46660608,0.42331064,0.4491087,0.4377224,0.5335068,0.42912155,0.42779168,0.43851286,0.41784453,0.45584726,0.5703603,0.44140097,0.47531572,0.44339076,0.45897377,0.42691472,0.53377813,0.46384087,0.4617225,0.43504533,0.4497992,0.46938777,0.4571043,0.4258751,0.44150186,0.44444445,0.43495402,0.4355425,0.4470821,
000000000000000000b8_0,0.39185676,0.42505994,0.42032686,0.4856291,0.4233633,0.41720822,0.4159544,0.42613804,0.43168858,0.44076014,0.4125,0.42429987,0.41129643,0.4403984,0.42268986,0.50488997,0.43864173,0.44398743,0.4509165,0.43269232,0.41055155,0.42266977,0.45087945,0.4103812,0.4585209,0.4460221,0.46234012,0.469,0.45090562,0.43825784,0.4206799,0.42723468,0.41386807,
000000000000000000b9_0,0.3582566,0.3900447,0.39554116,0.43580785,0.42485604,0.40549618,0.39607695,0.40539604,0.41629365,0.40376604,0.40220436,0.40899757,0.3920104,0.41378027,0.42882624,0.523855,0.50977653,0.46487722,0.42567077,0.41157556,0.40218365,0.43636364,0.4409396,0.37998345,0.4526386,0.4598228,0.46336633,0.42418557,0.39935374,0.38499525,0.38896847,0.39980295,0.39446175,
000000000000000000ba_0,0.41546464,0.4952251,0.46513605,0.48266166,0.43490115,0.51786333,0.47266668,0.47088036,0.4600726,0.45690987,0.43972924,0.45306566,0.55479115,0.6083815,0.48892534,0.51320755,0.42857143,0.5592255,0.46567324,0.4693712,0.5147783,0.4627813,0.5071789,0.42303088,0.46666667,0.44860667,0.46725103,0.51564455,0.49178082,0.44235116,0.44893566,0.5151117,0.5137556,
000000000000000000bb_0,0.40544748,0.41604677,0.48319814,0.5290276,0.43533897,0.43326592,0.4336561,0.48926014,0.45338768,0.41544676,0.41458106,0.4700339,0.39507806,0.41872182,0.44582394,0.46386835,0.42133665,0.44880337,0.48179197,0.4474065,0.5266723,0.43218392,0.47014925,0.38412115,0.47105104,0.47317368,0.47097054,0.4000524,0.45745817,0.42949036,0.39776194,0.428953,0.4814815,
000000000000000000bc_0,0.44109112,0.5080501,0.54607385,0.53999233,0.5423341,0.5295186,0.42910588,0.48044056,0.5131744,0.53370166,0.44428852,0.5212121,0.4642366,0.4800995,0.47283703,0.4917647,0.42211303,0.5085537,0.52523875,0.4664439,0.46035698,0.44726083,0.46048537,0.5031762,0.51495016,0.51246536,0.46532845,0.47607362,0.5277778,0.50849295,0.49573526,0.5295454,0.5279342,
000000000000000000bd_0,0.3972657,0.4259214,0.41560405,0.40341136,0.40224898,0.3858507,0.3882854,0.4447619,0.43114543,0.4147265,0.406659,0.4295277,0.42898762,0.40814424,0.39117768,0.4144711,0.40333256,0.45651415,0.4655674,0.39710465,0.4169037,0.37965468,0.45421773,0.47719297,0.42324403,0.4068104,0.41550758,0.55934614,0.41394585,0.48589626,0.39684948,0.49133593,0.48503938,
000000000000000000be_0,0.38794085,0.395743,0.41320294,0.45790982,0.40794224,0.43173432,0.4511374,0.43139818,0.4302682,0.45024398,0.42867196,0.50033003,0.39126748,0.48263255,0.48447204,0.45030385,0.46558988,0.45591837,0.46717834,0.43406418,0.4872921,0.44699684,0.46243194,0.3845138,0.460374,0.4575261,0.4932476,0.3947826,0.42887855,0.38512802,0.3658179,0.41412833,0.41321898,
000000000000000000bf_0,0.41843393,0.44698372,0.45695662,0.470944,0.460543,0.4624851,0.43765283,0.44176626,0.46613318,0.4475937,0.45154443,0.46985734,0.42750534,0.43701953,0.46268657,0.44028103,0.43302563,0.5410695,0.4807652,0.4571488,0.50992364,0.45957798,0.48691294,0.4387755,0.46116084,0.4725326,0.49195877,0.43532446,0.46221098,0.43339017,0.44587883,0.5986842,0.46886122,
000000000000000000c0_0,0.3574183,0.40428212,0.40807882,0.4187717,0.42397532,0.38988516,0.40677965,1.1322314,0.4170892,0.420619,0.39199296,0.45328718,0.40575203,0.40613025,0.43698114,0.40635452,0.39403453,0.42480028,0.44866264,0.39935327,0.4040486,0.42176744,0.44027966,0.3849269,0.4445466,0.4311431,0.43849248,0.37931034,0.4212635,0.44130248,0.39447984,0.4269902,0.40512148,
000000000000000000c1_0,0.47625226,0.47855988,0.46439555,0.4553939,0.44141963,0.3832148,0.5321782,0.46749058,0.5030426,0.46779352,0.45063454,0.42683184,0.42387807,0.5777585,0.58066463,0.4411592,0.4235111,0.4754187,0.47998583,0.41862845,0.5742887,0.45163074,0.47395173,0.43281853,0.4696756,0.45867175,0.49313542,0.529976,0.42927364,0.45849907,0.41223192,0.42888743,0.47283018,
000000000000000000c2_0,0.53879625,0.58354324,0.6748387,0.6104513,0.5536723,0.5445545,0.6623616,0.5204403,0.4971385,0.5275862,0.54691356,0.56062424,0.5642458,0.5260907,0.57027465,0.5129771,0.45314685,0.53003,0.53880596,0.46384156,0.45335084,0.44903293,0.46226645,0.56534094,0.52565444,0.5014132,0.49239957,0.5198588,0.52556235,0.53723407,0.4854369,0.6127451,0.63844395,
000000000000000000c3_0,0.4166107,0.44273806,0.445067,0.48240578,0.4358122,0.42742884,0.45014808,0.4824962,0.46187365,0.43180335,0.45487446,0.4369645,0.45880973,0.5194611,0.45980528,0.47762927,0.43245372,0.46118546,0.47563177,0.4714528,0.45581803,0.4779412,0.4939498,0.42197308,0.45250165,0.47161847,0.4812443,0.45899504,0.43241987,0.4262462,0.44240078,0.4622093,0.4339113,
000000000000000000c4_0,0.42408645,0.41570625,0.4161519,0.4352227,0.46100917,0.39544514,0.41206747,0.4109109,0.49579126,0.42965558,0.4296104,0.40044126,0.402508,0.44424322,0.43890953,0.43619683,0.5463415,0.46012577,0.47115684,0.4229075,0.45420444,0.4462691,0.4327315,0.41163838,0.44791666,0.43243933,0.44979447,0.4355435,0.40377977,0.41604677,0.43963134,0.42150995,0.48641238,
000000000000000000c5_0,0.42798045,0.4314394,0.42900303,0.47873938,0.46589595,0.5146751,0.44165945,0.43266597,0.45491424,0.45645645,0.43690988,0.41845047,0.49082008,0.44761905,0.44334146,0.43739778,0.43549672,0.4541249,0.46178094,0.42936385,0.4527567,0.43685138,0.47794676,0.42297244,0.47760892,0.46276304,0.48540008,0.42763665,0.46912795,0.42496935,0.4435636,0.44735312,0.4346025,
000000000000000000c6_0,0.43937877,0.4998791,0.47873563,0.5284896,0.5015272,0.46395156,0.47439182,0.4740432,0.526732,0.4918167,0.48250905,0.5136748,0.47592318,0.5,0.5587334,0.4981796,0.46767107,0.5191095,0.5015916,0.4499078,0.67058825,0.47949082,0.48923472,0.46369517,0.47927392,0.50427353,0.5081127,0.49016204,0.53424656,0.4913295,0.46411735,0.46678883,0.50078005,
000000000000000000c7_0,0.45254692,0.4751936,0.44376528,0.47083467,0.4309064,0.4230176,0.42164263,0.43284512,0.4268526,0.43731844,0.40619308,0.46496814,0.46287057,0.45110023,0.4065282,0.47087535,0.44242424,0.47224927,0.43501025,0.43673623,0.57863504,0.42160493,0.452,0.47688243,0.49210706,0.5466999,0.45542592,0.4597528,0.47572815,0.49142858,0.4189453,0.43487346,0.45391414,
000000000000000000c8_0,0.41949153,0.44231224,0.4765235,0.44577608,0.55024254,0.42232844,0.4442214,0.4419564,0.4471803,0.4538867,0.43467462,0.43557048,0.45382506,0.4648712,0.45207033,0.46029216,0.43011722,0.45482948,0.47507787,0.41932142,0.42822087,0.45882353,0.48499614,0.44414333,0.47132662,0.47479597,0.4518795,0.46864974,0.5186396,0.46116164,0.40879798,0.47544563,0.45660806,
000000000000000000c9_0,0.57784146,0.6429354,0.72844034,0.69758064,0.63726705,0.57655954,0.55731225,0.52690166,0.5045143,0.54371,0.595884,0.5968535,0.7057057,0.56137186,0.54295534,0.5129771,0.49837664,0.5604699,0.5725429,0.46223417,0.538936,0.5088428,0.5328859,0.5625447,0.497046,0.5455801,0.5121951,0.572093,0.5412371,0.60884356,0.55253214,0.6123457,0.76875,
000000000000000000ca_0,0.47390273,0.4832193,0.5111663,0.49222797,0.4608379,0.43072647,0.4443978,0.4727129,0.50992066,0.45804292,0.47304237,0.4801125,0.4785808,0.47161728,0.4661017,0.497952,0.46898136,0.50424844,0.46739554,0.53854275,0.46311244,0.5116351,0.49656036,0.48503426,0.5212205,0.5255458,0.5168409,0.48319682,0.47176173,0.5033242,0.44508672,0.46580645,0.4912993,
000000000000000000cb_0,0.42653847,0.43334365,0.4836703,0.47855154,0.46030247,0.45472836,0.4968735,0.45381927,0.46167487,0.43222728,0.43098444,0.4918919,0.4456548,0.58876115,0.46874174,0.48025134,0.42711112,0.4666012,0.4514118,0.44834873,0.51018035,0.40679953,0.440779,0.45616776,0.45534086,0.49513018,0.46726984,0.43953592,0.44019428,0.4863782,0.41206565,0.4268321,0.42347696,
000000000000000000cc_0,0.4237544,0.42805395,0.45116952,0.42709816,0.44244817,0.415819,0.4287599,0.4217359,0.4450498,0.4121479,0.42541707,0.58228904,0.441535,0.51611143,0.42828998,0.4558043,0.4994872,0.43130282,0.43688586,0.4676259,0.5389408,0.4618745,0.5205942,0.42892873,0.46441245,0.45184663,0.46341464,0.5250321,0.437751,0.4378882,0.4243377,0.4412363,0.4472169,
000000000000000000cd_0,0.3897979,0.42533615,0.420661,0.42425984,0.42687455,0.44964617,0.40223566,0.45277718,0.43288952,0.45068872,0.40955234,0.5201433,0.40457204,0.41703305,0.41034728,0.4084761,0.40984184,0.41900206,0.4252652,0.4087821,0.42618167,0.43205944,0.46391004,0.40175474,0.4667668,0.45330057,0.48,0.38767466,0.41736314,0.40101168,0.39737532,0.4233813,0.40911528,
000000000000000000ce_0,0.47256294,0.4768358,0.45301542,0.59598094,0.4318363,0.4592732,0.41811174,0.45465612,1.005293,0.44922826,0.44390637,0.4247333,0.44184634,0.45850262,0.42966002,0.4397394,0.4172494,0.4895789,0.567713,0.4352861,0.53810626,0.4833795,0.48514852,0.43682665,0.45436037,0.4713777,0.4702735,0.4669175,0.39589146,0.38512897,0.40410256,0.4100683,0.4761155,
000000000000000000cf_0,0.44700462,0.4367347,0.48459804,0.4739069,0.4519685,0.48071727,0.450517,0.4651163,0.4585545,0.43784323,0.4427096,0.43935928,0.49149796,0.47368422,0.45615867,0.4435576,0.49931476,0.45162347,0.46555883,0.48153847,0.41074523,0.42585662,0.44703197,0.42665267,0.4408602,0.48676956,0.5386364,0.41847205,0.42267594,0.4858105,0.4224599,0.47998023,0.5145098,
000000000000000000d0_0,0.42439386,0.42292136,0.4443622,0.4551495,0.46105605,0.42949757,0.45511988,0.44879803,0.4673599,0.47558385,0.44984886,0.44066653,0.47606054,0.4603762,0.4257371,0.44666836,0.41460824,0.54964536,0.4651867,0.44944945,0.446925,0.46386945,0.4734599,0.42978123,0.47080877,0.47726753,0.50654334,0.45642316,0.41513687,0.4256688,0.49023637,0.44347826,0.534058,
000000000000000000d1_0,0.46737358,0.5785513,0.44162658,0.47478262,0.46836686,0.43410605,0.4472444,0.4769302,0.9407149,0.47002047,0.45467696,0.44922632,0.5043834,0.46629056,0.57289004,0.46535948,0.42835367,0.447191,0.45214006,0.4427694,0.45282462,0.454102,0.49420625,0.4443769,0.48226753,0.46799836,0.48592263,0.46638206,0.43289307,0.4678617,0.40805763,0.40384614,0.4860912,
000000000000000000d2_0,0.47328725,0.65642774,0.5001373,0.6289028,0.48927614,0.47360247,0.50398403,0.70225054,0.5596184,0.4629862,0.48998886,0.495702,0.5697446,0.5391545,0.58307534,0.46605355,0.43446246,0.49865046,0.4955145,0.43609604,0.47363305,0.45926172,0.49056605,0.45861298,0.49185988,0.49490473,0.49823487,0.46553022,0.46625912,0.4310595,0.46182874,0.4257544,0.49165598,
000000000000000000d3_0,0.5164983,0.46548674,0.5967742,0.57720894,0.47040498,0.49423632,0.54,0.4721927,0.93963784,0.5196131,0.50493896,0.5036443,0.5719612,0.49201944,0.5170157,0.5168497,0.5134281,0.590706,0.4714348,0.48469263,0.47584438,0.45997867,0.51206785,0.54599404,0.49630412,0.48438355,0.52380955,0.54076976,0.45403588,0.49311742,0.4002773,0.47096774,0.60493827,
000000000000000000d4_0,0.4001455,0.4358039,0.45486662,0.47142425,0.45196262,0.42214912,0.44014734,0.4403263,0.44983461,0.45234388,0.45423794,0.57053685,0.42191228,0.4623097,0.4449129,0.46028814,0.50849515,0.45655406,0.47015902,0.46384746,0.5132348,0.46391383,0.5042147,0.42747393,0.47676295,0.50036955,0.50145227,0.41697416,0.42068964,0.46980137,0.4038498,0.42472324,0.40276766,
000000000000000000d5_0,0.48333332,0.5,0.47962123,0.6128049,0.47706422,0.4591969,0.457606,0.49080205,0.49276674,0.4540943,0.45708737,0.44613513,0.4876325,0.5085875,0.57425016,0.47766322,0.4349487,0.49737304,0.46765956,0.4593132,0.55455905,0.47779986,0.48844996,0.47173145,0.46702003,0.47192717,0.47565544,0.46913123,0.48875034,0.5137896,0.44069767,0.44,0.45580447,
000000000000000000d6_0,0.38274387,0.39145216,0.40373236,0.4509099,0.42285964,0.3965441,0.39544007,0.4563107,0.42500663,0.44864148,0.42895156,0.4298547,0.41439554,0.4119859,0.5297297,0.47108948,0.464,0.4413438,0.44478065,0.42314792,0.43201378,0.39432713,0.4580987,0.4021318,0.46780255,0.42857143,0.45458704,0.41283524,0.42717972,0.44684052,0.4163751,0.4077935,0.41578192,
000000000000000000d7_0,0.45795855,0.5399645,0.54786325,0.49977466,0.51015925,0.53074867,0.48916304,0.46572104,0.51724136,0.48262912,0.49760383,0.5133501,0.5051362,0.48173076,0.51703405,0.52535284,0.4703633,0.5224359,0.5058824,0.5084202,0.537037,0.47954744,0.50498337,0.51440716,0.4840629,0.50066286,0.51521623,0.47045952,0.4638365,0.49304813,0.46555185,0.5107991,0.49889624,
000000000000000000d8_0,0.42722622,0.4205821,0.47966403,0.49037096,0.49852216,0.46120176,0.48976448,0.81395346,0.48530853,0.55392516,0.50769234,0.47971603,0.41685936,0.50253475,0.5010965,0.5014837,0.48363277,0.4783245,0.49819848,0.48635408,0.47914857,0.46328834,0.5068335,0.42563832,0.51199424,0.4753904,0.52343494,0.44940868,0.4844617,0.46666667,0.38789088,0.47117296,0.4463158,
000000000000000000d9_0,0.4341514,0.4189579,0.41107872,0.42491612,0.44405064,0.4613761,0.4488789,0.43533516,0.44734007,0.4376114,0.45562673,0.4622916,0.42427933,0.464312,0.44140968,0.46616206,0.45057386,0.4645979,0.51601803,0.4728261,0.4480916,0.45797598,0.4908506,0.44565782,0.4797324,0.55479115,0.49468765,0.44526836,0.4354369,0.4391994,0.41765943,0.43955556,0.40485752,
000000000000000000da_0,0.42786804,0.45598385,0.47332653,0.44912767,0.47727272,0.43337688,0.46037275,0.4472257,0.4537663,0.4713872,0.46065947,0.4433469,0.47101122,0.49437767,0.53710246,0.47233546,0.44672656,0.45664528,0.47539714,0.4549778,0.43127343,0.45006204,0.49524853,0.42857143,0.47600392,0.58212173,0.4836626,0.4170599,0.4814815,0.44321328,0.41303265,0.43667498,0.42587638,
000000000000000000db_0,0.42620116,0.41920376,0.41853592,0.43348905,0.40227666,0.40036967,0.37056407,0.3902219,0.4217687,0.4609375,0.31584847,0.41131458,0.4086785,0.4719077,0.48288974,0.46030942,0.43971363,0.4539852,0.5059834,0.43406814,0.5034722,0.44259533,0.46451613,0.3990331,0.45513263,0.4601381,0.4766207,0.3976071,0.39525995,0.37241074,0.36329728,0.36953592,0.37871242,
000000000000000000dc_0,0.43371087,0.4540409,0.42105263,0.648834,0.42154452,0.39085308,0.40170175,0.48970038,0.4623976,0.46044624,0.30794603,0.47559395,0.4519042,0.44486058,0.4902124,0.4688305,0.4682981,0.48764628,0.45668015,0.41573694,0.44418785,0.481346,0.46186545,0.42959002,0.42984542,0.47371462,0.46852645,0.42783123,0.44512343,0.44166666,0.3977106,0.38476995,0.43413308,
000000000000000000dd_0,0.40048155,0.42806533,0.40139124,0.42540872,0.4048817,0.3855313,0.39008352,0.40690416,0.37835556,0.39371872,0.29529616,0.3845316,0.4009892,0.43515727,0.41785714,0.41403735,0.42090657,0.4507958,0.44201615,0.4299556,0.43731254,0.42542127,0.45274562,0.52070266,0.43943384,0.42431402,0.45051378,0.39733446,0.41557944,0.418598,0.4042947,0.40712947,0.4148492,
000000000000000000de_0,0.43099108,0.6069539,0.49577916,0.47965056,0.46459845,0.41950345,0.4232354,0.4971235,0.47141373,0.45280308,0.44787878,0.452042,0.43310764,0.46741945,0.46579635,0.44921958,0.45278105,0.45376176,0.47208318,0.43112183,0.47955197,0.43837184,0.4675526,0.44893667,0.46165285,0.45652175,0.47558695,0.43785948,0.48384425,0.46472728,0.37830994,0.43113285,0.48995772,
000000000000000000df_0,0.7210574,0.5619735,0.75524473,0.8730769,0.6779141,0.5778443,0.6480541,0.5094697,0.5997666,0.48243994,0.57879657,0.6022514,0.58253753,0.6283423,0.5701643,0.5473684,0.57598037,0.57125455,0.64171124,0.64928055,0.61702126,0.54362416,0.5276074,0.58627087,0.5324015,0.56743,0.56346,0.718663,0.51699716,0.64203614,0.51788855,0.5525911,0.75867766,
000000000000000000e0_0,0.4587537,0.45063695,0.47600663,0.59431523,0.47133648,0.47902316,0.5091892,0.46464297,0.6080097,0.49010292,0.46671516,0.48158202,0.49460533,0.49051768,0.5612672,0.49153817,0.46087888,0.51035583,0.5177524,0.46537185,0.51729816,0.4656591,0.4814815,0.48725212,0.48060548,0.5019112,0.51269585,0.5167785,0.41697013,0.52191234,0.41231653,0.4368384,0.62118495,
000000000000000000e1_0,0.46082088,0.4245737,0.5241471,0.44719926,0.45918626,0.46558106,0.43793207,0.42458227,0.4516923,0.45175326,0.44183773,0.46929684,0.44332856,0.47289157,0.5067972,0.4450327,0.44636932,0.44540584,0.47199455,0.4296506,0.44688955,0.47606105,0.46842602,0.43283582,0.44664842,0.42537493,0.49649122,0.45894334,0.44876686,0.44095665,0.42784163,0.46672013,0.44159544,
000000000000000000e2_0,0.48327646,0.45517442,0.46375373,0.4446545,0.47667667,0.45072994,0.46051192,0.45011652,0.5408246,0.4482166,0.44388187,0.4592315,0.4365886,0.48049054,0.54422474,0.45394224,0.494462,0.45342436,0.4825453,0.44440284,0.4518552,0.44920495,0.47582698,0.4321526,0.47251877,0.4621653,0.4991261,0.42426094,0.44919467,0.4493822,0.42367926,0.43008924,0.41963753,
000000000000000000e3_0,0.47368422,0.484731,0.468114,0.49159664,0.47153026,0.44129384,0.45667946,0.46666667,0.44281915,0.44064903,0.4402174,0.5587011,0.4583407,0.49187726,0.49137932,0.45313635,0.43652508,0.49392265,0.47918436,0.44545648,0.46614173,0.52378553,0.4670365,0.4485907,0.46797225,0.4290429,0.46549192,0.46840063,0.46976745,0.47452053,0.46685147,0.42753294,0.4672098,
000000000000000000e4_0,0.46164978,0.4838344,0.46201965,0.64719623,0.48063493,0.409474,0.4616342,0.433796,0.4711088,0.4689564,0.5620513,0.5128449,0.47197402,0.44806945,0.53357315,0.5439815,0.4472523,0.46153846,0.47809112,0.44759086,0.4443532,0.5454262,0.49554566,0.44538143,0.48056313,0.48681396,0.5440313,0.4507998,0.45117065,0.44840527,0.46552148,0.44742465,0.45685425,
000000000000000000e5_0,0.538684,0.49355057,0.5667001,0.63930637,0.5254237,0.46581587,0.47375506,0.47361434,0.5398075,0.5020576,0.54545456,0.53430355,0.518797,0.50575596,0.58064514,0.51189244,0.52330506,0.4890511,0.5377907,0.49159664,0.6352201,0.44444445,0.5123077,0.4743976,0.49096167,0.5318656,0.5156913,0.5634286,0.4745223,0.5740741,0.47736627,0.49322212,0.4923077,
000000000000000000e6_0,0.44782487,0.46100083,0.43843138,0.4473035,0.4580325,0.4061366,0.4474501,0.79336494,0.49236363,0.43762642,0.44313726,0.43401456,0.43243718,0.464656,0.4395887,0.5007949,0.448252,0.4958042,0.4721863,0.45411062,0.4713298,0.5039563,0.46084878,0.45925215,0.47792706,0.48065984,0.4756001,0.43496087,0.42709312,0.45224464,0.40672135,0.55090255,0.43437946,
000000000000000000e7_0,0.39130434,0.39114043,0.43005565,0.4224751,0.385567,0.40301508,0.42154217,0.40676993,0.54051477,0.40902403,0.40944412,0.37991005,0.4044595,0.4187345,0.41579238,0.46313962,0.38696343,0.5516529,0.42273307,0.38789168,0.42884615,0.42316383,0.49446627,0.4084507,0.43842605,0.572284,0.43822655,0.42303172,0.37326607,0.4017892,0.38360175,0.36998707,0.39953035,
000000000000000000e8_0,0.4484436,0.48315847,0.4746163,0.54792744,0.46337196,0.4,0.45098922,0.44467738,0.49534756,0.48908556,0.42906573,0.5882353,0.45918933,0.47802198,0.4822436,0.48557526,0.49393415,0.48441365,0.4829743,0.44852772,0.5678509,0.4121243,0.5115396,0.46440378,0.49630412,0.48476702,0.5079478,0.49798965,0.46995193,0.49290323,0.42594403,0.5259901,0.47179487,
000000000000000000e9_0,0.3802645,0.42751753,0.4298405,0.43723494,0.4306656,0.40517426,0.44485903,0.41780105,0.5111492,0.42913154,0.4294008,0.48813984,0.3988009,0.47001934,0.4338858,0.42886016,0.39996877,0.50352114,0.44657955,0.5708583,0.41547465,0.43637753,0.44087958,0.41144514,0.44072947,0.44591528,0.46579805,0.39857846,0.41222182,0.47524753,0.38957816,0.40189674,0.41380686,
000000000000000000ea_0,0.36661536,0.40120387,0.37556154,0.4042644,0.39614075,0.37585962,0.39136365,0.828125,0.5155096,0.39143848,0.39235955,0.40041408,0.38025254,0.43034664,0.43627974,0.40458694,0.40846905,0.51191825,0.41575643,0.40810114,0.4138929,0.40403807,0.4272459,0.38193834,0.43425414,0.4182725,0.48172557,0.36547777,0.4070214,0.4601687,0.38657603,0.38148668,0.39765942,
000000000000000000eb_0,0.4453524,0.5387132,0.53835523,0.61923075,0.45766726,0.48240963,0.5280326,0.48136804,0.50535715,0.47115386,0.5253093,0.46365422,0.43411645,0.49945354,0.49370387,0.4656117,0.5210689,0.50188327,0.4893204,0.48006645,0.48870394,0.44957125,0.4591623,0.4527559,0.47838616,0.47478262,0.47673923,0.44839254,0.39526668,0.5114978,0.4409199,0.4344569,0.5907859,
000000000000000000ec_0,0.4071511,0.4211288,0.44943097,0.43426743,0.44948697,0.44186047,0.47121432,0.46789712,0.46430826,0.44638166,0.42610198,0.44317523,0.4356234,0.4575871,0.51104975,0.4726923,0.44094488,0.47117603,0.49417636,0.4544325,0.4591978,0.47770452,0.49348414,0.41370106,0.48077703,0.50468194,0.4991786,0.40865818,0.4099896,0.41217712,0.39318755,0.4087283,0.41610348,
000000000000000000ed_0,0.4528764,0.48368794,0.456869,0.5169451,0.5224085,0.5067345,0.4787568,0.8153846,0.48590568,0.4777937,0.44523194,0.5091434,0.41828737,0.5010281,0.45846155,0.49086758,0.48246974,0.4879227,0.5156662,0.4826833,0.4837595,0.45089427,0.49347258,0.44030482,0.49726072,0.4759305,0.49401197,0.44393003,0.4478951,0.46133852,0.42444444,0.45241287,0.46865037,
000000000000000000ee_0,0.45730725,0.46465874,0.47574767,0.4409387,0.42031747,0.45381525,0.43976778,0.442348,0.44444445,0.4329502,0.41702357,0.41463414,0.40679404,0.44411042,0.42788845,0.43473792,0.43567753,0.44145972,0.45826688,0.4899846,0.4231324,0.45349953,0.46516097,0.40093848,0.5153889,0.47919974,0.4808933,0.42296222,0.42037037,0.41910598,0.41092637,0.4245558,0.50716025,
000000000000000000ef_0,0.43803844,0.44441682,0.43921366,0.4257476,0.48335627,0.39668825,0.46131098,0.46207538,0.4477195,0.50197005,0.46782085,0.46785304,0.4279535,0.510929,0.45922747,0.48774356,0.48414376,0.47672552,0.47172478,0.4503221,0.47951013,0.45598334,0.50944215,0.46809548,0.48568812,0.45874587,0.48605058,0.43572545,0.44095746,0.46425956,0.45846155,0.4684946,0.42227763,
000000000000000000f0_0,0.4324599,0.44643262,0.45622975,0.4503546,0.47741663,0.43506494,0.45378152,0.47973794,0.45345965,0.48158163,0.44697335,0.4283759,0.44132537,0.45294487,0.4413674,0.4458168,0.44578314,0.49879226,0.5165682,0.45415163,0.44694105,0.45232275,0.48193535,0.43680215,0.47032735,0.4638643,0.49500108,0.43243244,0.4466231,0.44547972,0.41948718,0.4518626,0.42303434,
000000000000000000f1_0,0.39566532,0.49170378,0.43330765,0.46063653,0.48123515,0.39200926,0.385278,0.41019154,0.43526608,0.4531178,0.40518963,0.3911368,0.47351262,0.39841834,0.39808083,0.4072202,0.39142755,0.48065016,0.44855365,0.4245829,0.43928334,0.42300507,0.4598441,0.38589212,0.45181727,0.42717195,0.45645544,0.4940476,0.44551283,0.42250854,0.4434698,0.43524027,0.4280285,
000000000000000000f2_0,0.43782696,0.43992853,0.43414834,0.42951223,0.47949016,0.35241145,0.45389915,0.45974448,0.4361435,0.5138504,0.43582442,0.43340284,0.46487558,0.43558282,0.4443944,0.4717061,0.46013668,0.47914183,0.42574257,0.43154007,0.49554566,0.43681154,0.47199047,0.49903414,0.45142394,0.44511858,0.45969576,0.4145217,0.45068806,0.4292135,0.40279543,0.44387278,0.41067174,
000000000000000000f3_0,0.4525862,0.45558897,0.4954515,0.4823133,0.47295526,0.457264,0.47679326,0.48722178,0.44695503,0.44724044,0.4709977,0.4558398,0.48067355,0.46408165,0.4866428,0.5068493,0.43971026,0.4504766,0.45123306,0.4616896,0.535284,0.51268435,0.48935422,0.47694817,0.47116166,0.46170092,0.5089891,0.45054474,0.48125,0.47573814,0.4526731,0.45821017,0.4733638,
000000000000000000f4_0,0.45431146,0.5028865,0.4598509,0.44602013,0.49843714,0.405104,0.46960828,0.49714285,0.49868828,0.47099218,0.4550288,0.46130347,0.4503272,0.4668902,0.45433527,0.49154747,0.45840266,0.4983591,0.47124168,0.47605965,0.48873654,0.45551893,0.5021241,0.4622619,0.4993354,0.47400716,0.53103447,0.4648384,0.46592557,0.46524823,0.45414558,0.4527059,0.4026465,
000000000000000000f5_0,0.3984754,0.39172378,0.4204049,0.4123045,0.44988698,0.37276378,0.41192472,0.4412149,0.46666667,0.43025172,0.40696278,0.41928893,0.41015154,0.4236414,0.45754278,0.48366535,0.4833255,0.45047924,0.4661301,0.4321283,0.4364917,0.4372508,0.48601472,0.41245472,0.45440465,0.44900262,0.48543122,0.41136268,0.4396637,0.41443127,0.4503762,0.42952502,0.4076262,
000000000000000000f6_0,0.44358432,0.4064665,0.4419964,0.463439,0.4692494,0.4279535,0.43643367,0.43602243,0.4138859,0.4205535,0.41931218,0.43483275,0.46118116,0.43829113,0.4444749,0.43005437,0.4283217,0.47762325,0.4970359,0.42780748,0.43868312,0.44946027,0.44030008,0.43173024,0.4836202,0.47108367,0.53519064,0.44117647,0.43408498,0.4329061,0.3642084,0.44146982,0.40326548,
000000000000000000f7_0,0.43831047,0.45155993,0.46955913,0.46253958,0.5136234,0.46113262,0.47227007,0.44944158,0.4257984,0.4318895,0.42937854,0.46853146,0.4648318,0.47218543,0.44010088,0.46821153,0.44118556,0.52059495,0.46364164,0.4512865,0.44752052,0.35987508,0.46417788,0.41747573,0.46784565,0.45343512,0.49019608,0.49267644,0.46601602,0.4374786,0.3451266,0.40260655,0.43373913,
000000000000000000f8_0,0.47624564,0.49785408,0.47477362,0.6378866,0.43442136,0.4394673,0.44867256,0.4672387,0.49394673,0.47418183,0.48256117,0.43438196,0.44576406,0.46635577,0.47925487,0.46370023,0.4294205,0.54560953,0.5085324,0.46328673,0.39463037,0.46126127,0.5269337,0.46112886,0.47014925,0.48290598,0.47971603,0.40345982,0.4582633,0.43776932,0.33032304,0.47583854,0.47792915,
000000000000000000f9_0,0.47968113,0.49575946,0.4996691,0.51527864,0.45492336,0.47822446,0.4802094,0.48528436,0.46988505,0.4816984,0.45126355,0.4766407,0.47961244,0.48372093,0.48393065,0.48454505,0.45178926,0.49061084,0.5057208,0.48957676,0.5032558,0.48214287,0.51336205,0.4698795,0.48204082,0.49317023,0.49653378,0.4676166,0.4803343,0.4686728,0.38789546,0.48434237,0.46469486,
000000000000000000fa_0,0.42282608,0.44118178,0.4319266,0.43178928,0.42677298,0.4158246,0.43306795,0.45142856,0.42734542,0.43006012,0.25896236,0.406199,0.4426424,0.40584838,0.40802062,0.4158268,0.3885659,0.41489962,0.44474855,0.42829153,0.43195266,0.45631418,0.47967184,0.42520803,0.48915917,0.47658822,0.4698877,0.4302068,0.43548387,0.4280071,0.40419355,0.41224894,0.42376018,
000000000000000000fb_0,0.43789035,0.44627336,0.44497228,0.4473324,0.44583413,0.4269123,0.4450666,0.43968096,0.4477796,0.43193555,0.29199317,0.37894523,0.4830671,0.4390868,0.43294573,0.4434407,0.41858482,0.42594075,0.44630432,0.440342,0.42889306,0.41391167,0.46227708,0.45937908,0.45565644,0.4679803,0.4506227,0.44031158,0.46639675,0.44035405,0.4565157,0.3883114,0.4087251,
000000000000000000fc_0,0.44538322,0.44710517,0.45075393,0.49727148,0.43558568,0.40510082,0.43193784,0.42330965,0.4169976,0.35055867,0.46087703,0.41188022,0.4376358,0.43850642,0.42945737,0.4359375,0.43656242,0.44429085,0.45772862,0.4383996,0.43312737,0.44901887,0.4691589,0.4317609,0.46345258,0.47824052,0.47082767,0.46887314,0.42903912,0.44455543,0.37424916,0.4156968,0.447533,
000000000000000000fd_0,0.46126896,0.45834762,0.5051852,0.4766314,0.45461658,0.44978365,0.45726496,0.44920236,0.44856998,0.2507837,0.39894128,0.41682175,0.49129447,0.4530798,0.44615385,0.46411484,0.41892132,0.4546857,0.45914936,0.44597328,0.44809192,0.4720471,0.48335496,0.47755265,0.45962963,0.47927392,0.35582045,0.45502552,0.45940924,0.46674028,0.39644724,0.42580524,0.4634462,
000000000000000000fe_0,0.46815062,0.43373495,0.41909385,0.45886287,0.43802047,0.39447463,0.4293137,0.41927195,0.41834125,0.38549817,0.4399799,0.45052385,0.4248497,0.4627551,0.45004085,0.48666862,0.44205558,0.4579214,0.45961267,0.43819013,0.4235958,0.431567,0.4396476,0.42156863,0.40926543,0.45124918,0.4588791,0.42962283,0.43881562,0.3851748,0.37767118,0.32591188,0.4381031,
000000000000000000ff_0,0.44800198,0.40630183,0.40871817,0.44246688,0.4484785,0.3988809,0.42142025,0.40557697,0.3597826,0.36750612,0.40794381,0.43672878,0.42212075,0.4206672,0.4398074,0.4708772,0.3986014,0.4871795,0.4357201,0.43027523,0.40872106,0.38801843,0.46141276,0.40563622,0.41574052,0.46616092,0.4657873,0.44007906,0.4493755,0.3922405,0.4018115,0.36563876,0.38785836,
00000000000000000100_0,0.43438718,0.416344,0.4400165,0.44713262,0.43748608,0.4310662,0.57203645,0.41922006,0.38568684,0.43407407,0.42336944,0.43138635,0.42637643,0.45622775,0.43171322,0.43992934,0.40111867,0.45454547,0.4606266,0.46112266,0.43526834,0.39313245,0.4355155,0.41535226,0.41831958,0.4260036,0.44957387,0.44235057,0.45073375,0.37677175,0.41627437,0.36818522,0.43399483,
