system:index,NDMI,NDMI_1,NDMI_10,NDMI_11,NDMI_12,NDMI_13,NDMI_14,NDMI_15,NDMI_16,NDMI_17,NDMI_18,NDMI_19,NDMI_2,NDMI_20,NDMI_21,NDMI_22,NDMI_23,NDMI_24,NDMI_25,NDMI_26,NDMI_27,NDMI_28,NDMI_29,NDMI_3,NDMI_30,NDMI_31,NDMI_32,NDMI_4,NDMI_5,NDMI_6,NDMI_7,NDMI_8,NDMI_9,VALUE,.geo
00000000000000000000_0,0.6442953,0.5620915,0.6574395,0.72490704,0.45854834,0.5449102,0.6060606,0.59196293,0.60733944,0.60828626,0.6262774,0.64004767,0.56537753,0.6549414,0.5976331,0.5268817,0.56084657,0.5984556,0.5690377,0.54414123,0.7190776,0.5608696,0.59143966,0.69709545,0.62197804,0.594533,0.6079295,0.5041141,0.5364936,0.5467033,0.53989816,0.4352483,0.6113744,1.0,
00000000000000000001_0,0.75551784,0.61694914,1.0590163,0.85643566,0.8561485,0.7089202,0.87822014,0.64092666,0.82633054,0.69154227,0.7149425,0.646438,0.70600414,0.8029197,0.9028571,0.7284483,0.6632124,1.0237154,0.80254775,0.8427673,0.6243094,0.47435898,0.62857145,0.59103644,0.6276276,0.6319444,0.6333333,0.8,0.65,0.4984326,0.45104334,0.64430577,0.6967033,1.0,
00000000000000000002_0,0.3796715,0.39058435,0.41950375,0.420617,0.40473968,0.39693758,0.37646508,0.3874092,0.41992882,0.40084612,0.3634528,0.4448819,0.35855764,0.400715,0.3815931,0.4008774,0.3884642,0.41311854,0.42630744,0.38643292,0.39745665,0.3778779,0.46994534,0.4008942,0.43089032,0.39920318,0.41023526,0.40730718,0.42366186,0.45535713,0.37623763,0.37481096,0.37333333,1.0,
00000000000000000003_0,0.69382715,0.71428573,0.86129755,0.85831064,0.8323699,0.8125,0.7022472,1.104918,0.8105263,0.8551532,0.8328358,0.83435583,1.0545454,0.78014183,0.77697843,0.6954023,0.7761733,1.1494253,0.6926714,1.0486112,0.57894737,0.58914727,0.6086956,0.4913295,0.59375,0.6347826,0.6460905,0.6902174,0.75206614,0.5601504,0.5805085,0.73012936,0.80191696,1.0,
00000000000000000004_0,0.34232315,0.38637897,0.2361111,0.19478261,0.24655244,0.20762879,0.22990523,0.28845903,0.24089694,0.33214214,0.24210526,0.23330516,0.38015118,0.2895036,0.32704404,0.30205703,0.28490084,0.31029594,0.22584249,0.34554046,0.22199817,0.22608949,0.35863906,0.3292347,0.46246973,0.38835594,0.30150172,0.42620152,0.30223286,0.32942078,0.2771321,0.17637023,0.27548254,1.0,
00000000000000000005_0,0.4316267,0.40206185,0.34234235,0.24716267,0.41256368,0.24354461,0.30533853,0.26533473,0.34301347,0.31751227,0.38167754,0.27693817,0.34383488,0.41345853,0.34951803,0.38213763,0.40210795,0.42845064,0.50906736,0.371669,0.31899872,0.24047218,0.33944115,0.07324148,0.39564428,0.39086294,0.37467095,0.11744128,0.25021616,0.34545454,0.15259653,0.23989034,0.21310516,1.0,
00000000000000000006_0,0.4416757,0.522586,0.5007342,0.50344825,0.5076183,0.51128304,0.52285117,0.49779737,0.49062392,0.5182292,0.47134304,0.5501355,0.4594848,0.5162405,0.4949495,0.48070812,0.42535487,0.54244137,0.4604242,0.5289855,0.49756363,0.44103897,0.47797891,0.4354879,0.51153165,0.4728295,0.47486034,0.4256032,0.50741994,0.5285313,0.46091205,0.49507204,0.40229258,1.0,
00000000000000000007_0,0.37985724,0.4008097,0.15884341,0.16136745,0.18504366,0.20455307,0.2042061,0.27865404,0.2585389,0.28699726,0.22574386,0.33564013,0.38267037,0.3290735,0.28178945,0.20537573,0.20311427,0.23229614,0.25072142,0.2072072,0.25411254,0.14155689,0.23809524,0.37777779,0.32377622,0.31500393,0.3101145,0.11360947,0.23105247,0.107916854,0.12680493,0.074860334,0.30574712,1.0,
00000000000000000008_0,0.67638487,0.5,0.6047297,0.6629712,0.51653945,0.5122313,0.53970826,0.53446996,0.40318,0.54755783,0.3930316,0.46321243,0.69361705,0.41950646,0.41699347,0.3766143,0.42596218,0.54186416,0.4465225,0.40821633,0.44175258,0.39534885,0.52543557,0.43093923,0.44245523,0.41306242,0.5025496,0.5596708,0.4653753,0.49878934,0.42426452,0.6113161,0.4451827,1.0,
00000000000000000009_0,0.40342405,0.4472391,0.34440896,0.26347142,0.24114813,0.2766039,0.225881,0.2639866,0.3969189,0.46770027,0.3140886,0.25750482,0.3751842,0.4041621,0.29935485,0.2611341,0.24649589,0.27410686,0.28932706,0.39176247,0.24325843,0.23947681,0.32547298,0.36091724,0.2940863,0.24830918,0.27560613,0.33290488,0.4283489,0.3262326,0.29411766,0.24511401,0.30392686,1.0,
0000000000000000000a_0,0.723229,0.7311609,0.9058296,0.69519836,0.55693585,0.6175439,0.7178218,1.0477816,0.8563536,0.60248446,0.6495238,0.6666667,1.0674846,0.69483566,0.6962025,0.69158876,0.6906077,0.78156996,0.6335878,0.7303823,0.72009027,0.5868853,0.59090906,0.67330676,0.5929825,0.5607477,0.6212121,0.73170733,1.0555556,0.7330097,0.5363129,0.6061644,0.7792793,1.0,
0000000000000000000b_0,0.68421054,0.719685,0.6130592,0.56987447,0.45663851,0.44306785,0.53108805,0.49945116,0.6152174,0.54735154,0.50386,0.45406124,0.4974227,0.5721393,0.5153153,0.44645107,0.5952941,0.68171024,0.5471698,0.556314,0.5168642,0.50396824,0.49874055,0.55854124,0.49729145,0.5152838,0.51666665,0.67261904,0.595102,0.5,0.4268761,0.5256917,0.87525153,1.0,
0000000000000000000c_0,0.47560975,0.44639042,0.2873997,0.38819778,0.3164813,0.46145856,0.38276553,0.33891994,0.48205626,0.40016708,0.38247445,0.4063158,0.2784091,0.31762347,0.33020878,0.38141733,0.42789847,0.41800642,0.375,0.5063291,0.315631,0.31098187,0.34874094,0.41318074,0.36809605,0.3250395,0.31123245,0.41065627,0.42041522,0.28747308,0.3010341,0.5434575,0.3138877,1.0,
0000000000000000000d_0,0.22534776,0.2686862,0.25098473,0.2775373,0.28960943,0.2357087,0.3250444,0.2896839,0.3390254,0.1919815,0.24141148,0.2609951,0.20029213,0.2962902,0.30652335,0.30385965,0.32433447,0.3136582,0.32989296,0.29205403,0.25571954,0.30738786,0.34964123,0.26680055,0.34773776,0.37848127,0.38666666,0.25341326,0.21797752,0.23419513,0.25301206,0.14302795,0.2329221,1.0,
0000000000000000000e_0,0.41690964,0.47350994,0.38265514,0.37140423,0.43633842,0.42157087,0.45570454,0.42424947,0.42680776,0.44031554,0.4302462,0.46310115,0.43333334,0.45765516,0.4727963,0.45392492,0.4063812,0.5569655,0.43737167,0.4306539,0.4304581,0.43988162,0.4894979,0.37720415,0.47022817,0.4814024,0.46694073,0.42188114,0.46281677,0.44867855,0.42726755,0.43874645,0.3987922,1.0,
0000000000000000000f_0,0.4582339,0.58949095,0.83495146,0.65134704,0.4471299,0.44568527,0.5140145,0.4871577,0.695962,0.47333744,0.46262887,0.46225166,0.6789727,0.4426012,0.5280899,0.4420527,0.4892704,0.5095738,0.44605646,0.43517587,0.51780266,0.46173063,0.47853535,0.45494244,0.52933246,0.4872327,0.51318806,0.47809246,0.5688342,0.5315272,0.5544193,0.4422404,0.61618495,1.0,
00000000000000000010_0,0.4022175,0.5085173,0.45167786,0.40194526,0.30959237,0.32551798,0.42614076,0.403481,0.3480685,0.43460765,0.28180736,0.3965336,0.4439267,0.4481434,0.28308502,0.36513296,0.3248337,0.37825534,0.40777177,0.35820425,0.3169182,0.24649777,0.3744076,0.4070532,0.38564336,0.45617172,0.38509077,0.40394235,0.3661489,0.45443574,0.30016053,0.43255225,0.39716902,1.0,
00000000000000000012_0,0.33564734,0.38881806,0.33833647,0.4420491,0.3321739,0.33607367,0.40475175,0.4015881,0.47697738,0.3797254,0.39249042,0.39527613,0.38189998,0.42884493,0.42478243,0.39713383,0.31975263,0.44343963,0.46953166,0.4324065,0.41473603,0.38877192,0.40419796,0.37155622,0.54753184,0.41424978,0.43713734,0.33375716,0.46293604,0.39318183,0.31241518,0.32195762,0.37848878,1.0,
00000000000000000013_0,0.21775898,0.3498197,0.29724208,0.41214263,0.2949072,0.36358607,0.2959469,0.27728438,0.29843676,0.29904604,0.26491043,0.33708838,0.35757172,0.31382728,0.30476192,0.29720855,0.34918648,0.34062675,0.37201098,0.32043868,0.3389944,0.36608997,0.36896157,0.334214,0.35898054,0.38498908,0.38538206,0.3847194,0.36738703,0.41571686,0.30192482,0.3512652,0.29868913,1.0,
00000000000000000014_0,0.38451836,0.39434907,0.2849819,0.33805493,0.2974179,0.22955048,0.3406245,0.27131495,0.29881155,0.2714044,0.3032326,0.3037162,0.29569513,0.33405134,0.36123034,0.3481368,0.3079848,0.40748033,0.3309021,0.32565168,0.31338027,0.5115681,0.3627685,0.16520157,0.3341223,0.38661858,0.45695364,0.1743784,0.19726306,0.2234252,0.12900308,0.29271916,0.26444644,1.0,
00000000000000000015_0,0.38943323,0.4489346,0.3513356,0.32804465,0.30763227,0.29948565,0.33362144,0.3947139,0.39578858,0.38565296,0.35151827,0.34556127,0.39441136,0.3857494,0.4107744,0.42670083,0.35457304,0.44618675,0.4194966,0.3832021,0.3610955,0.37532002,0.41012153,0.38286108,0.41353136,0.40517962,0.42800704,0.43909174,0.3817523,0.39723662,0.56308216,0.36647174,0.31932485,1.0,
00000000000000000018_0,0.33941764,0.34099188,0.30560368,0.43348017,0.33447516,0.26488993,0.34697357,0.20145455,0.24894811,0.30578095,0.18594055,0.35343385,0.3074369,0.26772615,0.23228346,0.28456697,0.27370855,0.2920733,0.32107246,0.23873664,0.22465476,0.21700136,0.34103534,0.28102446,0.2576328,0.32889733,0.31581974,0.31580374,0.3702193,0.45795918,0.28705713,0.18859452,0.26021227,1.0,
00000000000000000019_0,0.64396286,0.7509434,0.75735295,0.66292137,0.44846797,0.65683645,0.44842926,0.46534654,0.50921434,0.4501452,0.4363871,0.47922763,0.8316327,0.4796289,0.45699483,0.5727749,0.43024963,0.5184534,0.46341464,0.45810056,0.43834382,0.4694163,0.50991625,0.4527786,0.49890015,0.46745563,0.47374496,0.49618322,0.4571805,0.59358287,0.36747205,0.58115184,0.65178573,1.0,
0000000000000000001a_0,0.3093368,0.32629558,0.33237958,0.37094778,0.28437918,0.20642714,0.2858911,0.37964967,0.29701626,0.35945815,0.39806998,0.27486002,0.38530868,0.26569343,0.24968368,0.30934688,0.2540453,0.2333184,0.3328795,0.26365504,0.16883637,0.09808519,0.25503877,0.36920297,0.28585067,0.3221812,0.30667245,0.37241536,0.29513416,0.38363114,0.03292978,0.049655173,0.2543199,1.0,
0000000000000000001b_0,0.5337995,0.6142012,0.7435009,0.685422,0.54117036,0.5077915,0.49935594,0.540209,0.5657492,0.47619048,0.46362516,0.5194103,0.6694215,0.5108911,0.6026365,0.4721834,0.46946302,0.51476115,0.5142191,0.5184466,0.47404256,0.5013096,0.52328765,0.49679488,0.5011839,0.5357737,0.50660795,0.5590244,0.49352518,0.5761936,0.47949934,0.49414518,0.62658846,1.0,
0000000000000000001c_0,0.4259807,0.4391516,0.34547842,0.34911793,0.37973273,0.30496454,0.36269245,0.38574353,0.3370765,0.4047187,0.2640961,0.41224214,0.44526035,0.3288804,0.34377223,0.3743036,0.33080956,0.31046388,0.33694127,0.283076,0.36471447,0.36740762,0.40103558,0.4277592,0.3577399,0.56471485,0.47663552,0.4534035,0.41476002,0.35929462,0.28279054,0.3123001,0.36185926,1.0,
0000000000000000001d_0,0.42640108,0.45198098,0.39189753,0.3780153,0.38756254,0.32135922,0.32738265,0.29586,0.36094674,0.36714727,0.30374813,0.20525657,0.43304348,0.3384297,0.34242475,0.220423,0.31227696,0.3536019,0.3386973,0.31629393,0.2846893,0.24463367,0.16560012,0.4318454,0.32271585,0.2146143,0.21342319,0.34236187,0.34438536,0.3690777,0.4016718,0.35798582,0.4329755,1.0,
0000000000000000001f_0,0.42072985,0.36937448,0.5702833,0.39289895,0.21882951,0.24579346,0.33097845,0.36239496,0.2687783,0.32200116,0.33555633,0.38595515,0.39443204,0.2715428,0.26117906,0.29452622,0.35070843,0.32702664,0.33222038,0.3177268,0.24486148,0.20571883,0.3097455,0.25069985,0.40402862,0.35937214,0.32610083,0.45261037,0.47168618,0.24096203,0.16296178,0.30063778,0.28803498,1.0,
00000000000000000020_0,0.39611408,0.3559788,0.30521172,0.37594873,0.29339173,0.31588,0.3471031,0.39293247,0.40113184,0.21702127,0.22762951,0.3085622,0.2608883,0.30841583,0.27337173,0.3696655,0.3994638,0.36295283,0.3542977,0.28758025,0.3115578,0.34579438,0.50686324,0.26649958,0.4247758,0.41304347,0.49882904,0.34761408,0.32018682,0.35719943,0.2101285,0.3155449,0.32371134,1.0,
00000000000000000021_0,0.47112677,0.47214562,0.46252465,0.33127317,0.26542944,0.37961337,0.41017964,0.24498148,0.41758883,0.36368978,0.41148037,0.4596804,0.4330626,0.45759934,0.46639344,0.43745083,0.4261936,0.4307532,0.34202403,0.4694874,0.38115886,0.38952163,0.4460371,0.15136088,0.43216896,0.4439157,0.52017605,0.32761437,0.29867762,0.30335015,0.37148306,0.285,0.397927,1.0,
00000000000000000022_0,0.39589146,0.37998796,0.386893,0.31387973,0.27829918,0.29097605,0.34316254,0.328,0.35142857,0.38800305,0.36571223,0.40473872,0.36293527,0.43893927,0.32737276,0.32885477,0.35514513,0.40039214,0.3846154,0.40028462,0.43567303,0.27967986,0.4652,0.38153976,0.38475809,0.44105092,0.4318122,0.38423544,0.32911393,0.40698773,0.34456545,0.21481481,0.3493568,1.0,
00000000000000000023_0,0.41332597,0.4182073,0.29876834,0.27694568,0.30051035,0.323939,0.25373134,0.39499146,0.18962379,0.2802751,0.29714465,0.17276008,0.42566532,0.290457,0.22462708,0.2965567,0.25940725,0.21808921,0.36716226,0.28509268,0.15318951,0.12277919,0.36265886,0.44247964,0.20941317,0.22250362,0.25699672,0.18518518,0.25643995,0.2970677,0.115264796,0.1771493,0.19218144,1.0,
00000000000000000025_0,0.56427014,0.43945312,0.64285713,0.54847276,0.3971423,0.5407855,0.4647303,0.37159675,0.45742092,0.40615386,0.47960445,0.5103245,0.4522472,0.4985507,0.42491102,0.44379845,0.4283305,0.5298346,0.4967125,0.38932496,0.38797814,0.33019754,0.46728972,0.47929373,0.4208243,0.43608627,0.4380905,0.43186584,0.3645511,0.49685535,0.38281786,0.44080603,0.54347825,1.0,
00000000000000000027_0,0.42101896,0.43082836,0.40591618,0.41896024,0.40889633,0.33589903,0.39665273,0.40780863,0.3725005,0.37584922,0.34067416,0.33236393,0.41966334,0.3356849,0.2980333,0.37278107,0.4119891,0.4091337,0.39020923,0.45258376,0.47506925,0.26574713,0.38263473,0.40340772,0.3586175,0.34462517,0.39936203,0.35424063,0.3549671,0.3820513,0.291363,0.3696382,0.39333016,1.0,
00000000000000000028_0,0.3731959,0.40368593,0.36104652,0.41827884,0.40839696,0.29543146,0.33631286,0.36290145,0.42164314,0.38720143,0.39381227,0.43560147,0.36318654,0.39685366,0.44184372,0.42119,0.39339918,0.4230377,0.41056484,0.46146873,0.40937594,0.3688189,0.43962607,0.37478748,0.46261683,0.47023413,0.43772048,0.4163987,0.41307622,0.424581,0.36125654,0.39991677,0.4414557,1.0,
00000000000000000029_0,0.2911016,0.3846154,0.29083037,0.39902824,0.25048694,0.24568643,0.36927316,0.38727203,0.34354016,0.26292044,0.28789493,0.4064579,0.34487203,0.37615588,0.33648944,0.33358055,0.4144229,0.40598804,0.36709648,0.38825372,0.30056515,0.2673302,0.40701443,0.35503876,0.38384002,0.43895262,0.45145178,0.3744923,0.30312288,0.41259047,0.25051504,0.15043828,0.33355537,1.0,
0000000000000000002a_0,0.30047265,0.26067615,0.2738031,0.31666666,0.2863568,0.26808867,0.2972028,0.279558,0.29247263,0.2750972,0.24488841,0.3246854,0.27927014,0.28933474,0.26103032,0.27852586,0.30204082,0.31007394,0.3043098,0.3008907,0.3596951,0.28127128,0.43551403,0.26252836,0.37238875,0.43387577,0.42589927,0.2987805,0.24074075,0.32596686,0.19553806,0.21048035,0.27886137,1.0,
0000000000000000002b_0,0.35632184,0.19165727,0.44177094,0.45153418,0.39681858,0.093160376,0.13162996,0.15293708,0.36461127,0.3122282,0.3761238,0.3822306,0.23436123,0.34852374,0.41984734,0.36842105,0.3667309,0.37918517,0.42162934,0.38895282,0.39068666,0.26378796,0.30128905,0.17709291,0.3573804,0.3492502,0.2728078,0.27345133,0.42907387,0.35758784,0.2496955,0.19719043,0.36301026,1.0,
0000000000000000002c_0,0.42219216,0.43302754,0.435141,0.41379824,0.4327612,0.41973537,0.41020337,0.41319507,0.42384106,0.41951218,0.40667492,0.32358631,0.37698412,0.41315016,0.43812105,0.46752486,0.41376296,0.4247294,0.35729846,0.29758713,0.32636815,0.1385056,0.37548298,0.508726,0.4536026,0.43662766,0.40078714,0.40723917,0.4296427,0.40251845,0.40474188,0.4298203,0.39308658,1.0,
0000000000000000002d_0,0.19283536,0.29492977,0.17425552,0.30487806,0.38604173,0.12150264,0.31023332,0.23301394,0.2394203,0.35027984,0.38074312,0.4516067,0.21900122,0.45052686,0.14135174,0.18297213,0.21543409,0.2376666,0.22189298,0.42181963,0.29108608,0.14665681,0.27089152,0.2379936,0.34165433,0.4909091,0.38966292,0.30064887,0.22050163,0.30466095,0.061658397,0.08854824,0.2746479,1.0,
0000000000000000002e_0,0.27476346,0.26530612,0.3048736,0.21680388,0.27058288,0.22588727,0.2,0.2647934,0.28382328,0.26903072,0.22712334,0.20148857,0.29263523,0.24994753,0.25983122,0.26552415,0.28105325,0.3170029,0.3153659,0.29378068,0.24587221,0.3280943,0.41211757,0.17935929,0.31589687,0.3449981,0.34450907,0.2507234,0.28235748,0.2302106,-0.020615796,0.085924715,0.3481359,1.0,
0000000000000000002f_0,0.42713347,0.3886572,0.4178082,0.28668752,0.2890595,0.25235566,0.3116908,0.33195734,0.3174505,0.35199776,0.23773311,0.431173,0.40709618,0.27719685,0.3721973,0.28944528,0.26387227,0.32784638,0.36036292,0.2744361,0.37163815,0.20517343,0.36230436,0.4049857,0.3574895,0.42842323,0.34210095,0.34679878,0.33848053,0.35588735,0.2886345,0.29467595,0.33125103,1.0,
00000000000000000030_0,0.45007235,0.3703226,0.6961538,0.5155459,0.40138853,0.4207241,0.49674055,0.43116766,0.41929975,0.41756374,0.43840075,0.5662848,0.5330927,0.5190343,0.4915591,0.5415525,0.4772938,0.5253093,0.5777778,0.62776023,0.48900524,0.39670658,0.53015876,0.49543568,0.46496814,0.5212888,0.4986124,0.4961665,0.30454546,0.44312394,0.23462783,0.43277723,0.49925038,1.0,
00000000000000000031_0,0.38602576,0.4169666,0.40758637,0.47530866,0.3563267,0.3257985,0.4164905,0.32976076,0.38313252,0.4245283,0.41684383,0.41675815,0.40458715,0.4094944,0.46748465,0.36394742,0.40014115,0.44707814,0.41004673,0.38989237,0.40807775,0.37200382,0.4344086,0.4183124,0.50848305,0.4176275,0.37492728,0.44848955,0.4064516,0.40570334,0.3782096,0.43146014,0.35719937,1.0,
00000000000000000032_0,0.41858283,0.41016373,0.4384782,0.4473324,0.34168315,0.41501746,0.40294006,0.46237126,0.44414464,0.46630648,0.43037745,0.4017061,0.40418753,0.34715417,0.34345138,0.4240298,0.39042822,0.46076038,0.42842957,0.37426987,0.40616408,0.41971934,0.38421983,0.40051198,0.47348085,0.4486589,0.49269664,0.4028412,0.42902085,0.42552638,0.5130923,0.41051593,0.46440488,1.0,
00000000000000000034_0,0.29545453,0.373791,0.27391306,0.39996722,0.3685042,0.3922414,0.4663606,0.38376054,0.3857582,0.39321584,0.37026083,0.2992297,0.3781296,0.31659856,0.31332815,0.33028764,0.3427595,0.3015504,0.37621698,0.43389615,0.29475662,0.16148567,0.3849452,0.3163482,0.49493855,0.27538097,0.33656073,0.34796977,0.33064175,0.3692606,0.37394246,0.30496454,0.2733547,1.0,
00000000000000000035_0,0.32394916,0.3220058,0.32644716,0.33237997,0.38235295,0.22759655,0.30083078,0.28762245,0.3103176,0.27983382,0.25580612,0.30445394,0.3234811,0.45396826,0.31037277,0.2908853,0.306584,0.41482046,0.2927477,0.3027307,0.27356747,0.31923243,0.34829268,0.27835447,0.36189574,0.37043795,0.41000748,0.31037092,0.3257801,0.34259415,0.21192053,0.22749068,0.25449154,1.0,
00000000000000000036_0,0.41998407,0.38472518,0.2542373,0.4161429,0.31158715,0.33711603,0.3158511,0.33857617,0.32625,0.37648273,0.37725168,0.32493946,0.39678743,0.3103007,0.3428771,0.37024793,0.26865673,0.27116126,0.26835352,0.22966708,0.16029324,0.084043376,0.34110788,0.27788693,0.2675,0.27724776,0.3306419,0.40664962,0.2623219,0.30078125,0.34409162,0.4234609,0.3069481,1.0,
00000000000000000037_0,0.46905538,0.38484848,0.49815497,0.41717258,0.3813084,0.3507729,0.55576557,0.73410404,0.5004292,0.47551867,0.65358853,0.65462756,0.41354808,0.608154,0.5584416,0.49342105,0.5683604,0.56587476,0.58059704,0.5021834,0.62970936,0.2960725,0.38501292,0.34779835,0.3697479,0.46201745,0.45878693,0.39794967,0.41597795,0.41472507,0.42676055,0.27900288,0.3250444,1.0,
00000000000000000038_0,0.2931642,0.4010239,0.28135788,0.219407,0.32652044,0.13376044,0.28883904,0.20656635,0.30431417,0.1742354,0.15085903,0.17285383,0.34699687,0.2344607,0.18346474,0.29395542,0.14245176,0.24728529,0.2968088,0.2952183,0.21026213,0.066931084,0.25989568,0.343785,0.31223023,0.40200195,0.36249316,0.29916963,0.25354415,0.23050515,0.16127168,0.20077035,0.17884019,1.0,
00000000000000000039_0,0.29911232,0.36629215,0.3712442,0.4370282,0.35473517,0.3916837,0.40101972,0.3340976,0.35024112,0.3804644,0.3177099,0.3831563,0.36988804,0.2961339,0.29456896,0.33238682,0.36545286,0.39582583,0.39179045,0.43393782,0.26337832,0.09209545,0.375,0.3738807,0.37200144,0.38392052,0.36477312,0.38298598,0.34649196,0.26954493,0.16136469,0.07666426,0.26562825,1.0,
0000000000000000003a_0,0.4569474,0.48712492,0.3850605,0.4778833,0.43794146,0.5352809,0.4578005,0.4164447,0.44627607,0.4107744,0.35504335,0.35964525,0.47952047,0.37226278,0.35248172,0.3305231,0.4214498,0.34382567,0.38573098,0.39744118,0.43462285,0.37085828,0.43740606,0.43636364,0.3451217,0.4458179,0.41478002,0.43826747,0.43073395,0.34279594,0.37085137,0.42403808,0.40013984,1.0,
0000000000000000003b_0,0.46688926,0.5187133,0.2805,0.30279458,0.22317933,0.15991037,0.33749646,0.219727,0.30888966,0.2514151,0.35332847,0.30374354,0.40056023,0.33789563,0.38714916,0.2617395,0.2593306,0.24634995,0.26865673,0.40446168,0.2918423,0.11636364,0.27967712,0.15971063,0.3406436,0.3687769,0.42454633,0.27153477,0.30658627,0.280745,0.12858827,0.26624903,0.26814428,1.0,
0000000000000000003c_0,0.42832053,0.44671613,0.36576855,0.40129152,0.38108882,0.34706196,0.3664292,0.38519448,0.40949556,0.38935912,0.4688814,0.41614664,0.35105205,0.34793296,0.37716377,0.36861885,0.35178027,0.4340344,0.3631658,0.36706412,0.36776316,0.37419355,0.47033897,0.39792636,0.48502994,0.44069675,0.45463988,0.3867174,0.44397706,0.4083713,0.39534885,0.42973426,0.42820457,1.0,
0000000000000000003d_0,0.1517629,0.39339104,0.52084744,0.4642202,0.4565113,0.41524366,0.49032837,0.22962397,0.17328767,0.24927114,0.16772108,0.29634643,0.26298457,0.2799443,0.3139103,0.23742276,0.3133228,0.2899494,0.27831864,0.40749148,0.17590441,0.3150327,0.295013,0.14489385,0.25486442,0.3150298,0.3790376,0.20875083,0.17293474,0.24515918,0.36328125,0.44626117,0.49972543,1.0,
0000000000000000003e_0,0.46993318,0.46975735,0.40808082,0.54634774,0.4358209,0.41836512,0.46711102,0.468566,0.3580638,0.4121098,0.44805077,0.43142742,0.47347346,0.42566037,0.5021656,0.31790987,0.45488304,0.37146944,0.38084415,0.36515427,0.30967742,0.16764237,0.35406545,0.48135117,0.3813475,0.3213213,0.30606544,0.46783626,0.48315188,0.45144805,0.4270991,0.41979834,0.34682217,1.0,
0000000000000000003f_0,0.43275863,0.4308259,0.39858854,0.56442416,0.37698686,0.4099182,0.36459854,0.3404,0.35868892,0.41296348,0.4104903,0.31370398,0.47641775,0.30775303,0.4288577,0.34072778,0.3423233,0.36225855,0.3591715,0.3085973,0.34789804,0.401068,0.408272,0.2896831,0.42376238,0.41079774,0.4036525,0.35790727,0.4217956,0.35673165,0.40887657,0.3568734,0.38953868,1.0,
00000000000000000040_0,0.32798758,0.3310673,0.32044762,0.31093007,0.2638727,0.31004366,0.29562435,0.3847348,0.32172504,0.293999,0.34196496,0.31046513,0.32820377,0.3182659,0.26835608,0.28046077,0.2846154,0.32850716,0.2860606,0.40503743,0.30449694,0.2749161,0.35646355,0.3407713,0.4310685,0.31914893,0.4553882,0.39645278,0.39261016,0.3649053,0.34091923,0.3101712,0.36231244,1.0,
00000000000000000041_0,0.44173294,0.48346543,0.44784853,0.45762712,0.47040102,0.4276094,0.452349,0.4117647,0.45127925,0.44751814,0.4771828,0.4968591,0.46587536,0.50572664,0.4611231,0.5212187,0.55037856,0.5177129,0.49945474,0.4962919,0.49596414,0.37058622,0.49089807,0.42926046,0.5183183,0.46702996,0.47545394,0.43543702,0.41745037,0.50014967,0.476815,0.39606974,0.4441402,1.0,
00000000000000000042_0,0.39026472,0.42311862,0.3928263,0.43994555,0.47703284,0.365834,0.3893219,0.43666083,0.42121565,0.44157088,0.36119515,0.3817304,0.4187732,0.3761655,0.2925404,0.36457595,0.34404144,0.35504046,0.37682435,0.38391808,0.43727243,0.33509433,0.37599093,0.43700105,0.31546864,0.38577074,0.44945055,0.45334285,0.4774436,0.44896364,0.3969915,0.39965317,0.4387425,1.0,
00000000000000000043_0,0.3269461,0.2730704,0.36449835,0.3025664,0.30951747,0.14772727,0.2756337,0.29258674,0.2306959,0.1881763,0.31256902,0.4068396,0.35482562,0.29760492,0.24760936,0.251927,0.09182555,0.114928626,0.3221512,0.32563892,0.4334234,0.44300938,0.45252597,0.2767068,0.43831933,0.48095658,0.10831123,0.31451613,0.33849058,0.346417,0.26205787,0.32455382,0.34317344,1.0,
00000000000000000044_0,0.36633304,0.40916088,0.41087613,0.42015857,0.41037655,0.34317803,0.4206746,0.4187385,0.41815954,0.3826445,0.32222396,0.2413793,0.38960782,0.37592295,0.38333333,0.3297937,0.3114421,0.40697086,0.41328913,0.39163917,0.38884494,0.48034644,0.31639248,0.30048525,0.43230626,0.4138864,0.46011376,0.358957,0.3847879,0.36043572,0.38562343,0.46268657,0.45037898,1.0,
00000000000000000045_0,0.2967491,0.27508855,0.20147999,0.29179958,0.27399895,0.09725954,0.3322566,0.40688646,0.33891493,0.32829046,0.18521969,0.21553043,0.3506808,0.23367286,0.27180487,0.25787294,0.2852459,0.3220159,0.39039505,0.37763852,0.40658602,0.24712643,0.3743094,0.19713858,0.50050515,0.372531,0.3715396,0.16999556,0.22979961,0.33752823,0.13828337,0.2917259,0.21870236,1.0,
00000000000000000046_0,0.27892235,0.31084925,0.39511824,0.40110183,0.36203277,0.38920578,0.42607248,0.36747235,0.3167133,-0.0071444036,0.26349595,0.32825652,0.30726257,0.3706383,0.37003404,0.39821982,0.3428197,0.29641283,0.33899644,0.3466365,0.41051975,0.4164038,0.34543952,0.25398937,0.34362775,0.3344209,0.36748087,0.2923823,0.3250711,0.3190104,0.31924686,0.38773054,0.36239,1.0,
00000000000000000047_0,0.3496224,0.35791963,0.42731276,0.40854573,0.28233153,0.3063399,0.34777564,0.30630344,0.3858586,0.34964123,0.3851827,0.4016298,0.3383553,0.42528737,0.4138878,0.3510047,0.48218313,0.39451638,0.41027266,0.33139294,0.3839928,0.2616304,0.45667687,0.5239015,0.40692237,0.4619838,0.43128607,0.43351173,0.3762154,0.37615812,0.267304,0.36261126,0.38607168,1.0,
00000000000000000048_0,0.4340061,0.48292407,0.47994104,0.5243045,0.473426,0.42967543,0.46630436,0.45350555,0.47352746,0.38191283,0.42781317,0.38445842,0.44914284,0.42650065,0.46638298,0.47125933,0.38730854,0.39874122,0.30824688,0.3772216,0.33083358,0.36160603,0.37507337,0.41944692,0.3020528,0.31963637,0.35455257,0.43735763,0.4555607,0.4850081,0.44488034,0.45752347,0.4625994,1.0,
00000000000000000049_0,0.06762968,0.4405728,0.2254673,0.214138,0.2558565,0.2283556,0.3001192,0.26536313,0.33300734,0.35105205,0.25163215,0.28173375,0.42677385,0.29275715,0.26490766,0.26142493,0.33699635,0.42199108,0.3337924,0.326228,0.253527,0.20323741,0.2547741,0.35914993,0.34334168,0.32844037,0.43055555,0.3695691,0.31029376,0.3220005,0.24568652,0.5507766,0.2832723,1.0,
0000000000000000004a_0,0.4330544,0.5,0.47316357,0.5010548,0.45792034,0.45466155,0.49781314,0.4697054,0.46354777,0.06628393,0.23231238,0.29043853,0.45451063,0.3146934,0.37476695,0.40573868,0.2378959,0.29434425,0.34447044,0.30607337,0.27907744,0.0718232,0.3431896,0.4484151,0.3441005,0.36385044,0.3561601,0.4702873,0.44298977,0.47082886,0.4188001,0.41461268,0.43391475,1.0,
0000000000000000004b_0,0.35230953,0.3452381,0.31800973,0.49815497,0.3041498,0.30789673,0.2962673,0.42222223,0.33856893,0.38093677,0.23389556,0.3886256,0.42818427,0.37101546,0.26914817,0.397669,0.33954644,0.34479403,0.35847476,0.29549378,0.31788525,0.05123967,0.38219896,0.3560477,0.3509055,0.33742583,0.3460478,0.32338902,0.40902746,0.34911045,0.29138604,0.30097672,0.3189189,1.0,
0000000000000000004c_0,0.41479525,0.46592894,0.34440386,0.3222836,0.30262423,0.29091325,0.33953735,0.3447099,0.3579838,0.31922996,0.34598267,0.33511674,0.31734675,0.30258518,0.3607883,0.2976759,0.33333334,0.3596059,0.3301326,0.32042912,0.37460172,0.40992168,0.44342732,0.4308026,0.39614815,0.39023188,0.4348587,0.41329858,0.54291224,0.4584812,0.30344597,0.34454358,0.2952517,1.0,
0000000000000000004d_0,0.20389639,0.3718833,0.23949437,0.5107704,0.25830904,0.40340558,0.45970055,0.33072662,0.17618819,0.4205265,0.34786186,0.26805857,0.3978653,0.22167173,0.12859634,0.24996169,0.31402808,0.27104682,0.33013895,0.26665565,0.30474415,0.2731377,0.2723562,0.40440115,0.21213934,0.3287698,0.24349442,0.41296542,0.41808844,0.44496572,0.2308542,0.31634048,0.25060907,1.0,
0000000000000000004e_0,0.356517,0.41810104,0.31836656,0.46950266,0.41274658,0.29223496,0.39093605,0.4241161,0.3372861,0.48639455,0.42057082,0.39694658,0.4269835,0.47388932,0.34390077,0.380538,0.47126436,0.47916666,0.42251655,0.42874038,0.37649244,0.35315984,0.36349824,0.3601934,0.3883495,0.3720445,0.3614679,0.38238993,0.44238976,0.38405356,0.33738714,0.35537866,0.35408065,1.0,
0000000000000000004f_0,0.2641397,0.22484578,-0.16201118,0.2620865,0.32667875,0.24962293,0.3262317,0.31725484,0.35506004,0.3101535,0.28036207,0.31957817,0.40095302,0.26313686,0.22701761,0.2932046,0.30711043,0.3031496,0.32577133,0.3351273,0.29381058,0.2981553,0.2605145,0.3640218,0.30245915,0.3449492,0.3165299,0.34542918,0.32157555,0.30683282,0.26790547,0.32449374,0.34174886,1.0,
00000000000000000050_0,0.053214543,0.1521181,0.1371488,0.28442907,0.16852103,0.25530303,0.26949614,0.23491292,0.23726542,0.22801362,0.24416223,0.1609319,0.2448,0.41418293,0.17633623,0.29672706,0.32545826,0.20767817,0.29795763,0.30706134,0.21931855,0.16359113,0.21858042,0.18728717,0.17623697,0.30564517,0.2891454,0.17644414,0.10460449,0.0729805,-0.009138742,0.19032967,0.20166636,1.0,
00000000000000000051_0,0.3531447,0.2928879,0.36601672,0.3425871,0.001198083,0.31414786,0.358605,0.2116089,0.18564402,0.2515247,0.2584658,0.29197225,0.48107067,0.27688873,0.3760855,0.3601089,0.2608937,0.27415255,0.29006582,0.2559002,0.2960265,0.2097191,0.19220258,0.18635395,0.08103418,0.24457864,0.06356774,0.4163209,0.3477049,0.37560123,0.34874016,0.3149991,0.31548244,1.0,
00000000000000000052_0,0.39429778,0.40072638,0.132055,0.4137566,0.39021206,0.29952118,0.33893558,0.39390758,0.42663538,0.44990367,0.4148636,0.40256926,0.41296804,0.39805123,0.39937627,0.42893264,0.4444836,0.44817984,0.38846737,0.37886068,0.3799462,0.4188877,0.378882,0.41465363,0.425736,0.43690637,0.42901286,0.41341653,0.37925473,0.39513874,0.32204092,0.36787206,0.38329026,1.0,
00000000000000000053_0,0.20033146,0.3212401,0.3985619,0.196443,0.35594204,0.3279678,0.38430983,0.33900645,0.39819884,0.4617972,0.3500436,0.4555746,0.38715994,0.39644352,0.2763614,0.24294955,0.47368422,0.47906026,0.5116022,0.3799304,0.51079136,0.22800925,0.592233,0.36978993,0.31443447,0.4003384,0.4256927,0.29980275,0.36561584,0.3939828,0.2983675,-0.01799856,0.07414216,1.0,
00000000000000000054_0,0.33597577,0.2843116,0.28801084,0.22893693,0.20497832,0.21221492,0.26447344,0.2878988,0.2504348,0.2738263,0.22759159,0.18156424,0.39996386,0.19568203,0.26184538,0.3377218,0.31676528,0.25312665,0.33391228,0.29621676,0.25308412,0.3591517,0.31462762,0.311952,0.23901354,0.27512494,0.2805941,0.34073046,0.271611,0.5648855,0.30250418,0.2915419,0.1835723,1.0,
00000000000000000055_0,0.2936218,0.41585815,0.2914692,0.33908328,0.33433282,0.31904963,0.31209877,0.34988895,0.3758967,0.46313962,0.5111394,0.3481521,0.43127364,0.5432258,0.21084921,0.34197605,0.46609443,0.48985508,0.34308133,0.48255432,0.43053174,0.10368382,0.4197052,0.3843508,0.38405797,0.48311308,0.44725934,0.36265272,0.3944687,0.41260403,0.25652257,0.22887613,0.2620865,1.0,
00000000000000000056_0,0.2898146,0.21446179,0.34859812,0.2853246,0.15113439,0.3015428,0.37679902,0.15922366,0.39745402,0.40447503,0.3487052,0.18712273,0.4427313,0.2518753,0.23171265,0.22905028,0.4264638,0.3954635,0.39662108,0.13702624,0.32153955,0.19439892,0.30783632,0.31070802,0.26422584,0.31617647,0.25267738,0.42578018,0.29939395,0.363031,0.12078883,-0.065110855,0.07491335,1.0,
00000000000000000057_0,0.23273781,0.24336973,0.47235578,0.4062225,0.16964285,0.15345454,0.19992183,0.296,0.13982953,0.09897143,0.27347687,0.20508744,0.46149975,0.25559846,0.3148148,0.29284975,0.21021079,0.24739417,0.27127376,0.17760758,0.24513902,0.26677853,0.28632662,0.20597485,0.0491963,0.2579557,0.24211961,0.424466,0.30558598,0.36446124,0.24754953,0.27724332,0.31666374,1.0,
00000000000000000058_0,0.18217404,0.21486449,0.33688602,0.29475102,0.22180294,0.28501183,0.35867238,0.14979757,0.41728738,0.4915952,0.25,0.23028786,0.4383627,0.2949475,0.28831246,0.2545885,0.33451957,0.41068283,0.3471857,0.14705138,0.2969948,0.18615244,0.3271439,0.3468244,0.27482268,0.32063884,0.23819129,0.43857786,0.28041902,0.40988198,0.10363636,-0.03956044,0.22484529,1.0,
00000000000000000059_0,0.22071572,0.28886685,0.20633751,0.38522953,0.45325443,0.0780499,0.36324906,0.17901357,0.22555304,0.43504763,0.25023606,0.22670321,0.38401157,0.3383429,0.16836429,0.3515625,0.3900185,0.5150721,0.36244255,0.33864796,0.26019123,0.30731708,0.47368422,0.32042104,0.33978236,0.46818182,0.36352202,0.36418432,0.37818637,0.40570378,0.15471092,-0.04638009,0.27095056,1.0,
0000000000000000005a_0,0.020204421,0.057569295,0.23189135,0.2568323,0.04085921,0.180968,0.21205398,0.19354838,0.17971334,0.16164875,0.18460773,0.22268,0.08372692,0.23668033,0.33990148,0.26068267,0.24003223,0.24413845,0.2747699,0.19258408,0.13723838,0.14167099,0.21092613,0.020679986,0.059269797,0.15712503,0.19024713,0.14491343,0.09837529,0.083859,0.14773545,0.16931507,0.19576345,1.0,
0000000000000000005b_0,0.3164557,0.32012898,0.20050378,0.35977808,0.42685542,0.26814222,0.4155924,0.5,0.47660586,0.6468725,0.71192056,0.6310204,0.4920964,0.5986079,0.6207792,0.48305085,0.66340935,0.7039922,0.9178645,0.71924746,0.71923745,0.35267857,0.49819493,0.42365816,0.49755302,0.46703297,0.42332613,0.38554803,0.32561985,0.37832016,0.21075425,0.30067155,0.23876159,1.0,
0000000000000000005c_0,0.41754216,0.40956023,0.20865206,0.30876172,0.2862363,0.24954262,0.3411363,0.33289257,0.38850284,0.3856278,0.4819788,0.554007,0.43205896,0.44697988,0.38857144,0.41603467,0.5591216,0.4397233,0.5672092,0.45596868,0.49655172,0.387422,0.4286622,0.4002976,0.40892643,0.4744318,0.48204044,0.31485727,0.3017001,0.30921054,0.15793344,0.29547352,0.18304431,1.0,
0000000000000000005d_0,0.2866422,0.1287166,0.14850137,0.14685105,0.14836547,0.13995568,0.15049227,0.17002141,0.14479105,0.13102743,0.18405376,0.22957198,0.2873635,0.26771006,0.23823029,0.24786033,0.29038498,0.269331,0.21228346,0.33690208,0.37943667,0.32705447,0.273468,0.17086835,0.2721519,0.3729347,0.32253712,0.25072888,0.11314125,0.17295426,0.044826854,0.27320307,0.10065097,1.0,
0000000000000000005e_0,0.41352805,0.42982122,0.2391637,0.26715273,0.31244522,0.24132517,0.37813586,0.34022197,0.33551472,0.2974885,0.39706862,0.44942966,0.478436,0.341188,0.29882184,0.2119891,0.34251103,0.40572792,0.4038835,0.36658356,0.24024823,0.15859564,0.36323437,0.38947368,0.3822314,0.33376878,0.26680672,0.37526125,0.41339213,0.41174456,0.19507323,0.25617078,0.29898447,1.0,
0000000000000000005f_0,0.4067227,0.5313989,0.40560675,0.39930707,0.4063745,0.32952532,0.28516412,0.36136878,0.3795227,0.3219921,0.36295217,0.3353625,0.36591724,0.38932496,0.4780771,0.4722838,0.6089061,0.7763158,0.72106,0.7781065,1.083067,0.22240527,0.4368932,0.20619658,0.31958762,0.5854701,0.5025381,0.14268513,0.2116279,0.31364626,0.23809524,0.21754043,0.39882812,1.0,
00000000000000000060_0,0.3690476,0.38552508,0.21941054,0.24798042,0.23608534,0.10983919,0.2718959,0.27953488,0.20152603,0.23405676,0.35103124,0.34392375,0.42426318,0.24813119,0.12996688,0.29406613,0.22043258,0.28521192,0.30356753,0.3241807,0.2676552,0.17549133,0.28217602,0.39989266,0.16637707,0.29511678,0.20324074,0.3562763,0.38285446,0.3522591,0.11755952,0.09323165,0.21874118,1.0,
00000000000000000061_0,0.57848835,0.7161572,0.6507042,0.851468,0.7368421,1.1,0.9605263,1.1042655,1.0769231,0.84732825,0.75535166,0.9881188,0.5873016,1.35206,1.0909091,1.1076924,0.8708752,0.9036827,0.8548387,0.8888889,0.7386364,0.25373134,0.4659091,0.8504436,0.51442647,0.8897059,0.5084746,0.87636364,0.7403509,0.8518519,0.66086954,0.41712204,0.837037,1.0,
00000000000000000062_0,0.5376573,0.51490706,0.83972126,0.47214076,0.4752402,0.41491482,0.8027027,3.8433735,0.7370417,0.6684015,0.6723809,0.83272725,0.47804877,0.8084416,0.7124736,0.67611337,0.8420086,0.71800435,0.7703349,0.8674033,0.65660375,0.4819701,0.60200876,0.43511736,0.6289055,0.58232933,0.5313577,0.44153377,0.3938253,0.7833173,0.46892413,0.4196242,0.4127061,1.0,
00000000000000000063_0,0.366453,0.5389205,0.5251018,0.48630136,0.65217394,0.59922177,1.0437375,1.1218274,1.3574879,0.9119497,0.90588236,1.0160428,0.41164824,1.2480211,1.0238663,1.0470588,0.84158415,1.0325203,0.8548387,1.0262009,0.7387755,0.41379312,1.0,0.5246996,0.7882353,0.82608694,0.7037037,0.5334928,0.63786006,0.52684563,0.5186104,0.37444934,0.57005346,1.0,
00000000000000000064_0,0.4119412,0.42191666,0.35599014,0.32984293,0.2777778,0.22767624,0.33818412,0.18979016,0.33918127,0.21364295,0.28945255,0.332446,0.48081023,0.23162661,0.25311315,0.41223192,0.37026674,0.29937035,0.3845304,0.32807985,0.3153457,0.35718217,0.39949685,0.42678842,0.26431254,0.41467336,0.39055538,0.45462197,0.31417623,0.38991615,0.35861966,0.3853843,0.43607882,1.0,
00000000000000000065_0,0.24936858,0.2945151,0.23259412,0.40945536,0.36416593,0.019254278,0.14242116,0.075440936,-0.0031357792,0.20058888,0.16054228,0.24860336,-0.052481595,0.27631366,0.14449434,0.23437268,0.29834926,0.25786164,0.28936785,0.2749789,0.1818724,0.15319796,0.26414827,-0.023255814,0.15321076,0.25938144,0.24549426,-1.4411299E-4,0.120129,0.06673007,0.24618225,0.2419214,0.25021827,1.0,
00000000000000000066_0,0.3981963,0.42991123,0.39025077,0.42225394,0.32369643,0.23035312,0.33863223,0.25030023,0.16023391,0.28156698,0.2703959,0.35334674,0.41114983,0.31551978,0.32524356,0.3414594,0.3167982,0.19162066,0.44924784,0.38368678,0.27361366,0.38264534,0.36128023,0.3410072,0.3642333,0.38978055,0.37482095,0.38950962,0.34766912,0.36693072,0.23935127,0.17769608,0.21793349,1.0,
00000000000000000067_0,0.22659534,0.24966079,0.5278311,0.5084587,0.40905416,0.4667788,0.2583784,0.36889252,0.32239157,0.27389395,0.33423272,0.27701545,0.24717692,0.43632957,0.2767145,0.28849903,0.3027047,0.31039426,0.38139534,0.32610974,0.4197745,0.363079,0.3939394,0.23844609,0.4359596,0.43429846,0.46243864,0.2126295,0.21325052,0.105726875,0.27076223,0.5143603,0.4957346,1.0,
00000000000000000068_0,0.38252723,0.35678965,0.39868566,0.42326733,0.41022637,0.4051724,0.43261325,0.39571398,0.46701765,0.32223415,0.3477589,0.36441627,0.37344566,0.29296592,0.297479,0.24001366,0.32327685,0.20746098,0.22917068,0.16065168,0.42090484,0.27801725,0.17773561,0.39898887,0.31274372,0.23620309,0.31815636,0.25524265,0.34200385,0.35604158,0.27770945,0.35426852,0.43331164,1.0,
00000000000000000069_0,0.32380396,0.4578097,0.3583158,0.3796397,0.3731427,0.4103429,0.41145834,0.33835295,0.38562465,0.3603796,0.2965879,0.41120815,0.3396108,0.3984482,0.34751037,0.3844156,0.5129596,0.39053044,0.42322907,0.37995082,0.30247933,0.36487907,0.34560177,0.29261157,0.34401876,0.3671966,0.37125444,0.3456693,0.2385148,0.3602719,0.2748257,0.34315908,0.22164156,1.0,
0000000000000000006a_0,0.39540187,0.31343284,0.34379542,0.2035139,0.312589,0.12180746,0.22623123,0.13897736,0.20590433,0.23201339,0.20370811,0.18399532,0.38609982,0.21090235,0.22687162,0.23461539,0.26599327,0.19767736,0.29637527,0.14257458,0.051292744,0.13559322,0.18105224,-0.018415418,0.16131528,0.19477037,0.1017964,0.24013871,0.16507734,0.41274238,0.21467333,0.22413793,0.20765619,1.0,
0000000000000000006b_0,0.26372102,0.29355434,0.23390418,0.21577218,0.28333333,0.0958432,0.23822714,0.12356101,0.16955018,0.14151762,0.16173987,0.2939644,0.26881242,0.32515338,0.2100714,0.25107658,0.2519447,0.2401803,0.33072236,0.16651705,0.2061951,0.18067145,0.28187186,0.22405896,0.28397524,0.3055409,0.2923387,0.20787665,0.08988573,0.18710263,0.109505035,0.1476083,0.21387833,1.0,
0000000000000000006c_0,0.30644685,0.30669925,0.17829755,0.3135494,0.3305187,0.21907932,0.30374157,0.28455284,0.22209166,0.28454983,0.23518082,0.38030097,0.3052578,0.3169678,0.33731088,0.34063527,0.32421875,0.3448276,0.43585238,0.26298767,0.31760436,0.1886646,0.3313292,0.22199592,0.2264151,0.38387597,0.18453,0.24073766,0.21317092,0.21325116,0.085970916,0.11399405,0.30675527,1.0,
0000000000000000006d_0,0.5081967,0.49079755,0.39701492,0.32657832,0.31251913,0.27680492,0.37286666,0.29450694,0.34195584,0.18101993,0.21923475,0.3009086,0.47874308,0.26570606,0.35178715,0.2056294,0.24242425,0.2724551,0.30515915,0.39405942,0.26931733,0.191818,0.2596934,0.42937654,0.19417848,0.38058418,0.32516298,0.35618395,0.301326,0.3961118,0.24942923,0.29581067,0.24559246,1.0,
0000000000000000006e_0,0.4895931,0.6627635,0.83175033,0.96455693,0.8425197,1.1206896,0.9483204,1.0529802,1.1087866,0.8961039,0.7845304,0.863354,0.847561,1.0558659,0.8760563,1.1418439,1.0495868,1.0712329,0.96351576,0.9554731,0.8103448,0.26174498,0.5409836,0.90178573,0.5096774,0.87261146,0.55737704,0.81898457,0.74622357,0.8680203,0.61730015,0.6512605,0.9292929,1.0,
0000000000000000006f_0,0.30745342,0.48178506,0.544,0.49260524,0.6863753,0.51263905,0.76725304,0.6427015,1.2588997,0.5286195,0.9232614,0.69545454,0.4424203,0.703504,0.8940171,0.80306345,0.6518375,0.7553957,0.70149255,1.2663044,0.54332554,0.31428573,0.33333334,0.6214233,0.46143156,0.68710357,0.52884614,0.5970149,0.25605536,0.5601504,0.3317498,0.42168674,0.837037,1.0,
00000000000000000070_0,0.37178755,0.3539776,0.2122122,0.27687594,0.27802604,0.32757267,0.38278046,0.30492812,0.31751168,0.28961748,0.22810178,0.294905,0.38943824,0.3028949,0.33425245,0.3136384,0.21656707,0.2885563,0.2583788,0.24952453,0.32472613,0.10056236,0.2467907,0.36558735,0.43839148,0.3005583,0.35221592,0.30126584,0.25109744,0.39386436,0.37011737,0.31424057,0.27520356,1.0,
00000000000000000071_0,0.31318682,0.8071066,0.8319783,0.93939394,0.89237666,1.6289308,0.92715234,1.0366973,0.9579832,1.0495868,0.8936877,1.0,0.65217394,1.05,0.8760563,1.630137,0.9158317,1.046875,0.96018374,1.0827587,0.7647059,0.1827957,0.46296296,0.83233535,0.4676259,0.8918919,0.5084746,0.8333333,1.1314878,1.0692042,0.72727275,0.41621622,1.0536193,1.0,
00000000000000000072_0,0.5116984,0.46709168,0.7987928,1.0363636,0.8766067,0.8047138,0.78348625,1.0797101,0.78977275,1.0331491,0.80548626,0.8756219,0.59562844,0.9148936,1.3127036,0.79591835,1.2040817,1.0611111,0.88381743,1.0459183,0.8181818,0.34396356,0.47972974,0.7248677,0.5555556,0.83870965,0.56179774,0.43881857,0.9329897,0.83838385,0.59779614,0.3935484,0.94392526,1.0,
00000000000000000073_0,0.3544606,0.33905014,0.4887611,0.37019914,0.26855516,0.16513899,0.3462717,0.2723674,0.38785505,0.39697322,0.29825208,0.32550645,0.34257233,0.27109268,0.26800153,0.36890304,0.32630876,0.35140187,0.40827554,0.37957245,0.27952942,0.24363486,0.39139614,0.30561662,0.3765324,0.46804902,0.45473042,0.3365004,0.20834069,0.42011353,0.24811238,0.24482338,0.24958217,1.0,
00000000000000000074_0,0.40894118,0.33369565,0.26439393,0.4318257,0.31279048,0.31104726,0.3366158,0.30588472,0.27831095,0.26912692,0.15200219,0.29916897,0.36137494,0.27721465,0.07957782,0.15184858,0.15775552,0.16231343,0.19722074,0.06306565,0.08405999,-0.024710035,0.12900704,0.2713964,0.1323492,0.30306816,0.06828312,0.26030466,0.3393295,0.3417323,0.29939502,0.25538707,0.41252923,1.0,
00000000000000000075_0,0.43508425,0.38672864,0.16318971,0.2605364,0.27077946,0.33400926,0.25901532,0.2887899,0.29004014,0.28678593,0.3036499,0.308618,0.27331996,0.33333334,0.46365303,0.35027027,0.41768938,0.33397093,0.297062,0.3606691,0.32003325,0.41490546,0.36177194,0.16073245,0.35515618,0.39806262,0.38146022,0.19958812,0.28282407,0.33597174,0.10976799,0.11548822,0.25,1.0,
00000000000000000076_0,0.32893848,0.28422517,0.3085901,0.3262102,0.3079287,0.40955138,0.33600757,0.31262863,0.4236111,0.33333334,0.3762072,0.2951561,0.3283208,0.3744076,0.31303483,0.40566874,0.41935483,0.35018495,0.31705627,0.3371678,0.2707488,0.45101798,0.47856933,0.27553117,0.16201118,0.30164707,0.15111338,0.30586565,0.32779783,0.3454039,0.24882968,0.3956386,0.25820675,1.0,
00000000000000000077_0,0.41021672,0.4370947,0.30933544,0.39839223,0.36354202,0.23206903,0.256902,0.23276561,0.3660606,0.369863,0.36143002,0.31431004,0.4231369,0.33318564,0.47889182,0.29006678,0.28645608,0.25112194,0.31164953,0.2798165,0.20332067,0.3088142,0.30621353,0.4163689,0.41214603,0.34637964,0.2863248,0.33001164,0.32944608,0.37147412,0.29150146,0.38958633,0.37606838,1.0,
00000000000000000078_0,0.5522964,0.44093114,0.9255814,1.0972973,1.0682927,1.1122448,0.8208955,1.3755459,1.1201717,0.8958333,0.77160496,0.88029927,0.7214765,1.0242915,1.0511364,1.0756757,1.0048661,1.0625,0.9660494,0.8098859,1.0454545,0.21353066,0.49137932,0.9125926,0.4814815,0.8355263,0.57425743,0.761658,0.8708791,1.0833334,0.7340877,0.45109212,0.9292929,1.0,
00000000000000000079_0,0.49024245,0.48575857,1.0257732,0.8301887,0.8847262,0.74285716,0.8830898,0.85333335,0.7096774,0.8920863,0.7972603,1.0855263,0.50240153,1.020979,1.052174,1.0542636,1.0425532,1.0,0.88642657,0.82239383,0.89242053,0.23541248,0.49433962,0.917193,0.4853801,0.8114478,0.53571427,0.80508476,0.66159695,0.66129035,0.61329305,0.37518248,0.92897195,1.0,
0000000000000000007a_0,0.375119,0.41394827,0.22263774,0.37031332,0.30508474,0.09021986,0.19845316,0.3341767,0.11144398,0.22556017,0.19164541,0.31719875,0.3885226,0.44337487,0.13692805,0.23990498,0.33936024,0.37595025,0.37386018,0.40826246,0.31286496,0.2882263,0.3919703,0.06493109,0.24327628,0.46896416,0.37028345,0.30935448,0.27609178,0.3583461,0.29457715,0.23671497,0.2651909,1.0,
0000000000000000007b_0,0.18860897,0.16369456,0.23068921,0.21514907,0.20869373,0.3148148,0.16542056,0.16748454,0.17117944,0.19501133,0.20429645,0.30242825,0.14937238,0.1824722,0.21661367,0.22011605,0.2841191,0.22420862,0.21491061,0.18058836,0.21203007,0.17358203,0.2900041,0.2354788,0.2679376,0.33959365,0.29433897,0.21705426,0.25793734,0.24406138,0.16673099,0.16873449,0.21062224,1.0,
0000000000000000007c_0,0.6475216,0.487042,1.0327332,0.84750736,0.7252525,0.9092383,0.96109635,1.0526316,0.95780593,0.7752809,0.89403975,1.1212121,0.42787287,0.962963,1.0584795,0.8727273,1.0497925,1.3938224,0.9354839,0.83384615,0.8637993,0.3392857,0.79141104,0.526527,0.50344825,0.8064516,0.5555556,0.38308227,0.76687115,0.7593985,0.71898353,0.42943853,0.8363274,1.0,
0000000000000000007d_0,0.31564245,0.21039659,0.30987898,0.34061626,0.1943566,0.13913664,0.30485722,0.15665914,0.16777672,0.25207868,0.16976456,0.26389584,0.19016817,0.2771528,0.32890624,0.25578487,0.3224769,0.2937666,0.40088105,0.31806847,0.25750202,0.26036304,0.36043748,0.23367131,0.26875,0.35137287,0.30400696,0.3018711,0.22465126,0.23135939,0.12921223,0.28627452,0.35225686,1.0,
0000000000000000007e_0,0.39598998,0.27756655,0.43527055,0.4248513,0.37044892,0.14065972,0.429426,0.24837273,0.14863221,0.3089223,0.32371852,0.35813367,0.4207344,0.303127,0.2615697,0.3665713,0.35774928,0.31512606,0.262121,0.4290138,0.36857915,0.21674277,0.41389096,0.39014152,0.3069997,0.4249402,0.28902543,0.38974276,0.378008,0.4049726,0.33182216,0.38292012,0.41039053,1.0,
0000000000000000007f_0,0.24233577,0.27074236,0.2809978,0.3173558,0.18457301,0.39130434,0.3524763,0.37186262,0.38358104,0.45989847,0.3945709,0.38646376,0.30377755,0.4485233,0.32299465,0.328,0.3426222,0.36270338,0.40771124,0.33222482,0.23665158,0.2627093,0.3316362,0.32360372,0.23281807,0.26724932,0.2654757,0.29461664,0.28660652,0.30653504,0.21948174,0.29141647,0.30591083,1.0,
00000000000000000080_0,0.107361965,0.6216681,0.88907015,0.52205396,0.43005565,0.45345858,0.733871,0.9191176,0.6533333,0.886121,0.75535166,0.7389474,0.5005319,0.7850877,0.76303315,0.73125,0.66004413,0.5444685,0.71511626,0.8639456,0.7605178,0.18877551,0.38116592,0.7514451,0.4065934,0.65217394,0.504644,0.5746421,0.5186846,0.7105263,0.5763962,0.6463022,0.66126126,1.0,
00000000000000000081_0,0.4624085,0.48618218,0.6526749,0.79375845,0.53588516,0.6457327,0.6403873,1.6666666,0.7647059,0.58,1.2709163,0.9219858,0.78220856,1.0721312,0.89215684,0.8192771,0.934375,0.7214485,0.8927445,0.9,0.6744186,0.5513748,0.5410117,0.7327731,0.5977654,0.6956522,0.62211984,0.91477275,0.82608694,0.58711565,0.33480826,0.35283992,0.8673139,1.0,
00000000000000000082_0,0.3860603,0.22083414,0.30342448,0.38118705,0.3234579,0.28486294,0.23425598,0.31133673,0.23747914,0.24240619,0.2480284,0.21735986,0.082666665,0.28448093,0.23579203,0.30551052,0.26588157,0.36987245,0.23257767,0.38558432,0.29745778,0.26039734,0.24365711,0.18566655,0.31451744,0.3167121,0.32247558,0.21901092,0.33097056,0.39280063,0.23815848,0.35235158,0.29428223,1.0,
00000000000000000083_0,0.45669958,0.07654563,0.28698224,0.40546784,0.35368612,0.1357397,0.29375178,0.28603604,0.20171674,0.235448,0.3127109,0.40376267,0.14148681,0.2770781,0.21963936,0.3080023,0.26717007,0.26824874,0.2487331,0.39498946,0.31654677,0.22016807,0.20435153,0.2116095,0.2359362,0.23991832,0.3166544,0.23545706,0.32747737,0.33333334,0.27886477,0.3831075,0.41694352,1.0,
00000000000000000084_0,0.5278196,0.5844636,0.7033986,0.651865,0.51663077,0.65,0.7064083,0.7866667,0.6759494,0.62096775,0.7894737,0.8024357,0.5126484,0.9050132,1.060606,0.87113404,0.83707863,0.84070796,0.84097505,0.8113208,0.6542751,0.55035126,0.61204016,0.6843157,0.52747256,0.641196,0.6956522,0.70542634,0.5294118,0.6174734,0.68651277,0.4560811,0.63438255,1.0,
00000000000000000085_0,0.39774647,0.4038975,0.4030612,0.40916556,0.4065448,0.2845196,0.25388026,0.27240375,0.3525515,0.3079684,0.23802766,0.22899449,0.46718445,0.28310046,0.38250485,0.20386876,0.23590569,0.31006312,0.31821027,0.30608273,0.2671573,0.2808107,0.2325416,0.43125904,0.26142597,0.32999557,0.20541382,0.43496,0.37967432,0.404824,0.3738268,0.4077481,0.33818012,1.0,
00000000000000000086_0,0.2142667,0.28072625,0.1011052,0.1423591,0.21168754,0.32269505,0.20168954,0.23726825,0.20709759,0.21710329,0.28819042,0.26349342,0.2685567,0.23145948,0.14513981,0.25981972,0.08183633,0.19103448,0.307707,0.2076092,0.27785295,0.15644445,0.25387365,0.1856988,0.18537375,0.2544601,0.18372379,0.29120246,0.1912114,0.2581705,0.03492993,0.06255044,0.10731285,1.0,
00000000000000000087_0,0.3837116,0.29488054,0.35855263,0.34476843,0.28410688,0.105802044,0.26275182,0.22888714,0.33443984,0.38386706,0.25390303,0.33704528,0.30361393,0.2610385,0.12318501,0.29757243,0.35062376,0.22690763,0.22773363,0.34470376,0.19161244,0.09951413,0.23047619,0.22446458,0.14919257,0.21707137,0.24756852,0.2919234,0.24737,0.3251073,0.13279569,0.161,0.41377208,1.0,
00000000000000000088_0,0.81433225,0.8360071,0.83495146,0.5075161,0.37114674,0.3631778,0.43482026,0.41033044,0.5147208,0.5243902,0.92771083,0.7446808,0.83651227,0.92201835,1.060606,0.8346154,0.68245494,0.55746776,0.58735734,0.4462006,0.5653944,0.30932897,0.54741526,0.58752996,0.43518817,0.6575875,0.4368231,0.4510032,0.37953302,0.4884354,0.31145388,0.4278788,0.49470252,1.0,
00000000000000000089_0,0.38088104,0.4234575,0.34800592,0.48175767,0.36121672,0.27269715,0.36921296,0.30575308,0.23978494,0.30372185,0.301799,0.21831656,0.510989,0.336673,0.24333474,0.15157354,0.17276928,0.24612476,0.22858067,0.3124812,0.1784712,0.10475914,0.43717185,0.41326436,0.19893664,0.3093267,0.26603228,0.42087078,0.25015953,0.24275577,0.30145934,0.3332331,0.42106274,1.0,
0000000000000000008a_0,0.7982301,0.93609023,0.4994206,0.44872785,0.5754923,0.38360038,0.62383974,0.45180723,0.3800514,0.6761905,0.77861166,0.9388235,0.4698795,0.86519945,0.7860577,0.61263734,0.46842366,0.75739646,0.40260655,0.3199408,0.31723425,0.44198665,0.43333334,0.50994885,0.46178058,0.4778481,0.35276854,0.4723032,0.4352475,0.43326733,0.43817863,0.4105216,0.4815895,1.0,
0000000000000000008b_0,0.37471986,0.29034925,0.2728328,0.25756848,0.2993663,0.19412942,0.30320057,0.26757175,0.26808983,0.34652823,0.41115123,0.29834878,0.37051183,0.33842117,0.23945226,0.33260235,0.34403807,0.19994019,0.25797307,0.48962855,0.23496994,0.33145574,0.30023566,0.41093403,0.33488983,0.31798345,0.29438293,0.37438905,0.3091692,0.3694687,0.30442294,0.32677326,0.3301765,1.0,
0000000000000000008c_0,0.40384614,0.4244495,0.425421,0.39636633,0.3140073,0.33788395,0.30099228,0.24071246,0.28539526,0.23122433,0.3039467,0.28090283,0.4908589,0.48510972,0.3635936,0.3550071,0.3073348,0.4997973,0.27246124,0.42437592,0.32015604,0.1852405,0.47408828,0.3496802,0.34121928,0.35011074,0.39782774,0.42586452,0.3370508,0.35992265,0.3050389,0.44058296,0.4401532,1.0,
0000000000000000008d_0,0.39927274,0.4124243,0.34629834,0.34944,0.26724976,0.31008065,0.35401785,0.29187864,0.32394367,0.31083483,0.38839075,0.42878392,0.4128298,0.38662964,0.34726286,0.38323194,0.39341205,0.4254777,0.38290295,0.35067874,0.3125,0.3668625,0.3995934,0.40475652,0.35765526,0.4052253,0.37486193,0.37577707,0.26887363,0.17009884,0.1779554,0.3493769,0.3369863,1.0,
0000000000000000008e_0,0.21686545,0.24335195,0.1176699,0.17489375,0.097855225,0.12225064,0.20453829,0.21268515,0.17255032,0.15815164,0.20978782,0.18149245,0.27033147,0.23945862,0.25336596,0.1109867,0.22155689,0.28434142,0.2908042,0.17170112,0.43909532,0.48784488,0.48757815,0.14841777,0.41275796,0.43802217,0.34195065,0.30422994,0.2091127,0.12248111,0.21559322,0.25119737,0.18398392,1.0,
0000000000000000008f_0,0.40441358,0.26353198,0.37543055,0.41218755,0.34118557,0.34567484,0.32516494,0.3450096,0.3260939,0.39175257,0.34606907,0.38337606,0.3711096,0.31757754,0.4207715,0.36290532,0.35683328,0.36624205,0.40099457,0.40536317,0.35608578,0.4244914,0.40328416,0.35654053,0.38388214,0.38986725,0.42222223,0.29433572,0.20488857,0.3011681,0.25785124,0.38894278,0.38687202,1.0,
00000000000000000090_0,0.2610574,0.3005324,0.19574556,0.30485076,0.32104155,0.2726603,0.3175749,0.3060089,0.21093176,0.34730956,0.24601837,0.31747302,0.30066124,0.313556,0.48088065,0.3745624,0.34026948,0.29603422,0.3110561,0.36168203,0.33824757,0.31420255,0.33909753,0.25903615,0.43507615,0.44941264,0.5197763,0.27071416,0.3065345,0.32202643,0.26450512,0.29216337,0.34393018,1.0,
00000000000000000091_0,0.2315126,0.21482663,0.008864084,0.2621324,0.2566895,0.10308678,0.07964034,0.111473806,0.09234018,0.12650798,0.15409139,0.18299712,0.33797517,0.2729649,0.29867524,0.09388971,0.34322557,0.20996316,0.29397294,0.20898503,0.115819715,0.14492525,0.1909712,0.3140727,0.22318561,0.31253144,0.276651,0.25558147,0.21366532,0.24369748,0.23523809,0.18765022,0.2304578,1.0,
00000000000000000092_0,0.3615396,0.33369824,0.1611185,0.22819287,0.22287145,0.1565737,0.2508881,0.20670392,0.2893401,0.2984538,0.2745133,0.25644222,0.36955065,0.27937448,0.24548662,0.055145163,0.19501182,0.15775673,0.15213904,0.14817952,0.05520963,0.10627013,0.1789584,0.3024381,0.14618108,0.305729,0.2304179,0.107727796,0.2091866,0.24145266,0.19632387,0.21787709,0.19701493,1.0,
00000000000000000093_0,0.3895349,0.49156117,0.45660377,0.40237054,0.45043105,0.35197783,0.4967742,0.4908722,0.4602076,0.4127199,0.47403684,0.510652,0.40591335,0.5925433,0.56148493,0.45668593,0.4223245,0.4663514,0.39353213,0.38783875,0.30793485,0.27554178,0.37390065,0.65837836,0.35624868,0.41650164,0.3611233,0.6233062,0.41633803,0.48549885,0.3892473,0.35437515,0.47121212,1.0,
00000000000000000094_0,0.42228213,0.44613296,0.23508415,0.38427502,0.36287424,0.39098373,0.26438075,0.22930431,0.24456298,0.25842312,0.24426045,0.19344263,0.45628026,0.24270353,0.17873383,0.2807157,0.2301863,0.32704404,0.2538662,0.3899004,0.22863661,0.18699187,0.32009754,0.457713,0.3207444,0.3689267,0.23061742,0.29745212,0.30698174,0.2442281,0.15013817,0.3137124,0.3240469,1.0,
00000000000000000095_0,0.414966,0.37828404,0.41180784,0.3927617,0.4544776,0.2255417,0.23480375,0.29042205,0.3654321,0.3947924,0.3559456,0.32239658,0.3998601,0.41222954,0.30092594,0.22908251,0.30726257,0.39431545,0.47094274,0.4627843,0.3957219,0.29945192,0.31018746,0.42847037,0.23951286,0.42852154,0.4401144,0.41320217,0.17768301,0.4746846,0.17449886,0.17568365,0.32557365,1.0,
00000000000000000096_0,0.39050424,0.4289385,0.20757098,0.2684553,0.26399267,0.19339103,0.29526627,0.30153492,0.1201849,0.3774984,0.28241795,0.3626861,0.4071066,0.30131143,0.19822127,0.32693416,0.29819041,0.28684577,0.32819194,0.41154504,0.2718276,0.17391305,0.30826846,0.40941402,0.29076293,0.3884462,0.19760641,0.4473739,0.17171386,0.18772735,0.078186885,0.2813788,0.2177061,1.0,
00000000000000000097_0,0.37966037,0.40886185,0.2412614,0.32837918,0.30530092,0.20600858,0.25759944,0.31343284,0.20288782,0.3601004,0.32227015,0.3311185,0.4240071,0.31392404,0.26555803,0.3445423,0.33995584,0.33869916,0.29526228,0.31264916,0.30429947,0.1298185,0.3650377,0.37658465,0.28504142,0.4011976,0.28717408,0.38370314,0.23003663,0.2112069,0.12009373,0.2600821,0.22812971,1.0,
00000000000000000098_0,0.4597701,0.46381968,0.36476257,0.39507678,0.3294356,0.2413793,0.37603214,0.30743384,0.2313413,0.22584753,0.2936563,0.26021618,0.46628407,0.2815534,0.3533101,0.28212896,0.31060252,0.33333334,0.34372178,0.34195527,0.30993548,0.25097126,0.34261376,0.4524736,0.25166017,0.29690206,0.2945192,0.46578112,0.41351548,0.470547,0.38523152,0.3978113,0.31916204,1.0,
00000000000000000099_0,0.39354473,0.46413752,0.30222815,0.3203081,0.2705249,0.18786693,0.25352666,0.35170358,0.3401305,0.4064969,0.3077077,0.3490683,0.4536193,0.415692,0.3582144,0.411722,0.3891182,0.40906802,0.33564013,0.29718965,0.2560434,0.41880342,0.25952902,0.43819228,0.19383445,0.23944248,0.23595995,0.35217258,0.34653035,0.10489511,0.1411235,0.08243728,0.22090517,1.0,
0000000000000000009a_0,0.46092504,0.46205306,0.48764238,0.46441674,0.48816827,0.44554973,0.4545921,0.47314578,0.42654335,0.24008575,-0.035409667,0.16070446,0.44882533,0.3340206,0.24728589,0.35780135,0.443016,0.40266106,0.2585407,0.29735988,0.36548463,0.538206,0.39955547,0.42233482,0.31536782,0.4246452,0.37638375,0.44902283,0.4368687,0.4519191,0.3295816,0.45036194,0.4265769,1.0,
0000000000000000009b_0,0.2404885,0.25624734,0.2515535,0.37633234,0.2674028,0.17302378,0.30444145,0.39299124,0.11207207,0.3821712,0.20032376,0.2296757,0.20667818,0.31631902,0.30028698,0.22293775,0.1262767,0.16615541,0.26705402,0.3142243,0.38834286,0.20264027,0.24812406,0.17870894,0.30370057,0.4440645,0.32861477,0.2564644,0.14724325,0.28624862,0.13048044,0.18669418,0.20339668,1.0,
0000000000000000009c_0,0.13497566,0.21206582,0.04894858,0.14678012,0.056584004,0.12999511,0.16867056,0.14285715,0.09951413,0.24506219,0.034767643,0.3294596,0.19084461,0.12375347,0.14510003,0.15951021,0.15617129,0.09747037,0.110755555,0.13730341,0.10032955,0.27946767,0.17035708,0.1329009,0.117403835,0.14322129,0.24614567,0.23187733,0.08295801,0.06715612,0.0131752305,-0.010741328,0.074838124,1.0,
0000000000000000009d_0,0.2008538,0.30805686,0.17150718,0.2751678,0.2442139,0.25972483,0.3163778,0.33753476,0.3385172,0.43615085,0.37086627,0.37730768,0.3645272,0.4012583,0.35684565,0.45235342,0.35869363,0.33407325,0.43130007,0.38972387,0.33147722,0.2642176,0.3554646,0.33721432,0.3537285,0.35744575,0.36546066,0.34317344,0.17109908,0.15194036,0.052735534,0.07314024,0.11943794,1.0,
0000000000000000009e_0,0.22266561,0.22607683,0.08425562,0.24045408,0.25414366,0.1373154,0.2535561,0.2382287,0.12048497,0.18968692,0.30913642,0.45231214,0.22810932,0.43782192,0.51578945,0.39401197,0.33388022,0.39375928,0.5014628,0.29359746,0.19415703,0.055829227,0.28859857,0.13974592,0.24670433,0.23284735,0.24584104,0.22424544,-0.020481495,-0.03353468,0.0746334,0.02682858,0.19768284,1.0,
0000000000000000009f_0,0.5467577,0.48411867,0.39071566,0.4458346,0.39524838,0.37391305,0.4124594,0.3208211,0.35904157,0.33720136,0.3923077,0.41923642,0.4153735,0.34940556,0.33267587,0.35579437,0.31333333,0.32240057,0.43830073,0.35870242,0.31865585,0.4117647,0.46100152,0.3246387,0.46834683,0.5314546,0.47849625,0.34189722,0.2951602,0.31068358,0.2905983,0.31570858,0.32074264,1.0,
000000000000000000a0_0,0.32048574,0.28886846,0.15897061,0.24771784,0.2866113,0.14700997,0.26538715,0.30437043,0.2522784,0.28900674,0.4522557,0.5035562,0.2933514,0.35070574,0.49289098,0.37757438,0.52217454,0.40757748,0.3212326,0.17092338,0.118709676,0.22205438,0.27969348,0.20096366,0.16172795,0.21440823,0.17993557,0.26076046,-0.024390243,0.006281662,0.21889251,0.08016627,0.22636509,1.0,
000000000000000000a1_0,0.36059114,0.2816076,0.19925076,0.34356236,0.27575392,0.2735972,0.35295296,0.21532439,0.11704895,0.19739209,0.23469388,0.19744745,0.28975904,0.36838886,0.2882502,0.08862276,0.38142952,0.6,0.44499505,0.26062322,0.18847656,0.44665012,0.35670102,0.15025906,0.3169643,0.26740402,0.27305496,0.31856447,0.06231003,0.4686347,0.23371105,0.006289308,0.26614574,1.0,
000000000000000000a2_0,0.058371197,0.0973381,0.2977941,0.30966768,0.29542518,0.2731037,0.33854166,0.24271844,0.19425477,0.21378805,0.24691358,0.25064477,0.20275164,0.18824217,0.16169676,0.15713859,0.13837886,0.118728064,0.10240516,0.07390529,0.09201102,0.074589826,0.13061969,0.09204483,0.17071076,0.15207745,0.14570361,0.12580645,0.12525459,0.2222987,0.21144278,0.2120441,0.3526458,1.0,
000000000000000000a3_0,0.045948204,0.14306676,0.18759811,0.3638814,0.2823698,0.09732541,0.22042239,0.21075645,-0.03360688,0.052195907,0.15228531,0.15045592,0.043196544,0.26212347,0.28465098,0.3866279,0.27741352,0.2998822,0.29844484,0.041420117,0.2890075,0.1661017,0.28344247,0.0053632376,0.21389742,0.2605078,0.17653167,0.053475935,-0.064759634,-0.13290735,-0.060442526,-0.009649568,0.04557641,1.0,
000000000000000000a4_0,0.19212651,0.13316336,0.14155406,0.15464927,0.109065376,0.05410062,0.19548447,0.15605037,0.1695238,0.12381736,0.1815029,0.1442374,0.01284353,0.14267874,0.123714656,0.112792894,0.1292329,0.14775538,0.10280981,0.07803602,0.085456036,0.12,0.11897641,0.034881853,0.10475817,0.12337357,0.090870485,0.044727392,0.00356333,0.070482045,0.08291579,0.10503031,0.12648104,1.0,
000000000000000000a5_0,0.46737045,0.44257918,0.37054017,0.34955668,0.3586777,0.35038152,0.4120008,0.35864136,0.32092452,0.29676676,0.3417343,0.42248785,0.20775168,0.41784036,0.38751757,0.38671792,0.47777778,0.4029457,0.4368341,0.4021496,0.39374277,0.41486812,0.42577943,0.23612262,0.24020144,0.24827777,0.325,0.3317614,0.24001288,0.3417362,0.28094482,0.31861553,0.27065235,1.0,
000000000000000000a6_0,0.1580756,0.22519884,0.31966448,0.33650255,0.29209232,0.044804946,0.102652356,0.072231755,0.08301158,0.07463415,0.19598694,0.23055029,0.48212463,0.31299898,0.3462555,0.31079525,0.30232558,0.28482974,0.30900967,0.2734936,0.20222072,0.18900344,0.23798883,0.31025958,0.15314384,0.17424242,0.19380121,0.38601625,0.21744163,0.33044556,0.2697656,0.2892562,0.2178271,1.0,
000000000000000000a7_0,0.3258071,0.29837704,0.31710646,0.48158443,0.4421382,0.2940082,0.38426965,0.3627529,0.15321757,0.4400767,0.30252832,0.2072686,0.4008988,0.42829552,0.26003987,0.17751735,0.45380875,0.48011526,0.49637505,0.392,0.30228075,0.3509185,0.50153846,0.4284921,0.41987315,0.42281878,0.34595004,0.3511089,0.32588834,0.405592,0.26016617,-0.029033223,0.2971864,1.0,
000000000000000000a8_0,0.30700803,0.36502177,0.23231511,0.3767776,0.4039503,0.23479466,0.32647365,0.30605796,0.23068494,0.3189127,0.2617716,0.3155591,0.3148251,0.31657225,0.1093482,0.28066668,0.28255227,0.2670181,0.28945902,0.31714776,0.37919852,0.3568075,0.3804407,0.37881455,0.2879693,0.46938777,0.33096233,0.4010236,0.38583788,0.43249702,0.33012307,0.38757685,0.31476584,1.0,
000000000000000000a9_0,0.3531283,0.3362162,0.27032137,0.36525422,0.33494657,0.34657562,0.37075454,0.24401544,0.29271737,0.30329475,0.36147064,0.30892286,0.3380581,0.25588235,0.16676153,0.2528336,0.27306458,0.23493873,0.316581,0.32946634,0.3055417,0.34055406,0.3720886,0.3320322,0.36193824,0.3588534,0.26403478,0.34512055,0.31903675,0.41968617,0.2937853,0.33411378,0.28406215,1.0,
000000000000000000aa_0,0.5943205,0.4982487,0.5145119,0.6163873,0.4640657,0.5785124,0.61808115,0.5564202,0.5271903,0.6492537,0.5240876,0.5818744,0.5634058,0.66570604,0.5909631,0.52873564,0.70376056,0.5052509,0.5094002,0.5674074,0.48175788,0.46200874,0.5601966,0.57965195,0.4791111,0.53097343,0.4937811,0.5624284,0.44410875,0.5834829,0.4773196,0.54290295,0.5400291,1.0,
000000000000000000ab_0,0.32725242,0.42140028,0.35522857,0.42062572,0.30737463,0.36787564,0.4557853,0.31762394,0.18704125,0.40201807,0.09965122,0.27922264,0.4110057,0.37197816,0.24679135,0.10984772,0.37735364,0.40367278,0.337847,0.34383735,0.3989455,0.18839459,0.45256916,0.33577892,0.26071742,0.5145631,0.34344968,0.3036609,0.4194086,0.30297723,0.06241374,0.30508825,0.3032752,1.0,
000000000000000000ac_0,0.32961392,0.4080938,0.21989314,0.2680838,0.22240326,0.09831235,0.1510156,0.16817625,0.17144078,0.092430115,0.072289154,0.14177442,0.2798354,0.23325843,0.1613851,0.1878038,0.17775016,0.1541537,0.17223127,0.2445263,0.16711125,0.087070376,0.1810089,0.4020718,0.2173552,0.21660736,0.26179606,0.25487852,0.22883907,0.005063291,0.1035908,0.087286115,0.16451181,1.0,
000000000000000000ad_0,0.27433264,0.3174946,0.10675534,0.22280967,0.27641225,0.15821023,0.19432695,0.18088737,0.14162417,0.18058474,0.14368,0.1748986,0.32978016,0.12149909,0.24300255,0.21683346,0.18687873,0.34719712,0.1826544,0.18593407,0.2383808,-0.050176058,0.2384861,0.3296586,0.24671532,0.24592274,0.26584506,0.14135556,0.31322372,-0.047554653,0.07673343,0.14482759,0.16322702,1.0,
000000000000000000ae_0,0.11571185,0.30367956,0.22252011,0.3663203,0.2693475,0.29021436,0.3842649,0.3521318,0.28290516,0.29344,0.19434932,0.32481176,0.27957532,0.29908836,0.39249906,0.31231388,0.3833889,0.3041175,0.38173386,0.3682869,0.37558052,0.0069101676,0.18809092,0.30832988,0.20560576,0.29634097,0.365171,0.35887203,0.12712198,0.34602246,0.2969742,0.40712696,0.40537202,1.0,
000000000000000000af_0,0.11783314,0.22659871,0.17084746,0.16712153,0.16236906,0.21785069,0.18726,0.13360181,0.09817483,0.11107507,0.222135,0.15723982,0.23587908,0.1850636,0.123242736,0.16016649,0.043098062,0.3110561,0.2959649,0.33103746,0.22026849,0.25508904,0.057387445,0.17049576,0.21048525,0.20133223,0.19148937,0.24404877,0.1912118,0.29154903,0.16666667,0.1517934,0.17745675,1.0,
000000000000000000b1_0,0.25959456,0.3081761,0.41711643,0.31084338,0.32089278,0.35163248,0.32542592,0.27847552,0.20483166,0.33873582,0.021775544,0.24535917,0.33106518,0.32539445,0.2694414,0.17170417,0.3337757,0.39856204,0.52313167,0.38811097,0.40666205,0.1411043,0.34672755,0.28293097,0.31495228,0.47613218,0.19435535,0.35466427,0.3301099,0.27406082,0.22663358,0.25224328,0.2641464,1.0,
000000000000000000b2_0,0.34383768,0.43600163,0.3124361,0.42987683,0.3009571,0.33472428,0.3609118,0.36532384,0.41934273,0.30626187,0.3046946,0.3233668,0.46734348,0.40636593,0.4028458,0.3537594,0.37099612,0.2934843,0.4368864,0.3835058,0.35182533,0.21701112,0.43323657,0.45428687,0.53923666,0.37763628,0.47651464,0.4286722,0.3483444,0.277914,0.21903428,0.2791197,0.32047752,1.0,
000000000000000000b3_0,0.2955931,0.26292357,0.23496535,0.2528878,0.3471913,0.33508247,0.34539405,0.31767616,0.2303207,0.3735645,0.32860184,0.34311405,0.3127051,0.316559,0.21762693,0.31354985,0.3726813,0.4182716,0.3983549,0.2931727,0.45009914,0.17586796,0.6289308,0.26927987,0.25653923,0.3573452,0.3313783,0.3064922,0.29321316,0.35361215,0.33667156,0.09414605,0.26384366,1.0,
000000000000000000b4_0,0.3533077,0.4262723,0.39099315,0.27866438,0.30593237,0.2765169,0.33595595,0.37248057,0.28722116,0.37434772,0.35748705,0.37135145,0.49904326,0.3286385,0.3131881,0.30254996,0.3056872,0.3483342,0.36599424,0.35114765,0.22784057,0.3113728,0.3757208,0.33235887,0.39084506,0.36885247,0.3893723,0.41516402,0.3900256,0.29983178,0.32181284,0.25253624,0.2553792,1.0,
000000000000000000b5_0,0.34278607,0.25026682,0.29690486,0.30858347,0.23007968,0.30127788,0.26550987,0.29645053,0.1781272,0.32016632,0.35041612,0.2513068,0.31591052,0.26465294,0.2058453,0.25952712,0.36460835,0.3153865,0.306698,0.27133757,0.21515562,0.31074607,0.35162345,0.20054348,0.32903227,0.307248,0.31296852,0.16389744,0.1294617,0.2958633,0.17699115,0.17905405,0.21080397,1.0,
000000000000000000b6_0,0.28393134,0.3060505,0.4017443,0.38155136,0.30813336,0.46969184,0.4744631,0.51116335,0.39700454,0.45148477,0.44403836,0.32206404,0.3687783,0.5367717,0.3850085,0.38240576,0.48027375,0.43207455,0.3995897,0.49264455,0.26494062,0.26967472,0.47113052,0.32864773,0.49473685,0.4814815,0.44992214,0.34183452,0.28761718,0.24017467,0.25709677,0.39228943,0.34701857,1.0,
000000000000000000b7_0,0.43165115,0.45975855,0.3921344,0.45273632,0.32038122,0.3817771,0.47715932,0.31159163,0.25862682,0.2524851,0.2962406,0.4211419,0.4291262,0.34118572,0.3487965,0.29620254,0.44841012,0.3144086,0.44964314,0.4236893,0.32426304,0.2721544,0.26819128,0.5349265,0.34917355,0.37560505,0.42939246,0.42415094,0.3057057,0.3698057,0.37681627,0.46630484,0.37671682,1.0,
000000000000000000b8_0,0.34776947,0.43107304,0.32862905,0.38840973,0.3065428,0.44362,0.41433424,0.39247227,0.29483488,0.3973852,0.36468056,0.30869836,0.48439306,0.33352906,0.29012105,0.41216993,0.3093359,0.25642222,0.3820556,0.3185531,0.3673938,0.23094529,0.34316617,0.2417855,0.36489224,0.3194762,0.3756679,0.29303923,0.3564969,0.3089701,0.30662897,0.2414804,0.37452614,1.0,
000000000000000000b9_0,0.08776393,0.35607818,0.3527997,0.42593277,0.45735982,0.30965593,0.36173356,0.3880293,0.2224023,0.383167,0.3688833,0.42857143,0.5891089,0.5082399,0.4086162,0.54797167,0.45966515,0.39240506,0.38706365,0.28161186,0.24164525,0.3144707,0.4006984,0.36924848,0.31596985,0.444,0.4223013,0.36497363,0.36603376,0.318365,0.27945334,0.17495582,0.23704289,1.0,
000000000000000000ba_0,0.37961987,0.41367605,0.464682,0.44601604,0.43038273,0.4222341,0.43301862,0.44358155,0.43642968,0.45530146,0.4166853,0.8452738,0.41857016,0.38837406,0.3867647,0.4145744,0.4486975,0.37991968,0.41747573,0.47732514,0.40188307,0.40729782,0.4406662,0.38475665,0.51004016,0.44774124,0.45605642,0.39360687,0.40290806,0.46843854,0.3741573,0.41349638,0.3837613,1.0,
000000000000000000bb_0,0.3567202,0.41380116,0.42051995,0.41841003,0.43310004,0.39783427,0.4185721,0.83739835,0.42740926,0.40353984,0.41814595,0.42657343,0.4461734,0.44329005,0.40968177,0.41795936,0.39690343,0.44656584,0.43593982,0.40860495,0.4803805,0.4214421,0.5145946,0.39277214,0.48438227,0.45765564,0.46473387,0.38682714,0.41678938,0.41513452,0.38904327,0.38623655,0.4153269,1.0,
000000000000000000bc_0,0.40297958,0.3610544,0.21401137,0.29435557,0.30634132,0.2858048,0.3349202,0.27832067,0.2630212,0.30735633,0.3089172,0.24208108,0.24628854,0.18650639,0.24735558,0.2547095,0.21417126,0.22063611,0.14264093,0.26978588,0.29773462,0.28327063,0.45513865,0.32703274,0.31934658,0.32056007,0.3488304,0.31971994,0.31122288,0.3665984,0.22180958,0.19596587,0.26191413,1.0,
000000000000000000bd_0,0.39934236,0.43838385,0.21946503,0.10548058,0.07837181,0.020380618,0.15299945,0.8608696,0.14300482,0.19027922,0.24291982,0.2027972,0.41436037,0.20972355,0.13662054,0.28,0.31569666,0.26000503,0.30168855,0.2338642,0.37885985,0.19732288,0.30106485,0.3882855,0.14852701,0.22345185,0.23250942,0.42144638,0.37710273,0.42617586,0.20068172,0.17957106,0.25574425,1.0,
000000000000000000be_0,0.3241125,0.4567957,0.2871629,0.23706897,0.19434817,0.098164745,0.2273409,0.16731374,0.1785877,0.2924257,0.25858632,0.17857143,0.4600268,0.27377522,0.15497911,0.2840454,0.35721597,0.3016169,0.2500675,0.26986626,0.37956747,0.18157303,0.30053475,0.4154094,0.23420836,0.31809908,0.26729217,0.429396,0.33753148,0.39814362,0.30390143,0.16593695,0.19632414,1.0,
000000000000000000bf_0,0.36940223,0.42959338,0.16557285,0.24981245,0.24900861,0.24153824,0.29475275,0.270075,0.3187348,0.25320196,0.3132033,0.20952533,0.25701573,0.14955096,0.24379233,0.24049291,0.21065956,0.16256939,0.16663909,0.23141974,0.31327665,0.33853295,0.47316593,0.31435472,0.35178393,0.32060936,0.2907209,0.29934323,0.29095736,0.34232292,0.17818454,0.26899576,0.25543693,1.0,
000000000000000000c0_0,0.20049658,-0.008805032,0.2858189,0.35947174,0.26918292,0.1818773,0.23408112,0.17521739,0.26700252,0.20704679,0.338546,0.20085016,0.2618868,0.279953,0.31231117,0.25695932,0.22997193,0.22354074,0.32894474,0.26743752,0.19811136,0.28616306,0.32839963,0.25457942,0.33496183,0.34357005,0.35387176,0.2930922,0.18917625,0.23456311,0.23779604,0.24822044,0.24324325,1.0,
000000000000000000c1_0,0.38030514,0.4036954,0.36869174,0.42392424,0.33565736,0.22209822,0.3121998,1.2432432,0.3433692,0.33108678,0.29618254,0.2995036,0.40418848,0.31456548,0.23681125,0.26426724,0.2465374,0.37043795,0.28438634,0.29943344,0.28638288,0.32140368,0.32525024,0.32699385,0.32829374,0.309688,0.2688728,0.4168013,0.408,0.40391982,0.3222284,0.33235207,0.3998856,1.0,
000000000000000000c2_0,0.40617502,0.172604,0.23407407,0.30856976,0.29666236,0.25740147,0.25154835,0.30572715,0.27315673,0.40793243,0.46017832,0.16214721,0.22120658,0.2548445,0.18599562,0.36895943,0.4878049,0.6267943,0.36001584,0.36350313,0.48297873,0.40754658,0.36756238,0.43589744,0.3588942,0.37190711,0.38263994,0.2795248,0.33567664,0.38686132,0.38944724,0.1665936,0.31897107,1.0,
000000000000000000c3_0,0.21443515,0.14162028,0.2593772,0.38191724,0.47955835,0.26927894,0.42317778,0.32244638,0.066378064,0.42533726,0.1869748,0.40375048,-0.024715574,0.42604387,0.17709118,0.2581522,0.24216093,0.37131262,0.44039735,0.31061003,0.40521547,0.42121524,0.525,0.20986567,0.32313967,0.4496355,0.4328077,0.125,0.14755309,0.38173747,0.32106522,0.30935496,0.22810973,1.0,
000000000000000000c4_0,0.26597708,0.27440044,0.38443056,0.44153488,0.38355112,0.36842105,0.45938748,0.38104838,0.13734777,0.37487233,0.34069243,0.44201183,0.34200636,0.40622506,0.3008596,0.36415854,0.4206278,0.28603435,0.31790268,0.27731094,0.28780028,0.31480286,0.2534829,0.25914788,0.2400266,0.37532133,0.28687823,0.36602452,0.34406525,0.39375404,0.40512508,0.30211422,0.33492616,1.0,
000000000000000000c5_0,0.27265406,0.396911,0.34750265,0.44444445,0.29569152,0.32140574,0.40365922,0.3664465,0.17513369,0.39606503,0.42454728,0.48989898,0.31681415,0.40275863,0.2169203,0.3317258,0.3221625,0.15647785,0.3394143,0.17915949,0.22669436,0.30564603,0.30413255,0.31488052,0.21860096,0.3113102,0.2931411,0.39576882,0.33871603,0.3989807,0.43512544,0.22876151,0.26947987,1.0,
000000000000000000c6_0,0.30580798,0.39238754,0.38437742,0.43374273,0.27148655,0.32947975,0.45464054,0.41758242,0.17828685,0.3719926,0.44262296,0.5223061,0.34274316,0.44088176,0.25258493,0.31181523,0.36707565,0.15871935,0.31070495,0.254537,0.247888,0.26586795,0.26605505,0.28283846,0.24182749,0.3412399,0.3207547,0.38423645,0.38823986,0.44228533,0.34264338,0.27913278,0.29024985,1.0,
000000000000000000c7_0,0.39147803,0.36358243,0.2595515,0.602459,0.513571,0.5168539,0.5739837,0.63033175,0.76,0.8326586,0.6875,0.84782606,0.42947274,0.89542484,0.6535433,0.8006166,0.91091317,0.907357,0.7413793,0.6619718,0.80546075,0.3409091,0.47826087,0.4274721,0.6898734,0.8170974,0.7783019,0.41937983,0.3482703,0.32251197,0.314063,0.41672125,0.2880724,1.0,
000000000000000000c8_0,0.3483927,0.42657343,0.31009772,0.42727274,0.3267646,0.47155324,0.4239177,0.5466667,0.32695276,0.37003404,0.36949414,0.32919583,0.29036182,0.41475382,0.32616872,0.4144882,0.44054633,0.4280534,0.36941606,0.41780916,0.34314176,0.29457363,0.46268657,0.3400251,0.39403212,0.34877127,0.30797547,0.3641115,0.24948736,0.2861621,0.27943167,0.29704878,0.3001988,1.0,
000000000000000000c9_0,0.42282134,0.4284108,0.42912707,0.38773802,0.30645725,0.43581304,0.3725,0.28785965,0.26984128,0.3944186,0.3066512,0.40855664,0.4274524,0.35342187,0.27457795,0.33862016,0.3481153,0.33579212,0.29626334,0.3374091,0.33145988,0.2580757,0.34927818,0.41920376,0.33730507,0.43115044,0.4888345,0.42223966,0.365403,0.37181553,0.30539125,0.34414268,0.39135802,1.0,
000000000000000000ca_0,0.4061718,0.39722165,0.31247815,0.2850163,0.20718026,-0.08527772,0.28721267,0.22837992,0.16381156,0.3428058,0.27345562,0.16434176,0.3745597,0.27211496,0.29784426,0.19836037,0.20592193,0.38867053,0.3491178,0.27326733,0.3497076,0.22535211,0.36608323,0.13652338,0.27911332,0.3500454,0.0892989,0.22427441,0.24384236,0.3779807,0.1714619,0.21895552,0.25562868,1.0,
000000000000000000cb_0,0.313317,0.31302765,0.32983312,0.32744145,0.3292863,0.36219385,0.286937,0.80451125,0.28760928,0.24891949,0.31300268,0.31518623,0.24791303,0.3270822,0.20890938,0.14066103,0.23552956,0.33048737,0.340625,0.19284116,0.33931306,0.3109111,0.24324325,0.30208743,0.22026888,0.22041014,0.26374978,0.29986477,0.33134434,0.37590188,0.42365944,0.31675676,0.37656125,1.0,
000000000000000000cc_0,0.27258152,0.24896398,0.2612198,0.21530585,0.2321079,0.20239024,0.23392071,0.20358834,0.26154593,0.24043716,0.25240937,0.2998726,0.19481015,0.3008658,0.30760986,0.31946087,0.30901098,0.32028946,0.3809001,0.4615801,0.50661856,0.5097978,0.5389649,0.15322581,0.4751977,0.49440372,0.27093083,0.24541667,0.25187033,0.24506019,0.15633489,0.2985146,0.19887955,1.0,
000000000000000000cd_0,0.40133697,0.38805673,0.38019168,0.39427313,0.3528755,0.2823375,0.3892304,0.31171674,0.2992641,0.32660446,0.33986673,0.38065484,0.3285968,0.33725375,0.41595364,0.3621868,0.43584907,0.3566779,0.5226415,0.33620423,0.4819176,0.35383204,0.4643502,0.3096591,0.42930833,0.4984227,0.4476778,0.39821252,0.448,0.28081992,0.19728535,0.38152048,0.3776091,1.0,
000000000000000000ce_0,0.15626726,0.4766067,0.42941284,0.4427063,0.43537152,0.3490284,0.4068483,0.2770914,0.33392635,0.2763181,0.26054505,0.30673316,0.24995935,0.35127342,0.32713693,0.36176935,0.35892692,0.30186707,0.40560874,0.37621173,0.4139464,0.23966026,0.4702381,0.26379728,0.43457142,0.44780928,0.49724433,0.28444445,0.105079606,0.4268389,0.36074227,0.28035405,0.46291208,1.0,
000000000000000000cf_0,0.32072753,0.3324138,0.33390442,0.4390863,0.28002018,0.1779797,0.22976965,0.22298986,0.1663837,0.30890322,0.17525226,0.26180515,0.3768116,0.65409625,0.15009208,0.26830974,0.49075392,0.28579512,0.2820946,0.16656052,0.28695437,0.09738799,0.23970038,0.2949048,0.34026045,0.40521023,0.3359364,0.25399202,0.37114713,0.2582958,0.34491238,-0.15126626,0.30406386,1.0,
000000000000000000d0_0,0.15528782,0.35195822,0.1941165,0.3618507,0.17723052,0.14152327,0.2347826,0.19441825,0.30819982,0.16840786,0.24976076,0.31364277,0.07640935,0.20891766,0.29256594,0.25073832,0.37794912,0.31491357,0.19310793,0.22060016,0.18571685,0.27604938,0.20174849,0.37054148,0.35886168,0.4146661,0.41753384,0.29555997,0.009979407,0.18791541,0.04718917,0.17016406,0.30120483,1.0,
000000000000000000d1_0,0.43604466,0.45287243,0.4357812,0.28426552,0.17623319,0.3129028,0.37021524,0.30428925,0.29666665,0.23833333,0.21858786,0.2752555,0.45686162,0.34241244,0.24408284,0.15265684,0.36536312,0.25714287,0.39401394,0.3469931,0.24604316,0.17751808,0.22291994,0.3465182,0.33987916,0.29111075,0.3919414,0.48230752,0.25390625,0.26052248,0.19927372,0.20995533,0.17680074,1.0,
000000000000000000d2_0,0.4371283,0.4019231,0.41520467,0.4816493,0.4154308,0.3216679,0.32751438,0.30342618,0.33190578,0.61290324,0.6342857,0.6759443,0.47396725,0.9529781,0.9482072,0.7826087,0.83707863,1.0348837,1.0476191,0.7530266,0.6040172,0.37593985,0.5693904,0.42517006,0.36621195,0.6698413,0.4056604,0.31812724,0.40685543,0.54285717,0.45100355,0.3722488,0.3981023,1.0,
000000000000000000d3_0,0.53488374,0.38678712,0.5314286,0.5418502,0.522686,0.45275036,0.59011626,0.82597053,0.46865037,0.5125285,0.37338573,0.42699724,0.5166735,0.5471289,0.49347976,0.38748834,0.38771594,0.41214058,0.36121672,0.38797814,0.37936267,0.34291312,0.4206092,0.6034188,0.36708862,0.40222898,0.40775195,0.4608076,0.3724884,0.4429066,0.31452027,0.63802975,0.50075644,1.0,
000000000000000000d4_0,0.3699003,0.4024948,0.47769597,0.46237156,0.42679405,0.3873962,0.42335606,0.4311862,0.33244893,0.37036225,0.41950697,0.528608,0.40300402,0.43875185,0.43124336,0.42277247,0.26826748,0.35737976,0.3464674,0.39454758,0.34996104,0.30048123,0.42863378,0.4011544,0.4372869,0.39966998,0.45451534,0.43024832,0.37716115,0.43449333,0.3593348,0.39485547,0.4455067,1.0,
000000000000000000d5_0,0.5472637,0.44943148,0.7536232,0.8694943,0.6487252,0.6685083,0.9504505,1.0592593,1.1004184,1.0495868,0.6897959,0.9011407,0.6355748,1.0728745,1.0855615,1.076087,0.8504155,1.03861,0.9127517,1.0595745,1.0652174,0.24719101,0.4463277,1.5917159,0.50617284,0.88819873,0.50476193,0.88148147,0.7122807,1.0833334,0.6022567,0.49935815,0.8325123,1.0,
000000000000000000d6_0,0.5026087,0.46270213,-0.034907598,0.28510028,0.21189025,0.2970501,0.32980457,0.3668109,0.335744,0.46576187,0.22771873,0.24249342,0.45728186,0.2691751,0.33345374,0.46704668,0.31986848,0.27951428,0.3842482,0.32758316,0.3373541,0.37594935,0.37578502,0.45454547,0.48249763,0.45935035,0.4310813,0.4437426,0.28853756,0.30670357,0.26485863,0.3442492,0.30905586,1.0,
000000000000000000d7_0,0.44736198,0.5321375,0.33822182,0.37732658,0.32953852,0.18569364,0.3904657,0.33981094,0.24714829,0.29526076,0.3280176,0.39555824,0.40450644,0.34931058,0.4067684,0.3479773,0.34960985,0.25278163,0.46853146,0.34315926,0.30109805,0.21216,0.36359796,0.39573544,0.3968637,0.32848153,0.33148405,0.48317632,0.30532524,0.38650793,0.32105684,0.2393389,0.31801692,1.0,
000000000000000000d8_0,0.4747727,0.4638097,0.4457786,0.33970654,0.38975695,0.39832124,0.3839733,0.27604452,0.26273566,0.33940774,0.2752482,0.441131,0.49558267,0.2104029,0.258405,0.50907624,0.23966558,0.3476843,0.42055026,0.35061345,0.31466416,0.33627164,0.37335655,0.45468163,0.4050655,0.44386467,0.34971046,0.46455446,0.44578734,0.4994637,0.29252994,0.43192813,0.4295913,1.0,
000000000000000000d9_0,1.5,0.62566847,1.1528662,1.3195876,1.0491803,0.8512397,1.0522566,1.0820895,0.80714285,0.84732825,0.6793893,1.0658436,0.6863905,0.9558824,1.045977,1.1085272,0.8465753,1.0295566,0.89966553,1.0390625,1.0652174,0.21888413,0.35465115,0.8185567,0.4512195,0.8696884,0.46086955,0.7627119,0.83146065,0.67164177,0.67346936,0.5782946,1.0877193,1.0,
000000000000000000da_0,0.49727926,0.45661858,0.5045722,0.31674027,0.34741592,0.36995605,0.4273559,0.39219332,0.4517034,0.41190913,0.4950495,0.3802627,0.48681056,0.32785794,0.23027928,0.2747103,0.2322807,0.27456188,0.27609277,0.38307086,0.3637397,0.28456318,0.24312147,0.4897436,0.2074074,0.3227826,0.4145891,0.47229218,0.39725086,0.4156054,-0.033994336,0.10278446,0.17424583,1.0,
000000000000000000db_0,0.25425225,0.32157227,0.3888112,0.41688755,0.22131148,0.282902,0.28984532,0.18756936,0.26204887,0.24897376,0.28655717,0.3092848,0.3164599,0.29114452,0.2552867,0.22222222,0.2748471,0.2925801,0.29956198,0.30996397,0.31663686,0.2045297,0.2600747,0.28301194,0.22540927,0.29631418,0.29251432,0.23886296,0.17263088,0.32223028,0.14758419,0.2287328,0.21262683,1.0,
000000000000000000dc_0,0.40230426,0.37704247,0.2580645,0.23401561,0.2911074,0.103714086,0.25711036,0.23667377,0.20228216,0.36630288,0.29463956,0.35277563,0.40429214,0.32141155,0.1346252,0.20604324,0.21349375,0.34511244,0.3741785,0.3199747,0.42885894,0.0933126,0.40029928,0.39834544,0.24592522,0.21544644,0.39300698,0.27601573,0.17846633,0.32049713,0.1621681,0.1555948,0.25045046,1.0,
000000000000000000dd_0,0.13976724,0.30942276,0.31148013,0.29103944,0.41655996,0.32464358,0.34772182,0.123154424,0.38455185,0.31961164,0.3519534,0.39143577,0.49103943,0.3275463,0.355432,0.2989912,0.14539796,0.17878427,0.32060438,0.33837113,0.35040954,0.38787523,0.3261038,0.48862937,0.19071816,0.35660294,0.29242423,0.43163422,0.3704554,0.47660887,0.2918405,0.38000748,0.23372173,1.0,
000000000000000000de_0,0.73733586,0.42427617,0.8427673,0.94871795,0.84569734,1.0886699,0.9176201,1.4831461,1.1333333,0.8954704,0.91362125,0.90849674,0.8757062,0.90340906,1.0357143,0.8105263,1.0425532,1.0284361,1.015464,0.9518072,1.1954887,0.31707317,0.42857143,0.9517103,0.5041322,0.85333335,0.56363636,0.8101695,0.70934254,1.6011561,0.65988374,0.4317269,0.76608187,1.0,
000000000000000000df_0,0.44099003,0.16599953,0.4296701,0.5083937,0.3978187,0.25075302,0.345096,0.83739835,0.26716107,0.39180887,0.3422724,0.39536554,0.39010507,0.39217505,0.3514118,0.43403992,0.37660772,0.43927357,0.3932623,0.39205465,0.37101394,0.25948998,0.4126876,0.373376,0.4096036,0.44235295,0.47962257,0.28355092,0.13716814,0.36650574,0.33380258,0.26689294,0.38904718,1.0,
000000000000000000e0_0,0.3463352,0.4831746,0.504644,0.90658176,1.0670391,0.8736842,1.0790274,0.8565401,1.0744681,0.7719298,0.91362125,0.8376384,0.4059314,1.0603774,0.8113208,1.0958084,0.78333336,0.9708029,0.90156597,0.90588236,0.9138756,0.30952382,0.46666667,0.38074398,0.51079136,0.88957053,0.5412844,0.5179801,0.521645,0.6769852,0.6647059,0.45517242,0.9419087,1.0,
000000000000000000e1_0,0.54073036,0.57743233,0.81762916,0.79591835,0.70046085,1.0886699,0.8799172,0.8584071,0.7424893,0.7023256,0.69285715,0.73134327,0.5329341,1.0594059,0.74647886,1.1045752,0.6414687,0.810219,0.802521,0.89528793,1.1094527,0.25233644,0.39209726,0.66433567,0.3939394,0.7891566,0.42635658,0.6407767,0.5984849,0.6321839,0.57180154,0.42768273,0.8053097,1.0,
000000000000000000e2_0,1.0947368,0.571205,0.69756097,1.0689656,0.7791411,0.58762884,0.8704663,1.4712042,1.125,0.91358024,0.8666667,0.863354,0.46456692,1.0728745,1.1218274,0.848,1.0478469,0.90830946,1.0543479,1.0635839,1.3116883,0.31707317,0.4651163,0.8371212,0.4893617,0.89349115,0.5462185,0.8470255,0.6097561,1.0803572,0.72824425,0.45517242,1.1234568,1.0,
000000000000000000e3_0,0.45446736,0.42994764,0.46883947,0.38868976,0.32136783,0.2205418,0.25523466,0.23451008,0.10114899,0.3107588,0.28530872,0.23239066,0.43214557,0.29811734,0.3,0.27508092,0.33720145,0.27330062,0.30210772,0.35854384,0.33907524,0.23897497,0.32790777,0.40301317,0.32910833,0.38152492,0.37541217,0.39874887,0.3955486,0.39402282,0.36730665,0.3641502,0.4288425,1.0,
000000000000000000e4_0,0.23445569,0.25146198,0.28392193,0.2933537,0.12089929,0.29616562,0.33970997,0.3278557,0.34242958,0.3965607,0.38179094,0.36144856,0.2739761,0.3934733,0.3309828,0.34967527,0.3931127,0.31979695,0.34636265,0.09350238,0.30888575,0.23280862,0.2546369,0.33455658,0.42352065,0.39962405,0.34228188,0.35188788,0.18648112,0.04793845,0.14848426,0.1833715,0.23199023,1.0,
000000000000000000e5_0,0.33954093,0.38815668,0.40430415,0.42334095,0.4587996,0.47231716,0.4825903,0.63616794,0.53103447,0.53298837,0.45106384,0.94255877,0.326257,0.7947598,0.67045456,0.74429226,0.7627907,0.92168677,0.81884056,0.78341794,0.5368421,0.2924791,0.37755102,0.37829247,0.38947368,0.7029703,0.39344263,0.3617021,0.3534855,0.42677447,0.36419183,0.41838133,0.44570136,1.0,
000000000000000000e6_0,0.24783862,0.22185495,0.14299755,0.26027396,0.27787548,0.26177642,0.19896641,0.25163776,0.24574025,0.28412616,0.27755794,0.25369415,0.20868713,0.21609114,0.12237012,0.19746377,0.18464467,0.270902,0.30159822,0.35205036,0.39557195,0.4520593,0.5032372,0.08713693,0.5126248,0.42651686,0.47423843,0.19282195,0.24013619,0.25532922,0.13943131,0.18067306,0.13345706,1.0,
000000000000000000e7_0,0.42975205,0.41538975,0.2252381,0.21082343,0.20780288,0.11038507,0.30325922,0.22341302,0.12431057,0.27143455,0.28357628,0.2709586,0.4564668,0.26124325,0.25475708,0.24301006,0.22468847,0.262235,0.3193138,0.30409357,0.3163468,0.24232383,0.29686847,0.4402985,0.24570867,0.34453076,0.30353817,0.37931034,0.3524446,0.18746682,0.14241305,0.23146068,0.21272697,1.0,
000000000000000000ea_0,0.4571671,0.40132147,0.45298094,0.3773585,0.35248354,0.33181474,0.36002836,0.35357916,0.3117284,0.47066015,0.35380834,0.40149894,0.49405134,0.37132353,0.45908183,0.34871647,0.4076923,0.5080645,0.34972245,0.37229288,0.4468848,0.43966714,0.41742522,0.44551846,0.3908382,0.369071,0.41537267,0.41286862,0.29963174,0.3756806,0.31916264,0.4275766,0.49804688,1.0,
000000000000000000eb_0,0.45963347,0.62891567,1.066482,0.8640777,0.6712871,0.75206614,0.89318603,0.87456447,0.6416465,0.76642334,0.7325228,1.1666666,0.64942527,1.0508474,0.8147268,0.6467662,0.79347825,0.80191696,0.81621623,0.8056426,0.6878049,0.20183486,0.30245233,0.85829306,0.31937173,0.7173333,0.36645964,0.7589744,0.44444445,0.83797467,0.54385966,0.4028777,0.80473375,1.0,
000000000000000000ec_0,0.4405159,0.43191117,0.4926959,0.465121,0.38194305,0.37397635,0.480322,0.43424898,0.43396226,0.3575817,0.4291498,0.5186104,0.4634028,0.61271673,0.6185567,0.5930972,0.6284153,0.77868855,0.8053435,0.77382874,0.581864,0.47848102,0.48454258,0.41413125,0.41040462,0.5400254,0.58371043,0.40298507,0.43694267,0.48169336,0.4408194,0.47950235,0.4141752,1.0,
000000000000000000ed_0,0.44985673,0.408057,0.5111453,0.5527344,0.49215984,0.43612334,0.44773176,0.9917355,0.4573894,0.42171067,0.48100707,0.37788644,0.39916745,0.41103572,0.36718267,0.34709194,0.4158258,0.3739968,0.42321283,0.4324214,0.36658478,0.37900397,0.3719253,0.38609883,0.42889237,0.4667023,0.36964244,0.41379312,0.4432,0.4199134,0.38602594,0.44575164,0.44343302,1.0,
000000000000000000ee_0,0.25313038,0.32549188,0.3368274,0.36450478,0.37082818,0.22256202,0.32556054,0.3334529,0.26084992,0.31462175,0.27221254,0.3121917,0.39009556,0.23229614,0.39813858,0.38935107,0.2065332,0.34949496,0.30194727,0.36734322,0.4902124,0.17298262,0.36551723,0.30581242,0.33095098,0.2194378,0.32434943,0.3108065,0.34893537,0.29040956,0.29534027,0.051067073,0.1332043,1.0,
000000000000000000ef_0,0.49096623,0.6849315,0.6336207,0.8640777,0.86754966,0.75206614,0.9587156,0.75630254,1.0546448,0.81900454,0.7263158,1.0,0.8803419,1.0730897,1.064257,1.1076924,0.7047354,1.0965909,0.9485628,0.8663239,0.73714286,0.3469388,0.44554454,1.0857143,0.47435898,0.8208955,0.5135135,1.0766773,0.7016129,1.0896862,0.54706687,0.39144737,0.7582418,1.0,
000000000000000000f0_0,0.34407815,0.34126747,0.3194475,0.4630946,0.38043764,0.33819118,0.40228945,0.9917355,0.45142102,0.39318025,0.4565302,0.338843,0.35263515,0.32605,0.25559604,0.3345699,0.3866849,0.31059507,0.3712893,0.39726028,0.32803392,0.37154877,0.34896085,0.3169182,0.43694615,0.46027133,0.4330028,0.31548628,0.28829536,0.39209485,0.3091594,0.3580638,0.368028,1.0,
000000000000000000f1_0,0.54777247,0.45798603,0.5897436,0.66760564,0.7529412,0.60687023,1.0472103,1.9351852,1.0238096,0.6633663,0.7154362,0.82550335,0.56843644,0.8312388,1.0862069,0.8018349,0.9296296,0.89250815,0.93333334,0.8871332,0.69721115,0.44522968,0.46642467,0.6,0.38643068,0.63950616,0.43098593,0.60971785,0.47713414,0.5609756,0.52969503,0.54521966,0.49777117,1.0,
000000000000000000f2_0,0.40625,0.47874308,0.5576159,0.5003441,0.44073647,0.4,0.462486,0.44970414,0.43125904,0.34398296,0.4660804,0.37905237,0.42386422,0.37726524,0.43768117,0.3705954,0.50285715,0.44834214,0.45411393,0.4880763,0.41196012,0.31568998,0.34767577,0.4435294,0.44697988,0.49162635,0.41653952,0.45917284,0.40268713,0.37343028,0.5419402,0.40552485,0.4935065,1.0,
000000000000000000f3_0,0.54127026,0.44241574,1.2894057,1.063745,0.8847262,0.65667576,0.88357586,1.0687023,1.060606,0.7751479,0.7994429,1.0530974,0.56,0.98206276,1.0735294,1.1076924,1.0597826,1.034682,1.0545454,0.8364312,1.7835052,1.081081,1.5714285,0.75342464,0.45833334,0.7918552,0.5337423,0.8062954,0.73202616,0.7105263,0.6022567,0.49114332,0.94541913,1.0,
000000000000000000f4_0,0.46353838,0.4636265,1.0598006,0.8518519,0.6207675,0.8013245,0.8510158,0.852349,1.0447761,0.91925466,0.8604651,1.0529412,0.80456024,1.0728745,0.8575342,1.1941748,0.82867783,0.86153847,1.0348102,1.048443,0.61676645,0.3026316,0.4437086,1.3679246,0.4814815,0.8168498,0.5092025,0.8924051,0.95,1.5977012,0.69736844,0.4903846,1.1066667,1.0,
000000000000000000f5_0,0.6374502,0.48067632,1.0598006,0.6862004,0.38680062,0.28421786,0.9001996,1.0669144,0.80981594,0.72778827,0.7791798,0.7723077,0.47039777,0.8978979,1.4415585,1.6122448,0.8807947,1.0447761,0.7989418,0.641196,1.0763359,0.24509804,0.45363408,0.5887324,0.43030304,0.7095436,0.48466256,0.675,0.5589124,0.751938,0.7374429,0.5609349,0.44353282,1.0,
000000000000000000f6_0,0.42747113,0.4398093,0.3454039,0.5731874,0.88850176,0.49381018,0.6979592,0.5182073,0.83231086,0.6778761,0.64761907,0.80707395,0.48247978,1.0185186,1.352381,0.88439304,0.6499283,0.8969555,0.80904526,0.83384615,0.7979798,0.6082474,0.35227272,0.5051546,0.33079848,0.6512,0.30656934,0.33188406,0.42301458,0.598916,0.474704,0.56487024,0.9410526,1.0,
000000000000000000f7_0,0.24407783,0.20875274,0.22388585,0.27169648,0.24275476,0.26814294,0.31322095,0.3508128,0.19775334,0.2421875,0.1846333,0.21072797,0.28135717,0.221332,0.2025694,0.3505535,0.28881374,0.33266833,0.3939914,0.3034311,0.36505485,0.18354775,0.243994,0.29496643,0.1637437,0.2696543,0.25275695,0.3365561,0.35673797,0.3276802,0.042056076,0.05397867,0.25020114,1.0,
000000000000000000f8_0,0.51986754,0.4609582,1.0598006,0.92120075,0.88505745,0.8484849,1.119403,1.031746,0.7446808,0.84732825,0.9,1.029703,0.78328174,1.060606,1.3906977,1.9782609,1.0596206,1.0809717,1.0625,0.8330309,0.7604167,0.30136988,0.44295302,1.5917159,0.48,0.80451125,0.5555556,0.8924051,0.76666665,0.751938,0.59062886,0.5232975,0.8660287,1.0,
000000000000000000f9_0,0.5749441,0.52557784,0.68790394,0.81875,0.4028436,0.4978602,0.930131,1.069264,0.8076923,0.76755446,0.7400722,0.84615386,0.9097473,1.0728745,0.84782606,0.8737151,0.89684814,0.91354465,1.0728477,0.8006993,0.46666667,0.337386,0.4858757,0.75535166,0.443038,0.74264705,0.5,0.761658,0.6390042,0.8337662,0.6593977,0.56161135,0.5201769,1.0,
000000000000000000fa_0,0.49711287,0.44509575,0.53463775,0.6870968,0.39203507,0.501006,0.86165416,1.031746,0.8701299,0.790393,0.7742947,0.90733594,0.7226994,0.9625468,1.0696864,0.8548387,0.8971428,0.88447654,0.9018692,1.0753623,0.76344085,0.29353234,0.46827793,0.6096096,0.45238096,0.73333335,0.58835757,0.6564103,0.45219886,0.66558444,0.5376458,0.44859812,0.4157461,1.0,
000000000000000000fb_0,0.49714595,0.53255427,1.0631579,0.86129034,0.8854626,1.068441,1.070529,1.1042655,1.1468927,0.8978102,0.878327,1.1396825,1.0658436,1.0288461,0.8685714,0.8173516,1.0363636,1.1182796,1.0451977,1.0764706,0.8888889,0.30827066,0.44802868,0.8235294,0.4962963,0.8730159,0.5145631,0.84659094,0.7491961,1.1265823,0.70300156,0.52415025,1.1234568,1.0,
000000000000000000fc_0,0.46288735,0.5307062,1.0453074,0.7936047,0.9818594,1.0524935,1.0458333,0.8897638,1.0887372,0.8467433,0.88505745,5.75,0.8109091,1.0655738,1.0244898,1.0921053,1.0352113,1.0247934,1.0297767,0.88758785,1.1388888,0.24409449,0.47468355,1.0664207,0.52112675,0.8867925,0.6216216,0.8927445,0.7540453,1.0642858,0.66374266,0.50038433,0.8066038,1.0,
000000000000000000fd_0,0.36873922,0.41462326,0.18348943,0.31540984,0.22057241,0.24800532,0.30095163,0.29249352,0.3508725,0.33642513,0.32906628,0.26907808,0.31098324,0.34825993,0.2986805,0.3090278,0.50043213,0.3249008,0.2791636,0.29130054,0.32695508,0.27220747,0.34643963,0.3916849,0.3521383,0.40023276,0.36546737,0.36880568,0.39756736,0.2760396,0.15910544,0.07133456,0.2988662,1.0,
000000000000000000fe_0,0.28538725,0.36818096,0.28379562,0.43181,0.3818373,0.30037686,0.28553987,0.32767457,0.21316017,0.2895977,0.28934625,0.31463128,0.37973896,0.34366035,0.1577298,0.44045678,0.3560575,0.3490566,0.33399308,0.30515674,0.35889208,0.23102866,0.3208431,0.33998668,0.17360444,0.16991736,0.07681446,0.37030247,0.3657548,0.36160138,0.051580697,0.16837782,0.24496096,1.0,
000000000000000000ff_0,0.18546233,0.2850297,0.069218986,0.42340928,0.39417177,0.21675855,0.26565465,0.3035894,0.2674976,0.4248542,0.28563684,0.3486037,0.23607533,0.2345023,0.21850534,0.41095462,0.2836528,0.24994111,0.326158,0.2268422,0.26169196,0.13202757,0.1594611,0.19803421,-4.6160948E-4,0.0704698,0.037430383,0.2575251,0.18380594,0.1973446,0.092345834,0.16065174,0.2071111,1.0,
00000000000000000100_0,0.5151515,0.4957165,1.0396825,0.96083915,0.7894737,0.8390411,0.8871332,1.0573249,0.83687943,1.524138,0.8807947,0.9447514,0.56079406,0.9741936,0.8695652,1.07,1.05,1.0899653,1.0441177,1.0262009,1.1388888,0.28,0.61904764,0.70711297,0.5319149,0.8446602,0.57522124,0.7291066,0.6405797,1.0896862,0.5314286,0.45641026,0.7532467,1.0,
