system:index,NDVI,NDVI_1,NDVI_10,NDVI_11,NDVI_12,NDVI_13,NDVI_14,NDVI_15,NDVI_16,NDVI_17,NDVI_18,NDVI_19,NDVI_2,NDVI_20,NDVI_21,NDVI_22,NDVI_23,NDVI_24,NDVI_25,NDVI_26,NDVI_27,NDVI_28,NDVI_29,NDVI_3,NDVI_30,NDVI_31,NDVI_32,NDVI_4,NDVI_5,NDVI_6,NDVI_7,NDVI_8,NDVI_9,VALUE,.geo
00000000000000000000_0,0.74625146,0.8508584,0.9207459,0.8663304,0.8869604,0.7924188,0.8294518,0.8967365,0.8955224,0.85908824,0.88346034,0.89050835,0.8492187,1.0364465,1.6252588,0.9114219,0.8582677,1.007362,0.89920807,1.0350318,0.9114219,1.0573066,0.91569084,0.86836696,1.1216216,1.0736196,0.98342544,0.8652807,0.85467756,0.7705287,0.46645108,0.4858871,0.8313865,1.0,
00000000000000000001_0,0.7980407,0.83365756,0.95977014,0.8641115,0.86103964,0.85779583,0.8457088,0.9074863,0.90643275,1.092827,0.9118607,0.8550555,0.8434004,0.8471966,0.8854167,0.87573963,0.93957704,0.924812,0.95679015,0.8590873,1.1634241,1.2116183,1.4255319,0.94520545,1.1198157,1.6666666,1.6792452,0.8008658,0.8000746,0.7774068,0.69655174,0.7662464,0.79949665,1.0,
00000000000000000002_0,0.8918742,0.89641434,0.88359135,0.96375465,0.869846,0.8882125,0.8914928,0.908579,0.8997821,0.9047341,0.90950865,0.8829938,0.8456935,0.8685146,0.85398364,0.8950216,0.9028571,0.8994274,0.9,0.92070484,0.8928907,0.9093783,1.036036,0.8837144,0.924001,0.9130435,0.9114911,0.880651,0.8834681,0.87300575,0.8289512,0.8434382,0.876516,1.0,
00000000000000000003_0,0.79350764,0.85626286,0.9498208,0.8301187,0.8579356,0.87350833,0.8491515,0.9610895,1.2150538,0.9076923,0.97692305,1.1725888,0.85809684,0.8832753,1.0705128,0.84432715,0.903125,0.920354,0.951049,0.9158576,0.97540987,3.25,1.8280255,0.84832454,1.7058823,2.2653062,2.5294118,0.82102907,0.85006464,0.7870968,0.7418033,0.7624724,1.0,1.0,
00000000000000000004_0,0.80749685,0.84428495,0.72493035,0.6870987,0.6829337,0.7046905,0.73594254,0.78253704,0.7169298,0.7779544,0.6775661,0.65694773,0.79677737,0.76284987,0.7782577,0.7284768,0.7218187,0.78512794,0.7096858,0.7883942,0.7162719,0.75067866,0.80533063,0.81056887,0.87966806,0.7783898,0.6795831,0.82439333,0.7754825,0.7483221,0.7113402,0.64166665,0.7254692,1.0,
00000000000000000005_0,0.86204785,0.8442822,0.7636905,0.71675676,0.7639576,0.68174344,0.7641953,0.7462006,0.80300385,0.77967036,0.8192234,0.7411467,0.8118136,0.8048048,0.7674282,0.7647059,0.78881985,0.8269803,1.2248243,0.81167024,0.84636116,0.75142854,0.80326855,0.59540063,0.85595566,0.83517766,0.85404336,0.6086331,0.7681585,0.7703349,0.6065995,0.63932943,0.6864564,1.0,
00000000000000000006_0,0.8040245,0.88126445,0.8244973,0.853717,0.8748682,0.7990581,0.897909,0.9150285,0.9475164,0.8898271,0.89041096,0.94135493,0.8689989,0.8889884,0.8989042,0.8770703,0.8774984,0.87966037,0.8978151,0.9357143,0.9238281,0.91178495,0.9154733,0.8645132,0.9086723,0.91233766,0.9178338,0.85117495,0.8840688,0.80138814,0.6948512,0.67402375,0.8564137,1.0,
00000000000000000007_0,0.8595866,0.859382,0.5973085,0.6072656,0.68066525,0.67164177,0.66792893,0.743871,0.7051745,0.68579423,0.71882087,0.76097745,0.8122345,0.80320764,0.7620321,0.6545633,0.73333335,0.7480974,0.76258993,0.7567766,0.7525711,0.6606272,0.7933306,0.8409437,0.7862721,0.8038462,0.7831644,0.6302777,0.6978417,0.65600973,0.48769498,0.49516353,0.6890534,1.0,
00000000000000000008_0,0.8680951,0.8775079,0.9517241,0.83035713,0.85188633,0.86269647,0.8655891,0.8800358,0.8659558,0.8901099,0.8860648,0.8849888,0.8545574,0.9060987,0.90375835,0.89514065,0.88224876,0.895082,0.8954403,0.8817377,0.9366654,0.9003559,0.93631136,0.8780488,0.91694725,0.92319506,1.1234568,0.88078177,0.87423414,0.8657581,0.68769807,0.7983523,0.8639839,1.0,
00000000000000000009_0,0.85172313,0.8846847,0.71308315,0.7234986,0.73267037,0.78848416,0.70991135,0.73317015,0.84389955,0.80174047,0.80453753,0.74481773,0.80502903,0.8021293,0.752229,0.79400593,0.78662974,0.799783,0.83537334,0.795904,0.78909385,0.7843204,0.84927315,0.81515956,0.83541906,0.78564256,0.8027972,0.7858757,0.8133544,0.79995334,0.7214286,0.693806,0.7434365,1.0,
0000000000000000000a_0,0.80344826,0.7773019,1.2323943,2.054945,1.0324324,0.76783216,0.9444444,0.9701493,1.0729483,1.0576131,1.0,1.032,1.3700787,1.0764331,0.9166667,1.0698413,1.0221403,1.0551181,1.0273224,0.935,1.1349694,5.3018866,4.12,0.81858903,2.982143,2.030303,2.6727273,0.78625953,0.7614858,1.16875,0.58686566,0.7882798,0.97356826,1.0,
0000000000000000000b_0,0.8407611,0.9037433,0.825716,0.83298784,0.88480633,0.8516275,0.8923213,0.90516037,0.86940014,0.9089317,0.8851613,0.8903776,0.82619977,0.9219409,0.82750994,0.8808347,0.88285166,0.9283039,0.89035916,0.90562147,0.909001,0.9341826,0.98086125,0.8589635,0.99222547,1.0358924,1.0527086,0.8384673,0.83936363,0.8199203,0.7909174,0.8030421,0.8390663,1.0,
0000000000000000000c_0,0.8469578,0.8661111,0.7265984,0.7731707,0.6707377,0.8166322,0.7063316,0.7480939,0.7669123,0.7568569,0.7547398,0.7654388,0.7121166,0.7701072,0.73536617,0.76810384,0.79945797,0.77888674,0.7568345,0.86923903,0.7501821,0.7650852,0.7692308,0.8044848,0.8327206,0.80016935,0.8291621,0.7801449,0.81143486,0.72423744,0.6300384,0.7557252,0.7399582,1.0,
0000000000000000000d_0,0.7497774,0.79632646,0.7581931,0.7547083,0.7801469,0.75907683,0.80921584,0.7634167,0.8201958,0.73318386,0.77506113,0.7832009,0.7286353,0.79151785,0.8450667,0.82105505,0.8371367,0.80225986,0.80853516,0.80684006,0.75673467,0.8212727,0.8358911,0.75852454,0.8341232,0.85657203,0.8440813,0.76184446,0.71473765,0.6868713,0.6637503,0.6674993,0.73031914,1.0,
0000000000000000000e_0,0.88601863,0.8848485,0.8559861,0.98949,0.8845116,0.84761906,0.8621755,0.9015863,0.89271253,0.90009296,0.90324354,0.8917456,0.8825,0.9089868,0.897281,0.89326423,0.8881078,0.9051951,0.8947368,0.9059394,0.89822704,0.93053836,0.9355342,0.8908698,1.5750487,0.9354528,0.9294377,0.8985812,0.88045865,0.909275,0.8334175,0.8577034,0.837432,1.0,
0000000000000000000f_0,0.85519415,0.8665903,0.7679156,0.8280837,0.866806,0.8329832,0.8636364,0.89302325,0.9006289,0.9071374,0.9039548,0.9062365,0.8733246,0.91015625,0.8901751,0.90854394,0.9157968,0.8941799,0.94093764,0.90830606,0.9657444,0.92779785,0.92804533,0.8777315,0.93680614,0.9351702,0.9312111,0.88620794,0.860108,0.8515942,0.79541355,0.8245413,0.87356776,1.0,
00000000000000000010_0,0.80943686,0.81014645,0.86881936,0.8370895,0.8332626,0.8092743,0.8267183,0.8722797,0.84518945,0.8526164,0.70677644,0.7874074,0.8108827,0.79305136,0.7520839,0.76839566,0.7818674,0.8249337,0.8033649,0.80445796,0.78770685,0.72819275,0.8320058,0.82574975,0.8309788,0.798895,0.7802929,0.8180929,0.81622726,0.81095403,0.7161017,0.78172714,0.83455384,1.0,
00000000000000000012_0,0.76635516,0.8412915,0.79831934,0.907397,0.78066915,0.7778759,0.85741156,0.85175824,0.89268094,0.8528661,0.86153495,0.8662143,0.8362862,0.83100027,0.8623595,0.83652616,0.7895428,0.8639623,0.8476554,0.83002424,0.83649874,0.8081316,0.85232174,0.8341517,0.8920135,0.8195178,0.8621208,0.80498993,0.86345756,0.803663,0.76545745,0.75088197,0.8012008,1.0,
00000000000000000013_0,0.66952175,0.75556296,0.7468146,0.7516918,0.8067366,0.7592166,0.79034156,0.7873042,0.7688998,0.78374386,0.79933846,0.8099707,0.8181818,0.762694,0.772633,0.8002706,0.82886034,0.8355868,0.8378091,0.8117647,0.8243394,0.8397018,0.85181373,0.8249871,0.86166006,0.8633987,0.8723157,0.825731,0.81035703,0.8337218,0.7394118,0.7800418,0.721519,1.0,
00000000000000000014_0,0.84457046,0.833926,0.77357644,0.76687956,0.7313901,0.68663126,0.75101745,0.7355566,0.778036,0.7780763,0.76492983,0.7947343,0.7262558,0.8100341,0.81063557,0.8048879,0.80199057,0.8388504,0.8213817,0.82297266,0.82247555,0.784522,0.8291511,0.55612636,0.8202368,0.82355595,0.8457179,0.5258879,0.6210343,0.6461344,0.5640816,0.6999238,0.7270715,1.0,
00000000000000000015_0,0.8577262,0.8612553,0.8418882,0.8146978,0.81656545,0.79784554,0.8241856,0.8640903,0.8480749,0.8567708,0.8650568,0.8424408,0.8739996,0.8724502,0.84881514,0.8581496,0.8493083,0.87826085,0.8739452,0.8575736,0.8332491,0.8738574,0.8800484,0.85578483,0.88470846,0.8881904,0.896793,0.8676599,0.8481514,0.8576181,0.6532887,0.7888465,0.8467543,1.0,
00000000000000000018_0,0.7815029,0.7851548,0.7496513,0.74367625,0.7075767,0.6588279,0.7434679,0.70980144,0.7387454,0.7565342,0.64751226,0.79073036,0.69842863,0.73467195,0.7103825,0.72072357,0.7131006,0.7663521,0.7824109,0.7419578,0.70020294,0.6861156,0.80232906,0.7183303,0.7321362,0.7748982,0.76789653,0.7593331,0.7625451,0.7009524,0.5559441,0.48332867,0.6887931,1.0,
00000000000000000019_0,0.8555601,0.8646132,0.9752066,0.8594642,0.86745024,0.8429431,0.87630826,0.9084022,0.8852459,0.90314597,0.910299,0.8766999,0.84589946,0.915333,0.88893867,0.90875643,0.85665816,0.9309133,0.8982284,0.88342756,0.90642,0.906576,0.91008645,0.85426354,0.9093016,0.91049385,0.9065474,0.88487667,0.8713879,0.86392725,0.68010634,0.6368564,0.8518968,1.0,
0000000000000000001a_0,0.77942485,0.78610665,0.7493842,0.7526917,0.76192355,0.70144755,0.75161564,0.798151,0.7705399,0.71737707,0.8421808,0.66193855,0.77570635,0.72192514,0.7097519,0.5841151,0.5296542,0.6101172,0.7343372,0.7468067,0.66695476,0.62380815,0.74555254,0.7640973,0.7756795,0.77365696,0.7640845,0.79601544,0.76019776,0.77275294,0.39639935,0.50345737,0.6919332,1.0,
0000000000000000001b_0,0.8304862,0.88006854,0.87082,0.90978724,0.90320385,0.8217544,0.9076155,0.90697676,0.87893176,0.91153705,0.91819054,0.91415155,0.88095236,0.90094924,0.9445585,0.90332973,1.031439,0.8888889,0.93054944,0.9035714,0.98888886,0.9040167,1.0181488,0.86990595,0.9073775,0.9177632,0.93581516,0.877292,0.8713355,0.8770686,0.8380744,0.83426297,0.8716799,1.0,
0000000000000000001c_0,0.80985737,0.8560538,0.7532702,0.77651274,0.7810254,0.76076555,0.76807374,0.78351724,0.7370044,0.78576565,0.7306065,0.7827815,0.86597717,0.7762205,0.80929565,0.7819413,0.71482176,0.71505374,0.78020906,0.73014903,0.7922488,0.8171213,0.8504302,0.85125756,0.81704575,0.9044798,0.8839428,0.8259757,0.8230991,0.74446017,0.6673606,0.6724106,0.7802243,1.0,
0000000000000000001d_0,0.8994845,0.9284361,0.8017661,0.819981,0.8147462,0.78101873,0.80657476,0.8067227,0.8060377,0.82881093,0.8067733,0.7132598,0.88450545,0.8498906,0.8462917,0.78147614,0.8454179,0.8254092,0.8018018,0.8057554,0.8152257,0.7738838,0.69804454,0.8859574,0.75232965,0.6938068,0.74331886,0.84543145,0.8514178,0.8490336,0.8117284,0.8222128,0.8088476,1.0,
0000000000000000001f_0,0.86807895,0.84615386,0.7313493,0.6566125,0.69172555,0.6891076,0.78112245,0.7366659,0.6955603,0.78136384,0.78596574,0.7699953,0.8010499,0.6855315,0.7620082,0.7268917,0.74185646,0.7668032,0.7988741,0.75833136,0.71060014,0.6913649,0.73140043,0.72760475,0.8099976,0.7866477,0.77089614,0.8175274,0.8581985,0.69189525,0.52644837,0.61894333,0.7211438,1.0,
00000000000000000020_0,0.80218446,0.73169506,0.7606878,0.7804452,0.7421875,0.7757491,0.75375223,0.8158299,0.81657314,0.32991454,0.55789477,0.66545045,0.67790776,0.7168755,0.6888596,0.6773975,0.70699805,0.6760512,0.7406534,0.7353333,0.75502545,0.28177705,0.74431574,0.72980374,0.7181868,0.7488699,0.7783325,0.7829493,0.7718303,0.72656924,0.65520805,0.70639706,0.7539035,1.0,
00000000000000000021_0,0.87785655,0.87030303,0.80174565,0.74729556,0.7252381,0.7801739,0.72829294,0.6931927,0.8030928,0.78503233,1.4702195,0.8338811,0.8601521,0.85364044,0.80808693,0.8252119,0.83391607,0.7966394,0.8351712,0.8487562,0.86482173,0.8649581,0.8961039,0.6904762,0.88153684,0.8739383,0.9331959,0.74778163,0.7904553,0.6868093,0.6715957,0.7004566,0.76637167,1.0,
00000000000000000022_0,0.77089614,0.7475876,0.76222724,0.7191235,0.7176975,0.7341957,0.78042084,0.7790901,0.7894219,0.82071716,0.76202977,0.7814992,0.7483821,0.8342246,0.79158646,0.7851317,0.7873143,0.8261314,0.8424269,0.82174027,0.85733694,0.7998749,0.8782254,0.7561503,0.82965684,0.8576746,0.85636115,0.7859798,0.7554859,0.7647059,0.6500252,0.5906244,0.7474792,1.0,
00000000000000000023_0,0.8622951,0.8778994,0.7947804,0.73665345,0.7506567,0.7893864,0.71803015,0.70119727,0.7144731,0.75222725,0.78651685,0.6890395,0.86171764,0.77121913,0.74961966,0.7248543,0.7117496,0.721265,0.7848338,0.7733883,0.6365639,0.64757913,0.7540107,0.863564,0.73764175,0.7234814,0.7644454,0.687746,0.7377902,0.7738212,0.5661218,0.6014548,0.6799832,1.0,
00000000000000000025_0,0.7813632,0.83818233,0.7634494,0.7411056,0.8043478,0.70454544,0.76871794,0.8310413,0.8504065,0.74915904,0.8415385,0.8181818,0.82452065,0.9042357,0.76775146,0.82934314,0.7640364,0.82174134,0.80368626,0.7784132,0.7198945,0.86543536,0.9204893,0.8044818,0.8321678,0.88367844,0.9243986,0.8443824,0.78928316,0.821718,0.507612,0.7467976,0.7881997,1.0,
00000000000000000027_0,0.8634752,0.87358683,0.79141104,0.8422222,0.85255855,0.78302854,0.8447085,0.86040986,0.8067843,0.789636,0.82836366,0.81094825,0.8808007,0.81105167,0.83972126,0.8430978,0.85895723,0.86066,0.85473967,0.83082616,0.9000892,0.7932573,0.8694737,0.87237316,0.8249795,0.8270694,0.8796058,0.79456353,0.83689564,0.7696307,0.6883442,0.7683602,0.82563245,1.0,
00000000000000000028_0,0.78769374,0.8471761,0.7660339,0.8103198,0.82988167,0.7228004,0.7679231,0.8192735,0.842801,0.8177134,0.8391837,0.8627451,0.8083361,0.84476674,0.8337701,0.8684855,0.8243941,0.8782355,0.86713046,0.8766234,0.87078875,0.8353041,0.8720379,0.8165815,0.88491136,0.8948276,0.87942475,0.8221303,0.8120987,0.7739663,0.7070298,0.7539103,0.8052917,1.0,
00000000000000000029_0,0.7422913,0.76936936,0.7716354,0.78773767,0.7327935,0.74376476,0.7846517,0.8210266,0.85010207,0.7916788,0.78772885,0.8779544,0.76760566,0.8707071,0.8405216,0.79844964,0.8219428,0.8010204,0.843318,0.8234399,0.7801219,0.7819789,0.84573746,0.7909836,0.8344371,0.8646588,0.8610337,0.79949296,0.778962,0.796875,0.68609077,0.68904346,0.7886978,1.0,
0000000000000000002a_0,0.7575095,0.7846513,0.74438304,0.7379509,0.7825147,0.7168743,0.7525834,0.7625571,0.76119405,0.772973,0.7487393,0.81005293,0.7749648,0.7829205,0.7751961,0.75117224,0.7640553,0.81341463,0.82659316,0.8188277,0.858678,0.8224088,0.8595642,0.7429603,0.8298516,0.8585051,0.858125,0.75525814,0.7420682,0.7702703,0.6513595,0.56876063,0.6678794,1.0,
0000000000000000002b_0,0.47028494,0.3684481,0.8138673,0.7755879,0.73002505,0.43760985,0.43858913,0.5480059,0.8442029,0.71415585,0.7047397,0.7130919,0.52780807,0.75805974,0.6956199,0.7860024,0.73806196,0.7933386,0.6814835,0.75436044,0.77644163,0.6814562,0.7255842,0.35936254,0.73417276,0.7710438,0.6607917,0.47540984,0.6031239,0.60047,0.42251113,0.5512376,0.7539991,1.0,
0000000000000000002c_0,0.9101325,0.87920874,0.9049394,0.92817014,0.88718176,0.9048407,0.87230253,0.91240877,0.9074686,0.90632546,0.90229625,0.81535226,0.8466936,0.8771387,0.82841223,0.89354473,0.8633745,0.8500852,0.8153906,0.7914217,0.82759213,0.7042089,0.83183986,0.8965631,0.8675335,0.82239866,0.81838316,0.8825336,0.8553068,0.8753663,0.84807026,0.8680203,0.881667,1.0,
0000000000000000002d_0,0.70242214,0.6888112,0.6033578,0.6706381,0.7576747,0.6083053,0.6766784,0.6901099,0.72508794,0.70244044,0.7741273,0.8115979,0.63797057,0.7934541,0.63849765,0.626996,0.64980745,0.6924779,0.6926356,0.82368016,0.7429907,0.60662526,0.7395065,0.71649045,0.74470425,0.80248797,0.7719198,0.7164605,0.62296987,0.69755334,0.53366446,0.5124029,0.6312944,1.0,
0000000000000000002e_0,0.7103253,0.6940845,0.72780204,0.6563218,0.7253778,0.6522229,0.6183805,0.74942845,0.7477182,0.7183099,0.687842,0.67128235,0.73773366,0.6712329,0.7555273,0.7714435,0.7224161,0.73980784,0.78064513,0.7684564,0.7530303,0.68159205,0.81916535,0.6504698,0.78316987,0.77367777,0.75055677,0.7059293,0.73204994,0.6669127,0.24178712,0.4667035,0.67476326,1.0,
0000000000000000002f_0,0.8645144,0.8694316,0.7322018,0.738741,0.7300926,0.7016575,0.7805907,0.7494167,0.81037414,0.7937692,0.7381134,0.7784679,0.8375262,0.76369864,0.81467754,0.75070673,0.72077113,0.7332667,0.7835027,0.7466042,0.83258474,0.7284992,0.8173949,0.8424437,0.82434785,0.8410758,0.82002485,0.71678406,0.79025424,0.71585745,0.6547669,0.64623797,0.75267315,1.0,
00000000000000000030_0,0.7687892,0.6788104,0.7612347,0.7743452,0.81424767,0.74960214,0.79574466,0.8125,0.82535887,0.83660716,0.8482676,0.8474295,0.6523569,0.845815,0.8380346,0.8597475,0.841083,0.84398276,0.86821234,0.8176638,0.8266043,0.8678679,0.91853935,0.75458306,0.8570699,0.8830769,0.88664544,0.7695122,0.69534737,0.77659196,0.54531646,0.58523345,0.77552354,1.0,
00000000000000000031_0,0.8607677,0.85087484,0.83553874,0.80042595,0.82154024,0.7414794,0.8091809,0.81767786,0.7944251,0.86508316,0.83462405,0.80632913,0.85463357,0.84395444,0.75312585,0.76937824,0.78558695,0.8140005,0.8052686,0.8308099,0.8046654,0.8416988,0.827622,0.8716303,0.8685541,0.8503856,0.8389418,0.85565627,0.84414816,0.8638268,0.7712895,0.8191458,0.7742032,1.0,
00000000000000000032_0,0.85785675,0.85564464,0.8708083,0.8299763,0.7964107,0.8075415,0.8424453,0.86536705,0.8610907,0.85395366,0.8020478,0.8433975,0.8643808,0.80206794,0.7886863,0.8471005,0.8494382,0.85121346,0.83886033,0.81847006,0.8399614,0.8286385,0.845804,0.8378661,0.89113724,0.9091888,0.89880633,0.85530984,0.8579041,0.8458011,0.7991156,0.82789505,0.8364948,1.0,
00000000000000000034_0,0.793943,0.8231504,0.69508904,0.77629936,0.78897375,0.69690067,0.8127046,0.8342023,0.7712766,0.77379787,0.8127199,0.78323,0.8055814,0.79628557,0.7505123,0.77605975,0.75864875,0.7740993,0.82335246,0.82930297,0.7830239,0.65648,0.8197905,0.79200846,0.8680822,0.7595499,0.8025701,0.7959675,0.8020478,0.8137675,0.7472316,0.7171572,0.68567026,1.0,
00000000000000000035_0,0.7676847,0.7791411,0.7343838,0.7308917,0.7776753,0.70379007,0.7434321,0.7618032,0.80946565,0.7787167,0.7433557,0.7958841,0.751693,0.76605743,0.74115515,0.7635009,0.75750834,0.7718327,0.8137002,0.7806713,0.7644046,0.82338756,0.8379558,0.74311924,0.8396927,0.8440761,0.8509804,0.7406103,0.7911772,0.73773724,0.66885155,0.6445396,0.727786,1.0,
00000000000000000036_0,0.8266733,0.769186,0.69630075,0.7617284,0.7918191,0.7824726,0.7407294,0.7855834,0.7518248,0.7556441,0.8148268,0.7730314,0.80457103,0.74983925,0.6819365,0.7429433,0.7332976,0.6293132,0.63684213,0.6883186,0.65377015,0.57060444,0.7168327,0.74026626,0.7219834,0.68108284,0.80752474,0.7883942,0.72072804,0.71989995,0.71419096,0.7622812,0.7739374,1.0,
00000000000000000037_0,0.35945484,0.407465,0.38566554,0.34264585,0.39829707,0.45232558,0.3939914,0.44669604,0.34303737,0.46393442,0.5229068,0.5046481,0.37748346,0.536643,0.4516129,0.51097804,0.42620403,0.48732394,0.4924012,0.5248227,0.5245335,0.47459087,3.3789473,0.28880867,0.38365898,0.65554357,0.7097592,0.22627737,0.22413793,0.16442451,0.17058824,0.3221011,0.26482812,1.0,
00000000000000000038_0,0.73002017,0.78626513,0.6613204,0.6656848,0.7587574,0.58738786,0.71492535,0.6773376,0.68183446,0.6417547,0.6570654,0.56199306,0.78229755,0.6443031,0.6369697,0.6627289,0.60688955,0.7085869,0.72153544,0.7415695,0.6880734,0.5905395,0.7194305,0.7728837,0.75490963,0.8049096,0.7787295,0.7458478,0.7424183,0.6637931,0.55736434,0.5535714,0.5511811,1.0,
00000000000000000039_0,0.7055621,0.75764877,0.77748483,0.79503256,0.79145664,0.7846154,0.77397263,0.80139935,0.82268906,0.8417956,0.7489605,0.7556646,0.7676694,0.76912314,0.751434,0.7765363,0.7769732,0.82541174,0.79485065,0.85310733,0.6884328,0.6524741,0.82679206,0.77322286,0.8051382,0.79938924,0.80061275,0.7875911,0.72477067,0.66368604,0.5380385,0.5496368,0.72668463,1.0,
0000000000000000003a_0,0.86417145,0.86495864,0.7765293,0.7884078,0.8557377,0.8011019,0.8278995,0.87230045,0.8776394,0.8520626,0.8472182,0.83040273,0.8539611,0.81672776,0.82709324,0.8114959,0.858296,0.8202689,0.8312611,0.8556758,0.84878653,0.83512545,0.8559588,0.85529095,0.8234631,0.88049304,0.86854726,0.8551454,0.79876924,0.7812037,0.7356882,0.765301,0.8299165,1.0,
0000000000000000003b_0,0.8649817,0.8626717,0.68812394,0.7180851,0.74136007,0.6402925,0.75493485,0.6973637,0.659601,0.6841079,0.80587393,0.7911919,0.8408051,0.75192606,0.7894737,0.65152544,0.72493404,0.67167103,0.76046515,0.8088695,0.7240238,0.58810216,0.7741935,0.59286624,0.7632736,0.770705,0.78195935,0.6960154,0.7431931,0.7107031,0.5626987,0.69942194,0.64040405,1.0,
0000000000000000003c_0,0.8669686,0.84533095,0.7725786,0.8204678,0.7319525,0.7678695,0.8019684,0.8,0.79034156,0.77492094,0.8555113,0.7659575,0.82502186,0.7915058,0.7766103,0.74431974,0.7703096,0.79642296,0.8144483,0.77540106,0.80779886,0.81884724,0.8746952,0.8268338,0.8852799,0.8674056,0.8683567,0.82393086,0.8151942,0.77597326,0.71452373,0.7330238,0.73576075,1.0,
0000000000000000003d_0,0.64433247,0.7932432,0.9099915,0.8547159,0.8171711,0.8178462,0.8747806,0.7445517,0.77132374,0.7405603,0.68992877,0.78261924,0.7433884,0.7944684,0.76447576,0.723423,0.7683763,0.7320428,0.7754883,0.76093864,0.7058257,0.80718565,0.7460625,0.66885024,0.7609834,0.7885784,0.8628673,0.72333336,0.736792,0.75648147,0.75592536,0.77799106,0.8155727,1.0,
0000000000000000003e_0,0.841496,0.84011525,0.7866863,0.8392658,0.8820513,0.8573174,0.8607595,0.9039645,0.82229006,0.8486012,0.8742079,0.87106645,0.84024346,0.8616748,0.89863634,0.67579764,0.65656567,0.7331033,0.79945,0.7349823,0.7751405,0.69116133,0.8189964,0.84177905,0.81667393,0.7699317,0.75774795,0.8492967,0.8378906,0.8289803,0.7315189,0.7316937,0.8054997,1.0,
0000000000000000003f_0,0.86155915,0.85054946,0.82738626,0.83433324,0.8198866,0.7978339,0.8125373,0.79479325,0.8326586,0.8423103,0.8599452,0.8246683,0.8610854,0.8007968,0.8103617,0.8208105,0.8296466,0.84144145,0.82389134,0.79430133,0.8077691,0.8457207,0.86499214,0.76628834,0.8507078,0.8666391,0.8578443,0.7927138,0.8286129,0.7955854,0.80586666,0.767313,0.7832892,1.0,
00000000000000000040_0,0.8214748,0.7994805,0.7382199,0.72180116,0.74276525,0.7429194,0.7641075,0.78914106,0.7648013,0.74517375,0.791197,0.78416884,0.81391037,0.79418343,0.6944224,0.74094987,0.74302727,0.75861174,0.75807786,0.75689006,0.8091966,0.77472526,0.83186054,0.8034759,0.83405006,0.8116358,0.82293177,0.82723576,0.814157,0.8247251,0.71127564,0.73930484,0.81823707,1.0,
00000000000000000041_0,0.72672117,0.7636661,0.6820027,0.72694856,0.6817319,0.66989505,0.6937157,0.76094407,0.8242531,0.8043531,0.7824654,0.77490896,0.6980781,0.7805755,0.7324002,0.86648864,0.785757,0.78610355,0.7335689,0.799928,0.7946149,0.7905983,0.80585515,0.7072231,0.83261186,0.85080785,0.8382197,0.7782139,0.6823182,0.8212974,0.7324176,0.6608495,0.67160684,1.0,
00000000000000000042_0,0.8128681,0.83353883,0.8700319,0.94664216,0.8871795,0.8056235,0.85050184,0.8714394,0.8642411,0.8811881,0.8084454,0.8129206,0.8183054,0.8030424,0.79259956,0.8448439,0.79848665,0.80554926,0.75814706,0.8513362,0.89235127,0.76855785,0.8242368,0.86494064,0.8532832,0.9057288,0.90245664,0.8204217,0.84180534,0.8463158,0.8273841,0.8216013,0.851271,1.0,
00000000000000000043_0,0.777065,0.76717556,0.7695167,0.7219731,0.7593085,0.6778404,0.72884613,0.7576408,0.6923973,0.6604036,0.7872214,0.7531442,0.79766536,0.73377925,0.7109375,0.6773994,0.5037594,0.5940325,0.705943,0.7843964,0.7890173,0.8730092,0.86691225,0.730068,0.86652124,0.88263214,0.71243167,0.7563249,0.77660906,0.7815224,0.7074497,0.751189,0.7977645,1.0,
00000000000000000044_0,0.8126509,0.7932667,0.84188914,0.88323635,0.8548608,0.82069355,0.87990665,0.8848334,0.8701192,0.8333698,0.80140036,0.7474382,0.81368077,0.8623595,0.8141643,0.80496365,0.803799,0.8880407,0.88288975,0.8705824,0.8957883,0.9070568,0.86436445,0.77945536,0.91948766,0.8592885,0.92641306,0.7974315,0.84158415,0.82327586,0.8094508,0.81981003,0.8575166,1.0,
00000000000000000045_0,0.703021,0.685744,0.6225301,0.70567375,0.7705954,0.6025608,0.7103718,0.853668,0.76746243,0.7294751,0.62168914,0.6786539,0.7927711,0.70893294,0.715074,0.7814313,0.6346644,0.7916963,0.77327734,0.79039866,0.77678573,0.71054584,0.7824047,0.6895985,0.8344862,0.8566694,0.84153897,0.6393035,0.71628326,0.7466719,0.52986956,0.69514924,0.67296743,1.0,
00000000000000000046_0,0.7326892,0.73209625,0.8128371,0.79508406,0.80187875,0.8164085,0.83380765,0.83714867,0.83616,0.5037005,0.78131866,0.7769437,0.7338471,0.8341765,0.81473684,0.84383774,0.78635854,0.7879059,0.8108469,0.81776506,0.82521147,0.83490443,0.80060756,0.69687074,0.80538523,0.81425005,0.8257484,0.73056674,0.7579515,0.7178488,0.71219116,0.7608751,0.7716515,1.0,
00000000000000000047_0,0.7818182,0.7332529,0.80071175,0.84418434,0.7789725,0.6978417,0.74899596,0.9821747,0.8099938,0.823507,0.8575949,0.82786655,0.74978125,0.8146301,0.8010995,0.7183252,0.7643312,0.7690763,0.77023715,0.74831283,0.813789,0.7721822,0.85852826,0.7292499,0.8370119,0.8579387,0.8830357,0.741527,0.75238097,0.76382077,0.6552738,0.67745304,0.6562385,1.0,
00000000000000000048_0,0.8661783,0.8810409,0.8647434,0.8684327,0.87126136,0.85929185,0.8922332,0.89816123,0.891561,0.8858277,0.83341473,0.86614716,0.86745214,0.8868623,0.89779913,0.8794843,0.8008884,0.86032754,0.80801946,0.8676099,0.7953488,0.8436969,0.8349869,0.8605162,0.82857144,0.80239046,0.8720029,0.8755839,0.8571724,0.8930785,0.7869966,0.7698223,0.86973655,1.0,
00000000000000000049_0,0.4761714,0.78624916,0.7146933,0.6950131,0.68227506,0.62673795,0.66331196,0.62973046,0.7743545,0.7082067,0.69311297,0.685467,0.73181486,0.7134768,0.66225994,0.64357543,0.64718163,0.69213486,0.72715116,0.7103163,0.6718318,0.6971081,0.71748024,0.6747163,0.7457238,0.7233536,0.8047559,0.72990066,0.71005154,0.6613003,0.5073638,0.44946957,0.61706287,1.0,
0000000000000000004a_0,0.86141306,0.8345287,0.85551906,0.8515426,0.87662,0.85474354,0.88093024,0.8863258,0.90401727,0.6492127,0.7613927,0.7453565,0.86880165,0.7690711,0.80592203,0.79731673,0.7624156,0.7835682,0.812635,0.8159066,0.78770435,0.4933491,0.8367652,0.8653146,0.8297265,0.83557844,0.855798,0.8810512,0.86490583,0.8604048,0.7842222,0.7885364,0.85614526,1.0,
0000000000000000004b_0,0.7917796,0.684664,0.73321605,0.6983385,0.7538381,0.74740046,0.71275926,0.79073596,0.7630682,0.73260635,0.6681319,0.72081685,0.83179814,0.6686122,0.6755754,0.6925185,0.7299969,0.66152936,0.7374062,0.6906995,0.6680092,0.5886765,0.7557252,0.68599224,0.75997925,0.77491134,0.79748386,0.7058639,0.77838683,0.74815136,0.6847826,0.666325,0.7388506,1.0,
0000000000000000004c_0,0.84566927,0.8468992,0.6817582,0.734998,0.7321876,0.7545195,0.7776926,0.69357145,0.75289065,0.80633485,0.85946983,0.81975484,0.76969177,0.8008491,0.7797179,0.70901465,0.7847735,0.80224,0.8118966,0.825274,0.78856975,0.8993519,0.89821184,0.8329198,0.8621712,0.8637566,0.8892605,0.60054165,0.60989904,0.6933291,0.5430122,0.6076174,0.625964,1.0,
0000000000000000004d_0,0.69997036,0.82876223,0.7182098,0.80559736,0.7256403,0.83336705,0.8218688,0.7447433,0.6869655,0.7717678,0.79432625,0.6904762,0.83888656,0.66656816,0.5761194,0.66136724,0.7306383,0.7383177,0.76308966,0.74154466,0.73768616,0.7323387,0.7698709,0.8472123,0.7378178,0.7897787,0.7835244,0.83730644,0.8328173,0.8392283,0.67127234,0.7112426,0.69839895,1.0,
0000000000000000004e_0,0.8040073,0.7862892,0.7813808,0.7931647,0.8113299,0.7541348,0.84703803,0.8541057,0.79428023,0.8175345,0.76595193,0.7415595,0.8184502,0.794492,0.812357,0.8195086,0.8187856,0.8304995,0.75394666,0.78039795,0.7775312,0.7916325,0.8099507,0.7836929,0.8187599,0.8067766,0.8102467,0.80311733,0.7933579,0.79196215,0.6965872,0.7725574,0.7919731,1.0,
0000000000000000004f_0,0.74043715,0.51407945,0.41406816,0.7129901,0.6901734,0.6735737,0.7110993,0.71392405,0.71852225,0.70678437,0.73374194,0.73709565,0.78222626,0.70933414,0.6675127,0.7178778,0.7342433,0.68418217,0.75232387,0.6824542,0.6498688,0.7542029,0.69942194,0.7475427,0.7510127,0.7477089,0.740186,0.706399,0.7270166,0.70603085,0.62384474,0.73093885,0.8340996,1.0,
00000000000000000050_0,0.33720574,0.45461914,0.5331089,0.61216104,0.46612188,0.6148527,0.6409849,0.6476628,0.68009996,0.60411793,0.60881853,0.610101,0.4908722,0.62681276,0.5726496,0.622701,0.6625357,0.6070652,0.6953768,0.70095074,0.71478665,0.6285548,0.6745722,0.41158536,0.6605433,0.74601597,0.73043704,0.5822249,0.3885426,0.4473948,0.387026,0.5368899,0.6016364,1.0,
00000000000000000051_0,0.7861365,0.7769014,0.7070628,0.8036104,0.40846506,0.7993295,0.7898383,0.7108155,0.6947917,0.7409017,0.7030629,0.7402844,0.78858477,0.7717532,0.77877784,0.76325613,0.7316562,0.7308176,0.7157068,0.71097374,0.7512304,0.77317506,0.7184874,0.68913174,0.5390316,0.7318564,0.6020347,0.56663376,0.7424315,0.7145015,0.73976916,0.6828303,0.7602082,1.0,
00000000000000000052_0,0.85852444,0.86695176,0.6313869,0.8322134,0.834266,0.78527784,0.8170299,0.8567119,0.8497608,0.8574514,0.8720592,0.8851675,0.8701361,0.8489426,0.850554,0.87107927,0.894153,0.8707342,0.8706874,0.85524297,0.855648,0.87805873,0.89041096,0.86810154,0.8857268,0.9042481,0.89468884,0.8603696,0.8655902,0.8661918,0.6240552,0.7910312,0.8049,1.0,
00000000000000000053_0,0.64229023,0.6705588,0.73827004,0.5841996,0.6851585,0.6964117,0.7189781,0.6953989,0.7531052,0.8216907,0.778352,0.8407809,0.7901431,0.70478386,0.7422049,0.6919831,0.6681426,0.6971587,0.75160205,0.6653833,0.64927965,0.7333061,0.7677158,0.6794767,0.75286376,0.75410914,0.75685465,0.55592376,0.62114197,0.6571104,0.39134055,0.26530612,0.484964,1.0,
00000000000000000054_0,0.7717996,0.7668952,0.7463235,0.6249635,0.7608157,0.70455855,0.74139726,0.766427,0.72267145,0.7368132,0.6987679,0.71057194,0.8147007,0.71970624,0.7619282,0.7424854,0.7903367,0.77805865,0.7705103,0.7775261,0.7219422,0.81415385,0.8292683,0.7484625,0.76585627,0.7973249,0.77409977,0.69590646,0.72297484,0.74288726,0.7205123,0.61601496,0.6423104,1.0,
00000000000000000055_0,0.5451587,0.7494833,0.6859318,0.68443894,0.7135156,0.69983596,0.6907413,0.7104268,0.7746935,0.7856576,0.6726109,0.71750253,0.7251227,0.7095975,0.6339144,0.7419684,0.6899654,0.68136066,0.7385159,0.6416382,0.743941,0.63972455,0.81462365,0.5373196,0.6878578,0.73750657,0.7368712,0.60658437,0.6824584,0.6025934,0.61083984,0.4515504,0.6804795,1.0,
00000000000000000056_0,0.602398,0.61177754,0.7011494,0.60490465,0.5135383,0.703248,0.7377982,0.6799563,0.79432464,0.827957,0.76549804,0.6567335,0.7513369,0.6860275,0.6834963,0.6544662,0.6396396,0.79838055,0.6885605,0.61281985,0.75102943,0.7037824,0.77739793,0.6989003,0.75505203,0.74806297,0.7114769,0.75133336,0.66459626,0.6622795,0.44135258,0.31215197,0.5365854,1.0,
00000000000000000057_0,0.80094784,0.76504713,0.82311594,0.75623167,0.7860107,0.6469595,0.7084029,0.6577802,0.67501694,0.58575195,0.67927295,0.6971047,0.68572456,0.7107728,0.6844603,0.72679603,0.6503456,0.7387201,0.73325735,0.6749489,0.71858543,0.7723005,0.82099515,0.6506456,0.5745614,0.79983217,0.81478715,0.66727275,0.64470506,0.7721581,0.67469203,0.68016565,0.77009875,1.0,
00000000000000000058_0,0.61563784,0.5855801,0.70056,0.63327676,0.5409836,0.6953388,0.72809803,0.6590845,0.81983984,0.8014493,0.70362955,0.6766554,0.75086904,0.71984434,0.75045574,0.72064126,0.6304348,0.823733,0.70983934,0.5899191,0.6861827,0.69936913,0.79071134,0.6898438,0.77020925,0.77149135,0.7194211,0.75810635,0.68952686,0.78565997,0.4446648,0.2976986,0.6575682,1.0,
00000000000000000059_0,0.61387014,0.5234467,0.48144796,0.64479315,0.66470855,0.580474,0.6725688,0.64744645,0.7242583,0.80912673,0.730719,0.7031802,0.8054433,0.79904306,0.6410688,0.80836236,0.63172966,0.6937058,0.74702704,0.6784741,0.6710571,0.7423403,0.7304038,0.716945,0.8130497,0.7820546,0.8096828,0.76016057,0.71770835,0.63772774,0.41674876,0.25680208,0.527027,1.0,
0000000000000000005a_0,0.39448366,0.59879255,0.58862704,0.6305399,0.5436288,0.5240616,0.5840728,0.56570363,0.5120069,0.6039604,0.5980642,0.6378449,0.49744967,0.64106053,0.6738461,0.6545696,0.6078947,0.68580824,0.71702284,0.69902253,0.59873617,0.6649849,0.7278598,0.5518559,0.53215545,0.58586687,0.69165486,0.40761244,0.49658793,0.4499876,0.4386123,0.6385135,0.6002979,1.0,
0000000000000000005b_0,0.5848946,0.5812233,0.5489113,0.6598903,0.6262626,0.6184302,0.64699364,0.48880723,0.67173815,0.29885748,0.2341954,0.18137595,0.63825595,0.13151042,0.4508982,0.15261044,0.109503135,0.12378902,0.13442211,1.5549846,0.51111114,0.2844365,0.5230263,0.6718709,0.45023698,0.6023278,0.49636805,0.6786134,0.68610084,0.63771427,0.5119423,0.5970765,0.678804,1.0,
0000000000000000005c_0,0.5942207,0.5056295,0.6634418,0.7083231,0.6387812,0.6249661,0.65828824,0.67226124,0.6836676,0.6302715,0.59165084,0.48693585,0.6423666,0.33724913,0.33089912,0.36037737,0.3958412,0.38222438,0.47652733,0.5408776,0.7221711,0.7441159,0.7659073,0.65620416,0.65656567,0.83828264,0.81314623,0.6728526,0.6220682,0.6200221,0.48853698,0.5459438,0.61029994,1.0,
0000000000000000005d_0,0.6960888,0.55527383,0.67802936,0.6458427,0.68180704,0.6534547,0.6738292,0.643741,0.65641713,0.6457438,0.6921312,0.6784653,0.5964295,0.7070859,0.6812834,0.76050884,0.7764174,0.6865014,0.74538094,0.8339028,0.8458971,0.827483,0.8017178,0.68911636,0.80382514,0.8633209,0.80085063,0.6592099,0.6573372,0.68405867,0.5651232,0.72897416,0.6522175,1.0,
0000000000000000005e_0,0.7602297,0.79427207,0.63941056,0.6358209,0.67045456,0.64674026,0.7729512,0.75715005,0.6871543,0.49877837,0.52842563,0.53338695,0.8245264,0.50644785,0.4486315,0.2944215,0.3656958,0.3138833,0.45943898,0.36217663,0.4923758,0.4011713,0.41578442,0.80689317,0.42340425,0.46694005,0.45126355,0.7831978,0.7890181,0.79512733,0.5814978,0.6652664,0.7511582,1.0,
0000000000000000005f_0,0.6557558,0.6628571,0.75370765,0.753511,0.79964316,0.742835,0.68842226,0.756383,0.76888317,0.7465798,0.71839607,0.66413796,0.68218297,0.7266142,0.6677445,0.3957307,0.083785415,0.08390023,0.046674445,0.24748622,0.46182358,0.043137256,0.3965586,0.5879141,0.066974595,0.1590106,0.2356688,0.50019103,0.63237894,0.6334333,0.61349696,0.5934594,0.7391938,1.0,
00000000000000000060_0,0.82477874,0.84736675,0.6067176,0.6568123,0.7226891,0.5419901,0.6564141,0.7936772,0.7400065,0.63650966,0.77984965,0.7366255,0.8161174,0.712773,0.6381638,0.7387467,0.57153094,0.711301,0.7972239,0.8012048,0.7130258,0.6587276,0.76177454,0.82122904,0.7096466,0.75568336,0.69702905,0.7210179,0.8123847,0.72199595,0.5213978,0.5526672,0.63627,1.0,
00000000000000000061_0,0.65246564,0.7906611,0.09314495,-0.14027539,-0.0911017,-0.27469555,-0.026682135,-0.07443946,-0.14992721,-0.26187247,-0.20915549,-0.20461835,0.14575411,-0.20700985,-0.32157677,-0.10349462,-0.19181946,-0.14589442,-0.12901913,-0.09841575,-0.13814433,-0.14285715,0.281366,-0.1618335,0.6865204,-0.091377094,-0.07653061,-0.3809197,-0.09659091,-0.10172144,0.08577195,0.05376344,0.08030303,1.0,
00000000000000000062_0,0.71385413,0.7917273,0.29574677,0.5649516,0.7248731,0.6739195,-0.08704592,0.7253373,0.47303206,0.20221949,-0.08975265,5.184033E-4,0.77578473,-0.042778056,0.16276042,0.21508828,0.10042093,0.60679615,0.07445008,0.18016529,0.8661276,0.6670649,0.91065633,0.76571167,0.906236,0.88441694,0.8863461,0.77887094,0.7734132,0.60068846,0.691093,0.63573885,0.71051085,1.0,
00000000000000000063_0,0.7629221,0.75828946,0.22970639,0.027661357,0.035132818,-0.18953212,-0.13315697,-0.06397306,-0.13096038,-0.16687578,-0.17350613,-0.15279503,0.76561695,-0.114016734,-0.09261745,0.17986952,-0.16005874,-0.16294643,0.053197205,-0.087506324,-0.02255639,-0.23012552,0.24210526,0.5805085,0.22912744,-0.09290954,-0.23128119,0.44561997,0.30824658,0.008641975,0.18723404,0.115384616,0.3463288,1.0,
00000000000000000064_0,0.8626558,0.88364315,0.74450827,0.74633616,0.7171717,0.697894,0.73218673,0.7146808,0.81665933,0.69677854,0.75065386,0.7876298,0.8610662,0.6886342,0.72968525,0.78030956,0.7915493,0.76289517,0.7949655,0.7962339,0.8107951,0.80065715,0.8328896,0.8785571,0.7876997,0.8395876,0.81297195,0.8796935,0.7419206,0.7700746,0.7172401,0.76371455,0.75524473,1.0,
00000000000000000065_0,0.7791798,0.79005224,0.6768007,0.79889184,0.7749196,0.54524577,0.617149,0.62946326,0.5775505,0.65205353,0.67525524,0.74488366,0.2805402,0.7522752,0.68368083,0.7095402,0.7987482,0.75331044,0.7892857,0.8058601,0.7359317,0.7330288,0.7807229,0.31110647,0.68634325,0.78214353,0.79743844,0.38676795,0.56379396,0.49522328,0.67478573,0.6588894,0.71046346,1.0,
00000000000000000066_0,0.8510545,0.87277913,0.7492567,0.7523614,0.76381564,0.7097515,0.734748,0.72130376,0.6644559,0.7173658,0.77792734,0.75882024,0.83771735,0.7295476,0.7841694,0.74825525,0.6820953,0.65898615,0.8696928,0.82737696,0.7044136,0.8243664,0.7825789,0.8044531,0.894511,0.8312473,0.7668235,0.84961784,0.81752753,0.8110764,0.7128079,0.57379735,0.6300417,1.0,
00000000000000000067_0,0.7076865,0.6910377,0.810219,0.80730104,0.7623554,0.7759674,0.6435915,0.7109415,0.7305111,0.72984517,0.823882,0.7253937,0.6695353,0.7258236,0.77308387,0.7564403,0.7176356,0.7108434,0.7402344,0.7529138,0.78456414,0.80290943,0.8511327,0.68322253,0.8549061,0.8368511,0.875121,0.68837595,0.6290707,0.27962428,0.5842086,0.772929,0.79753613,1.0,
00000000000000000068_0,0.84301734,0.8358209,0.872434,0.8240177,0.8544362,0.867458,0.8544915,0.9056818,0.9370272,0.76568574,0.81666666,0.806879,0.8037773,0.75448954,0.6435263,0.76739657,0.74596286,0.66803914,0.6296716,0.5831224,0.88142943,0.7577811,0.674143,0.8566828,0.79522187,0.72998875,0.80020386,0.7475127,0.79138213,0.8270531,0.67738587,0.8234992,0.8649682,1.0,
00000000000000000069_0,0.63261896,0.70052356,0.54182756,0.64322644,0.53590465,0.61039793,0.71012837,0.8437946,0.64117026,0.5933559,0.5455696,0.55264145,0.67984015,0.5981941,0.503948,0.4915254,0.55368423,0.5111707,0.6376504,0.63972735,0.6694034,0.6154325,0.6035088,0.69539696,0.5855181,0.61616164,0.53321975,0.48214287,0.6692112,0.6632793,0.5942678,0.60305345,0.5592549,1.0,
0000000000000000006a_0,0.7777778,0.6696906,0.7370398,0.6374817,0.76146287,0.61208355,0.6650499,0.5926667,0.6993154,0.65125835,0.6987588,0.6919866,0.7912199,0.68049425,0.6844428,0.711961,0.67052025,0.6912656,0.84498966,0.612468,0.510938,0.625,0.6312387,0.394769,0.65581906,0.6708861,0.6672598,0.6561505,0.6402148,0.7483716,0.6026616,0.550609,0.6568138,1.0,
0000000000000000006b_0,0.72892386,0.74422646,0.6351623,0.68821293,0.71022725,0.6335175,0.69724494,0.64601,0.65101767,0.65739024,0.6772603,0.7581121,0.6965944,0.78979504,0.74431205,0.6915663,0.74570656,0.73985237,0.7070028,0.6334759,0.6860614,0.7234444,0.75387967,0.70769656,0.76952696,0.77342045,0.7541048,0.6775026,0.5049458,0.61059767,0.55607206,0.5876537,0.6703728,1.0,
0000000000000000006c_0,0.713934,0.747958,0.6751158,0.74934995,0.75311255,0.74306107,0.7595451,0.74917156,0.6884313,0.7348542,0.7155698,0.7997769,0.7213818,0.80754715,0.80396664,0.71790236,0.7966214,0.7586472,0.7990349,0.79953915,0.7647059,0.6898455,0.76416016,0.6918739,0.71636695,0.82608694,0.6793705,0.6880651,0.6453278,0.6771033,0.49528858,0.50981784,0.70816445,1.0,
0000000000000000006d_0,0.8317256,0.83984625,0.72679174,0.74991244,0.75008374,0.74915826,0.8097725,0.7977528,0.83641595,0.76957,0.7074584,0.7688953,0.81625664,0.7421658,0.78876245,0.69547325,0.7321876,0.71865976,0.755698,0.8349261,0.74647886,0.7224736,0.7271167,0.82818335,0.7331851,0.86439365,0.80212766,0.82264024,0.67357296,0.84800965,0.66021997,0.70898354,0.70100784,1.0,
0000000000000000006e_0,0.7606383,0.7598209,0.008205494,-0.036036037,-0.1641791,-0.24176858,0.59153783,-0.25732216,-0.1443124,-0.25684932,-0.12799168,-0.17544876,0.16134913,-0.109235816,-0.23057325,-0.12118321,-0.2002511,-0.11673152,-0.12127751,-0.049254406,-0.022692889,-0.18568996,-0.09468822,-0.26551723,-0.13293414,-0.038539555,-0.077943616,0.44262296,-0.09585121,-0.12302839,0.04347826,0.06359946,0.10595065,1.0,
0000000000000000006f_0,0.4039548,0.6366139,0.12532866,-0.030372057,0.12605043,-0.032967035,-0.06649778,-0.11266375,0.024467245,0.032451324,-0.08640483,0.1572327,0.6936593,0.29132116,-0.08023774,0.05221519,0.032648128,-0.014120667,0.5209223,0.050455928,0.26124403,-0.103652515,0.09677419,-0.13060582,0.7372986,0.434,0.026647966,-0.17152104,0.10772579,0.103989534,0.19037509,0.21524201,0.18410596,1.0,
00000000000000000070_0,0.8540146,0.7890533,0.6792235,0.7117635,0.68580216,0.6474946,0.8014081,0.763237,0.77261734,0.7486463,0.7054409,0.70998865,0.8243272,0.77360487,0.73979455,0.74146056,0.6980155,0.7547763,0.7175532,0.6931532,0.6980943,0.60471207,0.6879983,0.84580153,0.8105536,0.7181556,0.7782647,0.7980723,0.73613596,0.8173991,0.74286985,0.70615387,0.6714559,1.0,
00000000000000000071_0,0.6123595,0.5334346,-0.16711904,-0.1392904,-0.21067415,-0.25768322,-0.15895954,-0.2949002,-0.2232305,-0.26622516,-0.10149573,-0.05882353,0.6996558,-0.08859061,-0.21202004,-0.09549549,-0.18055555,-0.10725442,-0.2913669,-0.071308255,-0.021341464,-0.18297102,-0.045783132,-0.22038217,-0.10262009,0.3233533,-0.20689656,-0.29488575,-0.05421687,-0.14417887,0.16775599,0.018134715,0.13877875,1.0,
00000000000000000072_0,0.7625975,0.7564973,-0.014018691,0.0014164306,-0.13818006,0.3964321,0.6345733,0.06700702,-0.25680473,-0.26108375,-0.21987747,-0.12781066,0.7626838,-0.11486048,-0.21166667,0.16903073,-0.1888956,-0.09662921,-0.11439756,-0.34012648,-0.09295775,0.079492316,-0.09561753,0.06723485,-0.15628415,0.072407044,0.26785713,0.6839465,0.5985736,-0.09357798,0.08733624,0.10911425,0.10562414,1.0,
00000000000000000073_0,0.7895058,0.80967486,0.8086839,0.7960172,0.7090909,0.66216505,0.70946825,0.7707989,0.81577325,0.8026358,0.73928946,0.7327716,0.7779932,0.7074468,0.8190255,0.755877,0.752099,0.78960395,0.8461166,0.82586503,0.7678804,0.70488083,0.7626628,0.7652812,0.8287416,0.85021824,0.8454043,0.804865,0.74394286,0.7385042,0.71029836,0.6869326,0.7086224,1.0,
00000000000000000074_0,0.7192897,0.704956,0.68027,0.72926635,0.6838154,0.6346467,0.7338727,0.704325,0.67866457,0.6151203,0.54958856,0.4694517,0.66943985,0.47835863,0.42394015,0.38548657,0.41683674,0.43611532,0.47368422,0.4440407,0.39723966,0.33685476,0.45344943,0.67839444,0.42194092,0.4902759,0.43589744,0.64387465,0.66856444,0.680142,0.642604,0.65753424,0.6668712,1.0,
00000000000000000075_0,0.86678123,0.79633176,0.6363138,0.72360474,0.7599787,0.7434457,0.7552801,0.81116325,0.7445768,0.78972715,0.7943188,0.81806654,0.6068748,0.824417,0.8338762,0.82703394,0.82397,0.8293276,0.82385087,0.8273973,0.8424566,0.86103624,0.86646616,0.628694,0.8635049,0.8649667,0.8758006,0.618805,0.71274215,0.75524604,0.5255964,0.49638662,0.651057,1.0,
00000000000000000076_0,0.7691269,0.7524178,0.73506653,0.706674,0.78224456,0.7102722,0.7403253,0.7842508,0.7741389,0.7671674,0.8053556,0.7603631,0.7556736,0.79981524,0.7932745,0.79895157,0.7724657,0.7749469,0.78589636,0.7993061,0.74873096,0.8784496,0.8512153,0.75566036,0.45760337,0.4027778,0.5112698,0.7563206,0.73163843,0.7431579,0.6428796,0.7669903,0.745158,1.0,
00000000000000000077_0,0.8032407,0.7214993,0.754023,0.7452901,0.7692998,0.6458933,0.683423,0.6738739,0.7365735,0.72522897,0.77856946,0.7435601,0.7744259,0.71992,0.84375,0.74091804,0.75605434,0.72134227,0.7351285,0.7169552,0.65585893,0.81317717,0.7725768,0.79631686,0.9072961,0.7346847,0.71550983,0.74352276,0.76623374,0.7474112,0.58661586,0.7601668,0.7018081,1.0,
00000000000000000078_0,0.76326174,0.76918006,0.66334087,0.022118744,-0.17670482,-0.23822714,-0.12859885,-0.3093682,-0.30392158,-0.22934566,-0.23428571,-0.05631868,0.7435437,-0.115623236,-0.2764505,-0.16553289,-0.051172707,-0.14516129,-0.09580839,-0.0139737995,-0.011764706,-0.2218268,0.6711251,0.72021276,-0.13575129,-0.08510638,-0.24324325,-0.023175966,0.009615385,-0.18262151,0.15769593,0.63714284,0.07877927,1.0,
00000000000000000079_0,0.7712466,0.7860594,0.6391792,0.17483296,-0.13708514,-0.20377085,-0.10526316,-0.29563493,-0.29100528,-0.22455846,-0.2093628,-0.15289256,0.72208434,-0.10262935,-0.29037657,0.07195696,-0.054505005,-0.026790064,-0.12172829,-0.07385399,0.0066401064,-0.2057272,-0.013392857,0.67498356,-0.16766468,-0.14698794,-0.18654434,-0.13614458,0.35771373,0.11411411,0.4949709,0.19695045,0.13293253,1.0,
0000000000000000007a_0,0.86208653,0.85336226,0.6738175,0.76571804,0.76031435,0.60771036,0.6568651,0.77603143,0.6501146,0.6685793,0.68789524,0.79054856,0.8400372,0.76909506,0.6278617,0.7245509,0.80675423,0.76981956,0.78030634,0.8043591,0.74862015,0.78495765,0.78721255,0.45914143,0.7515608,0.86942434,0.8236425,0.77828526,0.7470612,0.7865055,0.7008092,0.6403866,0.7346293,1.0,
0000000000000000007b_0,0.64143765,0.59561604,0.52056557,0.52482677,0.5692485,0.44971925,0.44286954,0.50148195,0.5490137,0.55691624,0.58272165,0.57166946,0.5260513,0.56847465,0.61487734,0.6164561,0.6587091,0.65351135,0.66221213,0.6875384,0.6953125,0.6991033,0.8090568,0.6447231,0.7222222,0.75324005,0.7345863,0.6532531,0.5555556,0.61450636,0.50773066,0.629194,0.5661839,1.0,
0000000000000000007c_0,0.46161824,0.77992034,0.7236018,0.48977137,0.7318554,-0.18372379,-0.11693242,-0.25732216,0.6421213,0.20655142,0.2665148,0.20912053,0.75724846,0.16033365,-0.16412213,-0.12525253,-0.12797882,-0.11893584,-0.14769976,0.27586207,0.31070495,0.19259259,0.6781609,0.6963563,0.09627728,-0.1541307,0.024390243,0.5961487,0.3117011,0.49436393,0.282,0.25099602,0.3265306,1.0,
0000000000000000007d_0,0.7718023,0.63301086,0.719142,0.7240634,0.7072323,0.61851746,0.7373961,0.6528078,0.64678365,0.6781734,0.66676855,0.72581196,0.53638256,0.7789174,0.73837507,0.7077557,0.7387158,0.7815895,0.77316827,0.7879564,0.73628217,0.7672496,0.77602524,0.69759893,0.78707016,0.83220935,0.81674755,0.75750774,0.6763773,0.69673836,0.5709407,0.69072163,0.76495594,1.0,
0000000000000000007e_0,0.8428453,0.77391696,0.8800911,0.83141583,0.8210427,0.6685,0.8086142,0.74604696,0.67955554,0.79066163,0.7852349,0.79537404,0.8551487,0.742163,0.7124271,0.72193617,0.77034944,0.74897915,0.7321504,0.84698796,0.8279136,0.7176625,0.8427098,0.8376156,0.742835,0.82462186,0.74981046,0.85042053,0.8324444,0.8463403,0.73491377,0.79285717,0.84450525,1.0,
0000000000000000007f_0,0.6852861,0.71681416,0.672209,0.6824756,0.61520815,0.74786204,0.7353868,0.78438395,0.7894737,0.8013838,0.8080341,0.74151695,0.75218296,0.77909,0.7003405,0.6710208,0.73087937,0.7399679,0.8082721,0.75603557,0.70198673,0.7450568,0.8055798,0.72747254,0.74545455,0.77398586,0.74469566,0.71599853,0.6978897,0.68987536,0.6001639,0.6414613,0.6694653,1.0,
00000000000000000080_0,0.4583112,0.7314815,0.62333333,0.57124186,0.7102722,0.6537522,0.5862857,0.15614618,0.6386913,0.3398533,0.3702422,0.15455306,0.69751424,0.22520107,0.19579895,0.19631094,0.08045977,0.6008105,0.39479905,0.31276596,0.22352941,0.23020063,0.29372936,0.095684804,0.14838709,0.21654502,0.6420765,0.20430107,0.6613253,0.38022813,0.34896302,0.28481805,0.38545954,1.0,
00000000000000000081_0,0.6687598,0.73329824,0.16034597,0.62065333,0.6529838,0.13654096,0.2010582,0.651357,0.6288041,0.6,0.34995207,0.16666667,0.65537894,-0.07137809,-0.263745,-0.072081216,-0.18546133,-0.027522936,-0.2087087,-0.049068086,0.6037575,0.54718983,0.87123746,0.117870726,0.25213155,0.3186097,-0.11405835,-0.121317156,0.70636976,0.5351812,0.38273492,0.11016949,0.42025316,1.0,
00000000000000000082_0,0.8699567,0.7431394,0.75357145,0.80106175,0.76318115,0.5691412,0.70212764,0.77760696,0.6765621,0.6909254,0.7352556,0.7270855,0.5433404,0.7043867,0.6137434,0.75490195,0.64228976,0.74374723,0.69124025,0.8435754,0.7882353,0.70050037,0.7297171,0.6583063,0.7602085,0.79882914,0.79288864,0.6366772,0.67020184,0.7162287,0.66240716,0.74527365,0.738812,1.0,
00000000000000000083_0,0.8515597,0.57743657,0.6801113,0.80069065,0.76318115,0.5629984,0.6460432,0.69799364,0.64573807,0.6873604,0.7598309,0.6807261,0.4931164,0.62532204,0.63093925,0.70287675,0.648612,0.67936736,0.64554244,0.7972851,0.7123288,0.63975155,0.646771,0.58240175,0.68561876,0.66503,0.7377792,0.6397059,0.6029168,0.6847143,0.6327203,0.6782092,0.7452153,1.0,
00000000000000000084_0,0.6436482,0.75328946,0.079634465,0.6869565,0.7014765,0.31647778,0.5900588,0.7557647,0.7289677,0.6592322,0.5800995,0.113456465,0.76756626,0.033760186,-0.3117409,-0.05860349,0.07456588,0.014354067,0.017515276,0.38351256,0.4362745,0.5864571,0.85667294,0.6971037,0.85714287,0.7544368,0.43667296,-0.22536287,0.74015963,0.6826783,0.23918396,0.42405063,0.64198136,1.0,
00000000000000000085_0,0.8598752,0.85994697,0.86297435,0.8464539,0.8364126,0.74413323,0.6880152,0.77483773,0.8118648,0.79070324,0.7204831,0.7321039,0.85761046,0.72579473,0.788309,0.6833744,0.68892044,0.71169126,0.75530976,0.788521,0.7620059,0.7363173,0.7126482,0.87310606,0.75158226,0.80319256,0.7718545,0.8612149,0.8407939,0.8593615,0.7929281,0.84,0.801144,1.0,
00000000000000000086_0,0.7225951,0.7462738,0.5473109,0.5018888,0.6186936,0.6467991,0.68854344,0.62708664,0.65836847,0.7423566,0.7848223,0.7333742,0.7538844,0.7272099,0.6542831,0.7453167,0.46594542,0.6236094,0.8401507,0.69610316,0.7767325,0.67600644,0.74791366,0.6596906,0.694904,0.75466245,0.7070254,0.7351575,0.6880785,0.68481773,0.48722574,0.49390072,0.55799085,1.0,
00000000000000000087_0,0.7543748,0.7686747,0.60895383,0.4848801,0.4001132,0.4581545,0.51531154,0.49825785,0.5432211,0.58938545,0.50861645,0.4742417,0.7533597,0.5364505,0.4447739,0.4992722,0.537054,0.57734966,0.52666044,0.626799,0.5693566,0.5785191,0.5437685,0.74216235,0.5994633,0.6958225,0.69286144,0.7742725,0.5619335,0.40981734,0.3191801,0.38501102,0.65596,1.0,
00000000000000000088_0,0.7413487,0.6980139,0.47056645,0.7321171,0.70919883,0.740634,0.6717828,0.63586533,0.754295,0.7068358,0.12512316,0.26113537,0.40806046,0.33052632,-0.2,0.25020376,0.64132553,0.7370859,0.78533846,0.7616259,0.8371335,0.7518248,0.828479,0.73548687,0.75055027,0.72265023,0.68011737,0.68126684,0.7424307,0.71263033,0.71208227,0.61635566,0.73206925,1.0,
00000000000000000089_0,0.8322068,0.8703633,0.7730717,0.817084,0.8154419,0.7498861,0.79787236,0.7912088,0.76273847,0.8064935,0.8212193,0.7311129,0.871687,0.80497926,0.72131145,0.6964604,0.6743421,0.74660635,0.7105691,0.7834083,0.74310136,0.6701031,0.8783166,0.86748004,0.7327641,0.8117602,0.78753096,0.88717693,0.75067025,0.7243077,0.73535955,0.79327464,0.8076,1.0,
0000000000000000008a_0,0.7197789,0.65269107,0.7053274,0.73000485,0.6634757,0.78422177,0.712,0.7405958,0.67833245,0.69043297,0.2897959,0.45284623,0.6096414,0.36144578,0.20646766,0.6760949,1.0689914,0.8270202,0.74373657,0.69668245,0.7055051,0.8027654,0.7032767,0.73021585,0.7756389,0.7832423,0.7192039,0.7379378,0.7799607,0.7390637,0.69947535,0.6493165,0.7433414,1.0,
0000000000000000008b_0,0.83064735,0.76933974,0.6647332,0.6559356,0.7403045,0.68233085,0.7335067,0.7939653,0.73454684,0.82417583,0.80798435,0.7206235,0.78177965,0.72499186,0.6909871,0.70135325,0.7116531,0.6662459,0.68822366,0.7475948,0.7059972,0.79496914,0.7653584,0.78145695,0.8259481,0.8016244,0.7798507,0.818134,0.7737951,0.79562336,0.71163,0.7692728,0.77298445,1.0,
0000000000000000008c_0,0.8487013,0.8470627,0.7995444,0.76476103,0.7766798,0.7954199,0.7158713,0.74579304,0.7559487,0.70897835,0.80085444,0.788722,0.84979594,0.77861035,0.78729963,0.77331686,0.78040725,0.8362283,0.68201977,0.8431489,0.7791798,0.6678579,0.8677043,0.77092963,0.7641229,0.82803094,0.8519794,0.866392,0.7901861,0.81771505,0.7168784,0.7965802,0.8274605,1.0,
0000000000000000008d_0,0.8614072,0.8390328,0.7546083,0.71040356,0.7956486,0.7724982,0.7613504,0.77662605,0.80397534,0.81581724,0.85089654,0.84530705,0.84949917,0.82215744,0.78269285,0.83121896,0.77124375,0.8119384,0.8165785,0.7998191,0.7228336,0.82213324,0.80346507,0.87605107,0.8252962,0.84102917,0.8311268,0.81682706,0.636127,0.49133858,0.618965,0.76404494,0.7089494,1.0,
0000000000000000008e_0,0.7593698,0.7106637,0.6515026,0.68592733,0.6680244,0.66814405,0.68816257,0.7123729,0.7512563,0.63444316,0.6641592,0.64462227,0.7288369,0.7209178,0.74287766,0.6423024,0.6507937,0.6960784,0.78675437,0.6849095,0.8698339,0.88874894,0.8969834,0.6996482,0.86448383,0.8774476,0.82689744,0.7523314,0.69659865,0.6756757,0.7149689,0.73047054,0.6815497,1.0,
0000000000000000008f_0,0.84948826,0.7017673,0.7895115,0.82196295,0.7824268,0.7034512,0.788028,0.8404465,0.78120977,0.82570165,0.8419655,0.8012143,0.80231524,0.7600631,0.7809331,0.8286837,0.81625444,0.81312996,0.87157464,0.84799725,0.83572745,0.9042887,0.86904764,0.80598736,0.86003685,0.88462865,0.8876543,0.7771493,0.6827309,0.693814,0.67191505,0.78497976,0.75173694,1.0,
00000000000000000090_0,0.7267702,0.72876894,0.6973856,0.7266373,0.73935264,0.7282962,0.75782377,0.78594977,0.71079034,0.7796447,0.71595216,0.78204435,0.7621895,0.7853577,0.7581717,0.73552465,0.7690176,0.7353267,0.7713199,0.82968986,0.7874791,0.8154556,0.83821183,0.71151936,0.89972955,0.893485,0.9144439,0.763832,0.7597353,0.775564,0.68628603,0.78043914,0.81267947,1.0,
00000000000000000091_0,0.7702703,0.71235955,0.5004982,0.7355495,0.70063156,0.4975323,0.58547515,0.6081371,0.61235476,0.58346254,0.66607004,0.7011137,0.82502186,0.7160836,0.76438504,0.6181658,0.7500575,0.64737225,0.6532663,0.70764816,0.6271275,0.660429,0.7042074,0.7998468,0.7585411,0.8073458,0.76786107,0.7636321,0.64392155,0.693986,0.6328158,0.6548171,0.70652175,1.0,
00000000000000000092_0,0.8242699,0.798278,0.6107679,0.71172094,0.6704675,0.6475596,0.7203053,0.7033441,0.7187408,0.76639813,0.7714814,0.72791404,0.8399242,0.7576109,0.7033027,0.57618785,0.6504798,0.6108877,0.6856594,0.67166126,0.6421189,0.6576946,0.70828056,0.7679466,0.69062424,0.71467316,0.7080326,0.51240695,0.5922379,0.68176204,0.6356152,0.6833977,0.57774705,1.0,
00000000000000000093_0,0.61585903,0.78089654,0.67445546,0.6824067,0.7611775,0.70074815,0.632921,0.7083091,0.70210135,0.63787496,0.18994044,0.2977487,0.778263,0.38872403,0.7856526,0.76167566,0.63335454,0.7571927,0.74253845,0.75215644,0.7001366,0.690362,0.72640383,0.6764787,0.7421641,0.7720892,0.7591398,0.56678385,0.80017376,0.7078228,0.65362316,0.6280074,0.71599585,1.0,
00000000000000000094_0,0.8774461,0.85873735,0.7148926,0.7861221,0.774313,0.7776826,0.7570309,0.7695105,0.7106599,0.69547975,0.74376124,0.7075595,0.8528295,0.7454708,0.6820564,0.7377934,0.72796124,0.7015644,0.7510313,0.84163,0.71062183,0.7180573,0.7642669,0.8382265,0.81020254,0.8231682,0.77728015,0.7403438,0.7083333,0.6991453,0.610144,0.77536726,0.6941839,1.0,
00000000000000000095_0,0.8448439,0.86015373,0.84210527,0.7439173,0.84826934,0.7238513,0.7215967,0.7714286,0.8163842,0.7678757,0.73592526,0.7978182,0.85480386,0.8425881,0.7543484,0.7359413,0.75468665,0.835113,0.83709675,0.8912648,0.741003,0.80359614,0.79299575,0.8123302,0.68382686,0.8818119,0.8848854,0.7977392,0.65990484,0.7982018,0.6428758,0.6508287,0.71810347,1.0,
00000000000000000096_0,0.8582922,0.8634555,0.6733589,0.68484014,0.72702646,0.6627932,0.76746064,0.748495,0.64415586,0.7774913,0.7545576,0.8307529,0.8388497,0.77232623,0.71362495,0.7248758,0.7688679,0.7536508,0.81082964,0.8505724,0.8018996,0.70008284,0.7966922,0.84553456,0.7811687,0.8246073,0.7616403,0.8681876,0.64211977,0.5863963,0.58419245,0.7023395,0.65178573,1.0,
00000000000000000097_0,0.85365856,0.8754028,0.7267442,0.751589,0.72919106,0.68667465,0.73195314,0.7900732,0.72928953,0.79924953,0.78055865,0.83464766,0.8686205,0.8078374,0.75720066,0.76839083,0.7814978,0.8036929,0.8211845,0.8275007,0.80669856,0.69414204,0.83915156,0.8684211,0.8242908,0.8778422,0.81696093,0.8828758,0.65950084,0.63627476,0.56336874,0.6533587,0.71105856,1.0,
00000000000000000098_0,0.81463146,0.8223701,0.7554439,0.78313255,0.8207576,0.7026052,0.76272154,0.76674235,0.7629686,0.77489877,0.7426973,0.7538079,0.7923026,0.7621359,0.79412603,0.7636905,0.7455677,0.8225692,0.80575746,0.8150015,0.748536,0.74054056,0.83527404,0.84719104,0.76208895,0.80310327,0.78417265,0.8097383,0.7996042,0.77761006,0.71863353,0.7451994,0.74689984,1.0,
00000000000000000099_0,0.79831934,0.80452996,0.66658545,0.6409256,0.632865,0.62136894,0.65880215,0.7347358,0.7868407,0.76916057,0.7481442,0.80099505,0.8235294,0.80707574,0.8023599,0.7819514,0.7829233,0.8346318,0.7278409,0.7110333,0.6653226,0.7049265,0.7700443,0.8139145,0.68513286,0.80772585,0.732852,0.8003361,0.8035002,0.50907356,0.48082295,0.52911395,0.63550705,1.0,
0000000000000000009a_0,0.85237616,0.85774475,0.84891164,0.8499701,0.87238914,0.8215935,0.8277131,0.8783703,0.8863636,0.6423841,0.5400778,0.6953376,0.8463942,0.74812245,0.73089004,0.7991156,0.88334537,0.8456577,0.77689457,0.82098556,0.8680597,0.83966243,0.86328626,0.8684076,0.8331865,0.88445807,0.8632479,0.86088336,0.83948904,0.832769,0.69072807,0.81026137,0.82844114,1.0,
0000000000000000009b_0,0.7095205,0.7080334,0.67684245,0.73237014,0.74561703,0.58960843,0.6896792,0.80584097,0.63756967,0.72087914,0.68752134,0.7054837,0.694422,0.72698003,0.7186207,0.6310209,0.5601286,0.6246368,0.75499254,0.72620076,0.8066795,0.64144146,0.7184406,0.6808786,0.76911974,0.82694685,0.78995436,0.68278146,0.6748737,0.7033799,0.55115277,0.6141705,0.6147705,1.0,
0000000000000000009c_0,0.46997562,0.5164684,0.39435625,0.43409917,0.38285714,0.4502826,0.4746424,0.5135135,0.507109,0.5158025,0.48446327,0.6798825,0.52342707,0.5492228,0.51694065,0.53922844,0.55198646,0.50127226,0.5392954,0.5334763,0.5489691,0.5330296,0.59683377,0.56285536,0.551655,0.5640394,0.65770864,0.5268282,0.48574847,0.23983943,0.29843816,0.36392328,0.33271098,1.0,
0000000000000000009d_0,0.6226797,0.7287817,0.67860746,0.68875927,0.7264673,0.69090056,0.7248992,0.7772973,0.82180655,0.8177946,0.74175036,0.8140831,0.70686245,0.8330373,0.8044796,0.82599264,0.736713,0.71160823,0.829494,0.79422385,0.7735677,0.7639231,0.81600326,0.68030345,0.8207715,0.81810176,0.78582376,0.70531553,0.6309407,0.6032957,0.53690886,0.5921922,0.6289284,1.0,
0000000000000000009e_0,0.60696006,0.62530863,0.52054405,0.6703724,0.64096385,0.53800297,0.6418093,0.6596544,0.6243134,0.63136,0.7356195,0.23194444,0.6637703,0.39522547,0.1871486,0.23748669,0.22005098,0.33824885,0.7169982,0.6921205,0.66160715,0.5985084,0.62414485,0.58286077,0.8630394,0.67161846,0.66934985,0.62228024,0.45386666,0.47068146,0.5479193,0.55717343,0.64741033,1.0,
0000000000000000009f_0,0.69457763,0.6609375,0.6926503,0.64685434,0.67862165,0.7402203,0.66752106,0.6390102,0.7390158,0.6909797,0.6696017,0.6382042,0.6646859,0.7089084,0.63599676,0.6292646,0.638512,0.65595293,0.70845014,0.66681796,0.70359284,0.7588411,0.80266666,0.6154492,0.81595546,0.8507052,0.8295497,0.5989011,0.57024795,0.5483559,0.5552171,0.61023325,0.5713272,1.0,
000000000000000000a0_0,0.6905208,0.6783468,0.5950766,0.6746512,0.6702603,0.5329919,0.6757231,0.68075424,0.73337156,0.7135417,0.80660266,0.33872834,0.7477081,0.4375,0.3187251,0.34165367,0.31621003,0.57091284,0.67457026,0.59748864,0.559264,0.5381898,0.5955414,0.63033175,0.6803069,0.62364864,0.6258719,0.63832456,0.511879,0.46602565,0.51570046,0.4909836,0.66108185,1.0,
000000000000000000a1_0,0.686636,0.6625634,0.64538044,0.71875817,0.6655118,0.67362106,0.74535125,0.6703366,0.5884136,0.6158771,0.68268013,0.6527659,0.65583915,0.7753479,0.6107595,0.64361,0.5847083,0.75481755,0.72462004,0.69034195,0.71468824,0.672956,0.7417959,0.54685175,0.77041,0.7597109,0.73688525,0.6034483,0.514051,0.7397789,0.4782324,0.29595014,0.6108706,1.0,
000000000000000000a2_0,0.34517992,0.41072202,0.7524046,0.7048458,0.7030594,0.74637413,0.734888,0.5851541,0.5072808,0.5694642,0.54553545,0.65703636,0.52944255,0.60758495,0.5499154,0.5377884,0.6342167,0.5193245,0.5005062,0.50445396,0.50896335,0.48368633,0.5065466,0.5950238,0.49904275,0.5547088,0.5706359,0.55491203,0.5622055,0.5739047,0.5884751,0.6215603,0.6425891,1.0,
000000000000000000a3_0,0.40650406,0.40011647,0.6418319,0.71138597,0.75827056,0.5153876,0.64869446,0.63082546,0.49917844,0.6005831,0.6272069,0.6425278,0.45219,0.7395898,0.70169294,0.7201794,0.68564105,0.7391611,0.68020177,0.57092315,0.7207645,0.54027194,0.7096573,0.36100057,0.692257,0.72797704,0.66453266,0.3883016,0.39698493,0.34335262,0.4303959,0.5186916,0.5618743,1.0,
000000000000000000a4_0,0.6996882,0.6382195,0.66966176,0.6433637,0.6389209,0.6095764,0.7214847,0.63859755,0.74605906,0.69626015,0.6846154,0.6841036,0.5339074,0.6403396,0.6264881,0.56421787,0.6102488,0.6158248,0.55868775,0.54259217,0.48802853,0.60372704,0.59876543,0.58016443,0.5796377,0.4591814,0.413357,0.5628816,0.556002,0.62692195,0.56517005,0.5658231,0.56216353,1.0,
000000000000000000a5_0,0.8616288,0.84349096,0.823389,0.78315055,0.8018748,0.78402203,0.83899635,0.8201228,0.8446158,0.77643025,0.79332,0.82347506,0.62868494,0.8460064,0.8606028,0.8596288,0.8229989,0.86019415,0.878292,0.8693295,0.8665425,0.8676259,0.8827839,0.70672953,0.72210395,0.74912894,0.7722048,0.777411,0.7023661,0.7548177,0.7144391,0.68451244,0.7242619,1.0,
000000000000000000a6_0,0.717915,0.7614139,0.72600144,0.75714284,0.833065,0.5343165,0.65230584,0.5834609,0.6457646,0.53519166,0.6401403,0.7048965,0.6080139,0.74530613,0.74166435,0.7451988,0.7790728,0.77771854,0.76121634,0.7604661,0.7361516,0.742842,0.7707763,0.6739045,0.6976921,0.7276472,0.73447204,0.68926924,0.675073,0.7320086,0.7113789,0.67507005,0.7446808,1.0,
000000000000000000a7_0,0.5600093,0.5120031,0.60299003,0.6391304,0.7453544,0.7516373,0.6558257,0.77549344,0.6083731,0.77336085,0.727785,0.6665697,0.8520795,0.70859355,0.67740047,0.67090803,0.6957201,0.73602796,0.72099006,0.6971376,0.693288,0.746806,0.74146014,0.7688802,0.80689657,0.8259985,0.8082888,0.71478385,0.693172,0.53660375,0.3496387,0.34382766,0.6326079,1.0,
000000000000000000a8_0,0.74458754,0.785477,0.71524477,0.8330882,0.7962095,0.7153953,0.7635057,0.7517664,0.6662665,0.7572048,0.7230845,0.73426574,0.7373441,0.73252565,0.60533667,0.71443766,0.6967916,0.7056464,0.6977589,0.7447455,0.7781979,0.75098455,0.7818903,0.79385376,0.7853341,0.8625555,0.75745857,0.81324786,0.77596617,0.7227227,0.7502934,0.6724508,0.7505697,1.0,
000000000000000000a9_0,0.8123667,0.80290174,0.7420128,0.78850955,0.80775535,0.78252536,0.78963417,0.7234555,0.7604396,0.77105516,0.8163163,0.7450199,0.8120773,0.7326909,0.6914191,0.6998275,0.7244688,1.0564103,0.776522,0.81560284,0.7147541,0.82065064,0.81607896,0.7979502,0.8272953,0.80004805,0.7608476,0.8245614,0.7776524,0.8087968,0.7137392,0.7391524,0.7535519,1.0,
000000000000000000aa_0,0.85106385,0.83238095,0.8065153,0.8269551,0.8391261,0.8020086,0.8292282,0.89694226,0.86420393,0.87235385,0.90894175,0.9253317,0.8567294,0.8658468,0.9260173,0.88843316,0.8587719,0.8528884,0.84770644,0.84535074,0.86826974,0.9864315,1.0415094,0.84448695,0.95983934,0.953125,0.95527154,0.8506701,0.8446602,0.84807694,0.74437004,0.7861254,0.81841326,1.0,
000000000000000000ab_0,0.70080775,0.72588235,0.68893254,0.60481256,0.50712126,0.6346749,0.7216441,0.7117347,0.6053616,0.62390924,0.3965665,0.6510903,0.7140799,0.6750238,0.67859787,0.5648725,0.6345271,0.6856455,0.703387,0.68676233,0.67932487,0.656137,0.77821267,0.691974,0.69428056,0.7851935,0.7319856,0.70643127,0.7356761,0.6653609,0.40610105,0.68562233,0.6821301,1.0,
000000000000000000ac_0,0.7893082,0.8339277,0.70281124,0.72828096,0.68665785,0.58179015,0.5710247,0.59693575,0.68875194,0.5719319,0.521774,0.6215054,0.7855239,0.6554329,0.6626762,0.66895604,0.64668304,0.55938286,0.66488296,0.6838317,0.66207117,0.5606203,0.72593236,0.8371041,0.71161705,0.6802097,0.74549425,0.7677763,0.73168033,0.43912292,0.48642126,0.56483793,0.6203474,1.0,
000000000000000000ad_0,0.75911987,0.7578231,0.5989886,0.66940093,0.7269545,0.6569319,0.6085791,0.60150373,0.6431208,0.6011042,0.6001791,0.6601027,0.74738795,0.6672851,0.60687643,0.6329422,0.67997247,0.59269404,0.6636013,0.6880734,0.70687133,0.471831,0.7619202,0.81245077,0.7629018,0.767898,0.76735216,0.6445113,0.75640535,0.36719507,0.38822794,0.5613243,0.6633132,1.0,
000000000000000000ae_0,0.588853,0.7301751,0.65816677,0.72586787,0.7338603,0.7597372,0.82316464,0.7924806,0.7553925,0.7230624,0.57227385,0.7546382,0.745521,0.7108889,0.7399125,0.7461213,0.74536467,0.79635155,0.82000434,0.83585733,0.8287194,0.55983627,0.70163065,0.788162,0.70834404,0.7626621,0.8122965,0.7922807,0.5588316,0.6906318,0.66574514,0.7366685,0.82664526,1.0,
000000000000000000af_0,0.42274785,0.54614484,0.5279805,0.4905765,0.5200211,0.46365914,0.50214344,0.41207814,0.4507553,0.39893833,0.5119237,0.38264441,0.54885346,0.5172051,0.5219012,0.49799556,0.43101972,0.70037454,0.6705563,0.69339496,0.64674556,0.6706181,0.50284094,0.48679245,0.5781123,0.6081141,0.64095324,0.5253916,0.5139616,0.6515042,0.5142786,0.5064935,0.48920688,1.0,
000000000000000000b1_0,0.6282284,0.6844457,0.67308927,0.67834276,0.62713045,0.62939745,0.6723809,0.6805926,0.65818655,0.50925434,0.48602673,0.6062705,0.6898581,0.6417075,0.684593,0.6114387,0.62972975,0.6698925,0.6991748,0.7119583,0.65058035,0.61973876,0.72893536,0.63748944,0.6503642,0.789899,0.69942194,0.7260982,0.6621807,0.6350899,0.37235773,0.6232633,0.6561514,1.0,
000000000000000000b2_0,0.8612855,0.8469433,0.7653529,0.7990502,0.683038,0.70525515,0.75024295,0.8183234,0.8099311,0.74275655,0.7550059,0.71953166,0.82034785,0.7835562,0.7819259,0.7918572,0.7557465,0.7251795,0.8001438,0.77673936,0.78248215,0.73642975,0.8545625,0.8616385,0.8822678,0.8035947,0.82999367,0.847782,0.7792759,0.6681954,0.67741936,0.68827486,0.72753483,1.0,
000000000000000000b3_0,0.6318561,0.6349664,0.5982754,0.6986547,0.70604825,0.66952455,0.73365486,0.71497196,0.6722332,0.74136126,0.75609756,0.74685454,0.69799876,0.64462435,0.71333504,0.67712766,0.65464264,0.7862069,0.72172654,0.7057718,0.61246103,0.65667695,0.7338297,0.634656,0.7212603,0.72491544,0.7114462,0.65390176,0.66997606,0.64535064,0.49620837,0.4509804,0.63805234,1.0,
000000000000000000b4_0,0.7824341,0.78594774,0.67108566,0.6280087,0.7329393,0.7563404,0.82462925,0.78839856,0.7159982,0.8346471,0.81744325,0.7927677,0.87237096,0.76323986,0.72121584,0.7804993,0.72322124,0.7713732,0.8002681,0.77837574,0.73252946,0.76454073,0.8253623,0.7193508,0.8294804,0.8005932,0.842192,0.84794325,0.7480568,0.64987403,0.6835548,0.6196156,0.65496397,1.0,
000000000000000000b5_0,0.59529704,0.5800954,0.6847561,0.63523436,0.641196,0.71804404,0.64982957,0.72209567,0.56032306,0.6745781,0.68338907,0.6722192,0.6450601,0.67172414,0.61696154,0.6478542,0.6519174,0.6586733,0.66823256,0.65888923,0.6598891,0.7377495,0.7670286,0.5179358,0.7694652,0.7692308,0.7697771,0.5580078,0.50256675,0.5684354,0.5510204,0.5079665,0.5992196,1.0,
000000000000000000b6_0,0.798514,0.7969783,0.79771537,0.768021,0.7546432,0.7941298,0.76822037,0.8082755,0.7715387,0.82497025,0.81932443,0.7127709,0.79791975,0.8186412,0.7664,0.7629102,0.8173432,0.7620895,0.81495714,0.8393061,0.720413,0.77298194,0.8678175,0.7966166,0.85779583,0.83517677,0.8114101,0.79596585,0.7186128,0.7022831,0.62408835,0.80263776,0.7858994,1.0,
000000000000000000b7_0,0.47724974,0.51466453,0.60544217,0.448244,0.5017241,0.48643175,0.58942586,0.5210843,0.4531326,0.5829146,0.4611697,0.4610069,0.64776117,0.483927,0.46317217,0.5248972,0.45409673,0.42589337,0.61834216,0.5481419,0.6527076,0.5519435,0.6413302,0.5258109,0.7158019,0.5255772,0.6935798,0.62252796,0.5725136,0.573133,0.55403346,0.40528825,0.58987916,1.0,
000000000000000000b8_0,0.79297847,0.8342884,0.7546039,0.7592501,0.76084167,0.8671984,0.8474218,0.8609215,0.7349671,0.8245335,0.79321873,0.73029965,0.84350324,0.7098507,0.6797153,0.70670205,0.70947474,0.7030706,0.81220657,0.6778178,0.695233,0.67957526,0.76531404,0.53134555,0.7847261,0.761412,0.774185,0.74353033,0.7753322,0.7179224,0.7363617,0.5220126,0.83455604,1.0,
000000000000000000b9_0,0.54702246,0.6528058,0.6722581,0.6826072,0.7212832,0.71375954,0.74168295,0.68845963,0.6872812,0.7743961,0.76917195,0.74536467,0.72537166,0.7610147,0.7253026,0.6858137,0.68101066,0.7241379,0.7171975,0.75525117,0.73002017,0.79369956,0.8078873,0.6804706,0.77190405,0.83424777,0.8148335,0.69410956,0.68054605,0.659754,0.5710876,0.60041267,0.62586445,1.0,
000000000000000000ba_0,0.8381991,0.82466936,0.86998516,0.86970496,0.8586698,0.81772435,0.851919,0.88363445,0.8863554,0.8890528,0.86310834,1.0265478,0.8393985,0.8625,0.8513261,0.87912446,0.8532902,0.98236334,0.8664158,0.87637657,0.9076197,0.88196504,0.9035788,0.8404669,0.89558697,0.8930444,0.90426123,0.8452306,0.8331551,0.8397059,0.75298613,0.77008986,0.83384424,1.0,
000000000000000000bb_0,0.8266394,0.8430951,0.87594724,0.8617656,0.86866885,0.8506114,0.87875384,0.87229985,0.821501,0.900161,0.8716194,0.8825152,0.85142857,0.9003949,0.89314044,0.8894498,0.87439024,0.8898607,0.8924798,0.87792116,0.8891933,0.8932597,1.1067669,0.86442643,0.9273608,0.90054697,0.91148937,0.87564766,0.8353498,0.84367716,0.7906858,0.8642878,0.8690729,1.0,
000000000000000000bc_0,0.83337647,0.79425836,0.68378437,0.74912727,0.7639392,0.7983603,0.7860622,0.7712492,0.76254255,0.7799599,0.79956216,0.75550914,0.71323913,0.63232964,0.7004405,0.74242425,0.71486044,0.74282736,0.69683546,0.7564721,0.7499468,0.7583231,0.8410733,0.7927431,0.7971204,0.80044883,0.8097293,0.7824894,0.7588025,0.788738,0.70546657,0.6396511,0.72908795,1.0,
000000000000000000bd_0,0.8496107,0.85619175,0.6764266,0.54290986,0.571123,0.51785713,0.63257354,0.6379215,0.6764607,0.6757052,0.77539825,0.6488502,0.8482618,0.721109,0.667612,0.7103708,0.7446584,0.7846154,0.78602284,0.79442793,0.7617162,0.777321,0.78802663,0.8664928,0.72702944,0.76554537,0.77282315,0.8529869,0.8203254,0.8602294,0.64699006,0.5672543,0.5107084,1.0,
000000000000000000be_0,0.7972466,0.8519602,0.6865885,0.54418606,0.53162396,0.5082063,0.60898876,0.5651226,0.5763719,0.69901687,0.7057372,0.5851305,0.8519179,0.634896,0.58573073,0.6527257,0.67579204,0.73374265,0.69522643,0.7591281,0.7266418,0.68256,0.7352836,0.84252733,0.69856054,0.7316684,0.74414414,0.85300314,0.73955774,0.8016997,0.60718805,0.45733666,0.51627904,1.0,
000000000000000000bf_0,0.8203125,0.845751,0.6424328,0.7092678,0.70782685,0.7393059,0.75900424,0.7627247,0.72501594,0.74239784,0.81164294,0.72313297,0.6943765,0.5820443,0.6676308,0.7137272,0.69863015,0.7294244,0.6808,0.74095684,0.79685,0.8192832,0.85148513,0.79966927,0.84063566,0.777373,0.76166356,0.7537177,0.73218775,0.7688172,0.66966647,0.6903172,0.7153743,1.0,
000000000000000000c0_0,0.6099016,0.24634242,0.6519285,0.6695388,0.65004045,0.6463233,0.6458144,0.65720135,0.71925616,0.74008924,0.80201566,0.6855609,0.591623,0.74114513,0.6729323,0.6911117,0.58128077,0.67910254,0.6465645,0.7049353,0.66008496,0.7240826,0.756946,0.6181292,0.7697239,0.7869575,0.7943059,0.612251,0.5901235,0.590693,0.5535335,0.6522796,0.6142653,1.0,
000000000000000000c1_0,0.8146214,0.81490016,0.71401334,0.82143795,0.75421566,0.74293673,0.7285113,0.7705242,0.77574223,0.7203,0.7646356,0.7643628,0.82341653,0.78401124,0.7726127,0.786779,0.76528275,0.792358,0.7959049,0.794482,0.80592006,0.81487393,0.82988775,0.759594,0.8134906,0.82206404,0.7578616,0.7934492,0.78193146,0.790611,0.6858336,0.68190265,0.80474615,1.0,
000000000000000000c2_0,0.81237113,0.6505985,0.6353374,0.7005829,0.69997334,0.69571865,0.6524428,0.74679804,0.7565177,0.807418,0.79858524,0.6976556,0.6906637,0.7529572,0.7054311,0.81923324,0.6481543,0.8086271,0.78712445,0.7731713,0.8097378,0.8528442,0.80037904,0.70060223,0.7889948,0.7797578,0.83837926,0.71924883,0.7454068,0.43581715,0.46267754,0.5924596,0.73351586,1.0,
000000000000000000c3_0,0.64273083,0.3464567,0.7490119,0.81810033,0.8744801,0.80142206,0.8315395,0.7964332,0.6644144,0.84024024,0.6645623,0.8277767,0.42545873,0.8132314,0.714129,0.7323601,0.6505887,0.808191,0.80713004,0.7442329,0.8066793,0.8912746,0.8822335,0.62261057,0.7846013,0.8605146,0.842661,0.6543391,0.65002656,0.7747913,0.6980769,0.6860187,0.74446726,1.0,
000000000000000000c4_0,0.66278505,0.62079346,0.7117394,0.6956389,0.73484516,0.7242413,0.74633527,0.7507987,0.63612306,0.617338,0.59875447,0.73934835,0.67641747,0.7226124,0.7018335,0.6924063,0.7044476,0.6810934,0.6359208,0.6283077,0.67421925,0.7305647,0.6550784,0.63116884,0.7119822,0.7865136,0.7253543,0.67324954,0.68628407,0.71819806,0.64869773,0.7273919,0.66965497,1.0,
000000000000000000c5_0,0.6363636,0.7377249,0.7023047,0.70122343,0.7179081,0.69786537,0.7209954,0.73790324,0.6320755,0.5037288,0.62447417,0.7855599,0.6799357,0.73903745,0.6560196,0.66444296,0.6628231,0.58615386,0.63253367,0.5674616,0.63177896,0.7402316,0.712,0.69813627,0.69345486,0.7415153,0.73657966,0.716581,0.70658034,0.7248654,0.6782946,0.6162908,0.6546431,1.0,
000000000000000000c6_0,0.65456903,0.7505801,0.7173252,0.7047337,0.69527143,0.6788321,0.7496855,0.78635013,0.70325613,0.57384706,0.6146789,0.7763751,0.6846276,0.7455683,0.68700266,0.68030936,0.65880895,0.6157248,0.63075256,0.6468059,0.6763943,0.7141871,0.69411767,0.65159804,0.7103336,0.76641816,0.760503,0.7502831,0.7613636,0.76504064,0.6526082,0.63992417,0.68118745,1.0,
000000000000000000c7_0,0.71893996,0.74240524,0.67476535,0.659587,0.7170988,0.36884585,0.6143763,0.7165247,0.7583856,0.7469015,0.556582,0.73313165,0.775042,0.69187146,0.6820832,0.6985507,0.6563342,0.49906543,0.6953846,0.64535904,0.7183099,-0.14747475,0.311054,0.76919407,0.44324324,0.8251022,0.524173,0.7559338,0.7678026,0.752443,0.55549014,0.6744066,0.6507434,1.0,
000000000000000000c8_0,0.73163307,0.80292535,0.8088599,0.8079673,0.8250282,0.8259674,0.85552037,0.7848513,0.74732006,0.78318864,0.8275154,0.8124423,0.79374474,0.83591264,0.8180479,0.8171668,0.8586731,0.8278481,0.8392559,0.8620189,0.8151376,0.72880745,0.8319433,0.82720274,0.83272135,0.78729063,0.81794924,0.8220859,0.74844575,0.752288,0.75906974,0.74001455,0.79588103,1.0,
000000000000000000c9_0,0.8833878,0.870954,0.89388394,0.8361019,0.82585365,0.8023256,0.77178425,0.77040327,0.7113402,0.7930904,0.74355006,0.7136891,0.86850154,0.7781257,0.6908703,0.71773994,0.75062484,0.78493476,0.7579062,0.8066595,0.7442827,0.7824223,0.80357593,0.8557655,0.8227848,0.8702136,0.9041471,0.8532695,0.8161017,0.78187686,0.7514739,0.801676,0.85097057,1.0,
000000000000000000ca_0,0.77941954,0.7341736,0.7107062,0.6551286,0.5918723,0.5855405,0.7269136,0.69076204,0.6565495,0.73038876,0.68292004,0.57275134,0.78591406,0.63961947,0.7002882,0.6135868,0.5212766,0.7383502,0.6927152,0.6723017,0.7343058,0.6601073,0.7455315,0.61072797,0.7114055,0.7065442,0.5883777,0.69188696,0.59138656,0.5795289,0.508008,0.61738676,0.7026773,1.0,
000000000000000000cb_0,0.8100698,0.79801327,0.82032853,0.8005226,0.7719061,0.78930676,0.765204,0.7412835,0.66923076,0.72827125,0.7565568,0.7346939,0.7820032,0.73426235,0.6834568,0.6064703,0.72268724,0.7144924,0.73336405,0.6376779,0.7172131,0.7529561,0.70447826,0.7947883,0.71179885,0.69640785,0.7279102,0.7861915,0.7736944,0.81316346,0.7519252,0.77551615,0.80794704,1.0,
000000000000000000cc_0,0.7568483,0.7021407,0.71291864,0.7129425,0.72158056,0.72984207,0.71753824,0.77312773,0.79707915,0.7974266,0.81836665,0.8043785,0.63718414,0.765371,0.74965423,0.7503137,0.73302907,0.80637103,0.8230156,0.8874913,0.9143731,0.8953534,0.91861403,0.6544226,0.8988279,0.8940898,0.78134114,0.7442168,0.73103446,0.72748446,0.61004126,0.7405941,0.67953384,1.0,
000000000000000000cd_0,0.7652614,0.7963298,0.78713804,0.82315665,0.79275906,0.73445827,0.7660934,0.87746626,0.8145498,0.79442894,0.8119143,0.812933,0.75084525,0.7879342,0.85072917,0.8131423,0.8114734,0.8057962,0.8702202,0.78001547,0.8787669,0.8089304,0.89102566,0.78279084,0.84559494,0.9628099,0.88171357,0.7929985,0.79400414,0.72256726,0.67204696,0.7703837,0.7585317,1.0,
000000000000000000ce_0,0.64928156,0.8601036,0.81408584,0.81322193,0.79430956,0.7157795,0.81485355,0.7033898,0.8111111,0.7529668,0.742544,0.7164596,0.7121771,0.8232116,0.77926123,0.81793416,0.7882295,0.73697853,0.8262608,1.2024118,0.84,0.7502607,0.8756289,0.709791,0.8537936,0.8728902,0.8869381,0.7228018,0.6940815,0.8073904,0.72255975,0.67312044,0.80968565,1.0,
000000000000000000cf_0,0.8028515,0.61538464,0.83632076,0.83538586,0.7642559,0.67990315,0.72684544,0.7101681,0.6598712,0.7120675,0.6433803,0.6858345,0.73733336,0.6861134,0.7068671,0.70320076,0.7206209,0.78705096,0.6928124,0.74970144,0.74325216,0.69218457,0.75397426,0.6564246,0.7924773,0.78836805,0.799737,0.7037288,0.77828145,0.7146541,0.7576891,0.25442588,0.7548828,1.0,
000000000000000000d0_0,0.6814159,0.7604328,0.6353035,0.71900827,0.67682576,0.6214475,0.6821728,0.7071909,0.81201047,0.7264588,0.6895214,0.752087,0.5887796,0.6795206,0.75642294,0.7039768,0.766357,0.7043728,0.6149615,0.5152278,0.6487026,0.8177981,0.7712107,0.78483754,0.8619202,0.8954601,0.9151321,0.733156,0.46135968,0.6890034,0.5041257,0.5708067,0.6669375,1.0,
000000000000000000d1_0,0.8613607,0.849162,0.80595744,0.7102517,0.6580278,0.7301444,0.785096,0.8650345,0.74635243,0.7163317,0.7127457,0.7571561,0.8566553,0.7442324,0.7020316,0.592438,0.7829005,0.7311475,0.81326115,0.79494727,0.735368,0.7020511,0.7485971,0.7861552,0.75643563,0.76294994,0.9153226,0.8184974,0.7056323,0.6512571,0.61327094,0.6584299,0.62804145,1.0,
000000000000000000d2_0,0.70686173,0.7571616,0.6887686,0.80773044,0.77959603,0.71166825,0.6989083,0.7015674,0.6745971,0.36082473,0.6174719,0.69721115,0.72394043,0.4920635,0.4465318,0.68400955,0.44916573,0.50098747,0.45300952,0.5847152,0.74414974,0.525,0.6268657,0.6996312,0.5995086,0.85906243,0.80775195,0.6950673,0.7408568,0.30060607,0.64889,0.70050764,0.7117814,1.0,
000000000000000000d3_0,0.7279626,0.7474935,0.7419355,0.7424501,0.75932044,0.7171992,0.7805734,0.8150366,0.7515375,0.7950617,0.80901855,0.76624507,0.8001972,0.7972973,0.78507465,0.79802215,0.7440975,0.781173,0.7912893,0.8215276,0.7964427,0.8532374,0.9233098,0.7440334,0.90518194,0.84769773,0.959596,0.7020097,0.7044146,0.77887464,0.7109792,0.75892395,0.67300916,1.0,
000000000000000000d4_0,0.873165,0.8456865,0.89994377,0.84584296,0.85451406,0.8120985,0.8387209,0.8806697,0.82299083,0.87869364,0.8721273,0.89819723,0.83457816,0.90467787,0.88774896,0.8945946,0.76243865,0.8665907,0.83094686,0.8885617,0.82594854,0.78117585,0.8460237,0.8685055,0.87939936,0.85196507,0.8692504,0.84206057,0.8358209,0.82844096,0.7506374,0.7658976,0.8134893,1.0,
000000000000000000d5_0,0.66219836,0.57785016,-0.09147609,-0.21218275,-0.091412745,-0.10948905,-0.18995544,0.010324484,-0.1638796,-0.2027027,0.001396648,0.0038560412,0.7238427,-0.17457008,-0.2554966,0.2917749,-0.070757054,0.053714287,0.10769231,-0.27629232,0.26666668,-0.048661802,0.33564013,0.37145603,0.014623172,0.3502825,0.1394799,-0.20341048,-0.047021944,-0.0642534,0.015256588,0.11729141,0.13744076,1.0,
000000000000000000d6_0,0.80026513,0.8069482,0.48131472,0.6833667,0.71582735,0.6594761,0.7549477,0.8318492,0.78855777,0.80987203,0.6823464,0.74114174,0.82504374,0.73674494,0.7479814,0.80842745,0.7223414,0.7087667,0.73908985,0.77614856,0.7829233,0.8041494,0.7874763,0.8245944,0.8617822,0.85188633,0.8319362,0.8175944,0.6895569,0.68786716,0.6374502,0.66140175,0.73183787,1.0,
000000000000000000d7_0,0.8466623,0.8556231,0.7135772,0.7877013,0.7622797,0.63379014,0.7454168,0.91876644,0.7352,0.7797546,0.7862426,0.81428015,0.7946726,0.76438105,0.7636489,0.726612,0.77785146,0.7166243,0.81461114,0.75186443,0.75748116,0.7268977,0.8171075,0.79377615,0.82290435,0.7676001,0.78715485,0.8131137,0.6842606,0.7165316,0.67359304,0.62885493,0.68055975,1.0,
000000000000000000d8_0,0.8190974,0.7987928,0.78835,0.76217,0.73115504,0.7615958,0.7176897,0.7697368,0.7225718,0.7517176,0.737812,0.7799949,0.8576886,0.7281134,0.7339079,0.8338235,0.6887061,0.7422615,0.7232765,0.78081566,0.7897991,0.77301276,0.7866667,0.8114509,0.82505345,0.8447312,0.77398527,0.80346256,0.79747385,0.7769156,0.67281675,0.71736425,0.78079146,1.0,
000000000000000000d9_0,0.23873122,0.24805339,0.0075037517,-0.21424884,-0.14869466,-0.055944055,-0.18845649,-0.031375702,-0.072106265,-0.20689656,-0.23228699,0.07724645,0.6827295,-0.07117916,-0.18568233,0.007525454,-0.35530546,-0.1054614,-0.123032905,-0.14083399,-0.0032786885,-0.059656218,0.032136105,-0.176,-0.053391054,0.19770774,-0.0019417476,-0.31011608,0.23427041,-0.0016313214,0.086876154,0.24524803,0.44463372,1.0,
000000000000000000da_0,0.84184444,0.8092498,0.82769686,0.7123467,0.7200482,0.725283,0.77425635,0.7965939,0.8249865,0.7358876,0.84312683,0.7482935,0.8629808,0.771394,0.6852207,0.7017186,0.69488686,0.65483475,0.7001153,0.7626693,0.762625,0.7428078,0.6265985,0.8003972,0.7011385,0.828805,0.8160697,0.81626505,0.74356776,0.7588589,0.38875476,0.5779636,0.67573357,1.0,
000000000000000000db_0,0.7533764,0.81635517,0.78918916,0.70238405,0.724442,0.68213457,0.7048889,0.725935,0.7778587,0.7049964,0.74229544,0.73307216,0.7906137,0.76175547,0.7239521,0.695297,0.76361716,0.7580466,0.774235,0.78475106,0.78478324,0.6977199,0.74012405,0.75748426,0.72352093,0.7727037,0.7648328,0.7447667,0.7146318,0.79312605,0.59179527,0.6303158,0.6853651,1.0,
000000000000000000dc_0,0.7834171,0.7742105,0.6495468,0.6857884,0.7528474,0.5588785,0.7105263,0.7394202,0.70315945,0.7931961,0.6735962,0.746531,0.7762697,0.77685153,0.5575779,0.6692437,0.61710155,0.75912875,0.79706126,0.78956836,0.8061562,0.57979256,0.8086904,0.7495151,0.74312544,0.64444447,0.8066857,0.6843177,0.6524272,0.70562965,0.5821242,0.5418139,0.6268167,1.0,
000000000000000000dd_0,0.4699529,0.7162028,0.7700253,0.7262662,0.7400279,0.7161716,0.655288,0.5583535,0.7525999,0.70005417,0.73791623,0.70646614,0.81575924,0.7741686,0.7076554,0.69809204,0.58085304,0.5656033,0.8139623,0.8069148,0.7857424,0.7931559,0.69022316,0.8250545,0.63945895,0.8026588,0.6874382,0.8053567,0.6987403,0.7877232,0.6874455,0.67545456,0.70899594,1.0,
000000000000000000de_0,0.5215859,0.69455004,-0.07356322,-0.21808511,-0.13570487,-0.18032786,-0.21437423,0.01138647,-0.13939394,-0.23361823,-0.22604553,-0.12415071,0.58604866,-0.209557,-0.24978831,-0.027777778,-0.33988214,-0.053166896,-0.13639002,-0.31414267,0.00907441,-0.06884481,-0.03358209,-0.16373938,-0.03354037,0.044386424,-0.055793993,-0.2992126,0.06926407,-0.08947369,0.08868501,-0.107075766,0.13744076,1.0,
000000000000000000df_0,0.8540686,0.6803529,0.7856421,0.82900107,0.8194089,0.69489795,0.725777,0.7662815,0.698188,0.7956847,0.7635605,0.7715571,0.8283904,0.7966021,0.71649486,0.79912215,0.79013586,0.7836439,0.8244429,0.80490404,0.7793223,0.73458445,0.83806676,0.797791,0.8126813,0.82943296,0.8564232,0.7026091,0.63520676,0.8172839,0.71493214,0.67733335,0.8064218,1.0,
000000000000000000e0_0,0.7253502,0.72053635,0.4025974,-0.098570354,-0.112709835,0.032136105,-0.16447368,-0.03986429,0.16043957,-0.26900584,-0.028241334,-0.22757599,0.7470752,-0.18133047,-0.32387707,-0.059541985,-0.2782462,-0.03631757,0.06777494,-0.08208617,0.1146789,-0.08146639,-0.07171315,0.6070133,-0.029986963,0.203125,0.052380953,0.48286605,0.42379746,0.19374068,0.13649565,0.60728854,0.3919414,1.0,
000000000000000000e1_0,0.50631315,0.82788527,0.0026666666,-0.115002915,-0.11298077,-0.20565553,-0.16494845,0.10313216,-0.11490126,-0.16436252,-0.06547209,-0.16595224,0.68502915,-0.12192455,-0.03343465,-0.08231708,-0.14888488,-0.10177332,-0.10313316,0.009856631,0.25396827,-0.14910859,-0.069473684,0.5866321,0.06545454,0.6237738,0.264574,-0.11985899,0.07106599,0.022488756,0.10495382,0.275,0.13561848,1.0,
000000000000000000e2_0,0.755004,0.7436063,-0.034254145,-0.07409836,-0.112709835,-0.17092867,-0.20984565,-0.013937282,-0.09166667,-0.23722349,-0.04599874,-0.22705962,0.75978833,-0.2054696,-0.32387707,-0.0880829,-0.3222486,-0.178881,0.02567394,-0.0637539,0.073446326,-0.09711846,-0.076620825,0.22465754,-0.03626943,0.17934783,0.013953488,-0.15214564,0.0033003301,-0.0793934,0.14102565,0.33271718,0.106732346,1.0,
000000000000000000e3_0,0.8717523,0.876158,0.87623066,0.84578884,0.8355809,0.70671624,0.7411117,0.7638493,0.5694807,0.7558763,0.73800385,0.7204512,0.87490064,0.76447207,0.72045267,0.705635,0.729448,0.74448454,0.76820207,0.82889736,0.788975,0.7603726,0.8063578,0.8381446,0.8046828,0.83950615,0.832636,0.8673348,0.85583353,0.8245517,0.7766379,0.7859408,0.8469807,1.0,
000000000000000000e4_0,0.69580024,0.7007967,0.67505306,0.68,0.63909775,0.67793596,0.6636015,0.75394523,0.7330112,0.7583745,0.7442716,0.7423409,0.69590247,0.7568134,0.7542904,0.6966026,0.74465114,0.7254561,0.75886524,0.50561094,0.6483126,0.68325794,0.695052,0.7060519,0.83409256,0.8020329,0.76662016,0.7593718,0.57581395,0.52249926,0.56124115,0.568893,0.66364384,1.0,
000000000000000000e5_0,0.7312,0.73379034,0.71418566,0.73186207,0.74346507,0.72440124,0.74062926,0.9216182,0.68275285,0.41655716,0.24862486,-0.056561086,0.7454085,0.38279712,-0.10467413,-0.077885956,-0.17038009,-0.10953058,-0.22342342,-0.026188167,0.2647815,-0.08734403,0.43243244,0.7879234,0.016587678,0.8519834,0.4025501,0.78296256,0.7649758,0.8190149,0.6852699,0.75127023,0.78025883,1.0,
000000000000000000e6_0,0.6804438,0.6942572,0.6685774,0.68694746,0.7538016,0.64448905,0.7112569,0.73456603,0.7095907,0.73458993,0.75884664,0.73457855,0.6472483,0.69246644,0.6463476,0.6494074,0.67195004,0.7532676,0.78521436,0.79573673,0.8143726,0.89385474,0.90884864,0.5648755,0.9158157,0.8597525,0.89646834,0.64923376,0.6578313,0.64120966,0.5963523,0.6418301,0.65753764,1.0,
000000000000000000e7_0,0.8718991,0.8570804,0.66429496,0.68472373,0.70988375,0.60097474,0.70421594,0.67873305,0.6177593,0.7104558,0.77003485,0.7822321,0.85833335,0.7508324,0.737931,0.73428446,0.75208914,0.75713545,0.8286883,0.8241309,0.82599413,0.804299,0.8071845,0.85413605,0.7791762,0.83016264,0.82244205,0.7442201,0.74971557,0.6526238,0.570985,0.5582938,0.6086702,1.0,
000000000000000000ea_0,0.8599783,0.8249158,0.8615087,0.77992743,0.8256569,0.77004886,0.7912694,0.82322633,0.8162259,0.82687926,0.83273935,0.82821226,0.8546832,0.8173285,0.7923362,0.8145258,0.83751255,0.84316653,0.8265119,0.8103511,0.91005915,0.8469751,0.953405,0.835236,0.8751643,0.8519362,0.8592555,0.8262304,0.7918062,0.81861806,0.69536424,0.81448275,0.7777778,1.0,
000000000000000000eb_0,0.7947625,0.4944731,0.12171838,-0.21052632,-0.05381166,-0.14864865,-0.15571485,0.0,-0.1418919,-0.1511254,-0.18885988,-0.15339233,0.6633663,-0.12202689,-0.1828877,-0.002806361,-0.21800947,-0.010577706,0.06424581,-0.23522854,0.012224939,-0.15509601,-0.04012841,0.6536482,-0.11111111,-0.04725898,0.07782101,-0.2508591,0.00862069,0.022421524,0.13513513,0.13675214,0.15803815,1.0,
000000000000000000ec_0,0.7320856,0.6900369,0.6927711,0.74515504,0.7643115,0.69282514,0.654878,0.70895773,0.7039275,0.73874724,0.76237017,0.48203844,0.7506802,0.38245615,-0.057757646,0.029425953,-0.018028846,0.09351145,0.036093418,0.07103394,0.36187562,-0.07284768,0.7954979,0.6797098,-0.07067669,0.6370107,0.7002082,0.45948315,0.642596,0.4479452,0.5540098,0.72591007,0.7255102,1.0,
000000000000000000ed_0,0.80714285,0.7991993,0.8426184,0.8219261,0.8508854,0.8110528,0.8552733,0.86613226,0.8368457,0.8433615,0.85522294,0.77349055,0.7957851,0.86214954,0.7538168,0.76627827,0.8099117,0.72598094,0.793765,0.80660105,0.782708,0.8277038,0.8190289,0.8141084,0.86455584,0.8737271,0.81148565,0.8276334,0.80191696,0.825238,0.77032465,0.783152,0.8204127,1.0,
000000000000000000ee_0,0.70083815,0.75382006,0.74265546,0.5931737,0.50421584,0.65183866,0.71756124,0.78187275,0.71011794,0.60986066,0.6192203,0.6771967,0.7781729,0.59638876,0.61821705,0.7018007,0.6013267,0.7017078,0.65601504,0.725552,0.726834,0.57639307,0.78798586,0.714907,0.7707343,0.67745805,0.7981557,0.7040058,0.7775531,0.7158225,0.43114483,0.47447208,0.6324461,1.0,
000000000000000000ef_0,0.6441484,0.42206234,-0.047398843,-0.14509805,-0.11298077,-0.212,-0.16643357,-0.03236246,-0.23444976,-0.270073,-0.054018445,-0.16566867,0.15396114,-0.14668153,-0.1704871,-0.033514492,-0.12011719,-0.09271297,-0.15414634,0.030625831,0.06633907,-0.11646587,-0.100877196,-0.20348836,-0.06703911,0.16120906,0.006451613,-0.25287357,-0.0015948963,-0.013364323,0.083083086,0.101045296,0.027910143,1.0,
000000000000000000f0_0,0.8591719,0.78738624,0.82017845,0.8341554,0.8490566,0.8413447,0.8557505,0.8851497,0.83,0.8395265,0.8600946,0.75927603,0.7974151,0.79460174,0.7003877,0.8125846,0.8137072,0.7557148,0.76669115,0.7834269,0.7408823,0.8225017,0.8008299,0.7921542,0.8282741,0.85058564,0.82545453,0.8199728,0.7626539,0.7811067,0.749528,0.79384524,0.80480295,1.0,
000000000000000000f1_0,0.79001945,0.7490468,0.2399086,0.15808824,0.2025902,0.21630804,0.03516999,0.113879,0.1423611,0.6166565,-0.010385756,0.14501718,0.73544973,-0.03461063,-0.0028296548,0.13706794,-0.09102016,0.059936907,-0.026375283,0.13703284,0.37980565,0.46163216,0.38593483,0.6727925,0.22207622,0.5005701,0.26086956,0.27988046,0.55698234,0.32010445,0.29861403,0.38425925,0.36742935,1.0,
000000000000000000f2_0,0.8009235,0.8268398,0.8072009,0.8288288,0.83120877,0.78510636,0.82102907,0.8345136,0.8113553,0.7303226,0.8546684,0.79060984,0.82226866,0.7772277,0.7672209,0.75061363,0.83363146,0.77189887,0.75672513,0.7367491,0.7076846,0.74703556,0.7604938,0.8540734,0.84747213,0.87992495,0.7943564,0.8249337,0.74832535,0.7640068,0.749528,0.7716263,0.77762526,1.0,
000000000000000000f3_0,0.7541703,0.7107471,-0.12957467,-0.12785389,-0.13595167,-0.23353294,-0.14809383,-0.1534795,-0.17235902,-0.2902805,-0.2845878,-0.13336904,0.7594869,-0.17411226,-0.28898582,-0.056603774,-0.025922233,-0.1462074,-0.18318318,-0.050063103,0.23853211,-0.10983982,-0.050251257,0.7427111,0.009746589,0.25641027,0.26865673,-0.29565218,0.1751663,-0.029451137,0.12084384,0.16331658,0.05905773,1.0,
000000000000000000f4_0,0.6914621,0.756123,-0.076771654,-0.29587483,-0.091412745,-0.10763889,-0.17123038,-0.26914153,-0.17429194,-0.23197491,-0.06838106,-0.23884514,0.7256338,-0.22797044,-0.25089607,0.004255319,-0.12066439,-0.12933525,-0.15857013,-0.15715203,-0.11557789,-0.1384083,-0.12974052,-0.22650231,-0.083129585,0.15680166,-0.260745,-0.3473424,0.006329114,-0.055523086,0.06949458,0.11510792,0.21061093,1.0,
000000000000000000f5_0,0.57652473,0.64478064,0.281362,0.74382955,0.7816813,0.54768246,0.11883252,-0.19066148,0.42086068,0.28908554,0.12961012,0.13953489,0.75169533,0.38916257,0.42857143,0.25632912,0.084070794,0.18644068,0.30544993,0.17938931,0.32679245,-0.03539823,0.11111111,0.6422764,0.23896104,0.12837838,0.44268078,0.34541062,0.6506928,-0.045359384,0.17801857,0.5785737,0.6831739,1.0,
000000000000000000f6_0,0.6645061,0.60990185,0.34415585,-0.14881623,-0.05487122,0.20449078,-0.07993967,0.08186196,0.13994911,-0.06563161,-0.07298578,0.25102574,0.3432836,-0.011173184,0.086519115,0.21103448,0.04649721,0.049004596,-0.09460516,-0.14730291,0.23042506,0.120464444,0.10499139,0.42613637,-0.073005095,0.29938272,0.13664596,0.6749696,0.420339,0.20294118,0.10325477,-0.12694877,0.21776505,1.0,
000000000000000000f7_0,0.68536794,0.65686864,0.6471759,0.6606786,0.67465466,0.6617166,0.7018326,0.7014531,0.62182313,0.5736434,0.58258164,0.63084394,0.6776938,0.61056477,0.632005,0.6669127,0.64745975,0.6742523,0.72395664,0.6944929,0.69308114,0.61683166,0.70298046,0.72392225,0.63779104,0.7014413,0.72749394,0.7154715,0.71481395,0.68194896,0.42823872,0.5017341,0.6303081,1.0,
000000000000000000f8_0,0.7655592,0.73889834,-0.14106584,-0.13636364,-0.091412745,-0.10763889,-0.15925926,-0.2840909,-0.19650654,-0.26237288,-0.10836278,-0.23884514,0.5968543,-0.19075145,-0.19982356,-0.05725699,-0.12066439,-0.13990007,-0.17073171,-0.14785992,-0.17460318,-0.11601151,-0.0985325,-0.22461538,-0.049009386,0.14942528,-0.23467863,-0.3473424,0.00792393,-0.037522335,0.058777735,0.07052897,0.18166667,1.0,
000000000000000000f9_0,0.5490595,0.68713295,0.37721288,0.6811857,0.7663957,0.5754517,0.3460972,-0.15377268,0.7624521,0.41603053,0.04186952,0.06818182,0.6045761,0.08629441,-0.28715366,0.0,-0.123809524,-0.016806724,0.12589929,0.009803922,0.27920792,-0.20122574,0.026666667,0.62474394,0.12797283,0.51789075,0.10526316,-0.17278618,0.75108933,0.016771488,0.15629523,0.33481154,0.43445504,1.0,
000000000000000000fa_0,0.663249,0.6472594,0.5649832,0.77400297,0.73339397,0.57773745,0.45869812,-0.17248061,0.32771084,0.13201821,0.10638298,0.08169014,0.64888364,0.13061798,-0.23237835,0.013452915,0.0076502734,0.15467075,0.47671232,0.16290727,0.2616137,-0.13871635,0.2037037,0.67416173,0.16801853,0.82007915,0.24528302,0.69402987,0.81888413,0.71009177,0.37284482,0.71163964,0.796875,1.0,
000000000000000000fb_0,0.8022081,0.7909223,-0.07723413,-0.14466071,-0.091295116,-0.23573735,-0.2,-0.2835821,-0.13598673,-0.26187247,-0.10836278,-0.2658228,0.15091679,-0.21140398,-0.20785804,-0.14106146,-0.128,-0.13990007,-0.1482622,-0.1472332,0.020600352,-0.16314779,-0.10315789,-0.20542635,-0.07865169,0.16071428,-0.21038961,-0.25287357,0.07692308,-0.0982962,0.08559919,0.02774427,0.18610863,1.0,
000000000000000000fc_0,0.73356104,0.74707943,-0.14165792,-0.11468971,-0.21067415,-0.21104816,0.42498988,-0.2,-0.17235902,-0.2902805,-0.23896499,-0.14083742,0.7069901,-0.19139548,-0.262847,-0.05771812,-0.15878788,-0.11526856,-0.21576165,-0.08578143,-0.11658456,-0.13934426,-0.30201343,0.23729563,-0.123853214,0.11904762,-0.35714287,-0.25431532,-0.07853403,-0.02687877,0.13708451,0.028985508,0.024495678,1.0,
000000000000000000fd_0,0.8218391,0.8232746,0.62437147,0.59512836,0.52628505,0.5498008,0.7164531,0.7034241,0.74917823,0.75754476,0.7670576,0.752716,0.7797927,0.7747525,0.7887789,0.75885373,0.7826087,0.7919203,0.79907435,0.8252055,0.8115243,0.81334007,0.8685285,0.8403087,0.8499184,0.8589651,0.8663529,0.8405213,0.81312,0.6126126,0.3909492,0.31488407,0.5408753,1.0,
000000000000000000fe_0,0.7691238,0.8310862,0.75004977,0.79234236,0.80036545,0.7086128,0.7439659,0.7612067,0.66215897,0.7271845,0.67245173,0.74045026,0.78644645,0.77093595,0.5580563,0.7707219,0.7747917,0.734117,0.75348705,0.72290444,0.7517962,0.665146,0.76387805,0.81714284,0.69052225,0.6304999,0.5177751,0.8444159,0.8079399,0.82043165,0.45329118,0.6265417,0.7405433,1.0,
000000000000000000ff_0,0.70484245,0.7233933,0.5188166,0.7570909,0.7582205,0.69399834,0.6911834,0.6943536,0.69010484,0.79995316,0.6914666,0.7749329,0.6760259,0.7010473,0.6112941,0.71526,0.6965557,0.648338,0.7319277,0.6624864,0.6850974,0.6138066,0.62693155,0.6680182,0.4868391,0.5443787,0.46114558,0.7384412,0.720884,0.70154375,0.59755266,0.5908996,0.6500608,1.0,
00000000000000000100_0,0.7097354,0.72706836,-0.04675964,-0.17925386,-0.01710171,-0.16617733,-0.15280738,-0.27072927,-0.21081081,-0.25313282,-0.25174826,-0.15584415,0.779709,-0.20723684,-0.23659617,-0.037936267,-0.1181634,-0.1564084,-0.18667917,-0.15478425,-0.13432837,-0.14814815,-0.33015496,0.7751371,-0.025641026,-0.15684094,-0.10869565,-0.25259516,0.76099974,-0.10117647,-0.003717472,0.11319149,0.034905083,1.0,
