system:index,VALUE,Wetness,Wetness_1,Wetness_10,Wetness_11,Wetness_12,Wetness_13,Wetness_14,Wetness_15,Wetness_16,Wetness_17,Wetness_18,Wetness_19,Wetness_2,Wetness_20,Wetness_21,Wetness_22,Wetness_23,Wetness_24,Wetness_25,Wetness_26,Wetness_27,Wetness_28,Wetness_29,Wetness_3,Wetness_30,Wetness_31,Wetness_32,Wetness_4,Wetness_5,Wetness_6,Wetness_7,Wetness_8,Wetness_9,.geo
00000000000000000000_0,1.0,-17.673399,-118.653946,-15.0069,-37.7125,-258.5484,-135.3937,-257.5546,-158.2487,-92.5043,-298.6583,-502.178,-413.4788,-77.4699,-110.0927,-142.44466,-222.58011,-181.5417,-155.95786,-254.5487,-127.7971,-273.5263,5.105449999999962,39.44669999999997,-195.0775,58.88979999999998,55.55484999999995,61.251049999999964,-62.1956,-163.1183,-210.34375,90.2572,-58.349,-338.2219,
00000000000000000001_0,1.0,-104.61325,-203.9297,4.9828,-247.22845,-33.43035,-187.5635,-14.6844,-385.15936,-354.9246,-448.1543,-384.7929,-286.3322,-160.2777,-220.9826,-151.58224,-305.60025,-322.04688,-289.7367,-277.8162,-359.23566,-442.15396,-20.431100000000022,28.38129999999996,-267.7134,36.56269999999999,28.31020000000015,13.599999999999966,-235.0519,-239.0773,-319.6783,-338.3741,-84.6306,-144.5972,
00000000000000000002_0,1.0,-758.9993,-797.4008,-714.36755,-867.3853,-781.07666,-908.3679,-849.9219,-1079.656,-1097.4999,-1224.6575,-1018.2593,-829.3838,-1015.3457,-1151.1498,-935.0616,-965.35474,-976.12714,-1037.7797,-878.48706,-1124.2183,-1159.0579,-144.7915000000001,-31.606750000000005,-985.00244,-58.04049999999998,-139.24619999999987,-79.34540000000015,-764.7071,-652.024,-767.4982,-748.3155,-828.6244,-864.8754,
00000000000000000003_0,1.0,50.0061,-214.3952,-19.3894,-259.6101,-363.2383,-148.4257,-142.2463,-278.52255,-254.46455,-466.15036,-291.04797,-125.3117,-296.61133,-103.9866,-27.18275,-214.0314,-237.14111,-197.3296,-227.7844,-449.53497,-340.58563,-8.068699999999998,-48.24140000000003,-203.6563,-13.079599999999996,-1.756250000000005,-0.3953000000000335,2.5922,-348.89362,-309.9578,-323.1106,-26.0238,-273.42114,
00000000000000000004_0,1.0,-825.6202,-769.0935,-1320.372,-1450.554,-1121.0391,-1432.7905,-1492.2517,-1656.517,-1951.4596,-1725.06,-1826.3724,-1720.6617,-747.0145,-1572.4982,-1815.8826,-1734.1838,-1480.019,-1374.4248,-1624.0126,-1594.4487,-2043.9343,-954.0509500000001,-565.3913,-854.3262,-279.199,-500.2054000000001,-718.8412999999999,-806.9814,-841.06323,-702.2834,-1264.8652,-1279.1082,-1254.1135,
00000000000000000005_0,1.0,-746.42786,-784.1907,-769.43787,-869.8579,-949.8934,-1313.0974,-1235.3712,-1191.4033,-940.3272,-1354.2787,-1518.0177,-1267.889,-877.9482,-949.2112,-981.84344,-1211.7638,-994.2208,-900.36707,-992.5769,-981.8402,-1523.5538,-253.98490000000004,-500.6273500000002,-1669.7283,-106.23539999999986,-54.462199999999996,-257.5930999999999,-1107.2307,-1128.0096,-750.5899,-1307.1272,-686.8015,-1550.6819,
00000000000000000006_0,1.0,-253.6512,-288.346,-198.3776,-236.4641,-386.5528,-384.33563,-392.3614,-342.2893,-390.8749,-559.9659,-509.58618,-329.6311,-238.59344,-315.19476,-303.2764,-379.6199,-468.9234,-290.73944,-441.35385,-391.25708,-577.4247,68.2288999999999,66.96680000000002,-391.27478,105.42319999999997,124.04289999999983,73.39980000000003,-399.01953,-340.4131,-267.48505,-112.332,-29.3128,-463.1486,
00000000000000000007_0,1.0,-596.8527,-484.00244,-1101.8018,-1118.1304,-1267.5778,-1170.7065,-1189.0768,-1166.7562,-1319.9336,-1534.5079,-1463.0875,-1172.9573,-469.97,-1249.081,-1366.1536,-1627.7423,-1329.3702,-1205.6462,-1412.2665,-1205.1179,-1591.7245,-849.0285000000001,-618.11045,-577.239,-445.78669999999994,-487.13635,-419.7849999999999,-1072.7036,-699.5022,-1294.0424,-1122.9299,-1169.6138,-1024.9008,
00000000000000000008_0,1.0,-192.74,-442.68658,-89.0206,-295.26886,-288.9905,-448.6733,-451.6796,-699.2789,-638.1721,-624.0044,-708.30347,-529.9562,-327.46594,-539.4857,-630.8017,-653.2535,-625.54425,-575.8432,-540.4079,-658.2791,-782.2786,-154.789,-39.56300000000002,-447.4364,-68.2473,-65.19240000000002,-30.675700000000035,-206.1506,-339.3828,-219.5859,-304.34625,-364.4925,-362.7964,
00000000000000000009_0,1.0,-629.9586,-644.1457,-1031.831,-1065.9938,-1255.2673,-1116.3411,-1396.0107,-1604.622,-1274.4133,-1659.3467,-1319.9362,-1201.76,-715.7219,-1368.8336,-1156.191,-1795.6165,-1326.4229,-1168.6688,-1183.48,-1265.4779,-1989.451,-790.8933999999998,-691.6855,-1308.0988,-474.39375000000007,-720.0183000000001,-918.4744999999999,-751.1532,-1617.2299,-1248.346,-988.1647,-1532.4268,-1244.492,
0000000000000000000a_0,1.0,36.77655,-57.58,-8.7246,-25.4386,-91.4153,-51.0851,-62.4665,-84.3787,-88.354355,-215.51456,-119.7159,-58.39315,-11.2463,-73.039,-50.66165,-90.78055,-107.1559,-89.3203,-45.8411,-65.4921,-202.2432,-8.102499999999992,-38.8331,-156.67871,-15.137599999999992,-23.887600000000006,-33.05514999999998,7.3110504,-105.61865,25.15835,-167.8396,-102.94245,-8.5582,
0000000000000000000b_0,1.0,-168.8264,-357.83264,-105.3741,-361.49487,-442.8614,-338.2256,-249.60464,-533.66833,-547.2262,-647.62714,-436.8713,-312.9934,-452.7433,-315.6718,-613.2654,-594.5874,-570.3509,-426.6153,-522.3733,-637.34534,-709.54596,31.431699999999992,63.079900000000016,-537.0607,72.20365000000001,104.062,106.49219999999995,-160.659,-472.67322,-396.1562,-562.3516,-414.3114,-433.6428,
0000000000000000000c_0,1.0,-329.2354,-479.03314,-594.8905,-823.1578,-1092.5247,-991.657,-961.1307,-1216.6355,-876.315,-1111.7151,-1071.0925,-1124.4578,-1029.2168,-928.7881,-851.7119,-1361.6105,-973.6272,-759.846,-771.4766,-1082.7695,-1174.1908,-420.22720000000004,-845.3254999999999,-822.564,-396.72074999999995,-418.36310000000003,-547.5227500000001,-442.6199,-727.6373,-1124.2028,-1038.855,-512.4304,-1230.5896,
0000000000000000000d_0,1.0,-1725.4268,-1433.7969,-1460.4553,-1334.0724,-1126.4241,-1435.0822,-1403.4176,-1530.5491,-1650.9207,-1820.2079,-1618.3824,-1573.5732,-1561.3342,-1382.1256,-1453.7891,-1458.9155,-1238.147,-1374.6733,-1386.8234,-1517.0547,-1722.2678,-363.8246999999999,-189.73009999999994,-1553.4467,-285.66985000000005,-204.74810000000002,-123.59989999999988,-1190.0521,-1187.4615,-1391.9064,-1420.3351,-1664.7214,-1240.1318,
0000000000000000000e_0,1.0,-649.6882,-613.49,-921.0102,-781.3794,-788.73096,-864.78064,-934.6688,-954.6534,-1003.965,-1120.4915,-878.7888,-826.7216,-612.30273,-929.9302,-904.013,-874.4032,-811.341,-861.3568,-889.97107,-944.01587,-1129.8464,-5.348999999999961,74.76025000000001,-836.4887,20.738950000000102,72.88260000000031,41.18509999999981,-677.6055,-548.0919,-703.0065,-663.97253,-844.5341,-883.6538,
0000000000000000000f_0,1.0,-415.6072,-592.4684,-43.7557,-379.1945,-603.5693,-576.8009,-545.0467,-733.897,-792.9158,-949.8933,-738.2759,-608.64087,-387.6106,-743.4749,-642.9633,-644.08386,-728.2879,-665.8262,-559.749,-816.3184,-865.34485,33.883299999999906,73.555,-537.1138,79.68890000000005,126.30219999999997,138.11220000000026,-405.2658,-1407.8035,-654.47705,-581.5696,-616.4717,-603.3159,
00000000000000000010_0,1.0,-542.41785,-773.1205,-405.9074,-567.4772,-792.7706,-877.3143,-706.4315,-979.6773,-1397.4705,-931.33185,-1191.2516,-795.6845,-616.7968,-701.744,-1061.632,-966.79456,-1129.1794,-839.6303,-723.88745,-955.5027,-1555.6115,-414.3522,-448.2876000000002,-839.6862,-497.24949999999995,-404.00300000000016,-423.0257500000001,-645.7634,-755.0501,-396.67056,-879.1069,-794.0003,-740.1183,
00000000000000000012_0,1.0,-1089.8882,-859.5398,-880.399,-955.7334,-1071.6566,-1184.4056,-1147.8992,-1214.7849,-1447.0741,-1496.6797,-1217.4287,-1304.4734,-808.50793,-1338.5774,-1399.5889,-1488.8232,-1330.467,-1355.6215,-1037.1433,-1267.7937,-1254.9114,-1012.2801000000002,-333.1233500000001,-816.4,-75.85400000000004,-354.2116000000001,-533.5593,-747.7737,-1480.6143,-1077.1296,-1001.18835,-1179.4,-1141.4484,
00000000000000000013_0,1.0,-1227.0778,-1274.6613,-763.5153,-1036.9517,-991.1277,-1135.4482,-1094.5438,-1658.0854,-1506.6787,-1411.3245,-1357.242,-1235.0271,-835.4172,-1133.9637,-1213.828,-1354.8098,-1168.5657,-1247.3296,-1010.9346,-1235.9486,-1941.2224,-423.2164,-588.4439500000001,-1051.9209,-331.02115,-301.14590000000015,-229.35250000000005,-710.6562,-943.7466,-754.3003,-939.0475,-1009.6663,-1224.6259,
00000000000000000014_0,1.0,-1558.82,-1059.1691,-1255.4445,-1240.8423,-1274.9479,-1339.8682,-1362.2145,-1536.513,-1749.7654,-1766.5657,-1763.5178,-1508.5625,-1270.2311,-1276.0842,-1360.0245,-1625.425,-1531.2588,-1233.1931,-1400.9102,-1402.9248,-1649.7769,-392.0378999999999,-351.5099500000001,-1619.4926,-414.4631000000001,-250.97085,-142.2321999999999,-1692.8799,-1564.9775,-1298.2546,-1374.4872,-921.11523,-1649.7574,
00000000000000000015_0,1.0,-969.681,-953.43,-1089.9138,-1617.2009,-1457.283,-1349.2844,-1297.7603,-1559.3463,-1447.3523,-1622.8887,-1411.0923,-1337.066,-894.62964,-1246.6731,-1297.7379,-1165.0107,-1164.2148,-1197.0735,-1047.7618,-1180.6599,-1451.0084,-86.60849999999994,-99.31639999999999,-1052.4698,-104.93709999999987,-180.1989000000002,-111.2151,-856.7963,-910.5479,-927.90686,-1433.5981,-1417.2917,-1226.2448,
00000000000000000018_0,1.0,-931.6716,-701.9803,-637.999,-467.5527,-554.1559,-930.9553,-918.8959,-1359.4058,-1539.0217,-1521.5398,-1587.0454,-1034.8983,-588.09937,-1014.2487,-1134.5396,-1165.9176,-1102.4949,-1072.093,-1085.3795,-1143.573,-1595.6792,-750.7538000000002,-404.45225000000005,-734.8871,-446.2469,-259.02580000000006,-324.0660999999999,-602.90283,-463.4659,-638.0458,-988.0589,-931.8145,-795.7901,
00000000000000000019_0,1.0,-315.5837,-349.8505,-291.3615,-264.1608,-357.21506,-421.152,-389.0674,-539.9561,-487.4996,-686.9384,-645.6258,-431.3764,-253.68854,-546.1932,-465.3516,-433.6405,-543.3454,-463.1027,-586.69086,-444.18884,-538.1595,119.60439999999998,88.64210000000008,-369.3297,64.49500000000006,99.5124,90.55190000000005,-423.50952,-335.0536,-236.4332,-294.2045,-35.9936,-445.0888,
0000000000000000001a_0,1.0,-968.0508,-847.89197,-797.9237,-681.19104,-642.479,-1061.8965,-1269.9918,-1222.2986,-1411.9214,-1407.3164,-1239.6814,-1421.5896,-621.0311,-1354.6836,-1607.7526,-1879.1606,-1876.6537,-1757.2454,-1492.5496,-1720.1185,-1909.3066,-1049.1741000000002,-762.03485,-1001.7649,-834.4703999999998,-429.9792,-521.3129,-837.6241,-921.8621,-776.1292,-1282.0242,-1267.8552,-922.8821,
0000000000000000001b_0,1.0,-186.2862,-337.92273,-127.3618,-234.5021,-369.4536,-283.86462,-355.5279,-460.415,-521.9669,-628.8417,-537.8789,-361.77588,-217.0723,-353.7798,-386.47437,-381.9182,-544.0529,-424.9579,-391.84805,-465.53604,-715.5581,30.605300000000028,70.2696,-367.6978,97.25999999999999,108.61309999999989,108.3267,-291.6118,-323.6814,-208.1799,-390.86005,-323.41516,-327.8506,
0000000000000000001c_0,1.0,-733.207,-645.9247,-1042.7039,-835.6748,-803.8375,-1052.4514,-960.9365,-1294.8345,-1420.3806,-1399.5796,-1421.7582,-1293.5547,-711.2747,-1159.9443,-1301.0435,-1106.0952,-1119.8529,-1196.7742,-1234.5219,-1466.7703,-1285.2365,-229.92860000000024,-166.1491999999999,-882.6489,-230.63780000000006,189.24160000000006,63.89789999999991,-700.2402,-1001.9951,-772.3496,-956.16797,-675.8187,-855.60736,
0000000000000000001d_0,1.0,-822.25024,-782.5188,-1481.3221,-1192.1046,-1233.2937,-1448.166,-1670.239,-1952.8379,-2177.1042,-1730.7316,-1847.279,-2263.8467,-743.1926,-1725.9156,-1590.7477,-1818.5151,-1729.1892,-1499.4847,-1711.3706,-1491.3977,-1960.2588,-859.1879000000001,-1612.2399,-818.7256,-1269.54315,-1318.1154000000001,-1107.39865,-1243.0132,-1323.2601,-1141.651,-1270.2043,-1428.0342,-1291.5507,
0000000000000000001f_0,1.0,-789.1305,-1036.9758,-1511.9585,-1570.3162,-1434.7292,-1670.6455,-1304.1113,-2322.8801,-1770.1968,-1604.8022,-1789.8707,-1719.5544,-1214.6201,-1720.7057,-1617.126,-1690.2448,-1571.0273,-1415.7622,-1396.8047,-1923.7644,-2080.2322,-736.3978500000002,-521.31935,-1578.9197,-231.48149999999998,-280.98120000000006,-628.3649000000001,-1626.4348,-1093.2379,-1506.6929,-1675.8977,-1531.2644,-1683.855,
00000000000000000020_0,1.0,-821.7769,-1028.418,-1136.593,-1013.5171,-990.6828,-1022.9012,-1206.9757,-1273.3778,-1433.0741,-1720.6278,-1460.7563,-1345.8806,-1162.041,-1189.3481,-1316.1931,-1629.3203,-1503.752,-1153.7383,-1664.6255,-1425.303,-1410.5083,55.458700000000135,161.4172,-1114.0166,-37.04094999999991,-33.05770000000001,24.27699999999996,-977.336,-979.8134,-926.3938,-1202.1145,-981.5337,-1035.8007,
00000000000000000021_0,1.0,-349.7826,-435.4707,-308.4118,-743.83203,-614.37427,-503.76,-777.5908,-1368.7637,-1187.1545,-1107.7833,-815.4037,-627.3445,-442.6171,-684.8666,-620.27167,-741.0269,-738.8878,-838.62854,-863.8837,-854.9993,-942.9375,-105.18620000000001,-164.01824999999994,-1297.2649,-69.82139999999998,-79.15930000000003,26.270800000000122,-766.9463,-986.5554,-672.4719,-718.84814,-977.6121,-739.4406,
00000000000000000022_0,1.0,-869.1061,-898.4127,-556.93866,-864.5453,-902.7212,-1212.7631,-1018.8179,-1463.0044,-1153.9976,-1244.8423,-1305.2903,-1171.8792,-767.48004,-959.1431,-978.5339,-1200.924,-978.5801,-986.3204,-1067.6458,-995.1763,-1258.8691,-506.56239999999974,-26.216000000000008,-1053.1842,-692.0607,-5.576799999999878,-197.04399999999998,-578.4643,-933.7846,-621.5581,-839.45215,-980.5785,-931.5569,
00000000000000000023_0,1.0,-1069.2136,-939.1474,-1541.5365,-1774.3181,-1499.154,-1866.4678,-2192.2207,-2800.1914,-2712.1567,-2323.0833,-2619.0906,-2310.2883,-828.3038,-2091.2107,-2380.6694,-2244.6523,-1960.08,-2040.4652,-1743.7614,-2247.1802,-2673.0532,-1291.4276,-981.982,-924.1974,-1397.3861000000002,-873.4093,-909.8974499999999,-3084.196,-2029.7874,-1337.6204,-2040.2845,-1784.1947,-2158.8535,
00000000000000000025_0,1.0,-46.2418,-346.0077,-111.1564,-126.38005,-428.78564,-826.6351,-284.93243,-586.9296,-576.0188,-784.4498,-1016.9539,-415.535,-519.0776,-293.3925,-468.5237,-590.8342,-356.99985,-328.1585,-596.2258,-559.20764,-440.64276,-480.8717,-109.15829999999983,-479.81256,-39.77644999999998,-5.389999999999986,-160.70479999999998,-504.3276,-657.3475,-623.6675,-123.2364,-609.74536,-889.4768,
00000000000000000027_0,1.0,-522.96,-578.1415,-876.60864,-751.84045,-659.75806,-1022.51587,-964.3184,-1020.82605,-1157.3595,-1164.0541,-1073.4382,-1035.3728,-542.3784,-1147.356,-1143.2261,-1008.4586,-1116.7456,-895.3239,-976.8932,-1300.6642,-1651.9456,-423.5632500000001,-393.0563000000001,-709.30444,-396.82349999999974,-587.8442999999999,-335.2522000000001,-1370.2107,-1029.1978,-1120.2739,-1021.5949,-1464.9298,-1236.2231,
00000000000000000028_0,1.0,-414.1925,-497.29907,-415.2047,-406.64694,-428.99146,-935.489,-728.6704,-826.29675,-821.2166,-945.32947,-794.1543,-687.2826,-626.0868,-657.9135,-671.3078,-659.2634,-766.2254,-644.0442,-738.8914,-860.8836,-1024.6841,-113.25409999999994,-11.361100000000022,-554.79474,-36.135100000000165,72.29759999999999,-25.505799999999937,-529.8705,-538.3985,-387.984,-461.3318,-356.08997,-554.6974,
00000000000000000029_0,1.0,-1073.5977,-863.28613,-1103.639,-1061.0092,-1243.6619,-1155.1597,-1084.2563,-1227.8779,-1385.1473,-1711.8944,-1581.8706,-1230.0074,-988.9558,-1214.0978,-1191.2148,-1712.4556,-979.1954,-1548.5582,-1393.4388,-1329.0939,-2074.3462,-810.2247500000001,-430.32395,-1421.2865,-427.8964000000001,-655.9752000000002,-743.3845000000003,-910.97424,-1012.0309,-878.5901,-894.67535,-1176.4885,-1092.8865,
0000000000000000002a_0,1.0,-903.5223,-1160.76,-985.1689,-894.4149,-872.503,-961.04297,-1151.5088,-1460.6659,-1381.9866,-1626.0386,-1764.3701,-1218.3923,-951.3361,-1147.893,-1294.6663,-1347.702,-1111.033,-1125.2593,-1265.9255,-1355.1328,-1555.3186,-560.6169,-150.79035000000005,-1255.8735,-216.47230000000008,-113.32834999999994,-223.63379999999995,-838.808,-1238.552,-809.4557,-1004.342,-1190.2023,-1362.2316,
0000000000000000002b_0,1.0,-847.8667,-1188.1115,-698.9426,-791.505,-863.0669,-1853.6125,-2372.1245,-2089.7476,-1975.4297,-1912.0435,-1845.4268,-1286.0486,-892.6419,-1132.3442,-1198.0312,-1386.4923,-1507.0134,-1155.3828,-1229.8774,-1259.3315,-1255.3495,-565.5439499999999,-542.8880000000001,-1255.7161,-325.45379999999994,-490.0339500000002,-762.2094999999999,-731.92664,-718.217,-686.8588,-640.9159,-1584.9176,-1177.7089,
0000000000000000002c_0,1.0,-878.73157,-1776.8928,-976.7782,-936.32007,-957.4395,-980.05975,-1066.8389,-1104.0365,-1224.8278,-1367.7607,-1201.9224,-2574.1519,-1513.0945,-1671.219,-2568.2632,-2677.0176,-2287.2852,-1649.4014,-1992.6785,-2441.4722,-2391.8398,-1286.3365,-826.7229999999998,-1167.1346,-304.6314500000001,-491.7803,-604.0261,-978.86584,-856.4942,-938.32336,-792.6233,-886.6771,-926.3073,
0000000000000000002d_0,1.0,-1636.8092,-1319.6974,-1600.9419,-1181.5995,-822.13776,-1557.5729,-1484.4672,-1804.645,-1726.4304,-1413.4617,-1349.5261,-1246.887,-1309.2305,-1456.0841,-2285.8652,-2257.7014,-1648.2097,-1728.845,-2004.6282,-1456.6349,-1616.241,-1010.6636,-590.6628000000001,-1103.1532,-693.6178500000001,-44.30710000000008,-567.1312000000003,-1030.5726,-1336.4418,-1158.128,-1590.8494,-1556.1211,-1340.365,
0000000000000000002e_0,1.0,-1063.8103,-1020.7551,-1021.6754,-1285.2856,-1129.5911,-1072.3308,-1405.3822,-1960.6509,-2159.5647,-2256.495,-1921.8774,-1837.7057,-1024.4058,-1788.6714,-1595.3475,-1730.5162,-1497.6921,-1321.5294,-1409.1467,-1435.4622,-1589.8088,-128.97925000000006,-410.91350000000017,-1380.4998,-394.7931,-297.52189999999996,-239.00479999999993,-1097.9674,-1042.4587,-1057.2693,-1360.4575,-1003.76746,-1310.385,
0000000000000000002f_0,1.0,-656.8133,-633.7926,-939.3491,-952.29755,-1054.0771,-1191.6892,-1316.7585,-1555.6279,-1660.5688,-1594.2607,-1567.4484,-1449.9612,-594.6527,-1454.0323,-1442.6819,-1580.7393,-1455.8726,-1189.4583,-1361.6132,-1540.8295,-1690.2948,-806.1445,-487.9556999999999,-609.9948,-552.6179999999999,-161.85949999999994,-444.9172,-1006.6664,-930.7041,-824.34845,-1081.509,-919.7532,-1051.2765,
00000000000000000030_0,1.0,-308.3972,-756.9714,-144.109,-344.7597,-540.4062,-367.0407,-337.23712,-492.588,-426.15625,-692.985,-660.10315,-508.45233,-544.66156,-425.6494,-467.5634,-323.7783,-321.66666,-296.65515,-355.1787,-374.0926,-566.4972,-69.52345000000004,44.813599999999994,-704.4971,38.854750000000024,61.679199999999895,61.20979999999999,-468.66522,-778.6242,-677.8399,-580.3618,-224.7892,-805.6715,
00000000000000000031_0,1.0,-522.80225,-539.8456,-613.82654,-726.5807,-751.4779,-938.8737,-839.1395,-1187.0728,-1284.2754,-1508.5273,-1320.359,-1068.2496,-490.1808,-1143.8572,-1388.59,-1325.174,-1379.0215,-1081.1488,-1277.941,-1373.9702,-1535.0558,-324.4887000000001,-449.7804000000001,-553.917,-198.40844999999987,-398.028,-363.47649999999993,-535.7927,-543.3719,-555.90125,-701.4694,-739.7283,-811.63245,
00000000000000000032_0,1.0,-585.9375,-589.1592,-451.6953,-1095.1072,-809.2556,-834.2217,-772.4393,-1101.8562,-1018.169,-1656.7097,-1352.492,-1075.5677,-503.7519,-1429.4565,-1436.4126,-1388.4531,-1381.6161,-1107.9835,-1131.825,-1377.3059,-1485.0133,-209.33025000000006,-204.09115000000003,-551.7533,-340.05210000000017,152.87770000000012,-107.59545000000011,-553.6751,-476.7628,-506.39844,-513.69696,-558.0885,-566.5652,
00000000000000000034_0,1.0,-1013.3928,-828.5662,-1194.7263,-1186.9291,-1135.2909,-1186.4073,-1244.9434,-1468.6338,-1386.0245,-1534.3018,-1369.2365,-1320.484,-848.1567,-1367.4005,-1514.6017,-1618.1521,-1487.4932,-1237.7444,-1461.7085,-1405.0854,-1771.5958,-876.5312000000001,-588.6587,-896.164,-506.5410999999999,-661.3090500000001,-464.02365,-674.48505,-769.0138,-743.17236,-906.0739,-1128.5399,-1175.9492,
00000000000000000035_0,1.0,-806.687,-778.4434,-837.23206,-865.3447,-798.43427,-1074.5372,-1044.0464,-1216.0695,-1373.8484,-1448.7527,-1649.3517,-1281.7461,-799.7499,-978.5227,-1232.4094,-1101.1655,-1300.727,-1069.5101,-1277.7769,-1151.04,-1496.366,-430.49985000000004,-257.81225000000006,-1004.9165,-303.32120000000003,-139.53539999999992,-131.0245,-862.2355,-852.5546,-827.5509,-987.91284,-744.1187,-986.9801,
00000000000000000036_0,1.0,-1129.6725,-905.6188,-1243.3889,-1413.3254,-1124.0901,-1598.5172,-1219.884,-1753.7452,-1642.2893,-2145.0808,-1743.9238,-1861.9291,-820.8157,-1344.4885,-1731.1863,-1691.007,-1653.3307,-1712.7957,-1599.3322,-1911.9148,-2288.295,-1063.9666000000002,-882.0386000000002,-1008.1397,-708.0215500000002,-972.43065,-771.9904000000001,-887.9485,-888.4558,-1042.9998,-1030.6782,-1088.3079,-1147.5958,
00000000000000000037_0,1.0,33.762848,-3.6908002,-20.6823,-23.2964,-54.9453,-96.6309,-9.5961,-47.2231,23.8523,-142.08,-146.3844,-98.8769,-31.0356,-89.40645,-89.8007,-90.8353,-148.8777,-74.6704,-84.3118,-144.152,-194.45331,-88.98814999999999,78.46720000000002,-4.8673,133.97285,36.490300000000026,50.14139999999999,164.6168,-14.6524,-21.062,-66.735855,-73.2046,-19.27885,
00000000000000000038_0,1.0,-825.7202,-607.3478,-701.90015,-864.8016,-684.0273,-1346.2004,-858.4737,-1862.3657,-1311.0938,-1707.7189,-1692.9828,-1617.4594,-575.2016,-1394.1807,-1508.6743,-1481.7319,-1350.53,-1207.6512,-1135.119,-1471.0249,-1803.3479,-1160.7451999999998,-496.93809999999985,-798.6126,-415.64265,-122.35679999999994,-346.81895,-776.7296,-818.8398,-889.1134,-868.6018,-723.533,-1243.5624,
00000000000000000039_0,1.0,-1116.2761,-897.5098,-786.11017,-637.98517,-707.5148,-831.16,-1149.1963,-1400.8622,-1741.0006,-1474.2142,-1828.5432,-1225.2153,-785.3171,-1301.1147,-1341.4175,-1475.6129,-1796.5669,-1292.2573,-1690.3285,-1195.359,-2214.8518,-1039.3969000000002,-326.4252000000001,-929.6531,-664.9287,-274.85185000000007,-164.15099999999973,-787.3711,-952.3893,-1009.7078,-1060.8005,-1321.4231,-1238.6821,
0000000000000000003a_0,1.0,-508.70886,-477.40308,-549.2449,-556.3609,-414.32684,-577.0482,-578.8333,-945.1548,-924.397,-1182.0676,-1081.9587,-1053.5934,-463.2104,-955.6923,-869.5193,-1158.093,-871.3015,-933.0952,-986.2772,-952.7714,-1118.4987,-129.26135,-42.98959999999988,-512.22,-235.49420000000006,28.043049999999994,-88.0516999999999,-485.90796,-484.7884,-681.0181,-833.4463,-470.8385,-803.38367,
0000000000000000003b_0,1.0,-431.42267,-455.85,-735.9182,-798.0898,-844.99304,-1174.8547,-976.2792,-1429.1376,-1456.2896,-1689.6519,-1448.359,-1352.6597,-1306.4408,-948.8756,-1069.0026,-1884.4779,-1490.8004,-1574.104,-1396.6936,-1247.4209,-1353.6335,-840.7651500000001,-614.7074,-1417.8384,-549.58845,-298.2465000000001,-207.32075000000012,-886.7243,-1038.9211,-835.4772,-1077.2961,-902.8062,-1002.11346,
0000000000000000003c_0,1.0,-1475.4895,-745.3646,-794.3762,-1120.5148,-922.1549,-1088.0586,-1173.145,-1382.2262,-1526.8221,-1519.6514,-1372.8633,-1164.614,-761.75525,-1180.9973,-1228.5532,-1314.9686,-1431.0348,-1218.0352,-1236.9263,-1382.0579,-1497.3348,-505.6736000000001,-131.78649999999982,-978.3733,-95.75725000000006,-473.01874999999995,-229.168,-881.5067,-1360.1512,-777.64417,-670.49365,-854.163,-961.1366,
0000000000000000003d_0,1.0,-2845.5132,-1380.2224,-350.9403,-506.7733,-621.6318,-629.1228,-898.57104,-2050.6636,-2091.3462,-1941.8362,-2276.6047,-1718.3173,-1441.4204,-1561.6436,-1576.7505,-2112.9226,-1913.4829,-1647.0948,-1830.9646,-2052.84,-2302.0671,-794.304,-828.6007000000002,-1787.5125,-805.09385,-644.2048500000001,-916.1656000000003,-1343.0338,-1486.8384,-1435.2682,-1067.2357,-540.84595,-590.6725,
0000000000000000003e_0,1.0,-228.0133,-360.46906,-497.81775,-512.0155,-570.9681,-611.9841,-641.763,-905.15234,-1115.0857,-1095.6989,-1023.5525,-804.8025,-299.76904,-802.64185,-959.2734,-1775.1322,-1384.646,-1007.8755,-1684.3322,-1743.2228,-1510.4851,-742.2324000000001,-563.31825,-311.9766,-407.76370000000014,-966.8544000000002,-582.2459000000001,-358.46564,-339.4723,-381.0878,-693.22595,-320.75195,-752.5099,
0000000000000000003f_0,1.0,-826.9933,-924.42413,-1183.2324,-1390.0286,-1336.2017,-1381.8374,-1540.7389,-1755.0659,-1702.2998,-1822.1764,-1492.949,-1649.5563,-1335.6965,-1452.2611,-1644.7596,-1610.6124,-1809.3281,-1552.4971,-1711.7695,-1816.0194,-2067.9546,-337.72155,-277.08360000000005,-1430.7769,-304.045,-292.3737000000001,-195.5442500000001,-1059.5096,-992.03766,-1156.1227,-1110.3524,-1344.4141,-1351.7618,
00000000000000000040_0,1.0,-733.3708,-805.8045,-1248.2058,-1284.7693,-1062.1022,-1028.0608,-1269.3915,-1601.0393,-1457.133,-1740.2426,-1350.7732,-1561.7914,-792.27563,-1405.6497,-1471.1177,-1678.3722,-1374.8625,-1385.5294,-1438.577,-1388.1187,-1545.9229,-510.0266000000001,-270.5511,-845.4883,-366.9100000000002,-574.5927999999999,-923.3226,-572.4635,-863.0221,-755.24396,-1333.0732,-1166.0457,-1217.272,
00000000000000000041_0,1.0,-338.3838,-357.3595,-500.715,-997.0876,-545.8933,-349.93,-648.7239,-851.56274,-913.7252,-1020.05945,-803.7411,-556.5952,-323.8725,-623.8359,-601.2682,-631.204,-655.3391,-588.2984,-507.04047,-722.60266,-951.6202,-53.1135000000001,-29.700499999999977,-506.6798,-12.383649999999932,-29.69334999999998,-112.15519999999992,-384.99646,-623.24475,-397.03934,-511.1878,-683.53174,-573.5963,
00000000000000000042_0,1.0,-980.08984,-679.4193,-706.6497,-743.59534,-761.0858,-1013.7412,-1175.5149,-1171.917,-1172.9921,-2008.4349,-2115.7563,-1697.9292,-724.875,-1549.7892,-1726.1908,-1646.1644,-1659.2549,-1382.1003,-1601.6101,-1535.4012,-1891.5789,-778.2511000000001,-630.37275,-691.1527,-1345.76915,-1296.85965,-508.94130000000007,-622.6085,-752.4282,-671.8477,-667.12006,-715.5615,-667.0415,
00000000000000000043_0,1.0,-1069.9355,-1054.8345,-1004.4768,-826.3162,-781.4641,-1493.1622,-1108.3899,-1365.4077,-1565.294,-1671.0093,-1191.9602,-1294.0804,-825.35,-1178.434,-1468.2441,-1498.666,-1583.6716,-1732.0251,-1831.2283,-1491.538,-1546.6226,-73.43390000000005,80.78920000000002,-1084.2766,106.89045000000002,138.9524,-991.8072500000001,-907.1752,-940.8926,-784.61786,-937.4008,-876.2889,-953.23047,
00000000000000000044_0,1.0,-1129.7876,-1093.7074,-1457.665,-834.26624,-818.1271,-1040.1123,-918.0568,-1203.1431,-1925.3076,-2025.9226,-1951.7976,-1664.8004,-813.1688,-1408.894,-1705.7067,-1755.9712,-1530.9073,-1016.0227,-974.4344,-1182.2784,-2425.646,85.55339999999995,-1071.9655,-1010.0187,-682.85545,-1188.4239,-579.55135,-869.7889,-843.3324,-827.07947,-729.5698,-1220.7646,-929.1863,
00000000000000000045_0,1.0,-1389.4097,-1269.8757,-1331.9003,-1438.546,-1196.8197,-1929.627,-1338.3931,-1319.2974,-1516.1237,-1753.7588,-2146.9634,-1533.6418,-1257.7758,-1263.8148,-1504.5842,-1726.9001,-1985.5387,-1256.2817,-1334.5183,-1709.989,-1842.2266,-997.1101,-235.83830000000012,-1669.127,-935.8435,-981.84945,-592.7291,-1711.3225,-1451.9503,-1124.6252,-1599.4275,-1279.7866,-1411.9922,
00000000000000000046_0,1.0,-931.1137,-870.9422,-632.33124,-602.1587,-691.4853,-817.9571,-807.10376,-878.5945,-1250.744,-2098.104,-1528.7278,-1282.568,-842.00305,-1030.6143,-1073.0614,-804.6826,-1184.2826,-1180.534,-1188.204,-1066.6023,-1292.0977,-116.94634999999997,-299.70134999999993,-971.8024,-207.41000000000003,-197.46749999999992,-227.91540000000006,-904.4698,-874.1462,-885.60266,-741.3544,-710.5382,-778.1092,
00000000000000000047_0,1.0,-455.51526,-665.8345,-272.2228,-424.7919,-589.39954,-565.2516,-808.30255,-812.161,-886.7382,-910.6809,-790.97375,-806.3726,-461.91937,-657.0677,-912.8064,-1018.7245,-941.64197,-670.3997,-768.0366,-1052.8904,-811.81287,-371.74735,-386.02675000000016,-747.2487,-381.60759999999993,-160.52910000000003,-123.22734999999996,-465.1536,-704.4403,-411.5207,-662.214,-538.3712,-931.7556,
00000000000000000048_0,1.0,-695.5646,-766.7082,-592.1643,-604.5486,-531.6067,-702.72876,-586.87415,-851.2864,-971.9772,-1307.5056,-1314.1399,-1142.5297,-669.0915,-985.21643,-791.7362,-939.07526,-1060.5409,-1168.8838,-1503.1895,-1253.0876,-1584.2458,-420.20055,-410.18739999999997,-620.1322,-427.1510999999999,-613.6640000000001,-948.5404,-623.6341,-652.1757,-532.0715,-535.3817,-410.96555,-637.359,
00000000000000000049_0,1.0,-1770.8923,-2023.9707,-1026.3434,-1199.0706,-1227.797,-1473.6315,-1388.4325,-1686.1592,-1683.9364,-1585.0222,-1771.6416,-1383.4604,-727.8331,-1296.5854,-1455.2913,-1709.9055,-1225.8223,-1155.4955,-1544.8044,-1435.7401,-1721.2507,-648.5529,-625.7548,-775.8679,-275.91795,-566.7803,-327.1198,-789.8109,-2183.689,-733.4162,-994.18585,-13.3803,-875.4053,
0000000000000000004a_0,1.0,-436.139,-563.7349,-522.94635,-512.1766,-493.5253,-581.1143,-594.5443,-769.76465,-928.353,-1973.5931,-1532.623,-1290.7651,-499.7826,-1161.01,-1378.9094,-1940.65,-1962.9031,-1348.3925,-1183.9912,-2072.6685,-2132.4138,-1429.65005,-341.6316,-560.1115,-391.92780000000005,-120.05470000000017,-703.8127,-507.6222,-505.2063,-482.357,-501.5896,-495.00342,-638.6798,
0000000000000000004b_0,1.0,-1119.5571,-1685.7566,-795.4196,-865.12524,-1178.8219,-1028.5454,-920.2378,-1193.4093,-1426.5466,-1507.6832,-1699.336,-1142.3912,-1236.371,-998.1654,-1205.2888,-1271.9915,-1455.1875,-2080.2512,-1511.9742,-1437.0686,-1444.8127,-2128.1501,-367.4089,-2403.4055,-712.25615,-555.2035000000001,-269.92859999999996,-784.5963,-1413.4348,-913.044,-962.13464,-1008.94824,-1330.1888,
0000000000000000004c_0,1.0,-411.20703,-473.83508,-434.651,-700.6013,-745.1737,-755.89905,-901.7228,-1302.7114,-1294.134,-1452.1794,-1112.6426,-992.5977,-941.6906,-953.562,-1080.6494,-1003.291,-1269.2987,-1082.7205,-1079.4648,-1185.9633,-1074.2122,-65.77849999999995,31.60900000000008,-636.9711,-204.12499999999994,-245.32670000000007,-49.152100000000075,-169.6511,-252.46635,-288.2999,-537.7742,-446.4332,-475.19513,
0000000000000000004d_0,1.0,-1275.3816,-845.1797,-1578.0457,-1813.8992,-1450.0225,-787.07434,-921.5252,-1893.568,-2258.2817,-1757.8323,-1450.9646,-1465.9954,-810.9079,-1739.2826,-1804.4647,-1818.5903,-1283.1443,-1350.7283,-1530.346,-1564.5173,-1659.0818,-512.9402999999998,-486.5591999999999,-810.4153,-886.6648,-569.9512,-912.809,-625.24805,-647.0707,-644.4741,-1068.6667,-731.196,-1726.3329,
0000000000000000004e_0,1.0,-659.5172,-701.66187,-1335.856,-979.1563,-1098.0574,-1184.3425,-1215.5895,-1387.578,-1646.5468,-1561.6316,-1395.598,-1350.9341,-542.5023,-1438.5929,-1551.4657,-1312.8354,-1076.5314,-731.08105,-996.98315,-1365.9856,-1441.2292,-266.95490000000007,-229.03930000000008,-756.6461,-274.62704999999994,-323.2133500000001,-345.15799999999996,-588.0106,-599.5775,-636.8755,-798.9352,-1769.8329,-1015.359,
0000000000000000004f_0,1.0,-1788.9579,-1704.6399,-1445.0178,-1163.9998,-1599.9269,-1345.6776,-1058.8463,-1339.0717,-1260.3126,-1532.8171,-1386.8158,-1150.822,-1339.2913,-1194.4331,-1447.5742,-1172.3383,-948.7307,-1205.2788,-1469.4963,-1221.509,-1526.7365,-521.06675,-851.2103,-667.0813,-295.5781999999998,-570.4649000000002,-412.09799999999996,-793.8999,-783.57874,-1190.9795,-1150.0491,-892.6341,-1423.6895,
00000000000000000050_0,1.0,-1410.0442,-1352.0012,-1222.8499,-1119.0022,-1218.4003,-1222.1785,-1153.8763,-1367.0862,-1500.2665,-1708.1082,-1404.387,-1386.6029,-1156.3433,-1196.4272,-1445.2253,-1371.7316,-1268.7385,-1681.5872,-1444.2788,-1281.5667,-1753.4069,-1231.5993,-809.7943000000001,-1187.9985,-904.2073999999998,-602.77585,-808.2271,-980.0353,-1420.1372,-1339.6877,-1378.492,-1046.3225,-1324.9934,
00000000000000000051_0,1.0,-768.0171,-984.6545,-1203.7017,-1285.694,-1635.2076,-1240.8394,-1038.601,-1905.9055,-1816.1455,-1792.7778,-1585.8708,-1528.3387,-1145.4388,-1442.0681,-1364.8358,-1501.9023,-1517.7131,-1319.5444,-1583.0103,-1409.9016,-2167.6206,-1251.9633,-1112.68965,-1478.7668,-1307.81235,-1111.49885,-1245.8191000000002,-705.1316,-1540.0419,-1461.6912,-775.8567,-790.3827,-1715.3591,
00000000000000000052_0,1.0,-657.1421,-790.8115,-1421.3494,-911.46277,-1082.711,-1240.0939,-1296.3173,-1375.5664,-1368.8527,-1333.3542,-1191.5402,-1165.0747,-639.1086,-1194.6516,-1218.6432,-1201.7504,-1153.9353,-1026.1609,-1137.4349,-1164.684,-1449.3888,-541.5714000000002,-326.78549999999996,-1102.9164,-352.22685,-290.948,-256.6748000000001,-745.5928,-778.8806,-752.8866,-978.69434,-1046.3304,-930.6824,
00000000000000000053_0,1.0,-1643.7634,-1343.2793,-904.6187,-1497.9463,-1122.5836,-1035.582,-1037.6909,-1558.785,-1674.5797,-1157.8293,-1459.8177,-1277.9261,-930.4918,-1090.1576,-1519.2429,-1656.8965,-1548.7462,-895.47266,-1415.4485,-1806.8113,-1240.7816,-780.9525,-575.6309999999999,-782.1504,-679.2160000000001,-670.08445,-1062.4642000000001,-256.1515,-673.7403,-679.47766,-721.7279,-918.6414,-1147.9845,
00000000000000000054_0,1.0,-792.828,-1807.1166,-1246.6626,-1943.1746,-1745.9724,-1362.4291,-1162.3735,-1403.1116,-1534.5243,-1714.765,-1511.3435,-1551.5914,-1289.3069,-1471.3676,-1473.3345,-1352.4712,-1441.878,-1637.3196,-1299.9207,-1457.4519,-1804.5007,-502.5011000000002,-444.79110000000014,-1718.9255,-696.0028000000002,-500.6816500000001,-1033.61005,-882.1848,-993.72156,-1388.4211,-889.5296,-833.49347,-1924.3014,
00000000000000000055_0,1.0,-1215.8071,-1202.662,-1010.9382,-768.87976,-1613.0837,-991.02185,-1037.6527,-1710.5133,-1570.555,-1432.4418,-1514.6934,-1009.2937,-833.7595,-805.6853,-1412.612,-1477.7283,-843.98206,-845.3526,-1225.6774,-2011.522,-1111.8,-1040.6697,-652.8565000000001,-708.8479,-665.4185000000001,-182.35585000000006,-409.40479999999985,-566.5433,-912.9649,-782.1677,-948.16156,-665.2882,-1434.2365,
00000000000000000056_0,1.0,-1445.9381,-1416.1558,-1256.7874,-1890.8291,-2250.6287,-1033.7742,-1532.1476,-1832.2421,-2086.8374,-1446.8429,-1651.6213,-1438.9552,-1066.987,-1553.3954,-1741.113,-1590.7607,-1934.0919,-981.56335,-1652.5146,-2114.7522,-1536.1646,-708.9044999999999,-803.7024,-2074.3533,-782.1645000000001,-814.6984,-988.6195,-800.2924,-925.4269,-1429.0992,-1064.547,-1578.1733,-1116.4792,
00000000000000000057_0,1.0,-1055.0138,-1371.2827,-813.962,-1083.2625,-1374.3014,-1592.072,-1320.8223,-1498.901,-1746.4501,-1939.0356,-1482.8466,-1456.6141,-1222.6671,-1474.2592,-1615.6462,-1689.2397,-1678.1788,-1333.8413,-1373.8705,-1537.9418,-1828.1934,-902.8774999999998,-705.3357000000001,-1930.773,-1429.0745000000002,-994.5851500000001,-1266.66215,-981.651,-875.6722,-1298.9438,-965.999,-968.01074,-918.8186,
00000000000000000058_0,1.0,-1500.0337,-1313.6198,-1330.6903,-1812.9249,-2395.8574,-1000.9204,-1442.3643,-1889.0259,-2260.4644,-1523.0337,-1546.8064,-1385.5732,-1134.4386,-1585.2832,-1780.1388,-1541.3076,-1957.924,-949.7459,-1583.7181,-2155.476,-1740.5104,-730.8741,-845.7339,-2167.7227,-673.26385,-700.8604999999999,-1020.5995,-894.7715,-890.7747,-1491.8813,-817.8205,-1298.5752,-978.8994,
00000000000000000059_0,1.0,-1367.6288,-1828.2177,-1284.4843,-1630.2222,-1403.3226,-1414.3097,-1382.9061,-1834.6381,-2089.5273,-1521.8138,-1253.082,-1307.2871,-804.5466,-990.2681,-1586.9268,-1814.6921,-1899.5455,-1024.4995,-1179.0549,-1689.1433,-1433.1257,-277.11030000000005,-802.1508499999999,-767.0883,-367.4977500000001,-598.19535,-430.06869999999986,-760.2608,-658.7361,-926.76,-797.5434,-1240.2208,-1408.2787,
0000000000000000005a_0,1.0,-1607.9923,-1937.0256,-1235.656,-1588.8281,-2167.4263,-1525.3811,-1440.1832,-1686.4617,-1962.3817,-1940.4589,-1760.0577,-1765.8625,-1871.946,-1646.6682,-1783.3914,-2424.0142,-1703.2908,-1725.1421,-1965.0347,-1895.1414,-2774.3643,-1629.3586000000003,-1056.55675,-2025.73,-1518.5651,-1410.6907,-1245.7974000000002,-1293.092,-1619.8171,-1768.6879,-1382.5813,-1349.8687,-1295.6284,
0000000000000000005b_0,1.0,-2126.0115,-771.42175,-1508.0309,-567.4565,-598.8679,-1024.3878,-313.87903,-233.59975,-368.30817,16.3888,114.56025,212.7101,-279.5537,83.924545,-17.4235,2.4520001,113.2584,226.46649,206.1248,211.23755,-65.954895,190.9576,256.6738,-419.64917,229.90049999999997,178.51099999999997,179.83760000000004,-306.0085,-890.3729,-768.8535,-1097.0977,-900.6876,-1305.078,
0000000000000000005c_0,1.0,-1966.0995,-866.3154,-1565.9991,-1232.3142,-863.4814,-1085.1656,-835.04126,-654.2468,-899.4734,-876.2161,-341.1267,-55.4813,-361.9615,-176.18799,-193.53546,-299.5683,-83.3832,-76.3951,-85.9785,-214.0489,-460.4677,138.8777,176.54659999999996,-734.8672,119.53970000000007,216.55299999999994,185.15710000000004,-723.9583,-897.51794,-865.8893,-1154.8394,-878.8419,-1378.2272,
0000000000000000005d_0,1.0,-1840.2632,-2084.3413,-2032.4813,-2196.0583,-1867.5625,-2247.6443,-1969.0201,-2446.2283,-2162.777,-2586.6887,-2239.1138,-2054.3257,-1774.6211,-2231.9148,-2325.1958,-1910.29,-1509.4257,-1980.1499,-1743.0089,-1177.1495,-1206.1315,-370.92220000000003,-1133.6807000000001,-1832.5209,-708.3021,-443.18260000000015,-402.2122,-1674.0973,-1734.8032,-1813.7195,-1789.2361,-1685.1532,-1827.695,
0000000000000000005e_0,1.0,-1696.2979,-1058.3843,-1129.382,-1265.5839,-1224.2117,-1447.6555,-1139.6082,-1164.0507,-1297.5576,-760.47,-572.2815,-351.1254,-457.47046,-428.2877,-683.2982,-733.4483,-393.56335,-340.3408,-185.34805,-227.3043,-514.1059,-77.06580000000008,76.08420000000018,-785.59656,-49.2088,17.826700000000017,-22.26105000000004,-692.1015,-683.558,-670.0923,-1419.0912,-1165.762,-1428.8495,
0000000000000000005f_0,1.0,-838.928,-254.6679,-968.95984,-599.2191,-624.7373,-1059.6243,-943.4461,-1009.1816,-1029.1746,-1024.7456,-970.28296,-916.1685,-493.7819,-736.9367,-409.76654,45.9745,161.23111,286.02786,276.49268,284.4196,16.062801,99.91599999999998,142.83959999999996,-915.9853,127.14740000000002,161.18740000000003,156.87754999999996,-1148.5555,-1127.8788,-623.405,-837.2018,-805.6437,-1041.9434,
00000000000000000060_0,1.0,-752.61523,-776.2434,-1100.1462,-890.5419,-1023.4989,-1597.6852,-988.8246,-1661.7787,-1609.231,-1665.1406,-1533.677,-1171.1216,-595.98865,-1321.9849,-1689.7871,-1519.6655,-2057.9263,-1195.906,-1155.6372,-1522.5477,-1883.635,-665.0481,-812.9961000000001,-667.44006,-802.5244000000001,-573.2511,-759.3291500000001,-1667.2339,-1298.4766,-646.4742,-1376.4207,-1399.6857,-1476.8672,
00000000000000000061_0,1.0,-465.80157,-577.4275,208.462,482.54077,317.6005,338.53894,601.18585,283.1344,275.32764,364.8205,332.833,411.18295,229.0297,411.14667,362.3989,285.695,438.4416,436.1787,448.4742,427.30875,124.73715,146.4024,276.9681,451.6454,177.55190000000002,236.36550000000005,252.57569999999998,443.7764,189.553,309.5116,269.4188,130.0359,247.81714,
00000000000000000062_0,1.0,-1379.892,-808.39075,229.7796,69.6838,-168.4753,-510.897,457.4586,119.339645,221.1998,197.018,249.2972,314.76007,-425.8195,346.8094,357.5506,248.9399,258.9296,288.14465,300.4524,326.6359,-885.162,263.66909999999996,384.55054999999993,-599.5779,334.7115,312.08565,311.8597,-441.9919,-926.2345,288.8247,-268.8723,-244.1199,-567.4442,
00000000000000000063_0,1.0,-1466.7351,-1497.22,-19.01715,118.1736,167.8199,222.9318,503.1002,243.0408,265.19855,371.86124,240.7004,404.96994,-540.6756,399.9787,379.9593,276.8959,428.68597,438.69324,391.0575,437.8045,163.9336,186.08609999999996,286.2382,15.4655,224.39430000000002,267.3923,261.408,16.9817,-60.7383,225.2474,71.930145,-14.166702,163.7456,
00000000000000000064_0,1.0,-985.711,-898.9577,-2061.2488,-1750.0989,-2251.553,-2332.3345,-2337.3118,-2437.9058,-1926.8472,-2401.0903,-2233.1584,-1906.7512,-815.8452,-2285.3086,-2418.4587,-1926.4496,-1882.4373,-2011.1523,-1820.8466,-2091.8613,-2282.608,-1664.8357500000002,-900.1042000000001,-880.8731,-902.3346499999998,-412.3648999999997,-557.2376500000003,-805.8391,-2998.6985,-1289.6527,-1706.5605,-1495.8726,-2004.2585,
00000000000000000065_0,1.0,-1233.3981,-1154.1725,-1483.2646,-1181.422,-1044.5312,-2332.325,-2545.2073,-3288.088,-3182.0264,-2800.6963,-2107.809,-1955.2275,-2417.71,-1871.6337,-2761.7788,-2959.8853,-2461.777,-1862.887,-2477.1008,-2986.9348,-2539.0884,-1482.9258,-1468.4448000000002,-2405.7656,-2252.0267000000003,-1325.9258,-1470.0761499999999,-2257.433,-2347.2524,-1869.6653,-1264.5281,-1201.8964,-1847.3032,
00000000000000000066_0,1.0,-723.1249,-887.194,-1270.7747,-1248.509,-1590.0684,-1688.6428,-1660.4884,-2253.3838,-2358.5256,-2068.9258,-1783.0464,-1835.3027,-704.84326,-1547.9875,-1846.6343,-1945.9589,-1949.544,-2012.1174,-1294.5491,-1659.3274,-1792.0986,-447.65785,-1382.7583999999997,-1324.6663,-932.5177500000001,-243.6139000000001,-165.71549999999993,-851.0091,-1491.1115,-1117.472,-2156.459,-1800.8005,-1855.2024,
00000000000000000067_0,1.0,-819.423,-862.6927,-299.2363,-422.91635,-555.6074,-1121.0359,-880.17993,-1302.5623,-1106.1858,-1521.4885,-1139.8774,-1108.7759,-669.069,-837.75793,-914.3466,-1376.861,-1207.0557,-1085.9156,-1161.6262,-1263.5994,-1313.4905,-130.8435,-545.0611999999999,-1185.8497,-566.5481,-113.52819999999994,-233.4889,-808.1315,-1326.343,-1071.0912,-767.6339,-660.7677,-442.56757,
00000000000000000068_0,1.0,-1090.672,-989.57745,-699.0647,-841.6889,-748.501,-839.4465,-815.1426,-2012.866,-1458.9027,-2034.325,-2064.1292,-1685.5388,-975.9479,-1818.1003,-2236.2998,-2048.0808,-1969.4801,-2005.9357,-2302.5244,-2131.7148,-2320.5044,-1427.1142000000002,-1359.2595999999999,-1031.0115,-1227.1627,-1234.9206,-860.3260500000001,-1380.1842,-1150.6973,-1071.9323,-997.4342,-977.5944,-814.9015,
00000000000000000069_0,1.0,-2618.0027,-1394.4415,-859.7554,-678.0222,-674.5429,-490.11273,-751.95374,-562.9542,-659.8563,-811.03516,-646.8532,-463.1185,-473.8711,-303.7838,-417.0434,-395.908,-330.20984,-393.5108,-546.5637,-487.9968,-668.9886,26.095699999999994,133.55330000000012,-543.39935,63.04030000000003,95.96470000000005,118.93625000000004,-350.1,-844.7557,-435.70398,-677.0034,-434.3138,-884.1813,
0000000000000000006a_0,1.0,-844.30774,-1235.7461,-1220.1713,-1142.7981,-853.6416,-1403.6965,-1362.3551,-1629.5009,-1660.4602,-1534.0934,-1455.1327,-1252.7811,-835.176,-1243.5812,-1370.7332,-1263.1567,-995.1558,-1562.4884,-1675.4695,-2231.098,-2574.6118,-803.9054,-780.6518000000001,-2171.8552,-947.0456,-903.165,-1009.5587499999999,-1241.1318,-1814.3461,-799.5155,-887.1547,-1056.584,-1845.2312,
0000000000000000006b_0,1.0,-1334.8743,-1393.5991,-1394.145,-1336.9366,-1182.1025,-1731.034,-1304.7673,-1745.3334,-1975.3252,-2117.3062,-1969.2622,-1594.4456,-1085.5009,-1451.5961,-1684.2535,-1683.2216,-1737.041,-1573.3489,-1634.53,-1745.2837,-1945.0792,-652.9117,-598.4925999999998,-1405.1653,-713.7584000000003,-555.5799,-472.98330000000016,-1714.9305,-2200.0317,-1649.0139,-1370.4644,-1290.8271,-1638.012,
0000000000000000006c_0,1.0,-1574.637,-1662.0406,-1224.9207,-1299.226,-1006.1255,-1113.0996,-963.7614,-1503.1732,-1534.7059,-1724.7004,-1427.2292,-1066.8049,-1125.494,-1023.1259,-1124.4634,-1100.0587,-1200.581,-1115.9465,-1326.4497,-2044.2004,-2096.8943,-793.3074999999999,-858.1448999999999,-1615.3638,-1187.2480000000005,-1659.6500999999998,-1376.1489500000002,-1593.2042,-2352.6204,-1323.0726,-1879.3193,-1447.7235,-1500.6785,
0000000000000000006d_0,1.0,-279.1159,-316.84387,-509.583,-697.7331,-888.725,-1019.6003,-753.7383,-1202.4763,-987.5857,-1708.9994,-1509.6696,-1211.6969,-305.3257,-975.3795,-1071.9675,-1354.8307,-1480.3416,-1259.7281,-1125.3953,-1311.5104,-1575.2178,-839.5981999999999,-779.8580000000002,-407.85468,-764.7924,-575.1061500000001,-649.4382000000002,-746.3949,-1060.4385,-599.47107,-1057.0543,-1049.8564,-1011.9409,
0000000000000000006e_0,1.0,-661.16974,164.1135,453.27338,465.51154,346.0892,313.48413,532.0526,302.6116,353.29608,316.9522,290.03583,398.33557,286.7757,359.2828,465.0175,322.44928,394.154,480.4833,469.47058,442.48773,167.3871,191.92020000000005,312.2011,532.4131,217.341,261.5763,273.7793,541.932,274.68765,367.1823,224.5404,174.9144,253.72488,
0000000000000000006f_0,1.0,-361.73026,-288.6354,259.6137,241.00024,198.7417,208.2899,429.18823,220.5411,212.3221,188.0204,210.9405,252.9257,-108.8373,268.8233,325.2491,198.52051,326.52826,342.6949,287.5605,282.8288,54.2952,185.4655,165.9133,360.96765,164.52540000000002,238.62385,218.23390000000003,385.3092,12.5070505,221.0536,1.6301,64.9811,136.51889,
00000000000000000070_0,1.0,-1003.2091,-1154.3043,-1426.1228,-1715.2244,-1849.0216,-1752.0815,-1365.5596,-2098.065,-1904.9895,-1886.6174,-2125.5535,-1655.4559,-914.0294,-1569.1117,-1757.9106,-1580.6931,-1960.2396,-1770.2803,-1774.6342,-2108.7134,-2201.5493,-1428.54115,-1184.4188000000004,-1872.9048,-1168.3462000000002,-1171.7037,-749.2896999999998,-1298.0178,-1332.1401,-1737.6772,-1362.4608,-1509.2076,-1712.9528,
00000000000000000071_0,1.0,-727.8563,182.64111,501.5654,421.18988,364.1006,396.60492,511.68524,312.26,318.12524,305.7569,302.5452,348.8263,-120.42795,354.5022,398.9908,305.83673,451.1797,475.84583,506.47266,422.81396,180.69475,188.26590000000002,200.1563,489.09045,264.8346000000001,241.9427,296.4176,567.9656,204.8622,415.0925,62.6374,131.4151,266.85416,
00000000000000000072_0,1.0,-518.9187,-381.3474,350.1987,200.2318,305.9079,315.91962,486.7412,322.3908,351.8567,398.1696,314.9436,372.00012,175.48575,374.4083,457.0091,293.1292,484.7211,473.4541,437.44812,480.2848,145.8127,165.01229999999998,309.40444999999994,364.23645,268.34389999999996,300.0926,318.46205,-270.291,130.62234,348.35434,239.3516,100.3008,274.4673,
00000000000000000073_0,1.0,-738.05444,-909.9241,-664.1986,-685.4224,-1155.5038,-1799.8455,-1418.5245,-1768.298,-1697.1592,-1277.4646,-1711.4696,-1369.1779,-780.9963,-1294.549,-1509.7415,-1418.7427,-1581.2378,-1364.7767,-1028.1945,-1430.7114,-1856.2461,-1007.7165500000001,-643.95525,-1179.3379,-1411.2876999999999,-531.0328999999999,-535.79255,-795.1498,-1574.9288,-697.90967,-998.9436,-921.1531,-1391.3607,
00000000000000000074_0,1.0,-1358.1086,-1346.598,-1021.0011,-1121.658,-1261.1208,-1279.1248,-1172.974,-1662.3411,-1571.4263,-2641.8374,-2187.9702,-1867.2178,-1239.7019,-1846.9595,-2016.1003,-2221.375,-1927.3617,-1819.6885,-2103.442,-2299.8938,-2181.2334,-1355.8006,-1386.9598500000002,-1500.7675,-1323.2413000000001,-1306.7187999999999,-1222.5561000000002,-1223.1592,-1255.0055,-1107.2208,-1368.0312,-1357.5844,-1214.436,
00000000000000000075_0,1.0,-1078.1884,-1383.1304,-1482.1995,-1308.497,-1419.7203,-1460.5173,-1496.7906,-1660.1125,-1561.5414,-1725.5731,-1487.8108,-1318.834,-1385.0676,-1317.7397,-1341.0764,-1315.5374,-1545.0703,-1272.4496,-1233.4163,-1497.35,-1624.1301,-558.0854999999999,-418.7551000000001,-1547.3468,-333.6966999999998,-301.31120000000016,-256.58415,-1869.0157,-1642.526,-1499.0417,-1851.7755,-1621.5859,-1629.9539,
00000000000000000076_0,1.0,-1518.8264,-1441.4746,-812.55975,-1144.247,-1021.4892,-1063.2045,-1308.7656,-1429.5645,-1395.3907,-1593.033,-1340.5454,-1283.5157,-1048.1492,-1082.7091,-1226.5916,-1186.2885,-1292.6337,-1226.6492,-1393.4723,-1514.4417,-1693.075,-532.54475,-981.44,-1257.5364,-1380.9896000000003,-925.9645999999998,-1031.3898,-1048.8438,-1538.2189,-1036.1189,-1172.0542,-1052.0156,-1109.3251,
00000000000000000077_0,1.0,-900.4415,-997.26324,-851.40784,-918.9035,-939.6804,-1150.9895,-1433.8506,-1559.9695,-1570.4209,-1676.8857,-1464.4424,-1387.8322,-847.6329,-1208.949,-1306.7401,-1527.962,-1584.2327,-1402.2252,-1718.003,-1668.2805,-1884.5547,-941.4978000000001,-827.7234000000001,-917.0161,-460.96810000000005,-475.35130000000004,-918.6069999999999,-873.169,-1030.6027,-943.3071,-962.4842,-887.7043,-1071.524,
00000000000000000078_0,1.0,-343.4155,-427.7331,365.76276,407.5726,380.7777,310.97528,495.9425,276.3567,338.3636,338.3476,272.59296,388.5585,242.1316,348.22693,441.4869,356.0421,405.1216,457.5167,430.0471,422.14035,175.4042,163.89855000000003,244.4862,519.1633,252.28370000000004,294.30364999999995,260.68985,507.0797,323.1027,330.9873,224.1873,-154.3649,266.32565,
00000000000000000079_0,1.0,-298.6858,-371.9087,424.28632,386.9331,343.8423,333.0708,494.70306,299.39435,345.3994,310.3274,286.0087,365.74216,-408.67,355.48294,478.64825,327.4554,383.14294,471.31,518.2656,428.3474,143.2998,209.2149,307.40739999999994,513.8576,269.6908,300.7346,330.96500000000003,435.2339,332.51855,310.3123,123.8366,71.3552,285.11465,
0000000000000000007a_0,1.0,-857.3472,-887.3721,-1406.527,-1334.104,-1078.8159,-1920.3412,-1750.9377,-2308.647,-2390.4956,-2420.2644,-2239.8577,-1901.4697,-817.4586,-1538.2399,-2263.514,-2265.6846,-1568.0193,-1605.3538,-1573.631,-1727.0901,-1944.741,-602.3689999999999,-854.9153,-2031.4143,-1220.7650999999998,-750.981,-738.1812499999999,-1319.686,-2284.092,-1293.3335,-1487.8223,-1636.8395,-1771.6637,
0000000000000000007b_0,1.0,-1322.8247,-1355.2714,-1287.9961,-1080.5522,-1131.4899,-1573.439,-1851.4977,-1884.8663,-2130.4795,-1918.0273,-1713.9585,-1512.2188,-1376.3882,-1541.3672,-1718.3389,-1737.1924,-1512.3698,-1478.7542,-1652.087,-1753.9637,-1965.45,-772.6264000000001,-788.9582,-1488.4529,-777.96925,-845.5543,-743.8125,-1007.4225,-1251.7234,-1113.6152,-1361.9703,-1277.5952,-1420.5352,
0000000000000000007c_0,1.0,-156.00905,-481.43237,275.4502,283.7635,220.0973,285.5234,445.9332,301.2037,58.5363,142.4758,112.0043,309.4661,-500.2996,242.52795,412.6829,315.86246,445.9904,456.2652,386.12946,305.5989,83.28105,131.94655,119.49905000000001,-329.163,119.53640000000001,241.76550000000003,120.3526,-309.0978,257.6339,128.8633,166.2769,33.6308,324.44855,
0000000000000000007d_0,1.0,-772.7847,-1332.2258,-754.3871,-851.9199,-1219.2708,-1532.1058,-1070.3628,-1624.9968,-1851.9354,-1876.3822,-1676.5901,-1231.3424,-1358.7148,-1013.32324,-1217.4211,-1496.2485,-1287.1578,-1134.6506,-1063.1096,-1368.4983,-1765.7715,-628.3814,-664.3916499999999,-1362.2643,-833.8732000000001,-660.7807,-564.7903000000001,-1022.3891,-1378.4524,-1015.0084,-1415.534,-1436.0135,-1309.6354,
0000000000000000007e_0,1.0,-1093.9854,-1323.9888,-619.5721,-2209.5337,-1144.2428,-1585.0533,-1707.7258,-2421.8525,-2733.3442,-1955.9474,-1859.7979,-1594.188,-805.7801,-1699.6975,-2143.6467,-2267.5244,-2348.4036,-1842.167,-2017.5806,-2590.9895,-2327.067,-1085.1668499999998,-625.7803,-963.02655,-1524.06675,-618.6856999999999,-896.8359999999998,-876.741,-812.5531,-714.2265,-808.9806,-656.4577,-749.5104,
0000000000000000007f_0,1.0,-1008.5229,-714.026,-576.7034,-773.90857,-1157.7404,-785.3948,-827.2171,-840.499,-774.1719,-1037.9562,-956.3952,-719.5074,-805.1011,-617.1177,-796.4397,-1077.2749,-984.44244,-1021.0646,-716.6028,-1096.0835,-1386.4055,-803.4313000000001,-562.1225999999999,-954.48535,-703.8456000000001,-675.4574500000001,-622.2221499999999,-727.1399,-827.6179,-701.1758,-1303.2931,-1097.0927,-900.8909,
00000000000000000080_0,1.0,-851.3658,-360.7983,122.3543,10.225649,-165.9996,-425.95355,236.2733,123.7498,-39.5178,15.378,26.9352,98.5991,-258.5251,83.99475,114.358246,60.56465,154.0073,32.39,79.869446,70.915,36.3883,87.0308,65.53249999999997,222.6149,95.97309999999999,141.34615000000002,93.18460000000002,97.4548,17.0913,72.9892,75.998,174.1648,46.736,
00000000000000000081_0,1.0,-254.60455,-504.7716,208.08455,157.73419,70.7774,207.725,211.0577,148.794,53.49415,12.5091,148.01144,212.8338,71.7754,331.0895,400.1744,316.9898,406.2241,286.95117,357.3301,267.5581,77.1043,185.04139999999992,243.37809999999996,219.20154,145.24405000000002,267.72325,199.32589999999996,318.7891,-59.69395,99.8743,-876.17236,54.4339,232.5234,
00000000000000000082_0,1.0,-1106.966,-1925.7133,-1350.5948,-1123.6396,-1501.8296,-1794.7915,-1549.0669,-1774.6458,-2161.6692,-2188.5693,-1747.512,-1475.7053,-1774.8843,-1396.1074,-1829.5681,-1970.2,-1743.1626,-1632.001,-1833.0463,-1903.3446,-2076.0503,-1022.8853,-1012.6700500000002,-1252.925,-868.3559000000001,-921.6837,-836.55545,-1441.1407,-1216.585,-1090.7455,-1246.1567,-1229.1106,-894.345,
00000000000000000083_0,1.0,-350.9705,-1358.9941,-574.0353,-616.26904,-827.3687,-1187.6394,-1259.3136,-1371.1707,-1330.5809,-1465.5227,-1191.1353,-1214.5063,-1499.6993,-961.1675,-1174.5933,-1468.9458,-1391.196,-1175.5177,-1167.934,-1520.897,-1810.7825,-625.6756,-993.5924,-1694.2363,-799.4540999999999,-549.3882000000001,-614.4652000000001,-807.1826,-1305.638,-687.9511,-978.2612,-1648.3383,-993.1973,
00000000000000000084_0,1.0,-746.1801,-389.5873,338.89066,166.0369,-211.8899,292.0363,271.16187,15.3287,24.9046,-11.674399,41.7652,214.5833,-342.40723,384.24646,412.5614,285.8667,291.10126,282.6391,243.8471,207.6342,-16.033749,257.46630000000005,299.9918999999999,-651.3353,203.5261,247.43149999999997,145.2499,439.2252,-140.35141,41.4589,-621.4462,-224.81844,227.45276,
00000000000000000085_0,1.0,-941.2861,-874.1011,-930.1843,-1893.404,-939.6907,-1398.3077,-1747.591,-1833.5612,-1525.848,-1959.492,-2144.771,-1718.5436,-901.2217,-1642.8237,-1944.158,-2054.1472,-2128.648,-1947.644,-1939.2797,-2053.7048,-2497.6475,-1276.87595,-1196.0317999999997,-888.95557,-1165.03395,-1122.5371999999998,-1070.0559000000003,-809.3673,-899.44836,-791.1775,-928.888,-1559.377,-1565.415,
00000000000000000086_0,1.0,-973.2835,-1180.0231,-1649.6212,-1613.175,-1647.8777,-1968.1528,-1323.4979,-1614.6638,-1555.6976,-1498.8195,-1441.133,-1192.5654,-860.0703,-1106.2771,-1649.5204,-2101.296,-1974.8738,-2044.1167,-1443.7849,-1705.5303,-2253.412,-933.9677000000001,-624.6978,-1455.6233,-909.16525,-668.1601,-725.205,-1577.0272,-1317.0698,-1175.4305,-1688.869,-1512.2979,-2067.6714,
00000000000000000087_0,1.0,-1025.8754,-1013.0447,-530.496,-549.5165,-671.2471,-950.44946,-732.15186,-1051.9714,-1062.7651,-1086.0804,-903.9304,-740.9393,-1126.9885,-847.53125,-1197.3003,-1057.5944,-805.7551,-707.8079,-836.6472,-869.9092,-1776.1528,-816.21395,-488.34180000000003,-1803.7634,-585.8634,-493.8135000000001,-535.45875,-1121.8424,-1752.1978,-712.00586,-855.84375,-913.9707,-560.0831,
00000000000000000088_0,1.0,-1271.0875,-1324.7898,-2612.3484,-1266.1647,-963.3317,-376.3128,-738.9602,-1003.2364,-8.297251,-145.2896,130.2235,188.2025,135.4529,279.78845,413.9567,203.4037,9.87185,-379.5847,-236.1542,-948.3756,-441.7253,-369.5653000000002,171.36880000000002,-254.96097,108.72359999999995,224.06889999999999,119.51770000000002,-256.3181,-714.2271,-269.686,-945.8613,-282.7718,-762.8876,
00000000000000000089_0,1.0,-1002.0764,-828.5995,-1642.0216,-1191.8298,-1503.8865,-1669.719,-1966.4142,-1970.8322,-2404.875,-2072.37,-2108.5007,-2421.787,-789.2451,-1658.0237,-2268.8992,-2526.5637,-2819.9119,-2134.1482,-2116.66,-2306.599,-2742.3396,-1636.9676,-954.0041,-893.5168,-1407.0924,-1046.7554,-903.8928000000001,-698.88336,-2100.2075,-2087.4976,-1470.5417,-1222.6794,-1347.3677,
0000000000000000008a_0,1.0,-1416.7773,-1410.7214,-1685.2637,-1382.4666,-1445.3989,-752.5308,-427.4834,-522.0033,-994.1989,-4.7098,145.05624,158.0462,-69.0451,236.1501,340.864,-170.28775,-704.79236,-199.7624,-786.4674,-1116.3057,-1714.3975,-267.7691,-15.815500000000043,-214.97,56.5566,175.91670000000008,-178.0233999999999,-383.49,-984.8005,-486.1062,-557.7349,-366.9368,-2053.3826,
0000000000000000008b_0,1.0,-742.5807,-1224.4587,-1059.3867,-1203.6796,-1268.7981,-1678.888,-1146.0837,-1528.1727,-2468.269,-1977.1041,-1537.1741,-1528.7869,-1033.1241,-1318.4028,-2071.0647,-2032.871,-1929.0381,-1750.8513,-1614.0409,-1870.8794,-2609.385,-1453.8290500000003,-1158.3473,-1027.3331,-1530.21125,-763.9833,-774.5389,-855.1887,-1562.4407,-918.7564,-1478.8873,-1452.812,-1163.3969,
0000000000000000008c_0,1.0,-561.4431,-593.09344,-799.10156,-960.408,-865.8911,-937.2568,-1184.0084,-1462.3981,-1443.9385,-1653.7219,-1284.0306,-1453.727,-417.01068,-827.8258,-1010.1394,-1499.981,-1404.7877,-931.7782,-1296.0482,-1145.3606,-1337.2333,-956.0174000000001,-430.6183000000001,-1061.9812,-604.1757500000001,-249.41770000000002,-281.24825,-475.728,-949.6897,-565.6854,-717.3197,-677.24243,-660.8848,
0000000000000000008d_0,1.0,-569.2006,-635.9701,-605.7532,-1136.9478,-1340.7123,-1142.5116,-1220.9653,-1558.225,-1613.9121,-1578.2775,-1186.6108,-987.5119,-595.3293,-996.7581,-1103.7927,-1208.1002,-1176.4075,-1150.956,-985.1056,-1232.9093,-1614.8975,-370.88030000000015,-359.48025000000007,-641.2321,-390.94990000000007,-383.98085000000015,-298.2332000000001,-979.4425,-1297.3074,-1168.5109,-1308.0955,-1205.6453,-1006.8584,
0000000000000000008e_0,1.0,-2111.2085,-1799.4197,-1719.875,-1636.3387,-2231.3645,-1956.0139,-1947.629,-2145.079,-2248.8687,-2284.5479,-2525.8582,-2132.4106,-1395.9406,-2034.5636,-1726.1995,-2880.8442,-2373.6128,-2101.6868,-1929.1053,-2664.5098,-2155.6792,-455.60220000000015,-463.50809999999996,-1922.8452,-631.5925500000001,-477.22444999999993,-2037.0234000000003,-1308.5957,-2392.314,-1790.2198,-1473.8632,-1540.8667,-1873.2135,
0000000000000000008f_0,1.0,-620.1331,-1419.2615,-559.239,-496.4641,-916.2641,-1060.2692,-1167.4197,-1447.49,-1365.0677,-1379.7537,-1123.7167,-976.0149,-1093.9072,-1046.6249,-1009.2167,-931.3473,-1183.8232,-783.5247,-875.1,-1166.875,-1210.757,-436.0801,-186.59299999999996,-1312.4633,-272.37829999999985,-103.93540000000007,-218.82919999999996,-875.9632,-1398.7223,-715.3239,-1243.9669,-1243.4169,-1173.7633,
00000000000000000090_0,1.0,-1390.665,-1350.4531,-1200.9174,-1083.8738,-1152.8212,-1399.593,-1240.3798,-1635.5066,-1977.2664,-1680.7733,-1519.5576,-1132.965,-1283.3999,-1183.1543,-1294.564,-1408.1332,-1537.8572,-1311.4825,-1482.2451,-1578.4236,-1848.5854,-402.5760500000001,-746.0842999999998,-1137.9268,-296.0391000000001,-9.071349999999882,46.20539999999994,-1089.2,-1118.6548,-763.412,-1078.0522,-936.5635,-1004.75745,
00000000000000000091_0,1.0,-1371.0004,-1128.9725,-1758.6218,-1617.3965,-1624.0558,-2252.927,-2683.6548,-2842.364,-2610.7383,-2506.6682,-2507.4138,-2204.0732,-903.898,-1551.8966,-1989.8411,-2487.0093,-1821.4214,-1725.6808,-1928.3218,-2229.4888,-3002.9775,-1192.91865,-1411.4297,-1341.0051,-1489.8877000000002,-961.6778,-1184.1335000000001,-1264.7238,-1643.4888,-1152.368,-1355.8525,-1604.9994,-2193.5745,
00000000000000000092_0,1.0,-1121.6919,-1099.8162,-1739.8893,-1520.3657,-1377.0283,-1641.5348,-1252.1635,-1674.2332,-1522.6724,-1593.5614,-1486.9747,-1413.7375,-899.819,-1289.2432,-1874.2896,-2330.974,-1933.0219,-2101.6309,-2001.3147,-2245.1104,-2420.7834,-1172.2449,-1253.7624,-1154.7871,-1367.2166499999998,-1048.6101,-1259.7885,-1870.5706,-1879.4874,-1454.8789,-1458.8478,-1658.7234,-1867.5154,
00000000000000000093_0,1.0,-1441.6628,-854.7311,-1148.877,-296.50977,-531.6018,-630.7549,-110.00715,-519.5417,-131.2498,-137.3929,22.3884,66.187004,-424.4426,82.604,-55.168,-882.3092,-460.2761,-562.9318,-569.6057,-1059.6007,-1039.7352,-191.71689999999992,-150.69934999999995,-230.54886,-323.6647999999998,-24.54830000000004,-337.82055000000014,121.6869,-629.9762,-300.5272,-570.0589,-408.0978,-996.89307,
00000000000000000094_0,1.0,-962.90515,-1100.2188,-1411.8239,-1384.668,-1782.2374,-1697.1373,-1566.6825,-1847.6107,-2175.1558,-2140.5625,-2019.0293,-2132.1167,-792.0779,-1835.5042,-2127.7073,-2177.5771,-2012.9324,-1779.8696,-1888.5516,-1738.885,-2436.6025,-1121.48335,-1152.8310999999999,-1115.5995,-1236.2365000000004,-1245.4413,-1063.3031500000002,-1215.0061,-1997.2936,-1806.6663,-1637.9052,-1606.8401,-1839.4272,
00000000000000000095_0,1.0,-681.3515,-757.22546,-898.7986,-1403.6737,-1151.6069,-1679.8113,-1372.0718,-1958.5256,-1711.6705,-1561.1357,-1870.7379,-1464.56,-669.5343,-1158.681,-1686.6243,-1819.8096,-1605.9292,-1086.7128,-1531.4482,-1813.4827,-1764.8992,-888.6850000000002,-862.0238,-1189.9517,-1372.7173,-459.33560000000006,-476.22534999999993,-989.1125,-1563.1707,-1052.8541,-1339.7446,-1162.9637,-1454.891,
00000000000000000096_0,1.0,-893.4391,-698.9871,-1692.6013,-1490.61,-1382.5549,-1780.6825,-1611.0564,-2303.524,-2588.9639,-2202.8296,-1963.1874,-1829.0785,-683.2557,-1840.4431,-2275.879,-2278.3547,-2372.5474,-1887.7964,-1871.8933,-1981.6656,-2041.3948,-1372.8244000000004,-912.2435499999997,-732.03455,-1277.1293,-606.5647999999998,-1210.5239000000001,-560.7633,-2164.1606,-1428.0369,-1635.5222,-1161.7019,-1709.8969,
00000000000000000097_0,1.0,-739.4958,-712.7191,-1159.1375,-1089.6296,-1158.0892,-1407.0947,-1071.638,-1537.6315,-1771.2021,-1701.2434,-1582.7897,-1325.0886,-677.3342,-1188.1562,-1589.1191,-1508.762,-1548.5673,-1248.1731,-1419.5385,-1377.8429,-1428.706,-875.1497999999999,-427.87250000000006,-808.87866,-485.91845,-334.89200000000005,-650.9642000000001,-694.725,-2132.3723,-1236.4192,-1872.1667,-878.0058,-1304.4429,
00000000000000000098_0,1.0,-381.1433,-547.18616,-686.26953,-671.0296,-789.4163,-727.2147,-706.0488,-1327.9456,-1387.157,-1302.3986,-1549.8649,-1196.792,-338.7993,-1151.7666,-1170.1093,-1277.5176,-1257.5773,-1101.3667,-1274.7217,-1287.5642,-1884.8062,-632.532,-549.3168000000003,-505.51385,-544.8742999999997,-427.1821,-614.74375,-391.6753,-469.6972,-457.9633,-248.27554,-446.33905,-963.07837,
00000000000000000099_0,1.0,-443.2424,-543.1916,-974.21246,-927.8023,-993.61584,-1181.2451,-1193.2745,-1220.5645,-1194.3501,-1424.5634,-1260.6874,-1105.4667,-498.69043,-1021.1364,-1209.2483,-1167.0273,-1034.629,-914.77856,-1154.7332,-1298.1049,-1453.7631,-491.8075,-517.719,-528.01,-722.8384,-477.1912000000001,-598.6739,-546.42755,-681.2789,-1146.1796,-1154.7927,-1113.2134,-1159.1157,
0000000000000000009a_0,1.0,-513.003,-518.2807,-357.7656,-416.6105,-446.5554,-402.41296,-567.9052,-549.5385,-834.246,-1451.6996,-1986.7957,-1440.1199,-509.61224,-1008.032,-1116.0188,-1185.3793,-1267.1707,-1331.3721,-1582.8948,-1356.0148,-1386.4646,-195.1401499999999,-70.81540000000018,-541.5446,-263.64869999999996,60.01909999999998,-173.00600000000003,-461.9547,-492.9181,-494.8469,-794.3468,-471.44022,-546.80634,
0000000000000000009b_0,1.0,-1120.0513,-885.299,-742.7865,-727.8063,-772.4658,-1407.201,-1954.7954,-1517.0881,-1807.1587,-1313.2827,-1912.1967,-1180.7279,-867.4529,-979.4636,-1189.9401,-1714.2611,-2168.9712,-1561.8739,-1525.4119,-1490.186,-1619.7853,-810.6532,-656.6986999999998,-1018.3915,-597.18525,-87.39749999999995,-714.5733,-810.04553,-1477.0807,-834.65466,-1221.0737,-883.7447,-1185.2473,
0000000000000000009c_0,1.0,-1820.9861,-1837.5068,-2241.3186,-2216.4756,-1987.5824,-1741.8723,-2169.7725,-2331.351,-2452.4731,-2783.2144,-2647.8064,-2107.8083,-1617.2343,-2135.2417,-2404.3662,-2355.781,-2361.2104,-2008.8514,-2390.1663,-2461.5684,-2890.8132,-776.09175,-1421.1689999999999,-1805.3702,-1427.5205,-1390.2626,-1190.3424500000006,-1455.5981,-2093.5894,-2814.7007,-2238.8853,-1855.0626,-2345.394,
0000000000000000009d_0,1.0,-1025.6938,-1012.0388,-1439.8752,-1294.0646,-991.3351,-1190.294,-2372.9338,-1583.9713,-2469.96,-1295.6685,-1581.7802,-1616.1758,-533.4478,-1484.0466,-1365.1946,-1170.7122,-1584.62,-1380.227,-1268.8694,-1410.03,-1747.6295,-426.0326000000001,-186.6701999999999,-963.0539,-302.36850000000015,-73.27279999999996,-277.4976999999999,-622.5448,-1046.5471,-1443.0605,-1742.6942,-1560.1694,-1523.9915,
0000000000000000009e_0,1.0,-871.7538,-1325.0355,-1665.0353,-1102.8163,-1346.0312,-1294.3015,-1230.4298,-1772.7039,-2229.1477,-1733.5806,-2093.2422,-28.404549,-1003.6877,-157.7467,-0.2619,11.1145,-84.714,-37.9435,-615.695,-1640.942,-1665.7388,-499.24310000000014,-872.1875,-1238.5992,-918.5707999999998,-857.0042,-708.6796999999999,-933.43884,-1397.0984,-1901.9266,-1541.2338,-1072.3414,-1802.9594,
0000000000000000009f_0,1.0,-252.9235,-269.5512,-366.1552,-331.723,-334.11295,-439.94452,-465.73056,-662.7494,-732.92,-716.8376,-659.506,-590.04376,-353.1543,-564.7727,-678.1549,-631.87805,-806.1529,-503.95477,-569.5289,-624.92474,-819.2611,-64.55220000000008,-44.2509,-451.3176,132.10474999999997,143.7506999999999,67.37969999999994,-411.8299,-531.7633,-415.49844,-473.2156,-435.64325,-552.89795,
000000000000000000a0_0,1.0,-635.6004,-1271.8951,-1412.9441,-1096.4209,-1748.8931,-1373.6536,-1185.956,-1639.6431,-1871.7166,-1565.5396,-1180.7856,-108.7154,-895.0819,-198.234,-6.0269003,-134.8902,-75.5219,-177.9522,-1474.5513,-1716.918,-2344.2954,-985.6456,-1518.4180999999999,-1367.4775,-1083.7522000000001,-691.0064000000002,-784.7443000000001,-1016.2023,-1644.9326,-1847.5552,-1448.6418,-924.3711,-1593.0771,
000000000000000000a1_0,1.0,-793.5694,-1033.354,-1261.4133,-1093.0293,-1866.3219,-1251.0498,-1435.1821,-1865.353,-2577.1084,-1937.4675,-1718.5831,-1736.3033,-1055.2147,-1324.833,-2037.581,-2151.166,-1784.2783,-1376.6877,-1216.4054,-1538.5548,-1666.8391,-548.0156,-970.2065000000001,-1605.554,-561.4735000000001,-467.8346,-511.99940000000004,-718.5619,-1533.2184,-1623.7906,-1657.1229,-606.071,-1326.6721,
000000000000000000a2_0,1.0,-2101.7776,-1718.147,-1109.7504,-1049.088,-1144.7742,-1279.2422,-1217.1926,-1492.4497,-1619.0933,-1582.7367,-1620.4136,-1673.9653,-1825.1277,-1426.9926,-1592.5583,-1536.9622,-1488.5754,-1486.258,-1784.5543,-1737.1079,-1930.3105,-1161.5069500000004,-1050.9672,-1985.0018,-693.8656000000003,-799.9132000000001,-879.8717,-1774.3767,-1650.8619,-1556.5408,-1188.9825,-1015.33203,-1587.6692,
000000000000000000a3_0,1.0,-1170.4403,-1059.3477,-1256.6083,-796.8009,-765.0558,-1362.2178,-1149.3901,-1790.0281,-2484.2527,-1830.3785,-2028.6871,-1717.2485,-1236.4564,-1296.8713,-1223.5957,-1396.7847,-1187.034,-990.0462,-1550.4746,-2034.1038,-1406.653,-1425.8484999999998,-1122.2922,-1365.9446,-654.4481999999999,-736.4581499999999,-880.3423999999999,-763.222,-1050.4728,-1373.8142,-1929.6515,-1337.2593,-1840.9514,
000000000000000000a4_0,1.0,-1833.0568,-1656.5667,-1653.7659,-1825.1849,-2257.3984,-2207.7031,-1852.502,-2376.4558,-1982.8978,-2019.9619,-2331.6343,-2068.6914,-2549.9783,-2163.881,-2376.6465,-2540.2527,-2811.14,-2331.4124,-2468.307,-2818.7603,-2773.563,-1532.0382,-1208.5056999999997,-2424.7986,-1232.5266000000004,-1357.1264,-1296.0502500000002,-2307.6804,-2531.2266,-1603.3745,-1749.1049,-1753.9111,-2315.913,
000000000000000000a5_0,1.0,-522.68823,-1894.0581,-814.7144,-896.93945,-924.0393,-962.7272,-844.19226,-1208.861,-1338.4392,-1663.6155,-1531.3552,-1077.3422,-1444.6226,-901.4185,-951.6848,-786.2141,-989.53674,-830.09045,-844.249,-988.6445,-1052.1604,21.695999999999998,68.5488,-1414.7242,-715.606,-532.7649,-495.33960000000013,-1012.95996,-1356.528,-907.8811,-962.0747,-789.36975,-1333.7078,
000000000000000000a6_0,1.0,-1188.0953,-1289.6027,-1063.6056,-1697.1775,-1261.884,-1808.9462,-1608.5863,-1638.28,-1852.3187,-1890.7644,-1642.8884,-1753.0725,-1292.7747,-1189.8417,-1016.5175,-1565.8104,-1516.2681,-1436.2788,-1642.4017,-1564.5774,-1993.13,-1051.7085000000002,-857.8678,-1813.1831,-1350.1667000000002,-1036.1379000000002,-1720.8362,-1144.0217,-1115.0525,-1309.0015,-843.4087,-919.76404,-1375.5026,
000000000000000000a7_0,1.0,-1347.1508,-1628.3037,-1195.2614,-1229.9723,-1216.4393,-941.6216,-1131.2478,-1412.3413,-1659.5422,-1398.044,-807.876,-1340.0286,-700.0573,-984.8222,-1516.8052,-1758.4492,-1425.8396,-694.59546,-1196.4069,-1409.6454,-1308.5873,-317.54529999999994,-1193.3518,-681.0216,-412.06924999999995,-263.2578999999999,-604.6759999999999,-585.0404,-952.6877,-807.2943,-694.9242,-1071.8541,-1062.7997,
000000000000000000a8_0,1.0,-891.2479,-1193.326,-1488.5823,-1229.258,-1385.7665,-1384.3517,-1380.3105,-1421.9318,-1683.74,-1866.3672,-1735.9504,-1350.18,-979.7688,-1385.1782,-2176.4243,-1947.1482,-1820.4229,-1385.4989,-1488.7452,-1872.9681,-1463.2822,-357.61289999999997,-454.3181000000001,-1274.5669,-693.2062999999999,-335.1285999999999,-467.88230000000016,-811.906,-893.4505,-871.1872,-847.8408,-1115.9106,-1114.8951,
000000000000000000a9_0,1.0,-795.9934,-921.15186,-852.42365,-744.37244,-852.8561,-1050.0645,-1354.3278,-1670.9131,-1557.8232,-1742.7117,-1612.1367,-1352.6152,-776.296,-1262.9215,-1647.6725,-1693.4349,-1504.17,-1422.9269,-1327.6654,-1213.4048,-2018.2068,-472.20115,-282.54264999999987,-1005.5493,-502.4632499999999,-318.25424999999996,-592.605,-745.4788,-961.1828,-662.3802,-829.48096,-856.7998,-1542.089,
000000000000000000aa_0,1.0,-119.1988,-247.3593,-68.97915,-281.466,-236.6984,-308.3895,-216.5534,-465.273,-421.0643,-589.3878,-507.4569,-454.67822,-261.75647,-252.8445,-281.8517,-509.1919,-516.0503,-344.9343,-512.7024,-509.57483,-623.24146,-58.95550000000002,40.32130000000003,-386.9232,46.192000000000036,49.114699999999985,12.081999999999965,-145.1003,-423.74847,-68.42805,-539.5062,-480.198,-470.70447,
000000000000000000ab_0,1.0,-722.69885,-490.0146,-1003.3829,-354.6524,-793.3059,-543.9817,-1072.7195,-1322.0503,-1606.6583,-1495.0225,-1258.7831,-1161.0776,-485.8494,-1161.5338,-1726.0757,-2083.8372,-987.33826,-886.905,-1023.5658,-1417.9258,-1252.2609,-540.54875,-676.7641,-672.4758,-715.1224500000001,-218.57110000000006,-817.6050000000002,-798.39087,-707.0018,-808.7523,-1324.2552,-768.13446,-943.7054,
000000000000000000ac_0,1.0,-816.8461,-660.2868,-1098.9591,-1299.1743,-1135.4227,-1106.2896,-1235.7773,-1513.5044,-2119.227,-2285.3325,-1917.3864,-1404.1415,-1798.2961,-1302.5818,-1555.0706,-1363.0159,-2356.4072,-1374.665,-1603.5881,-2022.2004,-1950.127,-1152.7044999999998,-712.9300499999999,-1006.47205,-732.7396999999999,-650.9045999999998,-518.0860999999999,-1033.6403,-1486.8115,-2344.261,-1254.7554,-1310.3729,-1456.6553,
000000000000000000ad_0,1.0,-898.4013,-1019.5536,-1540.5505,-1339.52,-1019.1206,-1146.6387,-1187.7794,-1463.6465,-1960.9974,-1519.705,-1682.1255,-1473.1576,-1130.2874,-1730.0934,-1814.9023,-1592.5966,-1427.4607,-1558.9336,-1414.4805,-1447.0544,-1577.7072,-1238.0054,-534.3736,-1481.6407,-633.1614,-470.81410000000005,-630.1041,-1564.612,-1335.7837,-2891.1997,-1360.7217,-1034.861,-1743.3342,
000000000000000000ae_0,1.0,-992.6443,-1078.415,-1199.7703,-1046.6251,-1039.5171,-1117.5013,-1329.2655,-1412.3552,-1617.5507,-2015.443,-2304.7097,-1262.8502,-785.53046,-1376.1334,-941.786,-1110.275,-1216.9169,-1233.9446,-1222.4543,-1185.1943,-1601.7898,-1680.2554,-1026.4521,-1713.4075,-862.8002,-947.1936000000001,-345.50244999999995,-532.7973,-1656.5612,-844.5134,-860.5243,-688.9691,-974.937,
000000000000000000af_0,1.0,-1440.5128,-1498.3099,-1406.5464,-1368.9414,-1403.427,-1481.9292,-1589.7877,-1713.9412,-2120.8042,-2169.3862,-1904.8806,-2097.2507,-1236.0651,-1843.5452,-2114.5586,-2064.42,-2232.4104,-1090.3452,-1289.0852,-1228.7925,-1777.9542,-511.7251000000002,-1244.9982,-1303.2234,-1258.1796000000002,-1018.1814999999999,-947.8945000000003,-1080.8105,-1266.263,-955.6289,-1146.9033,-1184.1718,-1446.8225,
000000000000000000b1_0,1.0,-780.5241,-644.8069,-558.4785,-652.34656,-914.2314,-760.3672,-1152.6992,-1385.9111,-1556.2377,-1650.0513,-1116.4558,-1105.9309,-620.2436,-1119.9244,-1763.7769,-2025.8326,-1026.3654,-981.9781,-1071.7214,-1678.7167,-1201.0823,-692.07295,-786.6371000000001,-737.2269,-991.61715,-355.8912999999999,-1008.3112999999998,-635.42664,-709.3375,-748.7064,-647.9467,-722.17523,-863.8965,
000000000000000000b2_0,1.0,-753.613,-763.3872,-1035.4473,-1249.5295,-1164.7844,-1048.2046,-1089.9132,-1415.3643,-1454.9554,-1802.2296,-1696.1376,-1468.6177,-657.8792,-1319.4619,-1410.8702,-1530.2281,-1470.1462,-1408.3535,-1295.1654,-1735.078,-1755.2593,-541.4048,-509.3941000000002,-757.7248,-261.8484000000001,-538.2827,-146.6173000000001,-666.4004,-1433.9121,-1124.3842,-1217.5186,-1482.0706,-1316.0361,
000000000000000000b3_0,1.0,-1139.0457,-773.5962,-1227.4775,-1000.4343,-1319.2882,-1186.803,-1114.425,-1648.0577,-2462.1938,-1593.7563,-1366.2894,-1436.0647,-772.0943,-1488.2628,-1581.6086,-1588.8091,-1425.0804,-746.6748,-1184.127,-1798.8328,-2181.459,-740.4742000000001,-784.4729,-1062.301,-737.3025,-687.1649499999999,-924.2380000000003,-570.8799,-891.1499,-622.1179,-608.0364,-955.5838,-984.5333,
000000000000000000b4_0,1.0,-1040.0101,-1275.3354,-647.4432,-1467.8738,-1356.3989,-1193.519,-1514.2405,-1523.9364,-2000.4052,-1797.8098,-1454.695,-1155.7,-919.80145,-1167.2253,-2306.4048,-1468.8481,-1686.1992,-1095.9196,-1246.1016,-1442.4185,-1805.3494,-467.4655500000001,-163.22000000000008,-1867.1241,-97.49469999999997,-140.6130000000001,-623.9103999999999,-642.801,-586.2155,-1114.9592,-826.6786,-1050.2484,-1669.9598,
000000000000000000b5_0,1.0,-668.91724,-1073.4478,-945.6341,-1049.1113,-1118.5002,-1293.4309,-1095.884,-1362.3756,-1854.1038,-1582.8715,-1395.7856,-1249.5085,-698.3887,-1231.9221,-1271.3088,-1493.7731,-1239.2291,-1083.7262,-1141.5562,-1162.307,-1581.6711,-296.3154,-386.6616000000001,-1310.344,-346.46540000000005,-264.41679999999997,-217.1040999999999,-1117.1918,-1654.4604,-1102.9252,-1358.2214,-997.789,-1226.8853,
000000000000000000b6_0,1.0,-1238.8511,-1187.979,-990.16,-1412.9396,-1454.8733,-1000.0557,-1377.742,-1172.0671,-1709.5034,-1819.1162,-1653.1698,-1648.7471,-1128.4247,-1466.1265,-1808.3396,-1786.1271,-1454.086,-1587.2126,-1266.1819,-1587.1141,-2049.692,-743.4850999999999,-688.1819000000002,-1791.4746,-203.35069999999996,-702.4295,-185.17479999999995,-1758.6881,-1645.28,-1614.5112,-1469.0079,-1658.0232,-1205.0435,
000000000000000000b7_0,1.0,-175.1898,-99.129105,-348.9309,-315.9719,-663.9593,-281.0692,-226.82425,-772.89264,-733.0405,-771.9386,-728.37256,-562.9372,-286.1436,-396.8647,-492.1365,-589.9668,-435.9809,-593.8406,-388.7792,-373.0283,-716.1356,-113.18905000000007,-90.02165000000004,-199.9446,-19.348199999999977,-123.75280000000001,-144.3655,-213.41104,-448.1587,-259.6858,-314.8071,28.3513,-191.7231,
000000000000000000b8_0,1.0,-962.8636,-1312.576,-895.02765,-900.3681,-1025.5472,-1099.4255,-908.9812,-1601.5365,-2312.2168,-2000.7982,-1444.0049,-1331.4915,-1200.7832,-1218.8243,-1153.8278,-1186.0104,-1236.3962,-1358.2253,-1264.2908,-1034.2292,-1308.1587,-390.06034999999997,-319.11840000000007,-1806.2651,-125.19109999999989,-443.0069500000001,-187.97745,-1035.1722,-1484.4484,-1047.1106,-988.4984,-1706.229,-1388.1199,
000000000000000000b9_0,1.0,-1106.1216,-740.53644,-562.7061,-753.5416,-873.725,-1092.132,-1177.56,-1472.397,-1671.5537,-1649.1406,-1348.4775,-858.0671,-326.2258,-696.5643,-1431.8433,-1668.2017,-578.8799,-954.2175,-1140.6879,-1388.9457,-1754.6174,-254.76134999999994,-651.2501,-1094.8785,-872.18055,-73.64290000000017,-439.4178,-551.5171,-402.6877,-680.6821,-635.9067,-1114.7448,-1045.4028,
000000000000000000ba_0,1.0,-488.7358,-530.218,-396.973,-522.4087,-568.58185,-588.0057,-682.0576,-885.3825,-784.30725,-948.95123,-915.85144,-793.1959,-554.71924,-759.5597,-595.4352,-663.9894,-654.2237,-716.5567,-595.6236,-743.2461,-902.7448,-129.68020000000004,81.56340000000003,-659.1447,59.044249999999934,29.40550000000016,69.53009999999995,-590.2923,-496.1548,-430.9643,-545.49316,-633.9416,-604.3843,
000000000000000000bb_0,1.0,-1054.0396,-754.56714,-933.3219,-757.7749,-707.8373,-812.20514,-954.90735,-1349.7124,-1267.2963,-1311.4998,-1136.7098,-968.75,-703.59937,-982.9649,-1063.3055,-1023.6991,-1015.1702,-864.9,-993.3406,-909.7335,-1305.8698,-113.01989999999984,58.08439999999993,-766.481,47.034600000000125,-2.103050000000053,86.66889999999991,-729.1931,-570.44727,-705.84564,-730.1119,-652.9208,-713.366,
000000000000000000bc_0,1.0,-739.9163,-903.1381,-1545.5408,-1022.4527,-1202.3212,-1199.4688,-1211.2456,-1248.2506,-2166.5923,-1960.6475,-1537.0405,-1658.0889,-1136.6423,-1887.3899,-1862.7023,-1727.4485,-1770.5009,-1466.3079,-1566.9508,-1504.5822,-1778.9333,-460.1003,-581.4015999999999,-1112.5911,-463.6697999999999,-441.0689000000001,-645.33395,-931.6637,-1151.0603,-1027.3656,-1275.5126,-1417.752,-1446.9414,
000000000000000000bd_0,1.0,-763.1294,-761.7204,-1362.9478,-2009.8236,-1817.8611,-2355.0205,-1821.2761,-2309.8352,-2308.3225,-2552.0044,-2409.9695,-2226.0442,-709.1804,-2009.4779,-1932.3096,-1990.1189,-1602.6926,-1626.7026,-1770.9443,-1637.4724,-2010.9886,-843.14245,-711.4081999999999,-820.2869,-925.119,-639.2154499999999,-885.8821999999999,-778.86865,-768.0273,-690.6582,-1835.2535,-1301.2692,-2232.6885,
000000000000000000be_0,1.0,-938.19495,-685.8937,-780.1219,-1015.0397,-1057.0808,-1339.0103,-1082.7161,-1639.793,-1655.7704,-1636.1335,-1364.4647,-1695.9089,-504.5745,-1465.7272,-1672.9447,-1478.877,-1145.4448,-1341.8392,-1550.0834,-1500.0387,-1507.5435,-694.27,-584.6699000000001,-846.1884,-825.7692,-391.20220000000006,-487.8455,-569.1572,-747.7784,-577.7069,-773.9851,-978.3158,-1250.5365,
000000000000000000bf_0,1.0,-715.7075,-692.1958,-1211.3748,-1050.1034,-984.2637,-1187.2217,-1010.0608,-1165.7526,-2077.5652,-1991.0692,-1429.8591,-2166.6245,-1134.5853,-1863.3202,-1949.37,-1831.9425,-1805.5222,-1688.1674,-1584.1111,-1608.5896,-1747.9802,-301.4995,-590.0389,-1123.6954,-456.7441,-580.5420999999998,-364.2180999999999,-983.4925,-1192.4672,-1195.47,-1247.59,-1184.4492,-1821.3159,
000000000000000000c0_0,1.0,-1032.7,-2215.379,-747.7869,-743.7731,-1069.8997,-1254.2305,-1391.6807,-1884.9603,-1852.0034,-2170.9536,-1853.4939,-1998.9597,-1099.3049,-1411.8507,-1332.9144,-1590.019,-1702.118,-1501.5728,-1816.596,-1358.3107,-1973.5948,-602.6199,-549.4190000000001,-1054.6775,-191.9511499999998,-367.7585000000003,-285.8265,-772.64453,-957.2873,-911.17084,-754.8779,-792.8289,-881.8923,
000000000000000000c1_0,1.0,-621.9666,-624.6014,-719.96265,-688.5095,-780.90063,-1138.9429,-1338.0605,-1408.4097,-1291.6294,-1570.352,-1481.6229,-1433.735,-693.2741,-1218.3896,-1460.2146,-1533.1927,-1377.8802,-1187.836,-1147.9888,-1443.2661,-1620.4186,-426.18339999999995,-426.17465000000004,-978.3266,-513.6258999999999,-443.46950000000015,-731.0095,-601.5413,-748.27057,-644.9342,-762.55835,-1006.24316,-1373.898,
000000000000000000c2_0,1.0,-820.068,-2044.5457,-1095.7606,-1152.96,-1255.9688,-1530.616,-1513.7565,-1588.3503,-1749.2965,-1615.0024,-1297.8164,-1747.1357,-1085.959,-1927.593,-1534.939,-1449.4487,-1788.4346,-544.8871,-1212.0244,-1193.1306,-1197.6177,-186.7199000000001,-290.3182999999999,-1624.0957,-785.3260000000002,-620.4176999999997,-643.3120000000001,-1704.0088,-518.2001,-888.4258,-928.5486,-1172.9547,-960.1501,
000000000000000000c3_0,1.0,-1469.0247,-1219.4254,-1281.0056,-972.678,-1243.246,-1405.4956,-1008.5595,-1891.0571,-2125.2761,-2308.2595,-2316.9424,-1035.7205,-1414.6243,-1049.9867,-1922.0358,-1406.0732,-1960.5798,-1179.9891,-1420.9213,-1662.4517,-1243.0164,-161.11005,-100.76539999999994,-1651.4476,-1132.3512,-197.1686999999999,-109.59955000000008,-1445.8121,-1788.7229,-816.9688,-1072.5385,-1153.1794,-1416.2324,
000000000000000000c4_0,1.0,-927.19653,-845.1854,-580.8758,-402.7252,-650.0266,-517.7666,-682.9945,-1488.5706,-1596.0283,-1833.6536,-584.9315,-789.9466,-590.6795,-620.7304,-1165.0896,-1102.5345,-1063.4875,-1066.8755,-1126.3691,-1509.394,-1694.964,-340.3816999999999,-925.0742,-867.5675,-625.94135,-135.38419999999996,-500.03145000000006,-657.9783,-650.0768,-658.586,-748.3395,-759.22595,-654.8623,
000000000000000000c5_0,1.0,-862.46875,-532.5295,-784.2499,-551.4674,-810.3379,-701.4026,-835.594,-1311.4854,-1520.7394,-653.3673,-335.65143,-545.4434,-579.3582,-560.5967,-1237.3407,-987.2577,-1328.9453,-1189.8811,-1025.9229,-1529.9568,-1687.3868,-214.61339999999998,-660.1661000000003,-705.1013,-627.8261,-245.74830000000009,-520.6232,-407.3943,-691.873,-680.5311,-439.2747,-777.7547,-825.0517,
000000000000000000c6_0,1.0,-778.1272,-632.5721,-757.5103,-436.6187,-870.33746,-708.0643,-662.0199,-1449.1124,-1651.5105,-1347.2141,-284.0613,-457.16556,-514.63,-636.5827,-1194.5507,-1157.2535,-1296.6426,-1136.266,-1097.4292,-1318.0908,-1496.143,-322.48969999999997,-742.9963999999999,-695.7953,-507.07839999999976,-180.3338000000001,-456.39519999999993,-493.4249,-735.5049,-609.8142,-520.7781,-652.6284,-796.0842,
000000000000000000c7_0,1.0,-1244.054,-846.92163,-922.2425,-366.98065,-845.18774,-34.742,7.0893497,-84.0408,52.3922,76.84465,-103.767944,144.65695,-431.18103,46.095848,-236.21219,42.5183,-2.7509,183.0733,106.4751,92.461,-7.8425,149.16555,131.9409,-470.8688,95.8096,132.81795,127.05945000000003,-555.6444,-803.70605,-703.7053,-1002.4283,-409.6435,-801.823,
000000000000000000c8_0,1.0,-2203.6047,-1459.5087,-1412.3538,-1233.2747,-1301.9084,-1762.5175,-1909.3842,-2057.021,-2455.6309,-2105.316,-2146.082,-1762.2389,-1479.1842,-2103.8616,-2479.046,-2208.7002,-1641.4905,-1633.1215,-1844.2848,-2005.2163,-2296.1616,-1261.1979000000001,-311.14000000000004,-1397.6646,-587.107,-991.5406500000001,-618.4547999999999,-1025.9387,-1441.885,-1446.7283,-1381.4601,-1319.7648,-1312.2509,
000000000000000000c9_0,1.0,-760.7517,-736.2605,-574.47736,-826.0234,-1070.8788,-1036.556,-1045.3416,-1727.7036,-1877.5446,-1687.0518,-1955.1254,-1556.3448,-676.4842,-1384.0529,-1563.9323,-1726.3911,-1405.573,-1278.8418,-1388.2667,-1436.1716,-1712.1813,-665.6311000000001,-409.72344999999996,-921.25183,-484.2834000000001,-383.3234,-139.33139999999986,-691.2936,-1007.6822,-855.8014,-964.2755,-784.7714,-752.3168,
000000000000000000ca_0,1.0,-598.14014,-845.4867,-1248.714,-1414.5297,-1572.055,-2512.0366,-1482.9908,-1501.8135,-2346.8333,-1736.3185,-1287.8473,-1568.2823,-739.6483,-1517.4968,-1588.4685,-1766.4491,-2033.4928,-1037.1001,-1427.7745,-1652.5665,-1387.7208,-552.4042,-426.7736500000001,-1703.9998,-645.6904,-596.4591000000001,-1045.9938,-1272.8666,-1599.781,-1420.5457,-1079.412,-1138.978,-1050.3494,
000000000000000000cb_0,1.0,-1115.8981,-1243.0691,-2168.8362,-1467.7146,-1765.8983,-1839.5818,-2014.3693,-1921.685,-2672.416,-2342.516,-2006.3774,-2186.269,-1318.1113,-2087.212,-2611.6875,-2783.8457,-2458.0513,-1903.8217,-1853.8304,-2172.041,-2378.0908,-1674.8977,-960.3560500000001,-1169.2897,-1161.6271000000002,-1269.8987000000002,-986.3020000000001,-1071.9653,-1035.5845,-950.8779,-882.951,-975.53357,-1039.2479,
000000000000000000cc_0,1.0,-1145.859,-1172.3004,-936.5559,-1059.2358,-1217.1454,-1170.2086,-1056.1553,-1610.5509,-1422.7981,-1601.4636,-1428.1926,-1253.9255,-1275.2749,-1181.4747,-1213.4774,-1468.8346,-1394.5758,-1244.1278,-974.91956,-659.98914,-710.1143,26.362999999999985,63.724699999999885,-1670.7911,-321.0357499999999,-133.95885,-743.2285499999999,-968.1485,-1286.5278,-950.2466,-1423.9728,-1169.9773,-1513.7513,
000000000000000000cd_0,1.0,-787.62555,-712.5746,-490.46783,-704.1034,-802.1813,-1011.204,-903.5995,-1362.4587,-1342.0283,-1585.076,-1347.9382,-1106.6255,-768.7501,-948.0005,-1058.7535,-1135.0287,-1246.9253,-847.4863,-877.42395,-1230.5709,-1049.5968,-484.1019000000001,-476.88134999999994,-775.2449,-183.3117500000001,-294.51604999999995,-105.77629999999994,-612.3933,-984.4403,-841.8991,-986.9447,-1080.2402,-874.1123,
000000000000000000ce_0,1.0,-2028.0889,-775.7496,-746.2038,-602.9401,-589.3187,-1397.4628,-957.0703,-1870.5295,-1931.1152,-2058.59,-1684.449,-1723.3523,-1417.6133,-1439.4178,-1675.4703,-1217.089,-1340.1274,-1647.4194,-1403.4812,-1869.61,-1752.9664,-643.4412500000001,-518.447,-1319.7561,-769.8491500000001,-203.7043999999999,-574.4844,-1382.137,-1846.6566,-879.2343,-1242.2559,-1032.7087,-912.4409,
000000000000000000cf_0,1.0,-1228.2493,-1141.7952,-1047.1492,-1098.14,-1912.3435,-1579.9586,-1510.1597,-1755.6667,-2313.4307,-1995.5533,-2198.2534,-1593.3779,-861.6537,-1993.7802,-1576.7799,-1699.9586,-2002.1243,-1565.6177,-2066.401,-2150.516,-2009.7395,-1607.3962000000001,-844.3550499999999,-1369.5759,-1000.5289,-905.6812000000001,-403.7090000000001,-1313.5769,-1232.6859,-1322.6165,-1067.5168,-1525.0845,-1152.1328,
000000000000000000d0_0,1.0,-1673.5875,-1066.1375,-1222.3595,-1604.2137,-1403.1067,-1664.2991,-1600.1833,-2167.3013,-2082.9043,-2005.1606,-2129.4863,-1656.6248,-1852.6433,-1834.675,-1472.8062,-2103.6152,-1770.8943,-1883.6619,-2158.3567,-1942.295,-1890.3971,-1027.0819,-1015.9793999999999,-1370.0157,-502.69200000000006,-41.082100000000025,7.881349999999998,-1079.9238,-2259.6562,-1537.2396,-2050.2163,-1114.1432,-1582.6584,
000000000000000000d1_0,1.0,-894.73486,-979.2159,-553.5633,-1035.5175,-1077.0089,-1106.2684,-1126.6134,-1412.0934,-1448.6539,-1521.4519,-1768.5315,-1422.9069,-600.6397,-1181.3313,-1220.8672,-1766.5541,-1530.0072,-1183.9255,-923.371,-1551.5879,-1779.5889,-1001.7554000000002,-865.9650499999998,-1105.6451,-862.9889000000001,-465.7592499999999,-553.8177999999999,-337.9414,-1798.402,-938.8348,-1379.9897,-1067.7983,-1596.9492,
000000000000000000d2_0,1.0,-1194.2993,-946.1846,-705.2401,-426.4381,-596.1733,-1158.9124,-1028.9564,-797.5797,-680.6847,97.2218,55.5273,113.674805,-409.43896,120.341354,81.6007,0.1913,179.1719,91.39485,78.70235,58.497,-83.717,38.71799999999993,94.32240000000002,-410.1056,94.13699999999994,75.91749999999999,61.709299999999985,-444.4435,-704.8078,57.38655,-189.8641,-429.1577,-440.10925,
000000000000000000d3_0,1.0,-158.3843,-426.6583,-69.7149,-241.06305,-465.2304,-472.5191,-517.9692,-647.8637,-576.124,-736.2498,-846.74664,-604.6629,-213.7277,-462.6983,-665.4739,-710.07666,-811.7344,-599.4586,-868.8679,-937.0397,-768.9022,-143.2264,-323.3223499999999,-578.6547,-377.0003,-234.98855000000003,-250.43999999999994,-220.77455,-788.2783,-276.3056,-471.7539,-825.03406,-744.1223,
000000000000000000d4_0,1.0,-640.14417,-571.2451,-442.9648,-451.163,-480.6874,-739.2065,-555.3041,-719.6045,-1148.7983,-1066.6816,-981.40955,-920.06854,-585.5447,-775.3043,-791.80396,-634.7737,-1031.0355,-920.5588,-1463.0833,-1661.6677,-1573.421,-562.2073,-524.15795,-607.7116,-531.9721500000002,-316.27700000000004,-243.95710000000008,-548.52423,-583.8628,-596.9532,-655.9431,-586.9926,-601.3158,
000000000000000000d5_0,1.0,-453.5517,-37.553253,301.1738,518.6904,323.2898,149.7207,505.7223,186.4637,229.52965,283.1641,245.0552,345.4873,-520.3829,309.11914,296.727,147.64204,317.233,310.5229,292.0596,383.5499,91.2958,75.9762,106.0379,337.8306,103.82860000000004,151.5482,103.63085000000001,373.54,183.7701,247.89099,263.3558,145.787,257.15485,
000000000000000000d6_0,1.0,-595.2652,-648.1499,-1719.7253,-1035.8232,-874.0907,-1329.1342,-896.6139,-1638.373,-1775.7147,-2062.4978,-2295.4077,-1552.4553,-607.6504,-1410.4617,-1781.331,-961.6036,-1229.6599,-1276.8628,-1751.9238,-1625.9833,-1524.7228,-222.1909000000001,-1602.0345000000002,-747.4277,-340.1553999999999,90.68040000000025,-95.25580000000008,-506.5643,-957.49,-846.5103,-1001.4129,-807.7,-1216.6566,
000000000000000000d7_0,1.0,-535.9163,-555.9273,-450.7539,-630.07117,-655.9342,-1183.7867,-935.72046,-1046.4261,-1056.3032,-1251.3855,-1316.1941,-1384.1454,-543.89716,-808.4042,-893.69556,-1383.3125,-1172.5814,-1017.8623,-883.6594,-1271.5984,-1309.071,-1038.6631000000002,-618.1668000000001,-625.7024,-551.7166,-368.8336,-220.01989999999984,-378.6009,-974.927,-567.71094,-1061.2659,-773.1865,-1292.6116,
000000000000000000d8_0,1.0,-542.1832,-619.8892,-1489.4568,-649.507,-712.8983,-1265.3073,-827.75916,-2076.0737,-2036.874,-2092.2144,-1753.6531,-921.2786,-498.19336,-1712.9493,-1961.225,-755.0763,-1503.8278,-1114.4938,-1558.4076,-1441.0562,-1496.4827,-705.9506,-622.2105,-741.8421,-362.12249999999995,-99.47659999999979,-721.6092,-399.1292,-1887.0154,-772.9321,-1337.2218,-741.8275,-752.2532,
000000000000000000d9_0,1.0,190.3324,238.6274,279.7524,549.2726,356.9234,244.96614,500.3234,243.71025,262.7917,279.6535,276.7759,336.1434,177.5303,347.23315,335.3274,252.84935,420.2886,427.8293,411.2291,446.8897,102.1889,83.49519999999998,159.90630000000004,354.1104,120.90179999999995,146.16899999999998,196.3689,360.9572,144.9511,272.9414,287.9508,149.2419,249.93024,
000000000000000000da_0,1.0,-430.1455,-702.9557,-335.1467,-1526.7328,-729.8974,-910.4069,-623.2044,-1374.211,-1033.5299,-1170.8218,-1027.2891,-1212.5886,-453.84915,-1006.26294,-1463.0984,-1214.1786,-1394.6416,-1542.5684,-1292.4027,-1061.6304,-1397.3293,-502.4615000000002,-1108.03005,-731.3925,-1596.7450000000001,-1105.1791,-129.11480000000006,-401.5849,-841.18805,-545.6835,-1797.5509,-1559.5758,-1790.8401,
000000000000000000db_0,1.0,-1223.9719,-1138.9178,-586.73254,-1104.2386,-1071.6077,-1589.884,-1496.7421,-2084.1099,-1797.406,-1596.0544,-1585.6477,-1800.0659,-973.0036,-1465.9058,-1849.9758,-1699.5298,-1450.452,-1357.8887,-1424.8555,-1743.3638,-1956.2775,-635.6857000000001,-758.4112,-1393.844,-709.2155,-606.2844,-463.86019999999985,-1261.6743,-1767.874,-1018.0295,-1308.9088,-1305.3457,-1741.1859,
000000000000000000dc_0,1.0,-795.134,-764.9397,-1112.8075,-791.5285,-987.589,-1248.3528,-1014.1172,-1536.817,-1378.5599,-1313.1366,-1420.1562,-1559.3635,-567.77,-1395.6288,-1743.7092,-1851.5826,-1414.0061,-1352.8177,-1894.2263,-1621.4197,-2439.8325,-1107.5143999999998,-642.1773000000001,-1302.5808,-777.3876,-956.4448000000002,-828.5666000000001,-1110.8475,-1927.1719,-1032.29,-1121.3707,-1188.5374,-1538.2599,
000000000000000000dd_0,1.0,-2080.922,-1915.0352,-1282.7642,-997.6417,-615.37,-896.5383,-1116.5631,-2171.757,-1400.4854,-1487.7202,-1335.2615,-1193.2781,-424.57117,-1161.0073,-1064.9424,-1206.8124,-2343.814,-1964.1447,-1962.097,-2504.2754,-2423.5354,-270.4273999999999,-977.225,-552.0512,-1068.6878000000002,-524.1097,-1191.97025,-608.9613,-999.49866,-555.7451,-1723.8665,-640.327,-1931.314,
000000000000000000de_0,1.0,-24.8306,-507.4743,247.8103,574.27563,362.9337,226.3562,539.1505,244.27225,276.48096,299.588,328.5411,365.2291,105.71365,382.3067,376.18225,252.627,420.79608,435.0653,420.4355,391.72095,47.31245,87.1613,175.09819999999996,393.52216,143.44260000000003,176.1193,182.07565,340.9112,209.4079,306.27734,316.0621,233.961,225.8869,
000000000000000000df_0,1.0,-400.6069,-1607.9058,-953.7255,-1175.6024,-1273.34,-1363.1414,-1637.7369,-1803.5233,-1945.3997,-1693.6132,-1756.5632,-1402.1556,-948.5631,-1327.297,-1507.5361,-1335.2468,-1531.2275,-1255.3063,-1158.1719,-1423.8315,-1667.7686,-534.5627000000002,-590.1567,-1336.2474,-362.84715000000006,-284.06945,-222.61609999999985,-1247.4055,-1485.07,-1163.5461,-960.9977,-1222.9951,-1198.3784,
000000000000000000e0_0,1.0,-558.0858,-416.7063,83.9208,540.84125,333.8717,255.6573,509.458,239.0023,248.8474,309.38507,297.9024,352.657,-617.5655,411.1435,352.2814,256.4943,410.205,421.7152,391.5032,423.7215,70.0418,104.62140000000001,143.5203,-167.6036,114.4786,195.88159999999996,119.31860000000003,50.2738,54.85,143.61731,312.2895,-236.6542,167.8152,
000000000000000000e1_0,1.0,-62.4341,108.6717,204.3781,493.9065,276.3043,207.8426,482.13666,193.0826,209.32831,271.914,252.9119,346.80185,115.5323,354.87225,291.96005,228.8679,378.376,386.2517,391.8678,415.30963,34.539,174.70330000000004,167.05185,264.4404,119.65279999999998,154.85064999999997,122.775,272.4837,181.9225,246.028,278.3762,84.0402,205.3363,
000000000000000000e2_0,1.0,-97.466995,88.8433,196.3362,531.2615,297.5394,182.4052,504.9881,227.3177,244.97824,316.12073,263.5688,367.77246,-80.7448,392.3862,353.75293,237.9733,420.8316,411.7084,392.02222,426.67664,69.6225,109.29139999999995,139.22660000000002,291.4689,118.5586,196.68479999999997,129.70045,339.9649,188.7166,280.27667,297.0755,-32.35915,227.55734,
000000000000000000e3_0,1.0,-757.1063,-694.74854,-672.071,-862.7043,-1106.9849,-1353.0176,-1472.1256,-2143.511,-2179.4814,-1884.2288,-1680.502,-1751.1953,-689.40967,-1856.5637,-1964.1049,-2057.67,-2129.8293,-1708.96,-1637.9272,-1826.1459,-2225.099,-812.5084,-713.1804999999999,-753.5923,-692.8016000000001,-1002.2293000000002,-466.21124999999995,-717.76636,-676.7359,-674.6034,-806.5929,-739.2739,-670.4828,
000000000000000000e4_0,1.0,-1186.4362,-1466.1257,-994.7095,-918.8815,-1038.8617,-966.8015,-1073.6844,-1823.4756,-1125.4764,-1161.1898,-1572.1182,-929.3924,-1335.1235,-987.1039,-1712.6475,-1223.7566,-1134.5374,-1110.7426,-1592.823,-1815.9456,-1713.4225,-891.6407500000001,-914.98585,-875.5235,-675.522,-971.7192500000001,-1076.2903500000002,-699.9033,-1464.1289,-1534.2673,-1324.7955,-1212.536,-1406.0739,
000000000000000000e5_0,1.0,-865.7018,-735.409,-356.61795,-305.518,-338.5236,-329.0621,-327.8399,-603.73126,-140.4532,26.2553,55.8645,298.64175,-822.57764,320.3838,278.6886,217.8058,331.3004,380.476,360.5227,373.3343,48.79855,129.09550000000002,191.82030000000003,-843.3378,113.24690000000001,173.4811,115.34119999999999,-731.5062,-842.7012,-623.9323,-583.4325,-581.2371,-478.64966,
000000000000000000e6_0,1.0,-1526.0614,-1436.113,-1679.4108,-1614.2393,-1740.3301,-1889.5414,-1715.834,-1979.7397,-1990.9884,-2502.997,-2455.1592,-1891.7175,-1370.2982,-2263.3232,-2769.747,-2783.1892,-2249.4636,-1839.3562,-1633.6395,-1948.8682,-1954.2766,-45.107000000000255,207.89690000000013,-1993.6233,44.07639999999998,-133.38250000000005,-24.397799999999904,-1436.327,-2020.1207,-1707.263,-1891.5654,-1961.247,-2049.2039,
000000000000000000e7_0,1.0,-666.7359,-699.4597,-1109.0505,-1171.8425,-1159.2998,-1475.2362,-1075.2725,-1733.7036,-2179.0942,-1882.239,-1612.2969,-1559.3868,-657.8732,-1425.2661,-1628.2834,-1846.9097,-1763.8145,-1517.4341,-1331.7698,-1678.5459,-1955.9159,-892.6549,-922.7168999999999,-667.5778,-906.3759000000001,-374.0350000000001,-661.7117499999999,-1598.6885,-1783.4221,-1155.6917,-1231.4856,-1091.942,-1828.0671,
000000000000000000ea_0,1.0,-538.5314,-672.4445,-314.88422,-505.1573,-857.708,-833.6107,-795.1571,-949.8497,-954.1715,-1242.9935,-1068.3453,-891.5311,-435.7494,-722.1047,-738.8307,-860.1178,-855.925,-751.8607,-919.5739,-1269.4285,-941.088,-372.4181,-504.5082,-776.7579,-500.61259999999993,-307.69730000000015,-422.1536000000001,-481.527,-1499.3933,-585.6254,-1167.2401,-1006.5671,-1324.4681,
000000000000000000eb_0,1.0,-353.7275,189.948,279.45575,536.6405,308.8254,266.77576,491.7979,216.70924,255.1407,261.7779,261.4494,315.01373,196.2717,354.58,294.0101,246.44336,374.7149,402.2,372.23138,384.1871,136.2726,133.4477,214.41070000000005,279.48764,146.7854,196.58614999999998,205.19540000000003,316.6721,161.26665,298.8055,226.9671,58.1624,199.90976,
000000000000000000ec_0,1.0,-1495.0394,-752.55914,-340.50507,-317.0343,-591.1311,-519.0568,-383.65533,-649.4099,-554.1009,-797.11926,-485.0288,-168.63394,-367.6187,-39.0529,245.71759,199.4561,328.5047,396.6241,332.4382,357.9163,57.349503,177.66789999999997,242.42755,-351.9301,141.91450000000003,252.27720000000005,161.6971,-20.3736,-219.4019,33.79615,-73.9297,-145.7824,-442.8696,
000000000000000000ed_0,1.0,-787.5022,-504.74634,-365.52118,-392.73706,-368.5361,-524.5633,-525.1906,-704.68176,-977.1372,-1248.1506,-820.3291,-883.0199,-775.0975,-888.1301,-912.3353,-1074.982,-1061.2864,-964.7884,-970.5015,-1094.5012,-1135.8877,-721.0529999999999,-467.70149999999995,-694.0127,-277.14095,-221.9015000000001,-409.50505000000004,-651.7319,-555.8857,-737.57556,-557.4843,-672.7069,-477.8767,
000000000000000000ee_0,1.0,-1017.0763,-1483.1633,-1066.2399,-1608.2422,-1818.3058,-944.8711,-1411.0697,-1901.4316,-1393.3733,-1658.4584,-1296.4817,-1268.685,-1066.0763,-1481.8773,-1714.7733,-775.0097,-1162.4231,-785.2395,-1621.1636,-1111.2311,-1328.5872,-874.2028,-604.6774500000001,-1085.65,-849.9773,-947.9525000000001,-650.3357500000001,-1071.3337,-932.273,-1103.3763,-1220.61,-1675.4021,-1504.813,
000000000000000000ef_0,1.0,-205.90656,288.91583,248.1931,497.6369,311.3194,184.08676,567.47156,254.4414,262.30353,331.99518,291.3595,387.2931,231.4478,400.1248,370.01526,277.49188,401.95435,436.9521,387.9747,429.8547,94.2485,127.62959999999995,250.01715000000002,445.77478,164.54625000000001,229.15634999999997,165.1121,376.7897,200.9413,329.7737,225.6094,98.2519,236.87445,
000000000000000000f0_0,1.0,-1365.5834,-834.4487,-762.126,-694.652,-787.9001,-795.7918,-770.6791,-909.595,-1564.0319,-1926.0463,-1090.7485,-1391.1711,-1002.9806,-1338.3038,-1689.7437,-1393.8042,-1477.8113,-1302.8354,-1412.1613,-1394.239,-1632.3224,-979.1190000000001,-757.2305000000001,-941.5475,-415.8455000000001,-522.7371,-480.42175000000003,-783.396,-725.7152,-1418.1471,-802.8051,-795.3779,-799.3823,
000000000000000000f1_0,1.0,-561.0721,-416.06894,192.2166,293.1487,274.2249,224.1229,372.71985,241.8696,228.841,205.2644,217.40836,293.4569,-179.1487,278.2737,269.9203,225.1583,340.9143,387.18292,366.4199,363.48,77.2912,129.8038,256.77355000000006,189.6438,164.074,223.5593,204.3785000000001,260.1883,-47.8113,134.32275,102.9161,130.3949,51.7118,
000000000000000000f2_0,1.0,-444.80853,-317.1986,-141.22655,-123.322296,-345.5654,-410.59805,-449.9218,-576.2448,-914.4256,-1036.1155,-593.19617,-669.1758,-441.8985,-636.3139,-676.7766,-885.9754,-789.5023,-608.7891,-725.01764,-887.1355,-675.5372,-637.9848000000001,-569.7811999999999,-422.98145,-132.43800000000007,-117.87265000000008,-175.50439999999998,-210.6314,-386.7987,-459.28687,-445.9849,-577.9815,-408.6154,
000000000000000000f3_0,1.0,-975.6446,-427.5351,342.8182,560.37787,364.9618,366.1915,526.14594,266.7779,340.3281,342.9883,322.562,408.43875,-382.45447,369.1796,406.0694,293.03992,393.3066,431.286,452.44095,426.3603,93.1377,129.29115,151.75170000000003,340.48505,146.3802,166.9564,196.0083,413.0454,195.5851,314.5463,232.6399,121.4583,308.97308,
000000000000000000f4_0,1.0,-378.78772,-604.90454,356.8884,567.6162,286.5885,386.605,525.2185,281.0382,285.4663,355.14954,298.8406,380.544,240.7478,376.60297,392.0254,302.2931,435.3598,435.5265,429.8262,427.6056,119.6283,172.2515,291.73235,447.8092,187.10449999999997,239.5774,249.67600000000002,388.8337,215.0291,380.1555,383.6061,147.8802,258.49255,
000000000000000000f5_0,1.0,-1369.8301,-396.3984,330.8902,-226.85,-833.4065,-911.6621,482.88306,247.18784,169.2637,152.9275,101.2552,159.4156,-280.9701,175.541,134.40976,141.2776,221.2957,103.21271,142.0799,153.11661,13.379099,93.37344999999999,92.4956,-293.68985,97.0284,104.46215000000001,92.398,286.0517,8.28935,236.5061,302.2939,-24.89655,-290.9455,
000000000000000000f6_0,1.0,-105.5163,-469.9744,-43.6802,297.0157,155.9358,59.9493,412.8584,90.5021,210.4415,213.7519,184.2491,279.94537,-56.8023,312.829,237.2062,216.71175,311.1328,327.1594,314.14624,372.908,90.1969,132.4127,227.90619999999996,256.2493,157.4345,181.0887,206.28855,122.3939,7.5139503,142.056,64.5627,200.3874,94.584045,
000000000000000000f7_0,1.0,-990.1198,-1028.8508,-1195.2214,-1181.838,-1610.1359,-1073.2556,-1357.8745,-1923.7622,-1364.8807,-1657.2247,-1414.1274,-1572.6768,-1515.8033,-1561.4934,-1830.4412,-1160.0406,-1135.5093,-1114.7764,-1058.7236,-1293.8884,-1264.4055,-757.4358500000001,-679.9132,-1097.7734,-720.1297,-590.3164,-669.6795000000001,-1037.7595,-1798.5363,-1207.6595,-1995.5708,-1707.6096,-1574.7043,
000000000000000000f8_0,1.0,-305.58035,-494.3836,363.2004,521.3169,325.1917,333.2781,576.9767,292.484,269.3027,351.0313,321.0438,402.6144,236.8075,369.3144,367.5255,301.04526,415.946,457.9027,406.1196,421.41632,140.8424,136.15020000000007,284.89725,460.06915,177.1821,236.38705,240.98529999999997,380.1512,209.3674,322.5024,283.3575,136.628,234.5106,
000000000000000000f9_0,1.0,-2003.011,-1234.7115,243.09189,-175.471,-812.2039,-1072.6707,539.8746,253.7436,260.77,200.35245,194.23026,246.5315,173.9799,267.77704,322.98553,265.2931,326.91315,225.6138,300.41998,329.7585,44.151497,149.3045,171.5671,-76.4824,142.64289999999997,140.42350000000002,110.67370000000001,325.5624,-477.73523,296.1171,302.336,102.9145,66.885056,
000000000000000000fa_0,1.0,-1866.8682,-1271.3567,-620.2946,-368.07715,-639.6672,-421.8559,418.2247,257.04526,208.29774,167.54166,130.7846,198.1051,50.301,223.13379,397.4591,283.2915,274.22894,209.2392,183.7474,232.8476,60.8977,146.79109999999997,172.35989999999995,-492.5136,105.75670000000001,174.23630000000006,108.43225,-390.5127,-484.94537,115.8585,203.55035,-68.2807,-669.8729,
000000000000000000fb_0,1.0,-562.8026,-512.5073,235.09,523.9901,350.2502,325.57074,577.5035,292.58807,277.88824,340.843,286.8711,416.1985,266.5709,389.0037,377.5081,296.1422,408.2705,444.4718,397.52255,435.90277,125.1384,159.4107,296.42840000000007,442.957,191.02519999999998,225.51245,213.34029999999998,373.1847,207.786,334.8305,200.9087,171.6962,272.23355,
000000000000000000fc_0,1.0,-638.3159,-603.27527,345.6984,418.2395,420.0136,365.8784,532.8592,263.4163,317.2362,382.8111,329.1654,390.769,247.83385,389.23944,415.62375,333.7359,423.6729,430.77533,442.2778,446.78156,130.9888,141.18679999999998,271.07660000000004,402.45197,187.256,268.3767,286.2469,434.572,192.902,308.6723,243.9724,134.6527,335.83008,
000000000000000000fd_0,1.0,-936.0659,-881.6508,-858.295,-1052.4739,-844.35205,-1047.7793,-1152.1439,-1413.7799,-1550.6501,-1623.8591,-1582.7666,-1228.6613,-922.1071,-1066.3428,-1490.9503,-1326.302,-1218.2505,-1169.7334,-1305.2979,-1287.8667,-1472.4945,-543.5117,-450.49375000000003,-1044.8848,-263.5590000000001,-332.1991999999999,-279.50315000000006,-838.1216,-748.532,-1106.9012,-1599.9954,-887.7446,-1016.4982,
000000000000000000fe_0,1.0,-1142.7786,-1081.4615,-1308.0602,-971.6038,-795.9883,-1117.2795,-1113.7338,-1659.1005,-1841.8574,-1615.4724,-1493.2097,-1375.501,-748.856,-1399.1804,-2002.0084,-1581.0598,-1277.9021,-1052.4854,-1195.2605,-1606.459,-1817.4274,-720.4468,-781.96165,-1015.5677,-1202.03715,-1189.4333500000002,-1612.3744499999998,-771.3814,-927.4538,-941.27386,-1871.8894,-1481.5171,-1483.5645,
000000000000000000ff_0,1.0,-1734.1152,-1922.121,-2528.6885,-1032.6414,-1054.4626,-1316.2731,-1350.5262,-2003.5332,-1854.5024,-1523.9961,-1852.3512,-1478.3303,-1400.9523,-1503.6506,-1770.8704,-1445.8632,-1582.3625,-1310.0615,-1305.4441,-1607.0198,-1729.9794,-610.79295,-1466.8808,-1873.3384,-1983.7631000000001,-1869.99735,-1787.5347500000003,-1132.5121,-1924.9457,-1687.253,-1900.0125,-1518.7965,-2490.085,
00000000000000000100_0,1.0,-1002.89813,-470.6671,379.6008,564.6697,426.3376,520.7588,598.8329,320.32455,314.342,373.2099,327.9389,415.4846,-359.57153,412.046,389.45975,357.8378,421.91254,463.3231,430.72003,411.6431,148.9928,147.0243,306.89480000000003,190.0423,211.0151,315.2203,313.4338,358.7039,-598.6873,326.32898,276.74078,128.0394,333.00995,
