"","system.index","GREEN","GREEN_1","GREEN_10","GREEN_11","GREEN_12","GREEN_13","GREEN_14","GREEN_15","GREEN_16","GREEN_17","GREEN_18","GREEN_19","GREEN_2","GREEN_20","GREEN_21","GREEN_22","GREEN_23","GREEN_24","GREEN_25","GREEN_26","GREEN_27","GREEN_28","GREEN_29","GREEN_3","GREEN_30","GREEN_31","GREEN_32","GREEN_4","GREEN_5","GREEN_6","GREEN_7","GREEN_8","GREEN_9",".geo","CID","class"
"1","00000000000000000000_0",224.5,307.5,209,264.5,232,295,269.5,304,225,290,264,250.5,306.5,209,213,254,297,261,234,265,299,143.5,266.5,388,314,214,208,268,337,321,467,382.5,293,NA,1,"for"
"2","00000000000000000001_0",302,349,206,315,249,320,302,290.5,244,317,267,332,311,283,243,325.5,309,298.5,223,273,305,206,258,371.5,293,240,246,292,345,302,450,387,286,NA,2,"for"
"3","00000000000000000002_0",386.5,398,335,389,336.5,386.5,450,380.5,349,372.5,352,392.5,447.5,325,261,399,385,349.5,302,344,314,232,339,455,358,315,284,357.5,509,437,525.5,514,360,NA,3,"for"
"4","00000000000000000003_0",358,387,341,390,365.5,381,367,377,323,362,361,412,449,366.5,306,409.5,367,343,313,317,358,239.5,342,418,364,294,306.5,368,428,379,484,495,395,NA,4,"for"
"5","00000000000000000004_0",358,411,279,334,291,360,348,337,300.5,306.5,304,289.5,330,327,302.5,368.5,323.5,329,300.5,304,305,310.5,301,350,319,294.5,268,295,332,351,519,387,322,NA,5,"for"
"6","00000000000000000005_0",349,427,327,413,309,362.5,384,355,297,350,323,369.5,390,346,324,361,343,332,300.5,317,297.5,191,309,403,341.5,260.5,280.5,349,447,391,469.5,444.5,358,NA,6,"for"
"7","00000000000000000006_0",327.5,425,281,358.5,314,379.5,322,346,292.5,337,323,347,412,340,305,429.5,318,307,285,316.5,315,298,316,394,342.5,277,267,347,361,391,505,438,327,NA,7,"for"
"8","00000000000000000007_0",404.5,455,333,388.5,322.5,421,386,360,330.5,366,347,376.5,424,345,359,416,360.5,354,343,350,325.5,272,342,401,360.5,317,322,390,434,355.5,524,434,370,NA,8,"for"
"9","00000000000000000008_0",300,395,313,390,298,390,373,397.5,334,363,342,356,388,318.5,306,376,365.5,332,312,374,351.5,250,334,401,382,286,294,350,422,435,522.5,477,334,NA,9,"for"
"10","00000000000000000009_0",460,516.5,447,508.5,370,446.5,447,422.5,387,419,440,457,506.5,441,381,501,423,437,381,406,402,377,410.5,483,428,411,440,439.5,533,455,588.5,513,401,NA,10,"for"
"11","0000000000000000000a_0",413,461.5,324,447.5,319,402,440.5,405.5,360,382.5,411,397,454,351,350,393,377.5,358,343,359,377,288,372,485,379,336,340,368,464,445,569.5,447,396,NA,11,"for"
"12","0000000000000000000b_0",472,519,454.5,466,385,458,418,392.5,396,385,390,374,506.5,394,398,441,413.5,397,368,373.5,404,346.5,363,518,387,374.5,358,474.5,524.5,478,520,501,485.5,NA,12,"for"
"13","0000000000000000000c_0",528,538.5,452,454,364,460,397,399,403,398,420,389,511,404,377.5,417.5,399,393,357.5,364,394,345.5,372,525,370.5,339,359,446.5,529.5,557,573,523.5,464,NA,13,"for"
"14","0000000000000000000d_0",311,384,239.5,320.5,289,352,314,286,312.5,304.5,316.5,347,344.5,304,247,358.5,359.5,303,313,309,274,178,312,403.5,327,250,275,306,449,415,376,455,359.5,NA,14,"for"
"15","0000000000000000000e_0",431,419,306.5,381,332.5,399.5,387,382,335,382.5,360,335,408.5,334.5,334,400,385,355,315.5,326,316,292.5,325,409,345.5,323,308,367.5,420,387,530.5,438,387.5,NA,15,"for"
"16","0000000000000000000f_0",445,408.5,319,347,297,357.5,339.5,342,320,336.5,320,298.5,404,305,306,346,348,303.5,279,281.5,297,258.5,264,447.5,303.5,284.5,256,404,413,418.5,515,418,334,NA,16,"for"
"17","00000000000000000010_0",496,521,397,458,360,440.5,398,408.5,385.5,400,409,399,504.5,395,380,431,418,396,382.5,366,367,365,362,482,406,357,331,422,504.5,507,559,493.5,400,NA,17,"for"
"18","00000000000000000011_0",469,523.5,370,453.5,393,431,411.5,396,353,356,405,414,477,343.5,356,407,381,374,317,335,353,286.5,347,498,373,320.5,292,406,540,484.5,570,478.5,403.5,NA,18,"for"
"19","00000000000000000012_0",598,553,477,437.5,393,455,456,467,409,413,406,367,580.5,389,392.5,435,389,389.5,386,362,397.5,337.5,368,529,370,365.5,334,436,494,466,509,447,486,NA,19,"for"
"20","00000000000000000013_0",357.5,372.5,276.5,332.5,288,361.5,340,330.5,297,313.5,334,349,356,309,292.5,347.5,330,308,277,301.5,343,260,291.5,388,313,288,286,333.5,429.5,374,398,452,350,NA,20,"for"
"21","00000000000000000014_0",497,515,420,454.5,404,456,414,437,392,374,416,407,502,393,390,429,400,408,367,397,347.5,369,392,466,398,384,353,449,506,524,568,508,460,NA,21,"for"
"22","00000000000000000015_0",437,447,342,426,365,426,451,388,346,361.5,347,367,421,382,365,413.5,394,373,377,372.5,366,313,354.5,458,339,337.5,336.5,434,462,451,572,473,410,NA,22,"for"
"23","00000000000000000016_0",409,460,314,363.5,326,383.5,358,368,325,336,357.5,330,431,362,323,357,347,330,331,324,305,315,327.5,418,343.5,326,343,386,449,455,547.5,450,363,NA,23,"for"
"24","00000000000000000017_0",480,414.5,374,395,337,426,412,399,360,363.5,376,356,447,398.5,360.5,404.5,368,383,331,343,363,331,350,425.5,376.5,365,316,366,395,415,513,392,415.5,NA,24,"for"
"25","00000000000000000018_0",559,496.5,443.5,477,417,466,476,442,416,398,381,388.5,505,440,392,450,379.5,393,386,364,394,352,363.5,508,380,377,349,436.5,500,453,569,449,466.5,NA,25,"for"
"26","00000000000000000019_0",463,444,355,416,323.5,442.5,457,421.5,386,426,376,357,472.5,401,385,412,338.5,372,348.5,361,375,295,308.5,481,369.5,349,274,452,439,462.5,648,487,419.5,NA,26,"for"
"27","0000000000000000001a_0",473,454,401.5,455.5,397.5,482.5,472,443,390,397.5,396,398.5,425,408,405.5,433.5,396,424,363,381,392,361,367,450,410.5,386,357.5,410.5,440.5,434,573,458.5,409,NA,27,"for"
"28","0000000000000000001b_0",399,446,395,469.5,444,439,424,435.5,411.5,407,412,409,420,371,354,394,358.5,349,342,342,418.5,323,345,501,371,347,343,401,467,466,710,571,451.5,NA,28,"for"
"29","0000000000000000001c_0",346,410,281,362,361.5,355,345,356,324,357.5,322.5,315,369,294,277,330,372,341,315,342,315,249.5,335,417,332,312.5,301.5,319,466,403.5,655,474,358,NA,29,"for"
"30","0000000000000000001d_0",353,389,274,334,291,358,331,315,312,324,337,307,366,267.5,261,370,347,336.5,299,314.5,346,222.5,293,420,327.5,266,299,364.5,424,366.5,528,479,317,NA,30,"for"
"31","0000000000000000001e_0",234.5,249.5,201,273,199.5,249,220.5,223,220.5,245,231,252.5,248.5,248.5,200,263,255,234,222,231.5,238,196,215,290,243,219,213,217.5,296,240.5,551,335,253.5,NA,31,"for"
"32","0000000000000000001f_0",421,472,463,451.5,396.5,456,476,405,389.5,407,378,354,446,385,366.5,418,363,394,329,363,383.5,335.5,359,472,370,373,342,411.5,498,455,627,531,460,NA,32,"for"
"33","00000000000000000020_0",421,471,433,463,447,420.5,419,460,424.5,453,426,368.5,459,346,333,365,363.5,370,332,386,336,284,322.5,470.5,347,317,315.5,413,481.5,443.5,766,594.5,443,NA,33,"for"
"34","00000000000000000021_0",513.5,512,448,463,417.5,473,471,455,394,435,429.5,390.5,540,418,416.5,428,394,416.5,372,390,375,380,393.5,511,397.5,390,407.5,407,511,448.5,728,523,489.5,NA,34,"for"
"35","00000000000000000022_0",454.5,467,403.5,432,362,424,416,408.5,391,384,361,360,428.5,383,364,398,341,389.5,349,370,346.5,325.5,367,456,368,376,350.5,405,447,440,632,506,435,NA,35,"for"
"36","00000000000000000023_0",352.5,406.5,293,408,342,368,390,344,311,359,340,333,383.5,336.5,338,374.5,345.5,348,355,340.5,341,301,350,360,354,321.5,349,334,391.5,378,755,494,338,NA,36,"for"
"37","00000000000000000024_0",411,443,393,442,383,447,453,395,376,374.5,385,382,436,366,367,425,377,385,364,364.5,417,342,361,459.5,397,352,349,380,485,458,645,473,413,NA,37,"for"
"38","00000000000000000025_0",409.5,451,283,447,367.5,424.5,393,375,368.5,382,345.5,360,438,375,340.5,437,382,341,326,340.5,348,284.5,338,490,347,304,275,353,469,438,598.5,504,340,NA,38,"for"
"39","00000000000000000026_0",462.5,460.5,457.5,496.5,421,482,466,426.5,395,409,414,410.5,449,414,410.5,430.5,422.5,399,397,384.5,410,393,402.5,590,424.5,369.5,372.5,432.5,474,453,585,476,406,NA,39,"for"
"40","00000000000000000027_0",671,680,520,581,470,499,540,491,431,430.5,437,416.5,642,442,413,464,426,408.5,402,395,403,357,399,601,387,406,368,548,678,595,809,589.5,543,NA,40,"for"
"41","00000000000000000028_0",419,449,448,452,415.5,454.5,480,451,409.5,433,441,423,488,430,371,429.5,406,388.5,378,388.5,357,367,389,483,398,357,394,432.5,507,526.5,659,508,473,NA,41,"for"
"42","00000000000000000029_0",416,446,347,440.5,380.5,475,437.5,434,362.5,395,391.5,375.5,459,414.5,369,410,377,397,405.5,392.5,368,410.5,394.5,460,418.5,377,395,426,495,447,666,487.5,410,NA,42,"for"
"43","0000000000000000002a_0",454,474,393,447,424,479.5,452.5,435,387,410,411,408,470.5,411.5,378,443,390,418,390,391.5,387,367,371,436.5,394,392,378,428,476,416,714,522,425.5,NA,43,"for"
"44","0000000000000000002b_0",457,445,393.5,458.5,380,436.5,429,392,377,426,381,384,456,385,374,408,418,390,372,359,388,354.5,372,464.5,384,357,375,407,487,450,623.5,508.5,398,NA,44,"for"
"45","0000000000000000002c_0",470,438.5,386,441,354,448,413.5,407.5,394,407,402,391,450,382,374,439.5,395,360,363.5,365,413.5,379,365,452,382,341.5,371,407,492,455,769,474,384,NA,45,"for"
"46","0000000000000000002d_0",454,444,366,431,378,455,417,388.5,368.5,403,385,383,466,412,341,415.5,421,380.5,357.5,396,369,367,362,453.5,384.5,359.5,379,392,457.5,451,641.5,467,375.5,NA,46,"for"
"47","0000000000000000002e_0",416,461,345,460,380.5,497,421,424.5,406,402.5,428,414,447.5,430,403,449,429,416,432,434.5,426,443,411,491,444,408.5,431,407,483,462.5,713,504.5,400,NA,47,"for"
"48","0000000000000000002f_0",427,445,358,413.5,370,452,412,409.5,368.5,369,368,358.5,405,375,342,401.5,371,355,391,363,344.5,355,332,404.5,368,353,336,347,470,430,612,439.5,359,NA,48,"for"
"49","00000000000000000030_0",340,446,309,380.5,335.5,400,357,412,332.5,377,320.5,336.5,369,333,301.5,369,359,354.5,359.5,345,316.5,303.5,318,441,340,295,314.5,350,464,432.5,654,473,359,NA,49,"for"
"50","00000000000000000031_0",463,422,352.5,426,366,460,386,381,360,388,403,359,444,337,349,413,375,401,351,367,407.5,349.5,362,454.5,369.5,341,356,424,418,450.5,749.5,507,360,NA,50,"for"
"51","00000000000000000032_0",401,417.5,324,396,380.5,393,375.5,399,362,394,362,367.5,407,363,339,396,376,361,350,377,360,328,363,424,369,343,374,351,437,433,648,486,404.5,NA,51,"for"
"52","00000000000000000033_0",416,418,307.5,383,391,397.5,376,366,368,384,373,324,440,378,348.5,416,388,354,346,361,374,317.5,383.5,437.5,367.5,343,376,371,453,450.5,711,470,370,NA,52,"for"
"53","00000000000000000034_0",464,538,447,500,434.5,510.5,481,434,430,418,424,385,526,434,417,449,425,417,402,404.5,402.5,416,398,553.5,429,392,430,441,521,495,658.5,488,474,NA,53,"for"
"54","00000000000000000035_0",407,401,358,445.5,322.5,414,391,386,360,380,359,361,506,366,350,424,396,363,314,359,374,342,337.5,440,377.5,320,323,353,403,387,567,354,355.5,NA,54,"for"
"55","00000000000000000036_0",438.5,408,352,400,371,459,401.5,382,381,359,358,316,441,363,349,412,389,374,324,365,366,339.5,333.5,474,362.5,325.5,338,379,436.5,412,568,418,351,NA,55,"for"
"56","00000000000000000037_0",463,511,424,467,378.5,439.5,436,411.5,383.5,394.5,398,357,450,397.5,368,498,393,419,385.5,376.5,387,365,378,513,406,367,382.5,438.5,484,502.5,590.5,429,431.5,NA,56,"for"
"57","00000000000000000038_0",444,449,379,413,394.5,457.5,430,394,410,401,388,390.5,445,369,365.5,417,393,387,395,370,385,369.5,362,448,397,366.5,384,391,503,482.5,510,459,414,NA,57,"for"
"58","00000000000000000039_0",445,533,392,473,387.5,453.5,447,442,414,425,404,410,512,417,389.5,438.5,402,376,369.5,360,385,339.5,345,529,385,341,352,471,617.5,491,567,485,461,NA,58,"for"
"59","0000000000000000003a_0",461,539,449,504,431,472,481.5,442,424,425,403,415,471,397,399,493,430.5,410,389,391,385,361,372,462.5,407,389,381,445.5,497,536,674.5,487.5,462,NA,59,"for"
"60","0000000000000000003b_0",379,412,352,413,375,373,377,411,351,357.5,366.5,385,449.5,354,308,391,374,350,344,355.5,336,310,335,481.5,343,306,332,349,475,439,513,436.5,359,NA,60,"for"
"61","0000000000000000003c_0",346,393,282,406,309,355,404.5,391.5,342,383,372.5,374,379,355,298,372.5,356,351,322.5,359,350,298,312,434.5,354,269,267.5,349,470,397,530,435,359,NA,61,"for"
"62","0000000000000000003d_0",578,575,447,546,452.5,456.5,484,442.5,457,426,459,481.5,520,422,394,476,416,414,411,381,376,347,366,531,413,376.5,373,479,577.5,518,545,513.5,475,NA,62,"for"
"63","0000000000000000003e_0",456,531,448,491.5,431,476,431,448,440,444,444,464,495,409,425,449,397,400.5,409,386,375,373.5,380.5,522,417,386.5,381.5,464,507,526,650,520,485,NA,63,"for"
"64","0000000000000000003f_0",411,440,380,405.5,325,431,420,375,384.5,414,414,396.5,402,363,380,423,373,373.5,368.5,355.5,363,337.5,351.5,406,390,367,357,381,487,405,493,459,416,NA,64,"for"
"65","00000000000000000040_0",413,391,423,438.5,370,458,419.5,393,391,366,402,398.5,446,403,391,473,393,389.5,393,394.5,390.5,373.5,380,460.5,397.5,369,355,413,454,492,609.5,450,399.5,NA,65,"for"
"66","00000000000000000041_0",464.5,473,424,482.5,400.5,469,455.5,442.5,407.5,393.5,417.5,381,472,402,395,426.5,393,395,397,401.5,414,366.5,384,483.5,396,355,387,431,543.5,524,571,459,474,NA,66,"for"
"67","00000000000000000042_0",407,551,390,480,395,475,433.5,458,401.5,425,398.5,382.5,533,411,362,415,392,382,367,377,385,343,359,541,389,369.5,370,488.5,520.5,503.5,659.5,550,443,NA,67,"for"
"68","00000000000000000043_0",444,434,367,444.5,360,362,412.5,381,406,400,378,359,430.5,387,375,403,393,388.5,386.5,394,376,304,352,479,390,350.5,326,405,473.5,457.5,711,473,400,NA,68,"for"
"69","00000000000000000044_0",452,519,446,488,433,429,462,484.5,433,442,381,393,461,427,382,427,490.5,401,409,396,391,433,427,470,417,417.5,377.5,475,478.5,439,503,532,437.5,NA,69,"for"
"70","00000000000000000045_0",399,487.5,378,460,382,403,457.5,428,405.5,455,441,430.5,460,382,325,412,437,377,384.5,352,395.5,425,362,489,377.5,370.5,374.5,423,502,373.5,616.5,685,417.5,NA,70,"for"
"71","00000000000000000046_0",524,605.5,448,527,463,466,502.5,478.5,437,451.5,447,482,545,442,424,499.5,479.5,434,420,389,426,447,410,553.5,413,420.5,408,477,547.5,525,634,888,508,NA,71,"for"
"72","00000000000000000047_0",463,547.5,470.5,545,468,486.5,529,500,471,455.5,469,486,572,502,454,545,537,484.5,500.5,437,435,477.5,454,544.5,454,441,428,516,556,581.5,666,1048.5,509,NA,72,"for"
"73","00000000000000000048_0",466,523,449,552,412,478,468,456,438,458,429.5,458,446,437,411.5,444.5,457.5,424,385.5,395.5,438.5,456,426.5,499.5,439.5,420.5,402.5,433,493,528,562,570,466,NA,73,"for"
"74","00000000000000000049_0",409,508.5,422,447,411,403,454,454,386,458,420,402,423,410,395.5,493,385,377,387.5,366,368,430,394,468.5,369,389.5,398,443,420,418,595,1143,452.5,NA,74,"for"
"75","0000000000000000004a_0",384,440,381.5,455.5,438,464,448,425,431,416,432,424,447,415.5,375,494,387.5,413,388,366,399,365,365,445,403,372.5,326,418,490,514,535.5,497,430.5,NA,75,"for"
"76","0000000000000000004b_0",352,440,332,450,385,423.5,464,411,387,417,397.5,341,404,366.5,362.5,448.5,379,359,347,354,345,328.5,329.5,427,379,328,331,422.5,463,452,607.5,528,363,NA,76,"for"
"77","0000000000000000004c_0",378.5,395,299.5,358,287.5,348,359.5,363,298,345.5,302,291.5,351,332,295,420.5,357,323.5,335,345,344.5,275.5,322,341,345,343,269.5,313,425,361,521,451,427.5,NA,77,"for"
"78","0000000000000000004d_0",348.5,420.5,257,370,269,348,377.5,326,295,334.5,330,280,372,261,295.5,374,316,313.5,301.5,322,367,232,308,422,331,269.5,290,349.5,384,385.5,539,459,346,NA,78,"for"
"79","0000000000000000004e_0",528.5,436,394,448,385,448,421,421,385,429.5,397,382.5,480,392,380,408.5,372,387,338,369,347.5,348.5,361.5,460,385,367,349,418.5,464,490,523,449,411,NA,79,"for"
"80","0000000000000000004f_0",398,413,336,436.5,314.5,400,373,367,344,363,335.5,359,503,317,308,417,342,333,322,317,298,249,305,398,332,304,288,367,446,465.5,477,478,378.5,NA,80,"for"
"81","00000000000000000050_0",411,388.5,337,390,307,393.5,407,362,337.5,363,350,344,375.5,301.5,332,370.5,355,357.5,308,352,303.5,294,350,396,342,335.5,314,342,389.5,431.5,465,421.5,397,NA,81,"for"
"82","00000000000000000051_0",307,385.5,284.5,348,292.5,358,358,360,318,338,315,324,383,369,267,347,347.5,318,310,326,333,202,334,414,366,269.5,300,327,464.5,438,541.5,445,427,NA,82,"for"
"83","00000000000000000052_0",542.5,415.5,454.5,483,442,480,483,470,415,428,434.5,429,457,442,448.5,493.5,462,452,407,454,409.5,416,432,442,461,487,465.5,411,448,488.5,562,438,454.5,NA,83,"for"
"84","00000000000000000053_0",384,381,339,397.5,337.5,384,394.5,394,346.5,364,315,331.5,413,343,355,414.5,417,353,314,348.5,366.5,274,343.5,412.5,353,324,332,370,464,437,504,398,393,NA,84,"for"
"85","00000000000000000054_0",443,390,393.5,453,355,459,413,428.5,367,386,380.5,388.5,424,364.5,385,415,395.5,398.5,369.5,369,373,364,392,405,403.5,382.5,374,369.5,443,440.5,519,436,393,NA,85,"for"
"86","00000000000000000055_0",458.5,389.5,326,455.5,364,437,435,421,361,390,380,380,473.5,382,360,407,391,395,335.5,374,370,287.5,359,451,354.5,328,357,402.5,502,480,519,473,386,NA,86,"for"
"87","00000000000000000056_0",413,443,391,456,378,456.5,431,418.5,369,410,402,390,454,378.5,388,416,427,389,359,382,335,316,381,445,392.5,349,373,398.5,458,442.5,545.5,488.5,451,NA,87,"for"
"88","00000000000000000057_0",526,432,497,472,382,468,410.5,436,403,391,403,398,506,401,376,443,393,396,357,374,341,334,381,467,397,367,384,425,465,472,526,473,455,NA,88,"for"
"89","00000000000000000058_0",360,275,228,398,242,355.5,304,339.5,295,327,284,305,381,332,301,317.5,324.5,309,262,291,279,201.5,280,343,276.5,256,258,293.5,373,365,451,399,363.5,NA,89,"for"
"90","00000000000000000059_0",413,346,331,397,352,404.5,411,369,330.5,358,326,345,378.5,331,345.5,377.5,366.5,356,313.5,345.5,341.5,299,340,410.5,338.5,328,352,341.5,430,409,527,420,424,NA,90,"for"
"91","0000000000000000005a_0",570.5,597,396,513,385,479,501,464,418,440.5,397.5,417.5,613.5,403,413,426,432.5,413,386,398,363,315,388,534.5,397,362,369,532.5,506,503,618,549.5,489.5,NA,91,"for"
"92","0000000000000000005b_0",471,390,358.5,427.5,364,448,427,408,370,401.5,396.5,405.5,457,370.5,375.5,415,389,381,347,369,352,293,378.5,457,366,338,349,372,423,413,520,477,429,NA,92,"for"
"93","0000000000000000005c_0",431,396,357,373.5,348,375,435,386,339,367.5,388,371,424,388,342,384,356,395,336,358,367,338,320,410,368.5,359,325,390,456,462,547,419,396,NA,93,"for"
"94","0000000000000000005d_0",405,411.5,356,359,309,355,388.5,358,326,335,340.5,351,362,349.5,356,360,367,372,326,344,338,322,322,369,330,334,317.5,365,374,349,486,399,377,NA,94,"for"
"95","0000000000000000005e_0",303,405,263,414,226,323,287,316,305,329,328,319,265,299,245,351.5,355.5,302,309,254,295,211,325,351,318,218,253,272,446,367.5,527.5,447,388,NA,95,"for"
"96","0000000000000000005f_0",427,396,344,362,307,343.5,376,353,325,328.5,352,357,367,353,315,340,332,346,327,329.5,346,323.5,320.5,395,320.5,330.5,321,357,376,419,539.5,409,394.5,NA,96,"for"
"97","00000000000000000060_0",241.5,317,224,286,298,313.5,283.5,291,275.5,343,292.5,312,250,231.5,273.5,363,360,302.5,288,231,275,109,293,394,302,239,221,317,399,336.5,488,451,361.5,NA,97,"for"
"98","00000000000000000061_0",310,440,241,335,298,340,326,336,292.5,322,365,330,363,294,276,392,342.5,339,344.5,289,336,263,302.5,411,333,246,263,264,444,365.5,589,426,386.5,NA,98,"for"
"99","00000000000000000062_0",339,369,277.5,354,314,298.5,339,343,276,345,316,316,324.5,322,308,329.5,349,342,308,323,331.5,286,304,386.5,305,296,284,319,400,339,486,373,361,NA,99,"for"
"100","00000000000000000063_0",417,402,356,393,331,367,368,368.5,321.5,338,363,343,365.5,369,376.5,366,364,362,327,357,348,334,336.5,419,338,355.5,342.5,365.5,409,437,510,393,366.5,NA,100,"for"
"101","00000000000000000064_0",269,284,195,287,223.5,265,226.5,275.5,239,266.5,274,224,288,172,217,242,220,219,219,262,215,212,232,324.5,219,162,182.5,232,320,265,444,314,307.5,NA,101,"for"
"102","00000000000000000065_0",199,276.5,196,292,224,233,236.5,277,238,266,255.5,189,266,225,242,244.5,265,219.5,236,281,185,201,233,287,226.5,150.5,169.5,179,350,333.5,475,404,337,NA,102,"for"
"103","00000000000000000066_0",396,366,270.5,339.5,288,331,338,316,301,291,311.5,262,373,307,299.5,333.5,337,332.5,271,297,284,308.5,296,391.5,287,290.5,260,351.5,387.5,431,474,386,312,NA,103,"for"
"104","00000000000000000067_0",188,258.5,115,186,145.5,177.5,218.5,205,174,241,203,141.5,211,172,136,233,233.5,167.5,156,188.5,174.5,126.5,217.5,246,220.5,139,182,139,291,238,410.5,323.5,286,NA,104,"for"
"105","00000000000000000068_0",446.5,386,291,315,271,336,342,345,310,301.5,288,325.5,361,320.5,326.5,334,332,321,280,328,302,297,301,359.5,315.5,302.5,289,311,375,430.5,525,427,348,NA,105,"for"
"106","00000000000000000069_0",499,448,397,433.5,388.5,469,419,434,386.5,388,383,393,450.5,396,412,411,401,393,361,380.5,389,376,392.5,416.5,381,395,382,406,444.5,493,585,482,406.5,NA,106,"for"
"107","0000000000000000006a_0",390.5,354,286,326,295,347,359,346.5,300,346.5,328,311.5,351,327,340,357,325.5,325.5,290,326.5,316.5,282,294,344.5,319,307,302.5,337,348,364,471,356.5,362.5,NA,107,"for"
"108","0000000000000000006b_0",163,225,107,158,119.5,181,188,225.5,193,222,179,217.5,188.5,176,158.5,193,192,181,166,214,180,81,194.5,258.5,195,134,161,142,261,293,411,308,229,NA,108,"for"
"109","0000000000000000006c_0",189.5,279,147,223.5,215,243.5,189,245,198,254.5,234,227,212,192.5,171.5,216.5,196,206,197.5,261.5,224.5,91.5,245,315.5,230.5,141,148.5,174,303,278,428,362,330,NA,109,"for"
"110","0000000000000000006d_0",534,539,455,452,383,441,422,442,408,403,426,405,565,433.5,406,432.5,421,400,362,389,389.5,401,389.5,455.5,397.5,374,356,421.5,512.5,530,581.5,482,434,NA,110,"for"
"111","0000000000000000006e_0",492,457.5,422,452,397,465.5,450,434,402,431,410,403,507,403,400.5,427,397.5,394.5,362,372.5,359,345,381,479,385,393,352,472,463.5,500,558.5,529.5,463,NA,111,"for"
"112","0000000000000000006f_0",451.5,417.5,377,416,321,438,444,408,355,381,359,357,475,367,360,408,393,421,333,370,331,287,365,429,365,347.5,323,360,444,451,574,470,448.5,NA,112,"for"
"113","00000000000000000070_0",432,413,425,411,377,416,452,401,371,368,358,358.5,459.5,358.5,363,432,358,363.5,329,332,355,325,347,462.5,378,349.5,332,440,422,451,562,461,435,NA,113,"for"
"114","00000000000000000071_0",477,461,383,425.5,321.5,453.5,394,405,364,388,381,391,467,344,375,455,392,365,344,370,369,332.5,361,496,367,364,337,418,511,491.5,604,507,462.5,NA,114,"for"
"115","00000000000000000072_0",623,486,513,503,445.5,506,498.5,442.5,433.5,416,428.5,438,540.5,425.5,433,480,424,432,401,398,411.5,404,416,499,415,408,376,500,493,550.5,663,519,490,NA,115,"for"
"116","00000000000000000073_0",340.5,392,317,376,287.5,333.5,358,367,303.5,322,320,308,388.5,318,284,364.5,347.5,327,322,302,300,222.5,304,457,323,268,295,355.5,427,429,520,454,396,NA,116,"for"
"117","00000000000000000074_0",615.5,561,563,501,426.5,494,483,468,447,446,451.5,448,630.5,456,484.5,506,434,438,394.5,434,412,410,418.5,598,412,440,412,564.5,594.5,577,749,541.5,490,NA,117,"for"
"118","00000000000000000075_0",150.5,198,81.5,190,131,201,142,224,168,230,175,127,306,120.5,102,247.5,203.5,250,136.5,170.5,210,83,195,281,204.5,107,127.5,204.5,278,317,388.5,334,291,NA,118,"for"
"119","00000000000000000076_0",204,320,176,266,250,259,222,262,244.5,269.5,281,208.5,394,244,189,327,259,205,187.5,202,267,185,239.5,354,244,158,117,259.5,396,353,578.5,386.5,358,NA,119,"for"
"120","00000000000000000077_0",382,414,292.5,419,332,379,363,357,304,314.5,353,329,388.5,303.5,281,419.5,329,354,273.5,319,323,261,298.5,387,305,285.5,269,213,480.5,385.5,623,419,383.5,NA,120,"for"
"121","00000000000000000078_0",366,386,257,403,331.5,344.5,307.5,353.5,331.5,333,316,312,447,281.5,252,381,325.5,307.5,248,300,288,205,286,421,309,245,299,337,527.5,556,623,442,401,NA,121,"for"
"122","00000000000000000079_0",471,579,340.5,478,366,401,345.5,403,334.5,403.5,398,363.5,476,326,332,375,325.5,337.5,291,329,318.5,253,335,501,354,335.5,352,425,581,434,584,507,470,NA,122,"for"
"123","0000000000000000007a_0",359,401,282.5,352.5,264.5,351,310,312,304,282.5,328.5,291.5,361.5,306,294,389,339.5,305.5,276.5,280,280,206,247,361,288,260.5,255,311,370,337,548,437,356.5,NA,123,"for"
"124","0000000000000000007b_0",416,480,385,468.5,366,477,395.5,420.5,402.5,400.5,412,404.5,479,392,367,456.5,358.5,386,354,350.5,356.5,327,383,424,399.5,369,368.5,412.5,561,526.5,645,494.5,491,NA,124,"for"
"125","0000000000000000007c_0",323.5,301,212,357.5,247,316,311.5,300,279,263,278.5,263,330,291.5,264.5,390,342,321,262,292.5,249,224,275.5,353,272,247.5,214.5,240,394.5,343.5,543,412,343,NA,125,"for"
"126","0000000000000000007d_0",389,317,247.5,414,265,361.5,309,309.5,336,327,364,327,378.5,307,270,389,345,333,276,278,309.5,231,276.5,390.5,310.5,271,263,336.5,483,411,576,484,420,NA,126,"for"
"127","0000000000000000007e_0",624.5,554,538.5,569.5,462,519,517,461,453,466,460,439,575.5,456,443,503,392,431,402.5,398,421.5,408,420.5,543,420.5,440,408,519.5,545.5,571,670,565.5,511,NA,127,"for"
"128","0000000000000000007f_0",425,424,343,416,359,379,417.5,365,351.5,345,363,360,475,358,318.5,409.5,384.5,351.5,315,319.5,334,267,357,453.5,364.5,316,327,430,540.5,516,618,486.5,459,NA,128,"for"
"129","00000000000000000080_0",399,460,405,449,352,414,443,427,407,423,403,357,432,357,369,420,386.5,348,327,371,360,279,357,416,384,350,360.5,427,484,515,669,504,457.5,NA,129,"for"
"130","00000000000000000081_0",349,334.5,273,340.5,237.5,343,337,325,314.5,293,375,282,341.5,302,264,345.5,318,288,271.5,227,284,243.5,280,342,298,249,254,326,376,474,588.5,443,327,NA,130,"for"
"131","00000000000000000082_0",462.5,443,391,447.5,326,391,420,414,399,430.5,410.5,372,483,364,392,449,442,391,348.5,364.5,381,350,365,381.5,386.5,374,372,370,427,481,576,460.5,392,NA,131,"for"
"132","00000000000000000083_0",413.5,361,332,414.5,386.5,375,379,357,363.5,311,364.5,351.5,398.5,333,325,369.5,346,332,305,300,308,350.5,319,402,356.5,333,294.5,336,395.5,377,1057,409,366,NA,132,"for"
"133","00000000000000000084_0",439,463,363,490.5,373,463.5,433,435,399,413.5,441,383.5,477,389.5,379,441,362,399,377,363,325,347,421,490,366,430,361,466,502,435,797.5,453,493,NA,133,"for"
"134","00000000000000000085_0",384,430,385,455.5,369,419,433,412,392,412,445,421,472,423,415,454,396,407,359,327,374,293,433,480,364.5,405.5,360,422,473,522.5,885,494.5,511,NA,134,"for"
"135","00000000000000000086_0",379.5,448,339,494.5,424,418,408,418,370,399,410,398,476.5,347.5,341,428,361,382.5,321,340,394,288,449,507,376,400,357,430,474,519.5,796.5,558.5,492,NA,135,"for"
"136","00000000000000000087_0",402,442,417,469.5,380,443,479,423,422,418.5,437,410,501.5,416,362,468,406,350,350,321,358,404.5,416.5,501.5,347,406,414,463,520,473,748,545,473,NA,136,"for"
"137","00000000000000000088_0",265.5,315,198,341,239,309,290,277.5,283,279,333.5,310.5,337,283,272.5,394.5,309,302,272,264,237,248.5,268,360,275,217,246,311.5,348,305,693,481.5,355,NA,137,"for"
"138","00000000000000000089_0",463,401,391,423,373.5,387,411,393,390,385,401,358.5,437.5,357,356,478.5,387.5,353,315,344,336,340,354.5,405.5,368,333,305.5,423.5,445,431,776.5,649,427,NA,138,"for"
"139","0000000000000000008a_0",136.5,271,137,273,225.5,319,303,220.5,254,256,355.5,235,280,215,208,308,268,191.5,196.5,163.5,251,102,225.5,374,238,194,194,245,343,265,692.5,445.5,327,NA,139,"for"
"140","0000000000000000008b_0",627,553,509.5,563.5,514,541,547.5,535,500.5,503,508,550.5,573,488.5,471.5,511.5,467,451,440,429,462,544.5,518,538,491,464.5,472,524,547,598,679,676.5,526.5,NA,140,"for"
"141","0000000000000000008c_0",401.5,411,376,463,466,424,429,446,369,413,417,441,405.5,392.5,375,451,370,375.5,325,367.5,356,542,391.5,493.5,379.5,345,317,476,507,493.5,575,547,450,NA,141,"for"
"142","0000000000000000008d_0",491.5,420,446,509,373.5,437.5,432,425,431,405,380,395,449.5,398,364,455,427.5,415,355,385.5,356,361,389,456,399,386,386,489,498,529,576,481,426,NA,142,"for"
"143","0000000000000000008e_0",535.5,470,436,485,382.5,465.5,510,426.5,421,439.5,465,416,468,400.5,404,533.5,418,423,411,422,407.5,425,401,436.5,415,427,381.5,396.5,509,499,645,501,464,NA,143,"for"
"144","0000000000000000008f_0",437.5,407.5,390,405,326,385.5,478,421,418,393,469.5,419,402,323.5,334,433,393,388,338,365,369.5,378,372.5,485,368,341,357.5,425.5,513,477,547,565.5,464,NA,144,"for"
"145","00000000000000000090_0",334,349,282,376,268,328,389.5,311,304,315.5,365,355,378.5,287,281.5,383,328,297,287,273,312.5,189.5,298,360,328,249,308.5,305,444,412,543,479,382.5,NA,145,"for"
"146","00000000000000000091_0",462,405.5,371.5,455,316,417,421,393,378,408,403,390,391,347,371,407,347,359,349.5,346,387,377,374,392,391.5,372,362,315,395,355,524,501.5,430.5,NA,146,"for"
"147","00000000000000000092_0",347,381.5,282.5,365,350.5,348,402,341.5,327,346,364,320.5,378,308,290,406.5,332.5,333,301.5,319.5,310,303.5,298,445,332,303,275,370,442,390,510,467,359,NA,147,"for"
"148","00000000000000000093_0",585,503.5,455,509,492,496.5,505,447,453,436.5,464.5,414,504,430.5,412,508,425,422,393,407.5,402,397,398,515,409,386,388,478,546,541.5,753.5,529,503.5,NA,148,"for"
"149","00000000000000000094_0",351,460.5,345,410.5,376,393,459,416.5,360,378,396,434.5,478,388,313,424,341.5,341.5,338,316,339,282,357,443,349,372,342.5,448,489.5,442.5,667,564.5,459,NA,149,"for"
"150","00000000000000000095_0",319.5,454.5,275,412,334.5,352,373,360,339,368.5,467,412,418,328,272,383,322,314,299,320,271.5,267.5,371,472,349,366.5,325.5,367,526.5,463.5,667,530.5,460,NA,150,"for"
"151","00000000000000000096_0",269.5,379,216.5,372,313.5,273,404.5,327.5,309,309,365.5,385,381.5,290,252,378,345.5,255,283,193.5,262,323.5,393,428.5,343,360.5,266,327,395,429.5,673,569,380,NA,151,"for"
"152","00000000000000000097_0",490.5,554.5,360,471,430,450.5,486.5,450,451.5,415,454,474.5,519,458,421.5,468,438,418,406,365,410,460,467.5,500,407,433,433,513,484,511,828,727.5,510,NA,152,"for"
"153","00000000000000000098_0",470,496,386,441,401.5,460.5,420,417.5,390,432.5,448.5,371,431,372,383,440.5,410,387,388,363,412,407,438,491.5,378,443,412.5,447,451.5,519,574.5,461.5,452.5,NA,153,"for"
"154","00000000000000000099_0",168,278,197,223,182,192.5,292,205,193.5,205,280,258,210,188,153,299,253,189,208.5,142,221,107.5,312.5,314,182,245,174,185,348,279,469,200.5,332.5,NA,154,"for"
"155","0000000000000000009a_0",289,369.5,284.5,363,344.5,302,347,281,313,337,338.5,324,383,262,260,316,350,304,299,292,324,259.5,414.5,421.5,285.5,376,330,382.5,432,504,631,264,420,NA,155,"for"
"156","0000000000000000009c_0",305,368.5,347,353,408,294,444,347,238,361.5,384,484,336.5,339,267,380.5,350,305,341,273.5,345,286,410,419,303,413,362,369.5,447,344,590,838,423.5,NA,156,"for"
"157","0000000000000000009d_0",305,358,287.5,328.5,314,357,351.5,308,299,340,351,411,353,289,291,354.5,313,322,307.5,287,304,264.5,344,386,270,355,314.5,365.5,415,438,590,610,379.5,NA,157,"for"
"158","0000000000000000009e_0",168,261,141,233,214.5,161.5,224,219,189,214,255,196.5,230,184.5,169,250.5,198,166.5,200,145,244.5,137,276,315,105.5,224,145.5,245.5,309,348,399,266,317.5,NA,158,"for"
"159","0000000000000000009f_0",305,373.5,222,317,295.5,321,255,323,317,310.5,339,262,353.5,293,276,396.5,341,291,300,263,307.5,263,366,334,246.5,282.5,334,314.5,377,461,497.5,346,365,NA,159,"for"
"160","000000000000000000a0_0",299,356,279,357,316.5,350,345,362,259,315.5,383,362,371,330.5,310,327,286,310,298.5,364,304,309,395,358.5,286.5,382,330,338,451,348,504,478,414.5,NA,160,"for"
"161","000000000000000000a1_0",259,358,166,263,273.5,303,360,312,270.5,283.5,336,310.5,319.5,275,234.5,274,286,272,295.5,302.5,271.5,225,297,347,234,310.5,314.5,258,342,430.5,928.5,264,343.5,NA,161,"for"
"162","000000000000000000a2_0",349,411,292,357,418,369,345.5,349.5,375.5,331,381,385,346,320.5,235,355,348,337,302,258,334,420,387,456,314,379.5,353.5,356.5,415,450.5,551,332.5,409,NA,162,"for"
"163","000000000000000000a3_0",168,209.5,106.5,212,233,142,231,215,208,207,220,201,164,240,154,267,295,233,232.5,180,238.5,149,234.5,265.5,214.5,232.5,240.5,206,254,272,330.5,168.5,237,NA,163,"for"
"164","000000000000000000a4_0",400,465.5,425,488,447.5,472,476,463,432.5,421.5,455,444.5,458,436,376.5,461,421,443,403,383,363.5,367.5,479,463.5,408,434,444,494,482,483,672,589,468.5,NA,164,"for"
"165","000000000000000000a5_0",496,487,448.5,519,431.5,491,491,469.5,458,417.5,496,442,495.5,469.5,444,514,438,443.5,400,405.5,433.5,421.5,439,525,421,457,462,546,497,521.5,755,588,464,NA,165,"for"
"166","000000000000000000a6_0",243,319,221.5,323,245.5,303,439,342.5,312.5,316.5,351,323.5,321,290,314.5,455,310,281.5,292.5,308,316.5,293.5,333,473,291,299,313.5,486,359.5,266,544,445,385,NA,166,"for"
"167","000000000000000000a7_0",325,421,309,401.5,381,357,419,357.5,359,384.5,382,451,375.5,303,315.5,419.5,336,335,321,309.5,313,226,297,462,332,263,252,397.5,406.5,405,538,502,398,NA,167,"for"
"168","000000000000000000a8_0",382.5,433.5,387,427.5,365,391,383,383,374.5,409,394.5,386,416.5,346.5,322,443,384,358,336,363,342,310,351.5,463.5,372,345.5,323,393.5,444,403,561,519,472,NA,168,"for"
"169","000000000000000000a9_0",249.5,396,219,360,384,315,378,294,236,347,365,282,320,251,235.5,369,298.5,260,287,286,291.5,305,270,451,326.5,234,212,303,437,363,529,477,398.5,NA,169,"for"
"170","000000000000000000aa_0",409,511,430,505,435,404.5,426,441,415,421.5,431,454,450,392,369,515,408,423,389.5,362,393,382,399,510.5,414,416.5,352,423,503,599.5,632.5,580,479,NA,170,"for"
"171","000000000000000000ab_0",379.5,426,330.5,410,346.5,402,425.5,331,363.5,409,386,341,390,289,328.5,409,374,354,345.5,336,356.5,270,331,433.5,351.5,327,287.5,353,398.5,456,527,483.5,448.5,NA,171,"for"
"172","000000000000000000ac_0",408,491,389,454,368.5,364,428,407,363,405,409,375,461,392,342,451.5,384,353,321.5,366,377,327,355,459,386,348,350.5,405,444,443.5,600,505,395,NA,172,"for"
"173","000000000000000000ad_0",353,523,335,403,319.5,365,382.5,376.5,338,355.5,368,342,476.5,302,314.5,349,349,348.5,330,356,325,238,328,402,349,296,281,349,461,402,609,474,384.5,NA,173,"for"
"174","000000000000000000ae_0",357,476,368.5,439,326,383,432,401.5,324,343,358,351.5,425,363.5,337.5,373.5,373,346,330.5,360,329.5,268,320.5,416,359,336,294,401,502,435,682.5,398,395,NA,174,"for"
"175","000000000000000000af_0",468,452.5,448,446.5,363,437,473,395,382,382,384,397,456,391,391,453,359,405,408,402,428,383,425,461,417,408,375,401.5,487,474,570,483,460,NA,175,"for"
"176","000000000000000000b0_0",301,351,298,346,291,377,397,311,321,345,304.5,300,356,331,294,334,354,344,300,324.5,322,221,306,363,309,268,281,339.5,381,440.5,462,425,364.5,NA,176,"for"
"177","000000000000000000b1_0",409,368.5,317,359,320,334,397,327,328.5,373.5,300.5,318,375,301.5,310,326,317,324,297,321,305.5,248,293,384.5,313.5,297,284.5,341,404,330,471,427.5,396.5,NA,177,"for"
"178","000000000000000000b2_0",528.5,472,438,481,433,450,468.5,437,411,418.5,431,415,512.5,441,422.5,487.5,436,424,388.5,384,407.5,368,376,460,392,385.5,354,460.5,466,490,571.5,485,453,NA,178,"for"
"179","000000000000000000b3_0",412,382.5,357,389,327,412.5,408,387,358,368,372,341,428,365,375,434,372,374,355,359.5,365,342.5,348,402,365,361,317,363.5,414,446,467,428.5,412.5,NA,179,"for"
"180","000000000000000000b4_0",492,520.5,409.5,479,390.5,423.5,457,426,384,394.5,385.5,408,535,408,381,414,394,398,383,385.5,368,295.5,369,477,386,343,342.5,461.5,506.5,513,542.5,528,456.5,NA,180,"for"
"181","000000000000000000b5_0",485,794,448,446,396,456,443,442,400,392,403,403,590,408,384,427,410.5,401,376.5,388,377,357,381,562,406,397,359.5,493,533,530,579,489,468,NA,181,"for"
"182","000000000000000000b6_0",470,482,447.5,447,397,462,476.5,431,402,404,392.5,409,501,401,388.5,460,393,405,383,389,389.5,371.5,385.5,463,389,383.5,373.5,436,506.5,489.5,550,532,452,NA,182,"for"
"183","000000000000000000b7_0",864,605,450,445,385,443,467,403,376,397,378,375,565,378.5,374.5,403,377,396.5,380.5,383,393,375,370.5,521,382,394,368,442,507,469.5,635,510,458.5,NA,183,"for"
"184","000000000000000000b8_0",424,391,323,394,341,452.5,371.5,368,345,366.5,359,343,416.5,297,342.5,379,358.5,355,315,336,344.5,291.5,335,410.5,353,319.5,322.5,370.5,418,409,496.5,457,395,NA,184,"for"
"185","000000000000000000b9_0",533,473,503,483,427,524,497,460,421.5,441,429,448,527,448,463,458.5,460,466.5,404.5,437,424.5,415.5,428.5,497,433,439.5,430,472,465.5,520.5,565.5,487,461,NA,185,"for"
"186","000000000000000000ba_0",395,349,234,339.5,290,320,302,312,314,312,310,295,387.5,300,294,335,317,315,283,297,281.5,286,272.5,337.5,299,291,278,325.5,379,332,473,380,343.5,NA,186,"for"
"187","000000000000000000bb_0",406.5,403,326,346,368,401,406,390,328.5,353,346,346,434.5,353,347,345,324,362,320,344,312.5,292,333,425,346.5,328,305,356,462.5,429.5,512,430,403,NA,187,"for"
"188","000000000000000000bc_0",357,352,234,286,215,322,273.5,302,262,306,267.5,276.5,376,269,239,288,317,286.5,251,265,256,252.5,256.5,383,269,224.5,212,270,378,354.5,453,366,346,NA,188,"for"
"189","000000000000000000bd_0",453,437,453,403,410.5,427,440.5,409.5,398,388,399,369,461.5,359,374,416,395,410.5,352.5,370.5,359,384.5,377.5,429,396,383,361,404.5,510.5,446,532,463.5,405,NA,189,"for"
"190","000000000000000000be_0",528,544,519,528,482,453,475,453.5,449,439.5,433.5,400.5,578,381,398.5,415,389.5,400,360,378,345,345.5,354,565,374.5,364,361.5,494,596,617,687.5,597.5,537,NA,190,"for"
"191","000000000000000000bf_0",438,351.5,288,347,286,348,367,317,311.5,335,310,300,374,321.5,280.5,305,382,311,281,301,298,212,308,378.5,295,271,272.5,335,422,435.5,469,405.5,347,NA,191,"for"
"192","000000000000000000c0_0",490,447,391,386,372,421.5,436,396,382,388,393,395,501,389,383,380,432,423,352,369.5,355,367,376,413,380,383,361.5,391,426,466.5,519.5,464,428,NA,192,"for"
"193","000000000000000000c1_0",359,389.5,327,419,322.5,406,351,353.5,341.5,349,348.5,358,460,333.5,312,346,363,329,302,330,335,225.5,329,427,342,307,309,435,430,461.5,520.5,464,418,NA,193,"for"
"194","000000000000000000c2_0",252,306.5,171,276,249.5,301,354,288.5,270,293,312,257,392,264,249,305.5,328,289,241,263.5,276,179.5,268.5,364.5,273.5,237,253,245.5,331.5,342.5,491.5,378,319.5,NA,194,"for"
"195","000000000000000000c3_0",422.5,402,349,387,328,392,398,374,351,357,362,348,431.5,332.5,323,355,394,360,314,324,341,263,344.5,436,341,318.5,341,377,455,435,524,453.5,379.5,NA,195,"for"
"196","000000000000000000c4_0",422,432.5,361,412,354,372,391.5,354.5,377,395,386.5,363,447.5,333,324,383,382,387,320,338.5,352.5,334.5,369,458.5,362,301,324,357,469,457,555,492,432,NA,196,"for"
"197","000000000000000000c5_0",490.5,425,402,397.5,397.5,403,430.5,394,386,387.5,373,368,463,353,369.5,385.5,363.5,389,351.5,368.5,352.5,337,345.5,437,353.5,364.5,349,424,456,496.5,562,467,410,NA,197,"for"
"198","000000000000000000c6_0",367,354.5,258,347,262.5,310,324,337.5,304.5,326.5,317,306.5,381,307,304,375.5,347,336,314,331,289,275.5,300,372,306.5,291.5,284,311,419.5,374,469.5,405,348,NA,198,"for"
"199","000000000000000000c7_0",358,356.5,260,332.5,204,308.5,307.5,312,275,314,285.5,290,346,268,262,306,317,306.5,284.5,293.5,293.5,265.5,298,369.5,304,251,262.5,270,375.5,374,481,377.5,348,NA,199,"for"
"200","000000000000000000c8_0",365,320.5,292.5,321,266,293,308,298.5,277,292,306,306.5,336,302.5,280.5,318.5,306,318,282,263,297,261,274,342,299,296,278,312.5,319,337.5,447,318,291,NA,200,"for"
"201","000000000000000000c9_0",232.5,265.5,186,218,218,213,234.5,214.5,231,258,265,264,351,209.5,206,269,272,254,213,271,215,200,256,328,243,187.5,214,185.5,326,374,481,365,330,NA,201,"for"
"202","000000000000000000ca_0",355,395,302,337,329,344,357,368,339.5,350.5,367,348,452,333.5,294,409.5,389.5,373,350.5,346,353,239,362.5,432,362,273,281,340,456,408,568,470,432,NA,202,"for"
"203","000000000000000000cb_0",415.5,395.5,329,394,334,393,377,356.5,358,361,341,347.5,430,350.5,327,368,366,349.5,316,350.5,361.5,287,350,423,343.5,303.5,298,359,447,430,523,430,430.5,NA,203,"for"
"204","000000000000000000cc_0",439,450,347,379.5,330,411,401,391,363,349,336,366.5,441,347,328,375,351,371,334,357.5,309,331.5,372,402,368.5,345,346.5,383,440,436,495,442,428,NA,204,"for"
"205","000000000000000000cd_0",454,458,407,454,403,451,440,427.5,413.5,396,421.5,403,502,425,416,434,396,400.5,360,368,356,361,360,459,370.5,383,353,367,476,481,533,461,441.5,NA,205,"for"
"206","000000000000000000ce_0",309,351,230,277,268,299,275,312,310.5,299,294.5,298,353,258,242.5,283.5,314,284,260.5,265,309,255,290,340,301,263.5,247.5,302,375,376.5,455,388,329,NA,206,"for"
"207","000000000000000000cf_0",361,388,334,384.5,313,348,359.5,366,345.333333333333,348,346,344,396,355,320,361.5,364,344.5,309.5,321,348.5,332,315,428,334.5,305.5,285,367,418,402,508,398.5,347.5,NA,207,"for"
"208","000000000000000000d0_0",412,430,326,382,288,310,349,347,323,316,325,363,406,332,309,368,346,348,297.5,294,312.5,283.5,324,434,334,301,305.5,343,424,422.5,502,436,399,NA,208,"for"
"209","000000000000000000d1_0",350,400.5,347.5,390.5,326.5,362,322,348,334,332,333.5,364.5,408,306,294,359,365.5,350.5,320,330,341,298.5,350,427,355,334,331.5,333,419,398,609,420.5,379.5,NA,209,"for"
"210","000000000000000000d2_0",361,364,287.5,350,297.5,329,325,323,311,308.5,292,325,315.5,305.5,291,334.5,334,317,295,306,309,266,291,367,305,279,265,303,378,356.5,640.5,359.5,385,NA,210,"for"
"211","000000000000000000d3_0",253,358.5,195.5,312,256,258,290,296,269.5,257.5,274,282,308,250.5,239.5,284,296,283.5,268,262,210,159,278,369,283.5,221.5,192,269,377,294,489,400,368,NA,211,"for"
"212","000000000000000000d4_0",477,478.5,406,450,383,461,413,401,388,391,398,371,472,400,398,405,403,391,369,366.5,364,345,365,487,381.5,368.5,348,446,472,441,566,518,464,NA,212,"for"
"213","000000000000000000d5_0",335,351,272,408,277.5,302,344.5,368,331,307,332,344.5,319,299,273,359,318,339,315.5,344,274,230,320,434,328,245,266,315,469,386,546,488,371,NA,213,"for"
"214","000000000000000000d6_0",422,454.5,425.5,432.5,347,440,470,440.5,400.5,409.5,390.5,394,416,402,395,417,390,414,377,377,378,342,362,468,375,353,362.5,432,434,416,519,475,419,NA,214,"for"
"215","000000000000000000d7_0",329.5,381.5,257.5,350,290,332,323,314.5,306.5,316,329,306,324,284,262,331,333,293,288.5,297,298,197,285,413,278,250,239,344.5,415,341,530,420.5,380.5,NA,215,"for"
"216","000000000000000000d8_0",487,450.5,489.5,444,343,454,432,420.5,392,382.5,394,420,508.5,433,419,448.5,435,431,380.5,402,419.5,363,368.5,470,388,389.5,309,437,444,439,572,459,434,NA,216,"for"
"217","000000000000000000d9_0",464.5,468,420,500.5,355.5,436,432,391,378,429,368,362.5,485,403,387.5,438,384.5,375,359,357.5,375,332,357,472,384,373,339.5,390,429,426,590.5,451,400.5,NA,217,"for"
"218","000000000000000000da_0",511,464,463,490.5,387,500,506.5,451.5,437,460.5,434,440,495,454,451,485,447,459.5,442.5,436,455,415,424.5,514.5,448,434,384,436,469.5,486,700,490.5,470,NA,218,"for"
"219","000000000000000000db_0",443,489.5,481.5,504,464,461.5,494.5,467,464,414,415,355,466,383,362,397,363,382,337.5,380,376,311,327,463,337.5,335,314,439,502.5,497,694.5,561,478,NA,219,"for"
"220","000000000000000000dc_0",266.5,325.5,269,325,312.5,301,286,307,283,324,278.5,247,306,279,266,304,304,267,270,296,308,223.5,266,365,276,261,250,258,336,324,610,442,320.5,NA,220,"for"
"221","000000000000000000dd_0",407.5,432,436,458,429.5,477.5,495.5,481,452.5,443.5,437,385,450,385,367,378,359,388,350,381,405,333,370,442,401,370,399,378,496,492,765,573,454,NA,221,"for"
"222","000000000000000000de_0",416,436.5,335.5,439,362,410.5,385,366,378.5,386.5,369,350,442,354,321,402,376,357,356,371,378,322,377,459,390.5,349.5,388.5,418,462,428,694,476,373,NA,222,"for"
"223","000000000000000000df_0",210.5,284.5,168,252,208,361.5,259.5,305,255.5,308,317,312,296.5,248,221,285.5,318,259,264.5,254,274,216.5,258,386.5,253,194,226.5,219,374.5,320.5,636,461,254,NA,223,"for"
"224","000000000000000000e0_0",335,483.5,348.5,381,393,461,447.5,386,381,417.5,400,374,416,365,303,407.5,407,366.5,364,418,314,371,383,508,390,346,363,391.5,522,383,694,530,480,NA,224,"for"
"225","000000000000000000e1_0",374.5,475,347,397,331.5,409.5,409,360.5,359,386,388.5,366,407.5,355,339,379,377.5,359,348.5,361,365,348.5,344,437,358,296,300,350,443,402,516,419,337,NA,225,"for"
"226","000000000000000000e2_0",467.5,492.5,408.5,479.5,396,452,426,405,407.5,396,399,401,488,403,376,418,395,398,381.5,383,407,355.5,375,496,380.5,361,357.5,416.5,502,456.5,560.5,521,444,NA,226,"for"
"227","000000000000000000e3_0",411.5,473.5,391.5,466,378,449,420.5,402.5,396,373.5,368,394,446,379,366,415,415,384.5,366,367,381.5,344,348,445.5,380,321,322,420.5,490,453.5,507,498.5,450,NA,227,"for"
"228","000000000000000000e4_0",342,447,331,436,321.5,421,349,380,327.5,360,340.5,358,421,333,310,347,370.5,340,335.5,334,323,277.5,329.5,437,327,300,290,369,442,479,537,460.5,383,NA,228,"for"
"229","000000000000000000e5_0",245,323,187,252,251,314.5,317,286.5,247,268,257,263.5,294,256,227,282,307.5,267,251,274.5,266,228,258,300.5,251,221,226,260,296.5,253.5,392,385.5,248,NA,229,"for"
"230","000000000000000000e6_0",436,444.5,352.5,425,339,420.5,433,406.5,367,386.5,368,410,422,344,327,413,394,346.5,347,386,331,318,359,481,359,325,364,389,466,490,541.5,467,355.5,NA,230,"for"
"231","000000000000000000e7_0",527,444,391,445.5,360,452,429.5,395,371.5,389,379.5,414,451.5,361,337,413,381,376,346,361.5,373,347.5,336,469.5,347,333,341,426,462,487,502.5,444,385,NA,231,"for"
"232","000000000000000000e8_0",344,353.5,223,325,286,338,369,310,269,290,285,271,323.5,264.5,254,333.5,333,303,294,317,272,220,277,380,306.5,255,294,332,380,414,493,378.5,287,NA,232,"for"
"233","000000000000000000e9_0",523,525,474.5,525,434,505,478,462,419,424,452.5,450.5,514.5,407,447,530,463,442,435,450,426.5,393,414.5,529,426.5,402.5,392,518,543,522,610,499.5,481,NA,233,"for"
"234","000000000000000000ea_0",527,521.5,450,492.5,441,530,489.5,464,455,462,433.5,439,523,398,412,460,450,428,418.5,429,370,379,401,541.5,420.5,371,401,518,571,574,567,558.5,469,NA,234,"for"
"235","000000000000000000eb_0",363,353,190.5,349,228,338,256.5,291.5,273,287.5,285.5,289,348.5,305.5,262.5,312.5,327,302.5,286,321.5,284.5,182.5,279.5,365,289.5,256,242,306.5,397,411,401,400,362,NA,235,"for"
"236","000000000000000000ec_0",595,495,429,455.5,365,459,435.5,452,410,409,410.5,384,521.5,452,416,464,406.5,446,402,380,408,347,393,525,415.5,410,386,423.5,477,458,572,432,417,NA,236,"for"
"237","000000000000000000ed_0",416,353,251,305,271,341.5,308.5,314.5,302.5,325,313,347,378,302.5,294.5,339,337.5,313,269.5,293,344.5,219,260,374,284,259.5,240,337,344,383,425,390,331.5,NA,237,"for"
"238","000000000000000000ee_0",469,392,335,387,291,392,371.5,387.5,362,348,348.5,330.5,422,353,339,403,329.5,352,316,332,371,324,343,408,346,342,310.5,383.5,402,357,549.5,414,377.5,NA,238,"for"
"239","000000000000000000ef_0",412.5,349,283,350,300,398,358,357,307.5,301.5,305,334,401,335,331,352,370,352,296,336,278,305.5,323.5,408,330,337.5,297,311,374,357,520.5,366,366,NA,239,"for"
"240","000000000000000000f0_0",482.5,394,387,430,342.5,431,402,383.5,377,352,368,369,451,369,387.5,418,375,389,318,383,370,341,374,410,376,377,365,351,445,413,519,470,413.5,NA,240,"for"
"241","000000000000000000f1_0",411,347,331,374,266,403.5,396,385.5,348,349,317,333,350,365,343,382,343,346,307,337,331.5,296,313,343,328,330,302.5,319,313,354,488.5,374,342,NA,241,"for"
"242","000000000000000000f2_0",415,388,344,406,340,395,392,382.5,347,342,349,347.5,409,353.5,338,384,349.5,368.5,352.5,325,361,318,329,424,359,337,308,393,453,447,522,447,361,NA,242,"for"
"243","000000000000000000f3_0",384.5,355,353,401,358,419,395,381,336,346,341,365,420,354.5,348.5,374.5,385,381.5,315,361.5,304,329.5,359.5,405,367.5,372,336,396.5,414.5,393,515,471,429,NA,243,"for"
"244","000000000000000000f4_0",426,368,384,392,329,406,410,393,332,340,347,362,455.5,368,360,389.5,372,366,312,324,293,278,327.5,407,343.5,331.5,309,354.5,415,421.5,503,449,337,NA,244,"for"
"245","000000000000000000f5_0",459.5,478.5,430.5,450,393,475.5,442,440.5,408,397,406.5,386,489.5,397,399,428,393,407,369,380.5,399,372,388,471.5,414,402,387.5,431,430.5,437,520.5,433,400,NA,245,"for"
"246","000000000000000000f6_0",392,484,431,418,612,381,381,414,351,413,398,367,333,399,342,409.5,381,362,383.5,383,376,348,382,424,308,348,352,381,469.5,461,588,519.5,426,NA,246,"for"
"247","000000000000000000f7_0",343,341.5,354,352,286.5,311.5,356,348,332,293,336.5,315,328.5,294,315,338,349,316,306.5,318,307,393,354,338.5,292,293,310,341,388,396,564,485.5,380,NA,247,"for"
"248","000000000000000000f8_0",339,348,286,307,355,309,321,311,270,257,314,303,281,259,267,345,312,245,310,332,308,316,288,328,238.5,268.5,279.5,356.5,400,434,654,384.5,358,NA,248,"for"
"249","000000000000000000f9_0",459.5,514,456,435,362,471,423,413,396,370,416,379,494,380.5,362,425,406.5,381,384,380,379,421,386.5,435,365,360,355,443,524,472,666,438,432,NA,249,"for"
"250","000000000000000000fa_0",523,530,493,479,444,470,436,450.5,407,431,428.5,416.5,500,441.5,439.5,523,511.5,441,446,426,435,440.5,426,470,418.5,417,432.5,476,508,461.5,867,722,457,NA,250,"for"
"251","000000000000000000fb_0",508,562.5,478,482,493,490,467,480.5,428,454,471,501.5,517.5,409,418,468,503,423.5,425,424,397,418,429,489.5,420.5,417.5,438,532,515,562,752,783,492,NA,251,"for"
"252","000000000000000000fc_0",397,441,385,426,428,401,411,436,401,425,432,458,433.5,408,418,439.5,470,390.5,378,397.5,390.5,214,390.5,600,363.5,387,394,511,585,575,675.5,552,457,NA,252,"for"
"253","000000000000000000fd_0",456,498,417,483,483,424,447,484,453.5,459,454,417.5,482,405.5,400,468,407,382,405,444,371.5,395,420,489,402.5,389,418.5,510,481,472,703,795,475.5,NA,253,"for"
"254","000000000000000000fe_0",371,482,347,422.5,386.5,388,395,422.5,394,383,384,390,415.5,356,330,406,417.5,331,337,371,355,306.5,358,413,335.5,334,360,393,447,408.5,699,555.5,406,NA,254,"for"
"255","000000000000000000ff_0",397,451,416,452.5,400.5,447,441,489,470,417,435.5,453,457,404,382,439,432,380,371,374,398,382,380,442,400,363,397.5,362.5,446,407.5,699,619.5,409,NA,255,"for"
"256","00000000000000000100_0",369,490,442,441,568,439.5,396.5,491.5,464.5,427,447.5,406.5,453,363.5,382.5,444.5,403,399,399,366.5,389,413.5,409,436,393,376,410,407,485,562,620,576.5,412,NA,256,"for"
"257","00000000000000000000_0",229.5,227,145,258,240,192,357,192,174,211,248,310,211,165.5,158.5,218.5,236,154.5,175,173,192,201.5,304.5,343.5,99,226,127.5,236,317,322,333,396,299.5,NA,257,"ltr"
"258","00000000000000000001_0",191,279.5,104,237,133,228,188,233,220,225.5,234,240,310,191,179,272.5,218.5,225,223,224,224.5,116,211.5,335,206,163,179,263,321,263,633,321,248,NA,258,"ltr"
"259","00000000000000000002_0",362,363,307,381,321,359,365,346,339,336,363.5,363,411,368,347,396,355,394,328.5,338,322,327,305.5,368.5,342.5,304,294,319,395,402,589,423,413,NA,259,"ltr"
"260","00000000000000000003_0",132.5,245,87,215,177,187,150,196.5,159,207.5,203,160,279.5,114,99,193,160.5,212,132,255,180.5,18,228,325,217,98.5,164,189,328,315,551,293,283,NA,260,"ltr"
"261","00000000000000000004_0",426.5,444,532,711,729,700,699,644,652,604,814,795.5,447.5,734,755,758,714.5,678.5,654,641.5,715.5,806.5,719,554,650.5,718,811,493,531,516,765,636,634,NA,261,"ltr"
"262","00000000000000000005_0",470.5,519.5,436.5,524,547,666,647,614.5,580,582,630.5,686.5,541.5,492,452,666,560,451,517.5,543,664,353,692,759.5,491,702.5,687,539,626,722,794.5,533,736,NA,262,"ltr"
"263","00000000000000000006_0",324,311,149.5,298.5,295,284.5,298,263,259,289,282.5,181,256.5,234.5,177.5,288,324,222,266,182.5,250.5,241,262,371,180,332,248,274,395,367,430,194,312,NA,263,"ltr"
"264","00000000000000000007_0",412,407.5,453,563,467,522,504,462,513.5,539,505,448.5,353.5,522,528,633.5,480,449,486,462,523,504,472.5,372,441,449,480,472,417,670,772.5,562,514,NA,264,"ltr"
"265","00000000000000000008_0",245,314,149,268,228,299,260,274,284,295,260.5,258,316,259,283,368,295,285,267,298,285.5,266,263,337,287,259.5,243,226,342,258,500,383,319,NA,265,"ltr"
"266","00000000000000000009_0",470.5,468,551.5,603,544,560,614.5,649,554.5,629,537,512,485,551,515,655,626,503,454,457,562,410,550,625,542,513,583,541,700,743,776,823.5,730,NA,266,"ltr"
"267","0000000000000000000a_0",162.5,148,99,145,99.5,103,152,144,73.5,161.5,162,142,175,131,113.5,154.5,182,102.5,92,91,159,37,21,183,94,15,38,109,188.5,120.5,320,208.5,199,NA,267,"ltr"
"268","0000000000000000000b_0",232,324,176,358,240.5,333,268,303.5,281.5,330,272,266,438,243,329.5,402,338,327,272,321.5,288,129,297,408,294.5,252,266,266,413,327,640,454,349.5,NA,268,"ltr"
"269","0000000000000000000c_0",359.5,357,422.5,645,583,621,560,561.5,564,556,613,604.5,580.5,511,469,669,536,554,485,587,539,584,664,556,631,519,670.5,482,552,728,825,530,709.5,NA,269,"ltr"
"270","0000000000000000000d_0",737,672,715,623,559,614,633,642.5,572.5,591,594,609,786,626,613,605,618,592,610,600,597.5,564,555,670,544.5,548,550,654,703,783.5,947.5,781.5,652.5,NA,270,"ltr"
"271","0000000000000000000e_0",408.5,368,451,445,374,457.5,441,436,392,399,382,363,387,389,387,416,434,395,348.5,375.5,385,331,368.5,424,370,363,342,386,423,476,498,487,426.5,NA,271,"ltr"
"272","0000000000000000000f_0",435,472.5,169,415,446,451,456,435,373,390,369,352,438,356,343,358,346,336,293,307,295,277,298.5,470.5,326,312,280,370,589,520,562,556,462,NA,272,"ltr"
"273","00000000000000000010_0",402.5,505,347,546.5,453.5,509.5,494.5,449,532,483.5,697,524,491,484,526,607.5,548,513,462,445,563,453,749,540,690,564,664.5,515,625,297.5,713,563,510.5,NA,273,"ltr"
"274","00000000000000000012_0",618,602,581,628,625,672,710,608.5,620,630,601.5,609,566,622,664.5,706,707,683,627,612,565,738,662.5,599.5,625,617,680,512,680,705.5,805.5,711.5,648,NA,274,"ltr"
"275","00000000000000000013_0",573,579,521,592.5,587,575,543,683,588.5,559,549,583.5,552,561,530,637.5,536,582,485,501,568,477.5,546.5,577.5,533.5,493,479,542,707,693,789,647,713,NA,275,"ltr"
"276","00000000000000000014_0",582,815,686,718,833,731,669.5,705,703,671,735,657,715,596.5,586,658,570.5,560,559.5,537,580,612,571,935,557,577.5,548,954,914,911.5,949,482.5,691,NA,276,"ltr"
"277","00000000000000000015_0",569,551,571.5,619.5,549.5,590.5,615.5,598.5,582.5,541.5,560,552,584.5,537,560,596,530.5,523.5,507,509.5,506,499,496.5,583.5,503,496,480,553,543,594.5,702,623.5,582,NA,277,"ltr"
"278","00000000000000000018_0",620,589,550,582.5,521,661,599,612,592,536,664,555,532.5,573,563,621,608,574,607,565,652,640,695,530,576.5,577,654,595,508,636,940.5,936,530,NA,278,"ltr"
"279","00000000000000000019_0",305,383,282,293,317.5,304,338,345.5,308,304,327,287,319,290,264,298,285,296,300,346.5,273,231.5,325,347,256.5,311,314.5,319,379,394,419,264.5,351.5,NA,279,"ltr"
"280","0000000000000000001a_0",580,575.5,574,508,483,565.5,536,670,655,564.5,627,659.5,569.5,678.5,713,810,806,698,631,641.5,666,726,675,677,661,579.5,652,660,593,603,755.5,724,545.5,NA,280,"ltr"
"281","0000000000000000001b_0",255,292,179,343,210,320,300,266,277,311,278,267,298,261,240.5,292,313,265.5,244.5,277.5,277,184,269,306.5,282,240,246,218,353,374.5,434.5,390,310,NA,281,"ltr"
"282","0000000000000000001c_0",589,633,773,728,679,744,732,736,724,673,769,676,598.5,754.5,691,746,731.5,729,695,751.5,666,817,718,595,620.5,593,638,661,728,764,906.5,810,771,NA,282,"ltr"
"283","0000000000000000001d_0",499,488.5,821,772.5,716,755.5,782,825.5,805,662,725,730,491.5,719,662,691,649.5,737,676,665,649,623,941,475.5,920,880,741.5,763,674,652.5,756.5,765.5,760,NA,283,"ltr"
"284","0000000000000000001f_0",477,677.5,938.5,824,819,783,764,862.5,775.5,673,821,754,821.5,783.5,714,783,813,709,626.5,730.5,669,721,748,904,663,738,724,964.5,927,884.5,1062,1062.5,843,NA,284,"ltr"
"285","00000000000000000020_0",705,884.5,724.5,721,678,686,681,649,752,1186,961.5,753,874,672,701.5,702.5,688,612,645.5,656,681,984,572,835,487.5,331,463,728,762,869.5,877.5,871,708,NA,285,"ltr"
"286","00000000000000000021_0",405,353,387.5,557,423,424,587,628,564,552,610.5,466,424,409,438,497,439,457,374,406,419,308,468,677.5,468,422,380,538,660,721,792.5,688.5,548,NA,286,"ltr"
"287","00000000000000000022_0",624,725,609,672,660.5,749,634,680,615.5,540.5,639.5,689,740,614,538,717,578,564.5,602,538.5,564,682,624,810,645,551,662,612,753,717,843,869.5,718.5,NA,287,"ltr"
"288","00000000000000000023_0",586,603,997,907.5,914,969,991,1081,977,892,1027,855,608,870.5,948,926,973,809,755.5,877,910,923,907,595.5,903.5,891.5,925,811,891.5,916,1116.5,1083,1012,NA,288,"ltr"
"289","00000000000000000025_0",342,446,274,416,454.5,484.5,442,400,401,483,581,503,511,304,284,485,339.5,287,354,527,274.5,382,564,416,258,400,466,408,579,548,484,641,528,NA,289,"ltr"
"290","00000000000000000027_0",474.5,390,636,555.5,508,563,581.5,485,522,459,462,511,416.5,557,508.5,528,451.5,472,444.5,578,594,508.5,642,424.5,663,662,592,724.5,781,818,942,785,694,NA,290,"ltr"
"291","00000000000000000028_0",403,485.5,337,430.5,336,484,435,443.5,390,438,429,393,477.5,405,365,420,422,357,381.5,420,395,520,376,437,321.5,365,346,407,444,466,694,388.5,445.5,NA,291,"ltr"
"292","00000000000000000029_0",690,719,605,623,689,620,635,634.5,642,683,674.5,525,715.5,499,550,781.5,747,650,599,678,744,867,763.5,781,686,675,679,760,771,735,707,610.5,674.5,NA,292,"ltr"
"293","0000000000000000002a_0",482,628,596,597,584.5,517.5,633,635,650.5,630.5,766,570,612,577,537.5,598,486.5,533.5,519.5,568,553,518,481.5,687,487.5,481,530,694,661,691,911,1120,715.5,NA,293,"ltr"
"294","0000000000000000002b_0",993.5,1127,713,799,654,1244.5,1548.5,1404,1019,826,820,767,1100.5,836.5,843,806,763.5,755,674,719,587,668,751.5,1171,715,639,1277,857.5,831,947,1064,1088,952,NA,294,"ltr"
"295","0000000000000000002c_0",492.5,632,489,530,471,518,512,483.5,457,452,444,718,669,703,845,918,806,764.5,794.5,765,746.5,853,761,555,687.5,739,731.5,548.5,587,572,643,552,515,NA,295,"ltr"
"296","0000000000000000002d_0",730,779,829,722,667.5,739,708,730,706.5,678,732,722,748,785,842,960,870,795,791.5,687.5,693,806,673.5,642,687,661.5,717,738,770,741.5,948,998,758.5,NA,296,"ltr"
"297","0000000000000000002e_0",715.5,724,781,802.5,700.5,769.5,849,1027,1050,1118,970,907,656,883,637,779.5,724,732,630,650,676,340,657.5,777,645,676,728,771,759,761.5,1060.5,744.5,924.5,NA,297,"ltr"
"298","0000000000000000002f_0",466,504,643.5,779.5,727,795.5,728,741,708,703,786.5,710,444,674,639,673,715.5,617.5,727,659,684,845,758,449,714.5,742,711.5,750,851.5,866,978.5,915.5,783,NA,298,"ltr"
"299","00000000000000000030_0",617,597,372,377,436,392,430,400.5,379.5,355,373,351,481.5,316,306,317,361.5,268,299,355,286.5,295,326,547,243,280,287,518.5,580,472,603,486.5,531,NA,299,"ltr"
"300","00000000000000000031_0",458,448.5,516,546,510,723,702,689,673.5,672,712,703,460,688,688,744,705,651,650,726,644,696,656,463,598.5,640.5,694,432,508,492.5,685,642,576,NA,300,"ltr"
"301","00000000000000000032_0",468,463.5,392,507,471,599.5,549,553.5,543.5,710.5,659,680,489,696,734,723,637,632,598.5,681,738,744.5,762,466,710,641,627,427,465,506.5,525,522,479,NA,301,"ltr"
"302","00000000000000000034_0",584.5,577,732,743.5,699,751,765,740,672,697,689,706,668,693,699.5,719,677,637,625,650,699,672,650.5,603,621,660,630,536,591,634,800,755,766,NA,302,"ltr"
"303","00000000000000000035_0",619,631,604.5,619,558,533,595,607,597,581,724,625,617,537.5,564,601,654,535,588,565.5,554,534.5,557.5,636,530,558,543,676,752,755,758,562,645.5,NA,303,"ltr"
"304","00000000000000000036_0",726,621,681,734,609,741.5,753.5,744,674,667.5,640.5,724.5,689,674,726,748,685.5,869,740,775.5,715,803,660,666,660.5,710.5,633,652,624,734,703,693,629,NA,304,"ltr"
"305","00000000000000000037_0",543.5,554,557,526,491,497,537,605,746,484,423,477.5,442,452.5,476,519,549,493,549,433,415,368.5,381,557,460,316,314,812,643,605,792.5,496,534.5,NA,305,"ltr"
"306","00000000000000000038_0",461,499,529.5,601,527,726.5,578.5,695,674,673,822.5,870,417,731,694.5,691,679,598,669,649,680,763,739,518,491,437,525.5,516,594,598,800,605,819,NA,306,"ltr"
"307","00000000000000000039_0",839,795,568.5,611.5,652,625,658,668,694,610.5,830,734,725,703,644,737,799,692,712,658.5,745,758.5,637,757,691,680.5,700,772.5,775,754,878,708.5,619,NA,307,"ltr"
"308","0000000000000000003a_0",470,439.5,466,494,439.5,476,477,505.5,466,489.5,514,559.5,427,514,477,559,540,454,531,540,506,554.5,486,465,481.5,450,460.5,440.5,467,555,858,689,573,NA,308,"ltr"
"309","0000000000000000003b_0",400.5,447,544.5,561,561,566.5,619,564,620,585,633,588.5,589,580.5,608.5,728,708,653,664,597,608,630.5,607,835.5,568.5,523,602,651,635,668,921,869,587,NA,309,"ltr"
"310","0000000000000000003c_0",615.5,537,650,693,630,723,672.5,712,665,671,678.5,632,534.5,666,658.5,689,709.5,664,624,641,723,676,625,701,613,684.5,661,597.5,686,718,802,788,714,NA,310,"ltr"
"311","0000000000000000003d_0",954,675,381,426,396,437.5,467.5,698.5,613,604,824,706,756,708,660,761,818.5,768,721,701,794,733,807,784,774,803,836,689,764,838,900.5,636,422,NA,311,"ltr"
"312","0000000000000000003e_0",388.5,428.5,404,492,505,484,520,500,533.5,531,553,592.5,331.5,509.5,449,594,684.5,536,738,800,630,745,651,372,672,589.5,645,371,384,349,1048,382.5,399.5,NA,312,"ltr"
"313","0000000000000000003f_0",566,578,745,748,680,780.5,812,781,699,698,720,806,833,718,715,725,720,769.5,721,748,686,696.5,660,772,618,638,635,684,700.5,799,813,824.5,790,NA,313,"ltr"
"314","00000000000000000040_0",491,537.5,614,742,618.5,671,791,654,651,711.5,606,647,536.5,642.5,637,753.5,668.5,659,642,633.5,611,536.5,607,538.5,597.5,576,676.5,428.5,582.5,575.5,698,655,727,NA,314,"ltr"
"315","00000000000000000041_0",676.5,537,716,1141,680,664,740.5,735.5,567,579.5,564,598,778,631,596,557,551,588,516,569.5,563,349,520.5,738,480,484.5,538,565.5,746,636.5,753,740,725,NA,315,"ltr"
"316","00000000000000000042_0",576.5,687,453,527.5,504.5,565.5,647.5,584.5,479,647,734.5,743.5,715,779.5,744.5,764,817.5,735,691,693,747,779,764.5,635,1188.5,772,744,634,663,601,593,540,503,NA,316,"ltr"
"317","00000000000000000043_0",632,671,560,584,492,616,610,655.5,601,606.5,634,625,553,575.5,632,667,758,636,676,631.5,691,664,632.5,605,581,574,678,568,641,540.5,964,779,584,NA,317,"ltr"
"318","00000000000000000044_0",583,691,721.5,635.5,577,610,581,564,823,770,843,770,615,643,661,685,663,585,533,469,822,486,841,715.5,637.5,859.5,745.5,640,647,577.5,634,692,598,NA,318,"ltr"
"319","00000000000000000045_0",947,904,911,774.5,720,842.5,750,716.5,726,759.5,817,696,851,612,699,753.5,699,578,645,687.5,789,736,555,775,742,583,564,717,826,903.5,1055,956,854,NA,319,"ltr"
"320","00000000000000000046_0",622,639,546,556.5,531,528,525.5,487,490.5,599.5,589,641,650.5,531.5,535.5,564,578,553,555,522,529,573,552,672,560,541,558,618,654,696.5,797,673,584.5,NA,320,"ltr"
"321","00000000000000000047_0",413.5,473.5,283,450,336,364,505.5,395.5,461,388,370,376,488,339,395,554,533,419,428,539,413.5,318.5,408,491,400,358,377.5,472,492,432.5,573,460,583,NA,321,"ltr"
"322","00000000000000000048_0",465,579,514.5,559.5,518,502,505.5,532,473,450.5,533,507,543,522.5,477,491,553.5,549,565,535,531.5,490,580.5,530.5,566,661.5,990,499,585,592,878,580.5,540,NA,322,"ltr"
"323","00000000000000000049_0",719.5,919,712,758,920,913.5,785,888,841,830,752.5,857,717,704.5,802.5,750,715,667.5,786.5,708.5,711.5,752,665,756,657,644,691,694,846,673.5,998,430,718,NA,323,"ltr"
"324","0000000000000000004a_0",465,539,473.5,485.5,479,486.5,497,474,411.5,579,620,634,528,689,619.5,958.5,837,620,590,722.5,826,877.5,660,471,613,722,712,462.5,547,559,922,579.5,501,NA,324,"ltr"
"325","0000000000000000004b_0",632.5,774.5,710,683,738,736,711,675,691.5,806.5,790,616,807,565,581,769,570,613,650,726,707,719,495,882,611.5,519,664,691,893,844,926,824,825.5,NA,325,"ltr"
"326","0000000000000000004c_0",384.5,409,516,593,502,510,554.5,608.5,536,519,474.5,456,591,489,512.5,556,595,528,446.5,527,421,276,317.5,529,337,331,316,855,873.5,649,808,591,623,NA,326,"ltr"
"327","0000000000000000004d_0",513,633,740,933,739,682.5,722,891,854.5,762,690,764,541,883,842.5,914.5,811,681,745,728,718,747,624,488,705,643,758,462.5,516.5,534.5,779,743,774.5,NA,327,"ltr"
"328","0000000000000000004e_0",673,579,666,775,642,666,694,681.5,717,584,727,632,585,663,694,665.5,585,577,564.5,627,597,607,558,574,621,619.5,661,564,613.5,563,696,612,672,NA,328,"ltr"
"329","0000000000000000004f_0",695,681,585.5,749.5,678,657.5,728,801,732,759,735,742.5,706.5,775,732,803,574,613,649.5,699.5,666,651,729,588,687,638,713,619,734.5,592.5,904,492,702,NA,329,"ltr"
"330","00000000000000000050_0",1031,1001,840.5,847,859,875.5,777.5,790.5,756,807.5,961.5,865,923.5,782,745.5,830,787,748,753,692.5,812,756.5,703,1015,772.5,646,706,770,984.5,937.5,1003,806,847.5,NA,330,"ltr"
"331","00000000000000000051_0",588,578,751,691,980,616.5,594,649,680,680.5,716,726,578,685.5,674,787,830.5,717,760,625,814,756,822,632,1093,809.5,901,456,847.5,658,931.5,870.5,790,NA,331,"ltr"
"332","00000000000000000052_0",477,492,653.5,661,622,667,603,599.5,571,531,495,520.5,460,512,540,568,566.5,513,511,521,557,527.5,532,595,540,530,511.5,510,512,525,799.5,655,623,NA,332,"ltr"
"333","00000000000000000053_0",830.5,775,703,811.5,849,796.5,648,772,834,677,667,754,714.5,669,804,952,691,603,700,824.5,663,938,726,688,738,641,729,519,647,662,866.5,604,609,NA,333,"ltr"
"334","00000000000000000054_0",521,594,691,851,804,672,654,606,628.5,691.5,713,636.5,698,675.5,630,776,811.5,701,674.5,712,800.5,591,565,667,715,650,723.5,478,694,654,926,870.5,807,NA,334,"ltr"
"335","00000000000000000055_0",862,723,661,658.5,793,850,657,815,800,768,734,675,596,581,641,909.5,516,549,665,786.5,695,880,839,633,665,583.5,562,580,792,767,1039.5,677,669,NA,335,"ltr"
"336","00000000000000000056_0",892,865.5,767,884.5,848.5,856,949,948,804.5,803,859.5,832.5,743.5,756,781.5,921,776,669,929,818,716.5,746,772,748,821.5,720,861,625,801,782,854,855,608,NA,336,"ltr"
"337","00000000000000000057_0",465,674,792,884,618,708,640,646,679,732,711,652.5,586,665.5,637,745,701.5,602,639.5,575,705,761,704.5,670,834,660,740,726.5,659,723,807,871.5,747,NA,337,"ltr"
"338","00000000000000000058_0",829.5,827.5,789,878.5,878.5,834,949,961,802.5,813.5,825,865.5,814,763,767.5,900,739,599,793,789.5,705,757,774,717,809,703,836,589,789,714,854,728,608,NA,338,"ltr"
"339","00000000000000000059_0",758,888.5,776,936,672,681,895,954,866.5,791,761,762.5,634,658,776.5,949,782,642.5,582,860,704,711,817,722,817.5,585.5,706,729,705,727,933,662,802,NA,339,"ltr"
"340","0000000000000000005a_0",949,985,925,1078,1033,1181.5,933,915.5,926,917,1007,928.5,932,857,812.5,1071,927.5,777.5,878,795,1009.5,1075,1000.5,1046,974,1040,941,1137,1016,1007,1187.5,873.5,1006,NA,340,"ltr"
"341","0000000000000000005b_0",904,941,786,757,645,838,729,552.5,557.5,723,902.5,917,714,905.5,874,787.5,936,865.5,706,802,386.5,465,720,676.5,591,438,508,654,810.5,881,970,1003.5,857.5,NA,341,"ltr"
"342","0000000000000000005c_0",811,915,749,705,740,742,781.5,646,665.5,721,810,911,749.5,863.5,889.5,806,838,836,765,768,489.5,450,537,765.5,536,444,458.5,725,759.5,813,971,983,819.5,NA,342,"ltr"
"343","0000000000000000005d_0",846,969,783,901,744,800,774,843,782,786,789,738,898,781,734.5,690,618,782.5,605,458,430,391,708.5,843,570,481,460,838,868.5,798,843.5,775,753.5,NA,343,"ltr"
"344","0000000000000000005e_0",626,756,776,845,830,910,816,718.5,817,902,763,872,672.5,902,892,932,977.5,940,906,853,568,611,845,645,714,639,703.5,659,702,693,1044,848,998,NA,344,"ltr"
"345","0000000000000000005f_0",613,433,644,716,638,642,685,643.5,591.5,604,594,576,588,557,494.5,675,791.5,860.5,848.5,920,422.5,356,413,667.5,375,442,406,575,638.5,654,763,695,644,NA,345,"ltr"
"346","00000000000000000060_0",516,540,704.5,717,797,782,737,754,752,775,816.5,739,525,729,774,859.5,955,689,658.5,734,776,778,843.5,523.5,750,739,848.5,1054,831,654,1003,893,816,NA,346,"ltr"
"347","00000000000000000061_0",620.5,802,694,1033.5,799,700,1130,654,710,911.5,802,939,568,938,891,746,974,1007,996,1001,449.5,456,588.5,883.5,433,525,501,697,456,694,640,877,596,NA,347,"ltr"
"348","00000000000000000062_0",642.5,840.5,929,1008,800,731,1111,548,716.5,708,809,915.5,806,922,835,708,864.5,813.5,795,864,476,540,436,733,409,488,455,724,729,671.5,777,607,692,NA,348,"ltr"
"349","00000000000000000063_0",750.5,736,789.5,1091,837,794,1113,670,710,927.5,809,940.5,718,952,892,743,967.5,1003,934,1010,486,466,602,786.5,596,542,527.5,657,495,686,771.5,704.5,656.5,NA,349,"ltr"
"350","00000000000000000064_0",649,599,1123,1016.5,817,958,1023.5,952.5,872,868,862,925.5,617,933,914,867,885,918.5,890,848,845,1009.5,854,529,829.5,799,923,551,848.5,1030,1056,969,1092,NA,350,"ltr"
"351","00000000000000000065_0",719,601,843.5,792,738,1043,1072.5,1143.5,1027,904.5,876,775.5,1481,776,884,994,810.5,777,876,879,814,919,923,1454.5,900,887,921.5,1253,1269,991,920,931,796,NA,351,"ltr"
"352","00000000000000000066_0",534,579,677,807,798,872,850,915.5,900,819.5,862.5,883.5,547.5,868.5,910,971,911,994.5,741,760.5,800,925.5,955,649.5,870.5,785.5,909,600,827,776,1048,1086,905,NA,352,"ltr"
"353","00000000000000000067_0",539.5,497,314,407,319,538,572,541.5,524,582,596.5,573.5,515,472.5,431,667,563.5,486,494.5,520.5,487.5,323,458,699,481,307,373,520.5,659,859,628,459,402,NA,353,"ltr"
"354","00000000000000000068_0",629,571.5,503,579,444,516,518,600,671.5,757.5,838,747.5,613,862,886,818,815,874,844,912,796.5,954,928,611,861,785.5,732,778,685.5,689,693,625,498.5,NA,354,"ltr"
"355","00000000000000000069_0",654.5,809,776,857,859,867,818,747.5,797,785,785,777,747,800.5,791,935,858.5,790,686,722,554,566,662,753,647,572,678,667,713,835,1014,690,805.5,NA,355,"ltr"
"356","0000000000000000006a_0",658.5,958,704.5,845.5,569,728.5,691.5,738,693.5,612.5,738,648,855,617.5,582,755.5,594,851.5,580,978,1062,784.5,803,1288,731,690,629.5,920,863,724,816,883.5,793,NA,356,"ltr"
"357","0000000000000000006b_0",680.5,706,720,789.5,728,734,719,732,731,733,781,722,808,624,651,727.5,706.5,637,692,704,665.5,687,646,722,590,662,717,777,1101,1053,865,859,727.5,NA,357,"ltr"
"358","0000000000000000006c_0",806.5,868,698,737,721.5,584,609,695,692,711,715.5,550.5,769,574,567.5,637,593,574.5,611,729.5,708,843,793,808.5,1050,1115,887.5,840,1002,721,925,994,768.5,NA,358,"ltr"
"359","0000000000000000006d_0",449.5,439,393.5,540.5,501,556,499.5,482,449,577,617,593,462,557,547,574.5,650.5,614,556,535,593,569,626,417,642,518,583,428,518,563.5,660,591,594,NA,359,"ltr"
"360","0000000000000000006e_0",673.5,435,1054.5,877,636,657,1101,705,762.5,905,883,905,605,899,1017,870,971,1036,1019,1009,510,444,541,1034,579,432,576,943,615,745,604,418,702.5,NA,360,"ltr"
"361","0000000000000000006f_0",570,702,994.5,785.5,759,691,1000,704.5,698,842,697,896,642,810,933,822,976,928,907,933.5,533,634,419,978.5,486,406,563,943,554.5,679,642,420,629,NA,361,"ltr"
"362","00000000000000000070_0",672,635,796.5,887,879,988,729.5,862,798.5,743,738,749,600.5,805,730,831.5,803,847,819,867,813,880.5,907,712.5,914,838.5,761,682,863,744,809,823,873,NA,362,"ltr"
"363","00000000000000000071_0",614,599,981,813,640,721.5,1098,687,719.5,799,860.5,929.5,692,852.5,993,850.5,940,974,1096.5,947.5,491,623,413,960.5,538,407,573,943,484,679,657,418,598,NA,363,"ltr"
"364","00000000000000000072_0",797.5,656,998,935,636,725,1062,734,790,861,762,906.5,565,888,1046,815,943,1036,1058.5,1122,479,766,574.5,943.5,674,526,654,732,510.5,766.5,640,379,661.5,NA,364,"ltr"
"365","00000000000000000073_0",527,624,487,601,738,887,756,763,745,676,890,708,632,707,717.5,744,744,678,599.5,685,694,882.5,733,661.5,786,743,749.5,538,639,603.5,696,654,656,NA,365,"ltr"
"366","00000000000000000074_0",876,951,789,837,799,828,863,809.5,829,1140,1147,964,1019.5,1102,1035,1174,1000,990.5,973,1029,959.5,1086,1132.5,929,1090.5,1071.5,975,835,918,844.5,1057,891,845,NA,366,"ltr"
"367","00000000000000000075_0",713.5,813,722,699,661,722,664,671,630,622,546.5,527,1126,561.5,510.5,561,502.5,556,531,531,557.5,490,455.5,968,479,448,421,984,997.5,890,1078,1028,906,NA,367,"ltr"
"368","00000000000000000076_0",672,729,628,687,616,646,667.5,686,630,693,642.5,632,741.5,646,600,589,758.5,648,649,695.5,712.5,573.5,1108,763,1332,1133,1013,705,755,756,824,747,675,NA,368,"ltr"
"369","00000000000000000077_0",835,864.5,715.5,779.5,720.5,852,873.5,864,738,808,776.5,706.5,866,730,725,753,719,790,737,817,745,705,712.5,897,745,733,916,820,907.5,874,917,829,810,NA,369,"ltr"
"370","00000000000000000078_0",716,772,949.5,722,599,681,1042,716,736.5,825,744,856.5,731,842,1045.5,880,1067,1004,977,1023.5,491,474.5,478,1031,529,475,565.5,909,599,719,540.5,577,694,NA,370,"ltr"
"371","00000000000000000079_0",747.5,750.5,1076,778,635,719.5,1034.5,726.5,751,831.5,748,880.5,769,858,1045.5,881,1031.5,1026,1128,999,535,558,542.5,1014,538,480,703,838,756.5,596,552.5,340,736.5,NA,371,"ltr"
"372","0000000000000000007a_0",521,549,815,821.5,739,873,861,866.5,870,908,1017.5,828.5,512,813.5,899,993.5,771,760,685,740.5,706,669.5,706,1238,794,794,741.5,809,914,848,932.5,839,858,NA,372,"ltr"
"373","0000000000000000007b_0",817,877,774.5,767,733,1003,1048,1060,959,945.5,860.5,818,953,869.5,787,834,711,772.5,729,741,763,616.5,597.5,875,713,687,656,715,932,800,985,854,807,NA,373,"ltr"
"374","0000000000000000007c_0",632.5,787.5,743,467,508,662,959,652,381,491.5,489,763,688,532.5,994,794.5,978,918,872.5,765,248.5,384,249.5,818,368,395.5,315.5,854,487,369,458,339,639,NA,374,"ltr"
"375","0000000000000000007d_0",462,860.5,536.5,607.5,612.5,724,608.5,671,659,665,727.5,639,770.5,554.5,554,675,590,542,566,592,670,570,576.5,746,610,543,584,606,698.5,694,806,734,674,NA,375,"ltr"
"376","0000000000000000007e_0",585,705.5,475.5,856,728,786.5,890,934.5,974.5,851,868,809,604,921,939,1004,970,907.5,854,918,972,1027,905,608,997,821,973,554,647,589,744.5,569,548,NA,376,"ltr"
"377","0000000000000000007f_0",582.5,605.5,512,631.5,564,617.5,572,504,477,542,513,494,687,506,489,572.5,531.5,596,504,536.5,541,482,528.5,653.5,579,513,535.5,590,585,610.5,739,669,540,NA,377,"ltr"
"378","00000000000000000080_0",435,601,421,482.5,478,541.5,615,346,301,250,305,460,559,323.5,341.5,313,419,309,314.5,304.5,231,330.5,210,533,231,224.5,225,270,431,287,418,302,336,NA,378,"ltr"
"379","00000000000000000081_0",661.5,847,728.5,532.5,597,615,711,415,325,411.5,422.5,692,585,823,928,813,952,788,741,703,454,479,381,550,278,434.5,517,727,665,433,1438.5,338,622,NA,379,"ltr"
"380","00000000000000000082_0",486,793,635.5,709,806,941,842,780.5,832,863,786,757,857,802.5,832.5,872.5,812.5,814,765,781,792,779,801,851,744,654.5,672.5,770,775,710,759,708.5,606,NA,380,"ltr"
"381","00000000000000000083_0",359,675,392,547.5,553,718,616,660,661,730.5,640.5,671,771,622,652,684,773,645,649,718,716.5,500,739,932,724,578,575,523.5,864,612,675.5,785,542,NA,381,"ltr"
"382","00000000000000000084_0",671,812,720.5,589,609,733,837,534,422,374,430,765,851,821.5,914,767,765,740,662,568,468,430,442.5,823,332,482.5,250,905,711,531,1359,647.5,572,NA,382,"ltr"
"383","00000000000000000085_0",647,639,643,751,671.5,719,841,778,711,851,844,854,637,823,841.5,882.5,927,898.5,819,833,885,846.5,954,647.5,856.5,807.5,845,560,664,579.5,684,710,741.5,NA,383,"ltr"
"384","00000000000000000086_0",477.5,640,996,994,801,800,662,669.5,661,603,640.5,520,528.5,531,661,1095.5,916,842.5,685.5,676,746,755,734,861,724.5,638,702,961,792,713.5,1256.5,895,880,NA,384,"ltr"
"385","00000000000000000087_0",590,625.5,642,648,715,648,757,733,662,658,604.5,720,653,685,673,782,691.5,663,606,607,768,683.5,698,833,670,612,664,648,895,824.5,977.5,759.5,598,NA,385,"ltr"
"386","00000000000000000088_0",764,766,699.5,733,676,682,723,701,379,486,403,592,365,524.5,827,551,452,515,498,536.5,468,496,385,614.5,464,448,277,608,758,738,1315.5,735,839,NA,386,"ltr"
"387","00000000000000000089_0",584,576,764,706,660,722,784,759,750.5,728,717,880,546.5,693.5,795.5,923.5,915,819,768,736,788,867,728,557.5,824,699.5,709.5,499,660,809,854,699,723,NA,387,"ltr"
"388","0000000000000000008a_0",718,776.5,663,744,557,727,730,623,685,332,425.5,504.5,392,496,826,560.5,662,519,470,682.5,664.5,552,632,577,463,598,670,731,840,771,788.5,775,949,NA,388,"ltr"
"389","0000000000000000008b_0",535,683,744,666.5,608.5,716.5,593,629.5,985,806,694.5,717,773,702,878,1014,822.5,797.5,725,786,816,788,835,670,868.5,695,682.5,582,643,723,812,856,639,NA,389,"ltr"
"390","0000000000000000008c_0",413,471.5,472.5,613,503,607,611.5,600,612,654,572,665,458.5,571,550.5,693.5,682,609.5,590,583,592,694,548,561.5,639,473,489.5,470,534,462.5,607.5,522,492,NA,390,"ltr"
"391","0000000000000000008d_0",413,462.5,559,741,677,722,802.5,719,621,640,550,540,434,561,547.5,673,581,596,560,576,669.5,589,613,507.5,582,572,575,557,798,918,840.5,696,619.5,NA,391,"ltr"
"392","0000000000000000008e_0",786.5,864,835,858,841.5,854.5,879,841.5,863,952,966,955,725,840,833.5,1115,883.5,890.5,777,834,693.5,655,705,812,672,593,852,695,817.5,831,841,825,1013.5,NA,392,"ltr"
"393","0000000000000000008f_0",418,602,428,518,497,519,590,636,574,586,507,551,658,562,481,543,545.5,504,479,500,488,451,435,700,434.5,384,425,563,710,588,727,621,660,NA,393,"ltr"
"394","00000000000000000090_0",702.5,757,612,724,791,686,714,671,706,677,664.5,635,716,626,631,690.5,637,614,559.5,618,655,511,552.5,711,522.5,399.5,427.5,659,730.5,641,756,583,595,NA,394,"ltr"
"395","00000000000000000091_0",536,566,853,886,913,1083,1123,1139.5,942,993,1062,996,543,788,791,1048,792,822,761,854,1023,951,954,770,826,770,855,783,796.5,833,875,807.5,1067,NA,395,"ltr"
"396","00000000000000000092_0",630.5,554,720,711,626,713,609,645,562.5,614,609,600,607,612,767,926,793,748.5,724.5,716.5,773,759,751,726,739.5,659.5,741,893,863.5,833,859.5,875,792.5,NA,396,"ltr"
"397","00000000000000000093_0",580,796,629.5,600,555,685,695.5,583,527,375,404,665,624,558,468.5,587,575,524,570.5,505,592,516.5,539,574.5,503,461,535,490,676,689,715,657,793.5,NA,397,"ltr"
"398","00000000000000000094_0",524.5,716,719,776,801,751,778,724,745,719,737.5,822,812,847,818,930.5,856,787,720,685.5,811.5,778,807,926.5,797,786,799.5,815,817,939,915.5,713,822.5,NA,398,"ltr"
"399","00000000000000000095_0",410,529,730.5,783,720,786.5,841,792.5,679,695,767,799,481.5,796,740,852,800,690,745,742,748,913,714,672.5,773,648,674,655,806,720,898,773,787,NA,399,"ltr"
"400","00000000000000000096_0",522,545,862,884.5,971.5,982,955.5,926,961.5,898.5,932,873,472,861,918,915,950,795,762,800,822,924,941,511.5,795,730,863,488,964,931,1738,870,841,NA,400,"ltr"
"401","00000000000000000097_0",462,526,625,637,694,700.5,660,706,665.5,619,732,565,410,603,607,620.5,638,534.5,547,547,558,668.5,590,467,581,506.5,607.5,431,1048,813,2226,613,642,NA,401,"ltr"
"402","00000000000000000098_0",488,576.5,556.5,567,643,501,620,635,649,578,683.5,602,479,610,547,712.5,626,564,586,535,625,696,641,552,629,545,663.5,536.5,578,617,712,490,574.5,NA,402,"ltr"
"403","00000000000000000099_0",529,528,755,820,788.5,745,741,705,697,668,603,610,506,580,598,615.5,629,500.5,569,600,656,510.5,624.5,488,568,514,671,487.5,589,548,1056,672.5,792,NA,403,"ltr"
"404","0000000000000000009a_0",469,550,418.5,462.5,476,447,403,415,437,465,559,513.5,439.5,402,475,609,633,561,522,433.5,434.5,502.5,500,493,440.5,408,456,489,493,520,974.5,476.5,461.5,NA,404,"ltr"
"405","0000000000000000009b_0",627.5,638.5,584,561,540,648.5,857,802.5,777.5,646.5,827,648,518,638,657,732,815,692.5,720,624,689,684,695,648,625,546,605.5,576.5,683,645.5,1041.5,653.5,707,NA,405,"ltr"
"406","0000000000000000009c_0",1167.5,1127,1311.5,1186,1339,1182.5,1142,1100,1142,1100,1054,1016,1056,1002,1093,1072,992,984,1031,1037,1152,759,1193,1079,1122,1106,1121,1044,1198,1792,1460.5,1032.5,1429.5,NA,406,"ltr"
"407","0000000000000000009d_0",724,729,802,765,739,823,905,774,945,623.5,799,838.5,613,796,713,825,815,697,739,797.5,817.5,671.5,755,731,800,925,875,658,717,827,1086,826,760,NA,407,"ltr"
"408","0000000000000000009e_0",663,855,861,748.5,807,795,776.5,749,745,676,883,731.5,565,572,589,622,578,581,526,821.5,540.5,347,631,772,576,672,654,730.5,607,726,1117,584,872,NA,408,"ltr"
"409","0000000000000000009f_0",517,661.5,572,632,699,611.5,605,589,569,532,634,617,545,560,569,578.5,598,572.5,548,535.5,522,489,536,648,457,446,482.5,613,600,645,1012,728,616,NA,409,"ltr"
"410","000000000000000000a0_0",577,805,858,786,798.5,894,779,832,712.5,710,724.5,577,549,486,448.5,523,480.5,424,651.5,665,643,468,653,826,607,584,638.5,843,603,770.5,875,581,918,NA,410,"ltr"
"411","000000000000000000a1_0",659,794.5,773,735,910,622,714,707,763,616.5,660.5,607,555,545,629,697,672.5,545,607,602,528,495,589,731,476,474,469,562.5,637,819,831,512,788.5,NA,411,"ltr"
"412","000000000000000000a2_0",1358,1297,649.5,713.5,753.5,655,727,765.5,869,946.5,898,783,1188,799,799,812,732,825.5,786,807.5,722,965,1054,1055,756,756,735.5,948,993,967,960,750.5,789.5,NA,412,"ltr"
"413","000000000000000000a3_0",538,625.5,602,533,482,537.5,643,697,675,564,686.5,687.5,493,625,652,713.5,655.5,589,798,711,746,859,638,576,562,586.5,456,480,517,650,908.5,721,670.5,NA,413,"ltr"
"414","000000000000000000a4_0",782,839.5,830.5,845.5,914,871.5,841.5,837,720,619.5,829.5,783,1166.5,846,883,963,1034.5,875,936,1058.5,993,1032,956,1088,945,1195,1384,967,990.5,873,1017,1108,852,NA,414,"ltr"
"415","000000000000000000a5_0",541,1080,559,624,588,599,559.5,578,529,578.5,609.5,540,974,479,471,493.5,510.5,446.5,457,457,455,469.5,503,770,510,509,554.5,709,815,720,875,671.5,662.5,NA,415,"ltr"
"416","000000000000000000a6_0",465,640,637,802.5,636,748,701,677,683,744,688,671,532.5,548,564,638.5,610.5,623.5,690,659,736,692,662.5,633,735,668,697,710.5,769,695,808,905,652,NA,416,"ltr"
"417","000000000000000000a7_0",641,876,697,756,732,612,835.5,903,797,731,634.5,696.5,570,584,676.5,809.5,680.5,615,650,710,647.5,548,733,689,724,509.5,686.5,611.5,725,664,758,695,678.5,NA,417,"ltr"
"418","000000000000000000a8_0",667,711,637,729.5,748,680,721,710.5,742,776,723.5,781.5,633,793,647.5,698,773.5,650.5,713,709,692.5,576,680,804.5,564,524,578,787,779,843,876,1041,757.5,NA,418,"ltr"
"419","000000000000000000a9_0",500,570.5,513.5,611.5,538,555,706,705,674.5,691,743,707,593,699,657,754,692,672,602,567,673,607.5,675,608,653,692.5,718,542,615,560.5,728.5,713,687.5,NA,419,"ltr"
"420","000000000000000000aa_0",256,350,190,317,195.5,379,273.5,297,279,327,252,304,378.5,250,227,321,346,263,271,306.5,293.5,122.5,241,363,244,186,229,289,396.5,321.5,408,459.5,398.5,NA,420,"ltr"
"421","000000000000000000ab_0",644,669,626,516,568,557,688,703,663.5,639,719,807.5,554,788,837,836,708,547,573,746,560.5,674,804,655,663,540.5,677,730.5,796,834,1514.5,796,761.5,NA,421,"ltr"
"422","000000000000000000ac_0",527,638,690,780,684,616,648,746,896,831.5,849,745,768.5,706.5,712,747.5,899,633,707,824,780.5,925,675.5,618.5,651,593,755.5,578,811.5,910,898.5,713.5,672,NA,422,"ltr"
"423","000000000000000000ad_0",568,684.5,810,750.5,725,689.5,594,682,869,689,749,658,607,761,692,682,751.5,661,655,604,651,578,504.5,684,572,527,608,725,998,1166,921,704.5,785.5,NA,423,"ltr"
"424","000000000000000000ae_0",678,744,858,850,762,772,811,866,788,876,886,761,489,723,645,736,767,587,664,571,724,897.5,757,645,743,647.5,717,476,857,700.5,831.5,740,785.5,NA,424,"ltr"
"425","000000000000000000af_0",1216,1214,1195.5,1129,1114,1284.5,1209,1343.5,1284.5,1409,1216,1225,1106,1199,1100,1135,1196,815,741,756,800,604,1077.5,1101,1148,944,930,1050,1146,853,1097.5,922,1153,NA,425,"ltr"
"426","000000000000000000b1_0",648,701,604,592.5,623.5,541,721,686.5,648,572,533.5,716,600,715,765,856,738,527,614.5,740.5,570.5,630,785,688,693.5,566,681,619,763,719,721,663.5,640,NA,426,"ltr"
"427","000000000000000000b2_0",627,608,776,884.5,797,821,795,730,749,776,726,730,556,679,713,755,770,731,680,751,729.5,645,643,579,644.5,665,648,557,850.5,911.5,930,929,836.5,NA,427,"ltr"
"428","000000000000000000b3_0",823,783,860,758,794,956.5,754,864,834.5,719,784,794,722.5,764,848,894,770.5,585,699.5,894.5,792,855.5,861,651,787,707,777,620.5,643,638,893,537,708,NA,428,"ltr"
"429","000000000000000000b4_0",848,1085,743,1080,912,790.5,847.5,867,933,980,1023,864,738.5,877,893,899,758,779,749.5,706,737,847,756,1154,753,731,725,952,746,918,1088,989.5,983,NA,429,"ltr"
"430","000000000000000000b5_0",734.5,960,803,760,834,913,841,788,847,886,833.5,833,760.5,795,763,858.5,810,708,678.5,680,724,428,678,1017,621.5,648,674,853,1096,1045.5,1368.5,986,800,NA,430,"ltr"
"431","000000000000000000b6_0",628.5,678,778,891,665,717,781.5,705,725,695,788,779,651,735,721.5,853,793,814,671,769,729,683,657,866,660,815,619,775,865,848.5,951,838,729.5,NA,431,"ltr"
"432","000000000000000000b7_0",613.5,653.5,649,810,844,682,819,660,683,639,718.5,675,516,664,642,696.5,659,692,662,668,598,482,497.5,577,423,479,526,582,616,815,875,600,579,NA,432,"ltr"
"433","000000000000000000b8_0",653,791,728.5,730,600,622,638,660,619,630.5,854,718,585.5,620,583,662,698,593,662.5,627,789.5,511,626,705.5,637.5,581,633.5,538,794,861,953.5,661,829.5,NA,433,"ltr"
"434","000000000000000000b9_0",652.5,664.5,626,631,646,720,607,787,761,723,634,520,619,577,579,654,641.5,569,585,651,681,612.5,731,724,725,561,669,563,669,638.5,855,693,621,NA,434,"ltr"
"435","000000000000000000ba_0",463,458,335,446,424.5,442,473,447,391,423.5,466,417,429.5,403,358,421,391,401,372,379,343,439,431,475,412.5,404,366,418.5,526,405,600.5,579,499,NA,435,"ltr"
"436","000000000000000000bb_0",555,495.5,561.5,461,406,498,498,569.5,495.5,463,454.5,475,515,468.5,488,504,480,473,445.5,430.5,467,451,424,523,476,445.5,425.5,444,466,507,575,495,453,NA,436,"ltr"
"437","000000000000000000bc_0",528,748,920,755,838,727,801,712,1027,895,873,784.5,654,842,796,936,770,688,625,802,698.5,875,796,657,656,820,833,660,756.5,761,927,874,788.5,NA,437,"ltr"
"438","000000000000000000bd_0",557.5,602,775,887,896.5,959.5,860.5,867.5,816,849,905.5,880,574.5,767.5,657.5,758,654.5,650.5,649.5,540.5,627.5,565,599.5,565,598,574.5,590,546.5,611,602,1049,855,971,NA,438,"ltr"
"439","000000000000000000be_0",489,464,632,780,686,822,734.5,788.5,708,688,784,789,483,735,733,712,719.5,655,699,606.5,638.5,653,608.5,544,674,601.5,581.5,480.5,709,520,873,879,797.5,NA,439,"ltr"
"440","000000000000000000bf_0",528,646.5,746,718.5,905,770,692,670,1041,927,880,881,638,815,748,923.5,776,673,590.5,759,611,816,782,752,548,726,737,724,857.5,812,927,795,892.5,NA,440,"ltr"
"441","000000000000000000c0_0",757.5,1527,699,647,731.5,734,783.5,754,776.5,873,875,919,871,780,775.5,921,737,729,751,826,794,917,814,885,727,790,791,818.5,842,724.5,858,758.5,675,NA,441,"ltr"
"442","000000000000000000c1_0",463.5,504,490.5,578,557.5,659,713,633,625,640,608,625,547,598,581.5,655,622,582,527,576,619,500,495.5,653.5,550.5,563,597,532,582,639,771.5,745,727,NA,442,"ltr"
"443","000000000000000000c2_0",732,637.5,755,739,736,736,690,746.5,742,670,821,752,533.5,735,676,706,599,493,629,642,518,568,539.5,741.5,641,579,691,723,585,686,878,664.5,887,NA,443,"ltr"
"444","000000000000000000c3_0",619,772.5,638,633,549,542,538,565.5,656,604,730.5,594,618,598,659,660.5,624.5,561,595.5,657.5,602,386,431,752,582,519,541.5,713,751,703,962,804,700.5,NA,444,"ltr"
"445","000000000000000000c4_0",785,727,653,659,779.5,680,635.5,653,678,647,518,558,601,482,558,651,611,585,616,666,712,694,820,746,663,525,708.5,689.5,755,785,800,825,673,NA,445,"ltr"
"446","000000000000000000c5_0",652.5,687,607,619,690.5,596.5,603,596,613.5,512.5,448,436,590,437,535,592.5,535,545,593,668,628,534,716,620,629,601,634,595,791,800,776,692.5,643,NA,446,"ltr"
"447","000000000000000000c6_0",641.5,725,628,646,791.5,596.5,609,596,634,530.5,433,406.5,546,441.5,549,695,587,505,591,664,637,563.5,714,683,595,595,620.5,642,828,800,776,757,673,NA,447,"ltr"
"448","000000000000000000c7_0",680,654.5,687,609,659.5,464.5,507,490.5,435,399.5,502,463,636.5,423.5,402.5,433.5,377,374,396,358,281,488.5,305,709,236,232,220,650,756,719,762,797,641.5,NA,448,"ltr"
"449","000000000000000000c8_0",927.5,802.5,640.5,624,551.5,777,952,867.5,924,804,800,813,854.5,909,924,921,820,814,812.5,839,762,890,767.5,710,747,760,696,657,809,737,760,685,623,NA,449,"ltr"
"450","000000000000000000c9_0",465,527,419,558,481,628,683,776,743,743.5,771,730,489,666.5,701.5,787.5,688,646.5,603.5,603,625.5,616,578.5,670,579,613.5,525,564,696,729.5,644,562,546.5,NA,450,"ltr"
"451","000000000000000000ca_0",689.5,670.5,768,772,601,625,673,811,735,601,709,772,692,733,801,822.5,764,720,903,826.5,772.5,843,729.5,731.5,824,796,818,806.5,647,654,1009,739,827.5,NA,451,"ltr"
"452","000000000000000000cb_0",586,636,727,728.5,713,788.5,942,835,1037,831,801,830.5,651,832,928.5,1068,973,808,770,772,761,933,820.5,648.5,844,881,816,599,640.5,596,683,658.5,593.5,NA,452,"ltr"
"453","000000000000000000cc_0",595,630,517,622,520,585,670.5,584,559,590,543,492,737.5,533,568,704,672,601,445.5,335,344,285.5,282.5,833,384,373.5,643.5,662,613,589.5,782,657,812,NA,453,"ltr"
"454","000000000000000000cd_0",557,616,509.5,599,554,571,559,591,597.5,625,611,594,626,575,509,539,572.5,509.5,438.5,537,468,542,543,588,562.5,579,547,515,562.5,621,776,678,584,NA,454,"ltr"
"455","000000000000000000ce_0",867.5,766,645,737,685.5,868,716,853,808.5,768,846,983.5,865.5,882,746,796,802,808,706.5,671,702,697.5,734,900.5,743.5,662,813,843,820,796,919,837,633,NA,455,"ltr"
"456","000000000000000000cf_0",692,712,633,711,550,714,684.5,798,865,837,872,718.5,651,629,555,752,696,580,668,716.5,789,785,799,740,848,733,814,669,726,822,1010,602.5,654.5,NA,456,"ltr"
"457","000000000000000000d0_0",704,723.5,772,892,866,866,955.5,893,877.5,894,929,950.5,987.5,873,812,1010,871.5,975,897,863,804,772,634,837,489,486,512,803.5,1103,1084,1318,999,887.5,NA,457,"ltr"
"458","000000000000000000d1_0",431.5,643,634,708,949,715,885,761,721,721.5,900,801,640,652.5,658,832,774,677.5,576,708.5,730,810,905,743,710,746,774,651.5,959,711,1127,856.5,943.5,NA,458,"ltr"
"459","000000000000000000d2_0",716,769,692,717,714,789,736.5,593,561,587,514,500,697.5,457,329,379,645.5,403,365,408.5,249,235,255,608,290,263.5,332,531,672,539.5,763,721,654,NA,459,"ltr"
"460","000000000000000000d3_0",353,482.5,240,401.5,435,432,457,450,474,464,454.5,449,439,357,382,458.5,517,394,384,474,360,284,388.5,601,411,305,348,384.5,464,441,621,579,531,NA,460,"ltr"
"461","000000000000000000d4_0",485,527.5,442,465,439,490,469,474,424,430,461,440,462.5,456.5,421.5,516,468,463,559,599.5,600,783,679,489.5,710,650,634,494,512,443,676,561.5,479,NA,461,"ltr"
"462","000000000000000000d5_0",461,470.5,748,1004,735,575.5,994,590,551.5,750,620,790,536,885,759.5,405,831,759,775,828,276,367,262,680,269,310,270,652,458.5,580.5,646,564,521.5,NA,462,"ltr"
"463","000000000000000000d6_0",734,866,568,733,684,739,713,690,791,865.5,753,704,712.5,665,634.5,820,757.5,668,636,663,617,645,710.5,712,742,658,736,668,722,546,813,872,663,NA,463,"ltr"
"464","000000000000000000d7_0",467.5,604,425,639.5,625,631,720.5,582,571,586.5,746,712,581,587.5,562,714.5,659,611,589.5,626.5,575,745,732,635,611,607.5,648,490,787,693.5,1005,724,746,NA,464,"ltr"
"465","000000000000000000d8_0",734,803,659,728,684,766.5,729,703,754.5,758,684,767,683.5,649.5,619,730,775,647,618,658,691,696,773.5,738,728,670,837,609,677,767,846,915,643.5,NA,465,"ltr"
"466","000000000000000000d9_0",346,607,631,1053,690,558.5,1095,618.5,664,838.5,753,910,493,947,783,697.5,936.5,1013,938,978,304,342,382,682,321,330,438,694,461,610,699,770,555.5,NA,466,"ltr"
"467","000000000000000000da_0",660.5,758,690,779.5,643,748,655,710,702.5,693.5,708,766.5,713.5,665.5,700.5,767,735,688,782,771,865,706,727,708,739,686,743.5,612,761.5,720,1037,817,876.5,NA,467,"ltr"
"468","000000000000000000db_0",609,762,711.5,781,875,835,747,835,774,780.5,869.5,860.5,709,774,766.5,925,754.5,689,721.5,805.5,751,814,862,745.5,819,795,869,687.5,794,766,1118,917,900,NA,468,"ltr"
"469","000000000000000000dc_0",663.5,810.5,707,633,605,645,583.5,654,676,686,787,858.5,688,728,775,916,715,735,758.5,754,925,892,804.5,853,680,822,801,736,907,762,815,772,911,NA,469,"ltr"
"470","000000000000000000dd_0",885,1003,755.5,867,839,845,904,1105,824,884,934.5,905,707.5,801,781,891,1179.5,939,850,1142,1072.5,778,904,776,1084,751,945.5,610,841.5,761,998,934,1170,NA,470,"ltr"
"471","000000000000000000de_0",516,574,628,992,734,574,1106.5,596.5,659,860,769,899,456,914,846.5,707,937,1011,947,964,358,441,394,855,328,420,473.5,654,459,598.5,652,769,546.5,NA,471,"ltr"
"472","000000000000000000df_0",352,743.5,697,802,923,784,889,849,812.5,849,872,808,614,744,766,814,765.5,761,682,689.5,725.5,650,712,788.5,644,711,705,777,782,807,809.5,804,779,NA,472,"ltr"
"473","000000000000000000e0_0",638,613,552,936.5,735,543,1030.5,597,645,850.5,770,862,660,925.5,769.5,666,946,925,910,959,298,433,330,680,270,349,311,653,490.5,652,643,605,564,NA,473,"ltr"
"474","000000000000000000e1_0",467,575.5,551,1006.5,734,600,1001,605.5,640.5,837.5,750,863,532,858,738,636,972,979,926,979.5,316,497,407,684,313,362.5,272.5,761.5,469,625.5,679,573.5,542,NA,474,"ltr"
"475","000000000000000000e2_0",569.5,476,552,974,735,507,1047,597,617.5,896,734,892.5,604,899,790,666,932,943,885.5,987.5,307,462,334,641,275,360,317,653,451,634.5,643,584.5,564,NA,475,"ltr"
"476","000000000000000000e3_0",465,531,389,536,557,614,710,895,862,754.5,887,812,490.5,831,839,898,842,824,764,752,778.5,740.5,765,493.5,776.5,758,705.5,563.5,545,471,662.5,555.5,518,NA,476,"ltr"
"477","000000000000000000e4_0",663,726,701,717,789,684,613,949.5,763,679,884,712,735,687,778,795,736,680,785.5,965,948,896,950,755,797.5,794.5,967,696,865,714.5,932,969.5,710,NA,477,"ltr"
"478","000000000000000000e5_0",654,730,569.5,671,633,610,679,584,593.5,757,717,821.5,602.5,852,695,629,890,938,857.5,935,391.5,401,455,642,322,390,258,634,654,704,842,754,607.5,NA,478,"ltr"
"479","000000000000000000e6_0",875,790,724,742.5,678,790.5,775,758,718,769,783,776.5,777,791,902.5,974.5,901.5,775.5,684,654,643,350,327,957.5,320,380,357,803,845.5,870.5,913,862,796,NA,479,"ltr"
"480","000000000000000000e7_0",544,569.5,714,861,790.5,738,772,740,818,726,795,763,549.5,723,652.5,763,731.5,651,637.5,692,651,676,704,504,641,610,685.5,849,897,798,973,960,898.5,NA,480,"ltr"
"481","000000000000000000ea_0",314,498,273,513,464.5,515,495,452,440.5,511,487,565,424.5,374,371,537.5,465,393,451,543.5,428,466,544,564,540,476,473,517,737,489.5,728,641,684,NA,481,"ltr"
"482","000000000000000000eb_0",478,460,627.5,1011,737,612,1073,634.5,666,891,714,851.5,504,901,759.5,714,960,1010,929.5,956,437,402,530,681.5,440,456.5,474,655,459.5,690,651,713.5,555,NA,482,"ltr"
"483","000000000000000000ec_0",625,802,646,714,675,691,721.5,615.5,607,676,633,780,705,763,765,738,946,991,911,919,455,472,499.5,752,384,493,358,653,557,718,762,745,679.5,NA,483,"ltr"
"484","000000000000000000ed_0",420,468,291,400,318,411,454,395,421.5,545.5,481,557,478,509,519,553,573,522,481,525,514,504,547,507,524,457,458,404,506,514,536,521,395,NA,484,"ltr"
"485","000000000000000000ee_0",576.5,633,773,697,675,712,663,756.5,753,789.5,780.5,844,765,872,757,738,732.5,499,750,777,746,704,643.5,866.5,612,542.5,613.5,866.5,686,764,1081,939.5,794,NA,485,"ltr"
"486","000000000000000000ef_0",593.5,795.5,573,1008,796,636.5,1103.5,660,694,944.5,778,937,580.5,899,839,696,960,1033,996,985,430,543,534,898,424,489.5,484,734,448,678,684,629,573.5,NA,486,"ltr"
"487","000000000000000000f0_0",634,528,459,481,432,479,458,473,565.5,677,541,649,601.5,666.5,683.5,704.5,666,627,669,603,638,611,626,514.5,568,613,603,494,493,603.5,569,489,460,NA,487,"ltr"
"488","000000000000000000f1_0",527,662.5,643,788,668,730,906.5,634,563,842,719.5,870,571,854,720,627,852,895,865.5,890,397,351,528.5,748.5,395,477.5,523,614,555,701.5,723,747,667,NA,488,"ltr"
"489","000000000000000000f2_0",355,399,269.5,360,318,419,445,378,443.5,513,408,487,365,442,414,523,497.5,463,465.5,476,420,428,520,429.5,448,396.5,402.5,332,445,489.5,548,489,358,NA,489,"ltr"
"490","000000000000000000f3_0",725.5,730.5,651,972.5,796,837,1134.5,687,733,931,784.5,961,635,908,839,682.5,959,1007,976,965,347,371,338,843,363,408.5,462,694,487,734,725,958,693,NA,490,"ltr"
"491","000000000000000000f4_0",674.5,803.5,752,977,737,777,1110,681.5,703,946.5,832,962.5,571,937.5,887,779,974,997,991,975,420,459,591,897.5,476,518,547,695,452,719,726,543,563.5,NA,491,"ltr"
"492","000000000000000000f5_0",810.5,836,757,809.5,667,819,1032,689.5,506,549,568,424.5,648.5,531,355.5,470,608,396.5,556,476.5,273,439.5,310,607,300,236.5,222,606,461.5,474,697,663,713,NA,492,"ltr"
"493","000000000000000000f6_0",442,509,575.5,943,739,536,1053,611,664,834,696.5,862.5,279,869,784.5,654.5,1010,1006,923.5,943,452,457,563,700,465,522,485.5,588,500.5,610,728,496,567,NA,493,"ltr"
"494","000000000000000000f7_0",640,655,896,715,718,819.5,657,845.5,839,810,848,816,626.5,809,782,827,716,624,705,735,751,809,753,875.5,722.5,611,640,878.5,832,996.5,1080,1007,805,NA,494,"ltr"
"495","000000000000000000f8_0",685,823,695,941,717,777,1110,680,669,928,824.5,943,571,916,887,767.5,939,1045,963,969,459.5,463,585,897.5,466,513,541,668,453,761,726,626,541,NA,495,"ltr"
"496","000000000000000000f9_0",907.5,811,674.5,766,677,860,1072,685.5,606,653.5,579.5,613,606,728,741.5,605,797,551,686,707,288.5,324,524.5,634.5,470,279,341,606,639,556,636.5,879,773.5,NA,496,"ltr"
"497","000000000000000000fa_0",833.5,863,665,716.5,707,764,968,648.5,556.5,552.5,479.5,530.5,606,681.5,789,724,729,501,547,522,249,478,393,656,342,328,257.5,573,739.5,488,664,707,719,NA,497,"ltr"
"498","000000000000000000fb_0",589,757,564,1014,758,716.5,1110,664,665,922,813,943,571,984,874,718.5,958,981,928.5,968.5,461,482,601,897.5,419,501.5,525,696,420,746,688,588,562,NA,498,"ltr"
"499","000000000000000000fc_0",733,686.5,634,976,860,933,1156,660,727,912,786,911,586.5,888.5,881,744,933,1001.5,965,988,433,377,531,820.5,500,540.5,599,696,433,720,727,753,752.5,NA,499,"ltr"
"500","000000000000000000fd_0",524.5,522,727,783.5,807,892,725,649,603,605,548.5,602,552,569,561,579.5,569,553,530,526.5,507,478.5,483.5,526,502,483,443.5,458,550,779.5,1152,920,822,NA,500,"ltr"
"501","000000000000000000fe_0",603.5,688.5,833,789,612,700,677,839,893,737.5,886,766,649,730.5,993,912.5,772,750,865,845,878,865,901,590,908,856,1149,549,663,549,932,811,690,NA,501,"ltr"
"502","000000000000000000ff_0",795,858,1231,1011,951,876.5,846,917.5,909,670.5,964,789,843,797,1052,970,885.5,716.5,775.5,961,831.5,767,1104,832,1059,1231,1381,723.5,829,774.5,932,972,957,NA,502,"ltr"
"503","00000000000000000100_0",729.5,811.5,717,1035.5,921,1032.5,1117,701,801.5,928,834,963,706,945,917,807.5,959.5,1034,973,977,379,404,636,767.5,515,524,608,656,675,677,725,984,819,NA,503,"ltr"
