"","system.index","BLUE","BLUE_1","BLUE_10","BLUE_11","BLUE_12","BLUE_13","BLUE_14","BLUE_15","BLUE_16","BLUE_17","BLUE_18","BLUE_19","BLUE_2","BLUE_20","BLUE_21","BLUE_22","BLUE_23","BLUE_24","BLUE_25","BLUE_26","BLUE_27","BLUE_28","BLUE_29","BLUE_3","BLUE_30","BLUE_31","BLUE_32","BLUE_4","BLUE_5","BLUE_6","BLUE_7","BLUE_8","BLUE_9",".geo","CID","class"
"1","00000000000000000000_0",166.5,188.5,153,177.5,165,226,198,187.5,153,176,150,168,199.5,140,142,165,150,150,134,159,166,105,118,222,154,93,110.5,148,210,195,302,200,181,NA,1,"for"
"2","00000000000000000001_0",197,250,133,211,108,201,181,197.5,141,173.5,172.5,215,216,151,126.5,190.5,192,186,141,175,149,108,105,212,114,111,104,131,203,171,311,185,187,NA,2,"for"
"3","00000000000000000002_0",211,221,142,242,190.5,252.5,273,203,168.5,208,176.5,178.5,231.5,166,172,240,201.5,199,149,199,214,138.5,143,275,167,152.5,133,178,249,243,327,262,257,NA,3,"for"
"4","00000000000000000003_0",207,248,222,245,182.5,226.5,238.5,203,170,187,179,241,280.5,210.5,193,261,190,204.5,158,206,191,137.5,160,237,163.5,149,139,190,237.5,188.5,294,257.5,254,NA,4,"for"
"5","00000000000000000004_0",212,285,166,198,177,227,213,176.5,171,187.5,172,171,202,197.5,173.5,231.5,171.5,183,171,199,173.5,169,161,224,168,161,161,163,222,193,320,226.5,215,NA,5,"for"
"6","00000000000000000005_0",250.5,250,208.5,257,193,235.5,241,210.5,161.5,192,206,208,223,182,176,214,190,191,157.5,179.5,181.5,105,139,254,155,134,130.5,194,238,216,339.5,230.5,220,NA,6,"for"
"7","00000000000000000006_0",218.5,243,186,224.5,162,234,230.5,190.5,166,190,159,199,222,183,172,289,171,186.5,151,210.5,183,138,143.5,216,156.5,144.5,143,197,249,215,334.5,239,225.5,NA,7,"for"
"8","00000000000000000007_0",260.5,261.5,167,228.5,185.5,257,235,209,185.5,214,178.5,209.5,248,203,208,248,187,214,172,200,182.5,164,168,253,173.5,162,158,176,245,237.5,369,259,218,NA,8,"for"
"9","00000000000000000008_0",212,218,197,252,178,250,229,221,187.5,209,184.5,191,217,180,172,228.5,223,191.5,184.5,190,190.5,172,170,266,180,148,172.5,162.5,225,239,340,256,239,NA,9,"for"
"10","00000000000000000009_0",281,291.5,229,292,218,262,268,208.5,215,217,227,245.5,299.5,248,231,298,262.5,233,204.5,226,214,216,189.5,264.5,209,204,221,207,292,259.5,354,266,266,NA,10,"for"
"11","0000000000000000000a_0",257,240.5,197,256.5,193,246,251,226.5,169.5,206,222,230.5,252,187,161,219,218,190,186,200,194,167,158.5,281,177,162,147,217,256,285,365,192.5,244,NA,11,"for"
"12","0000000000000000000b_0",354,283,240,281,200,274,249,211,201.5,198,190,213,285.5,206,200,220,239.5,211,199,199.5,202,165.5,152,267,171,188,172,239.5,284.5,245,330.5,302,263,NA,12,"for"
"13","0000000000000000000c_0",298,301,199,282,177,254,226,237,202.5,221,230,207,272,225,200,237.5,224,211.5,195.5,209,204,166.5,150.5,288,173.5,174.5,169,235.5,278.5,267,307,279,249,NA,13,"for"
"14","0000000000000000000d_0",169,212,123,189.5,164,176,150,162,165.5,191.5,157,175,201,169,134,197,181.5,181,127,169.5,159,105.5,120,243.5,144,117,115,132,241.5,252,308,236,192.5,NA,14,"for"
"15","0000000000000000000e_0",220,217.5,181.5,250,222,251,222,203,173,218,184,172,244.5,185,181,231,231,199,179.5,186,156,134.5,139,219,163.5,165,146,176.5,240,198.5,333,246,215.5,NA,15,"for"
"16","0000000000000000000f_0",253,228,137,216,147,211,179.5,181,161,168.5,152,155,205,167,146,173,183,161,145,155,155,108.5,118,234,126,133,120.5,200.5,234,201,336,218,238,NA,16,"for"
"17","00000000000000000010_0",320,278,212.5,252,190,271.5,217,243,198,201,224.5,224,278.5,222,227,239.5,216,226,210.5,214,192,192,162,278,189,180,172,220,287.5,291,343.5,254,241.5,NA,17,"for"
"18","00000000000000000011_0",312,300.5,231,264,208,272,248,216,199.5,187,198,204,269,182.5,177.5,236.5,217,219,193,203.5,199,147,146.5,291,180,153.5,148,246,267,260.5,330,272.5,267,NA,18,"for"
"19","00000000000000000012_0",344,295.5,250,265.5,211,267,281.5,255,222,212,209,219,306.5,215,223,237,228,194,190,221,197.5,179,175,300,189,184,181,230,270,281,325,259,239,NA,19,"for"
"20","00000000000000000013_0",204,221,159.5,200,155,207.5,200,204.5,159,187,176,198.5,210,183,161,207.5,202,177,135,189.5,198.5,143,152,237,159,164.5,148.5,168.5,254.5,214,295,229,170,NA,20,"for"
"21","00000000000000000014_0",315,265,219.5,258.5,242,261,243,227,195,187,211,228,260.5,231,196.5,227.5,225,212,176,235,188,165.5,169,249,173.5,176.5,168,200,272,264,335,278,260,NA,21,"for"
"22","00000000000000000015_0",237,260,204,270.5,197,256.5,292,248,197,205.5,197,211,253,205,184,257,232,202.5,193.5,211.5,197,155.5,163.5,289,175,174,179.5,219,277,252,353,279,259,NA,22,"for"
"23","00000000000000000016_0",233,236,166,243.5,191,228,204,203.5,185,174,174.5,171,248,187,166,207,196,184.5,172.5,180,197,162.5,167,239,177.5,179,175,190,247,217,330.5,261,244.5,NA,23,"for"
"24","00000000000000000017_0",242,220,181,252,174.5,232,226,213,171,184.5,180,195,246,197,160.5,199,229,188,161,191,167,159,152.5,256.5,155,170,166,205,229,198,391,212,245.5,NA,24,"for"
"25","00000000000000000018_0",262,261.5,225.5,292.5,188.5,254.5,257,215,224,195,206,207.5,273.5,226,193,242,221,188.5,167.5,195,178,158,156.5,273,154,166,163.5,232,277,283,359,226,263.5,NA,25,"for"
"26","00000000000000000019_0",229,241,217,252.5,162.5,262.5,264,204,197,218,196,199,236,215,194,228,185.5,208,187.5,222,192,143.5,148.5,267,152.5,169,139.5,232,247.5,216.5,411,352,244.5,NA,26,"for"
"27","0000000000000000001a_0",317,270,221.5,276.5,209.5,291,268,240,206,228,207.5,235.5,218,210.5,236,244.5,270,247,203,224,197,170,153,280,170,171,176.5,215.5,260.5,241,334,274.5,280,NA,27,"for"
"28","0000000000000000001b_0",212,213,197,267,225.5,248,243,198.5,197.5,223.5,216,206,225,182,152.5,168,173.5,169,140,183,203,134,150.5,278,177,178,162,194,263,234,404,337,243,NA,28,"for"
"29","0000000000000000001c_0",208,192,169,214,220,238,229,201,173,205,165,164,227,165.5,163,174,174.5,152.5,165,189,166,122,132,257,146,139,117,178.5,261,188,408.5,279,240.5,NA,29,"for"
"30","0000000000000000001d_0",212,239,170,188.5,175,219,217,182,156,211,189.5,166.5,222.5,163,152,199.5,192,186,150.5,189.5,200,119,125,222,151,133,127,155,225,207,350,285,203.5,NA,30,"for"
"31","0000000000000000001e_0",141.5,114.5,101,212,106,152,146,112.5,114.5,146,108,109.5,129,134.5,83,145,130,110,85,117.5,110,78,88,165,108,110,88,97.5,174,130.5,385,181,120.5,NA,31,"for"
"32","0000000000000000001f_0",249,230.5,208,229,228.5,248,233,208.5,202.5,231,187,163.5,232,222,178.5,213.5,172,196,144,202,188.5,136.5,157,236,175,181,161,203,263,245,365,338.5,251.5,NA,32,"for"
"33","00000000000000000020_0",230,242,216,257,217,271.5,252,233,196.5,238,229,213,253,184.5,147,163.5,168.5,185.5,141,203,142,120.5,136.5,263,153,146,139,193.5,264,243.5,509,363,289,NA,33,"for"
"34","00000000000000000021_0",272.5,269,236,281,219,290,261,245,201,228,214,208.5,300,220.5,205,228,209,199.5,199,223,215,175.5,183.5,267,198,189,195,216,304,274.5,431,318.5,272.5,NA,34,"for"
"35","00000000000000000022_0",223.5,227,175.5,250.5,184,250.5,237,205.5,192,218,179,153,235.5,211,184,200,190,202.5,171,206,168,127,163,278,170,166,149.5,171.5,246,252,398.5,320,249,NA,35,"for"
"36","00000000000000000023_0",265.5,230.5,187,227,188,255,238,188,193,203,179,199.5,233,193.5,183,217.5,210.5,193.5,185,187.5,165,136,165,259,170,175,155,165,229,197,546,277,228,NA,36,"for"
"37","00000000000000000024_0",267,248,202,254,193,284,268,209,202,219,182,215,232,204,202.5,211,202,193,191,201.5,190,194.5,178,298,187,175,183,182,283,268,464,259,258,NA,37,"for"
"38","00000000000000000025_0",257,279,216,274,204,258.5,235,230.5,204.5,227,199,214,254.5,239,182.5,236,238,207,190.5,208.5,206,141.5,166.5,300.5,150.5,147,139,193,269,254.5,372,276,226,NA,38,"for"
"39","00000000000000000026_0",290.5,253.5,253,299,233,296,291,245,233,229,213.5,230,287,226,226,228.5,256,242.5,213,231.5,222,196,189,355,202,196,193.5,210.5,296,274,377.5,309,253.5,NA,39,"for"
"40","00000000000000000027_0",396,398,269,324,276,302,350,265,266,247.5,237,218.5,368,252,217,263,228,236,218.5,226,230,175,203.5,358.5,216,217,212,271,382.5,344.5,471,340,324.5,NA,40,"for"
"41","00000000000000000028_0",293,272,215,294,248,272,284,247,226,250.5,248,216.5,260,238,214,252,220,218.5,237,212.5,193.5,173,184.5,269,201,179,190.5,234,310,279.5,441,261,272.5,NA,41,"for"
"42","00000000000000000029_0",268,273,213,286.5,207.5,277.5,257.5,227,219.5,230,203.5,201,275,246,211,235,214,218.5,235.5,212.5,183.5,208.5,191,257.5,212,187,191,233,257,247,443,304.5,261,NA,42,"for"
"43","0000000000000000002a_0",317,261,250,294,230,282.5,265,228,231,243,230,231,284.5,229,201,243.5,242,230,234,217,225,169.5,171,297,197,192,189,222,282,285,485,317,227,NA,43,"for"
"44","0000000000000000002b_0",293,273,222.5,269,211,273,279,238,227,238,230,209,281.5,246,199,202,236,225,210,213,223,180.5,183,250,185,177.5,166,205,304,263.5,424.5,308.5,224.5,NA,44,"for"
"45","0000000000000000002c_0",268,236,217.5,278,237,263,254.5,219,208,246,207,237,273,226.5,193,244.5,218,225,198.5,231,198,209,170,263,190,178.5,177.5,235,288,249,465,281.5,256,NA,45,"for"
"46","0000000000000000002d_0",268,265.5,245.5,294,230,298,248,221,217.5,234.5,214.5,230,274.5,237,184,232.5,242.5,227,228.5,236,200,200,173,254,202.5,193,194,218,260,257,463,291.5,240.5,NA,46,"for"
"47","0000000000000000002e_0",240,288,216,281,196.5,288,249,218.5,215,233.5,219.5,231,255.5,238,206.5,237,243,215,223,241,207,179,180,243.5,188,187,180,220,292,257,525,293.5,255,NA,47,"for"
"48","0000000000000000002f_0",272,253,204,276,199,253,229,234,199.5,210,197,228.5,256,219,204.5,246,203.5,199,207,228,197.5,181,172,283,173.5,166.5,169,179,260,260,411,266,269,NA,48,"for"
"49","00000000000000000030_0",263,251,177,245,218,237,221,246,198.5,230,172.5,189.5,219.5,206,170,201,204,208.5,210,199,196.5,159,148.5,244,161,151,150,195,241,243,484,272.5,251,NA,49,"for"
"50","00000000000000000031_0",310,247,218,265.5,201.5,265,241,218,210,223,216,198,265,198,203.5,252,226.5,227,178,226,198.5,186,184,269.5,180,180,171,231,284,245.5,512,256,250,NA,50,"for"
"51","00000000000000000032_0",266,232,218.5,288,220.5,274,249,245,199,242.5,232.5,210.5,243,202.5,202,224,213,203,209,232,217,177,184,241,195,180,183,218,253,240,457.5,292,241.5,NA,51,"for"
"52","00000000000000000033_0",279,254,170.5,255,216,265,249.5,209,194.5,212,211,186,229,207,201,254,221,217,182,209.5,212,161.5,175,258.5,169.5,165,162,218,291,252.5,502,280,220.5,NA,52,"for"
"53","00000000000000000034_0",316,296,276,277,256,321,283.5,244,231,239,220.5,239,303,256.5,221.5,245,248.5,239,231,234,242,231,194,310,212,191,207,266,256.5,307,392.5,265,310.5,NA,53,"for"
"54","00000000000000000035_0",272,291,157,272,227,263,253,207,212,218,204,232,277,208,208.5,245,250,216,199,220,175,178,169.5,267.5,179,168.5,155,181,245,246,388,213,253.5,NA,54,"for"
"55","00000000000000000036_0",259.5,255,236,253,223,267,236,214,218,248,205,193,244,220.5,205,231,260,201,208,231,224,194,178,256,192,181,181,219,253.5,248,353.5,241.5,249.5,NA,55,"for"
"56","00000000000000000037_0",253,291,283,312,228.5,289.5,257,213,229,251.5,246,204,280,224.5,211,314,256,231,206.5,224.5,213,193,196.5,285,214,186.5,200,223.5,285,285,408.5,243,247.5,NA,56,"for"
"57","00000000000000000038_0",248,282,171,277,235.5,265.5,275.5,219.5,251.5,233,213.5,213.5,250,242,193,249,211,222,208.5,209,194,211.5,195,252,209,192.5,191.5,214,299.5,294.5,355,273,286,NA,57,"for"
"58","00000000000000000039_0",245,296,232,285,245,263,267.5,228,225,234,240,226,304,206,233.5,266.5,219,221,195,238.5,225,198,185,246,204,184,187,228,330.5,283,326,243,319.5,NA,58,"for"
"59","0000000000000000003a_0",305,291,279,310,236,284,282,228.5,253.5,250.5,211,247,246,216,214,288,238.5,217,204,222,195.5,206,182,244.5,202,195,200,241,320,300,413.5,258.5,304,NA,59,"for"
"60","0000000000000000003b_0",245,216,172,247,236.5,246,234,225,214,192.5,205,227,294,206,157,206,210.5,193,195,207,161,165,161,273,165,162,172,199,248.5,244,330,222,223,NA,60,"for"
"61","0000000000000000003c_0",259,257,164,268,198,212.5,226.5,220.5,209,215,197,231,242,213,180,208.5,208,201.5,183.5,199,171,162.5,148,264,164,135,141,197,311,263,363,204,240,NA,61,"for"
"62","0000000000000000003d_0",366,313.5,255,331,267.5,270,295,258,264,257,288,290.5,289,239,199.5,298,233,221,232.5,227.5,224,204,180,299,202,195,203,246,321,327,361,328.5,298,NA,62,"for"
"63","0000000000000000003e_0",277,294,255,292.5,246,284,282,247,268,266,262,287,292.5,221,235,277.5,237,226.5,211,231,208,226.5,204.5,289,216,205,209,297,282,274,459,313,278.5,NA,63,"for"
"64","0000000000000000003f_0",235,263,263,322.5,208,293,289,219,243.5,281,265,252,231,197,209,246,212,216,195.5,228,192,198.5,184,253,192,180,197,217.5,309,274,347,278,253.5,NA,64,"for"
"65","00000000000000000040_0",263,245,224,288,228,293,250,215,227,212,228,233.5,266,228,229,308,223,222,211,229.5,216,212,190,260,201,200,202,240,294.5,241,396,262,224.5,NA,65,"for"
"66","00000000000000000041_0",298,250,212,291.5,229.5,261,248.5,236.5,215.5,218.5,222,209,271,220.5,207,237.5,217,239.5,187,202.5,233,204,179,282,196,183,196,215,339.5,298,389,238,281,NA,66,"for"
"67","00000000000000000042_0",261,305,234,322.5,241,247,258,242,215,233,214.5,217.5,284,212,209,232,205,190,216,243,196,169.5,175,307.5,180,167.5,170,231,330.5,261.5,432,303,258,NA,67,"for"
"68","00000000000000000043_0",232,252.5,234.5,257.5,190,248,254.5,225.5,213,210,210,216,239.5,235,210,256,204,218,204,227,196,168.5,167,272,182,164,166.5,219,270.5,297,495,306,294,NA,68,"for"
"69","00000000000000000044_0",269,329,294,314,242,267,321.5,239,262.5,245,269,250,296,235,253.5,254,329.5,242,232,252,207,275.5,250,280.5,238,224.5,212.5,239,278,266,315,346,274,NA,69,"for"
"70","00000000000000000045_0",252,294,257,299.5,230,265,288.5,260.5,223.5,249.5,278,215,268,222,201,261,284,218,247,247,222,275,178,266.5,205,194.5,203,244,270,240.5,410,543,264,NA,70,"for"
"71","00000000000000000046_0",368,368.5,245.5,374,258,289,316,276,269,245,270,286,327,287,248,291.5,312.5,263,232,241.5,243,280,243,321,244,228.5,228.5,273,320.5,311,403,643.5,285.5,NA,71,"for"
"72","00000000000000000047_0",308,319.5,292.5,357,242,295.5,295,264,270,254,260,281,304,267,256,312,353,295,332.5,273,264,282,225,282,251,234,222.5,263,288.5,330,394.5,763.5,318,NA,72,"for"
"73","00000000000000000048_0",307,373,276.5,352,244,303,268,250,274,265,269.5,291,301,271,238.5,273,306.5,264,224.5,254.5,246,280,222.5,280.5,230,228,222.5,248,317.5,300.5,374,342,263,NA,73,"for"
"74","00000000000000000049_0",250,339.5,298.5,298,233.5,256,261,254,240,244,223,283.5,288,270,216.5,308.5,286,229.5,224,261,243.5,284.5,222,252.5,221,206.5,223,227,276,282.5,397.5,873.5,289.5,NA,74,"for"
"75","0000000000000000004a_0",208,265,235.5,315.5,270,269,326,255,273.5,266,250,289,252,237,245,300,235,251,232,205,203.5,198,181,245,213,190,186,252,311,299,390,286,279,NA,75,"for"
"76","0000000000000000004b_0",255,255,260,315,220,284.5,294,249,226,254,226.5,211,244,234,209,288.5,224,220,214,220,191.5,183,156,205,192,163,171.5,281.5,283.5,323,400.5,340,249,NA,76,"for"
"77","0000000000000000004c_0",178,234,174.5,223.5,164.5,228,252.5,191.5,178,204,158.5,170.5,210,176,151.5,247,231,197,171,212,171,150,152,202,172,160,145.5,144,270,194,351.5,279,282.5,NA,77,"for"
"78","0000000000000000004d_0",193.5,246,121,252,188.5,219,231,181,156.5,196,181,153.5,220.5,151,160,228,180,177,155.5,197,163.5,114,145,269,173,135.5,147,215.5,229,192,344.5,242.5,238,NA,78,"for"
"79","0000000000000000004e_0",329,232.5,202,275,211,248,255,189,203.5,215,206,205.5,247,217,193.5,215.5,207,225,171,215,188.5,190,171.5,251,190.5,185,190,198.5,252.5,268,308,245,214,NA,79,"for"
"80","0000000000000000004f_0",210,204,161,267.5,186.5,278,225,207,171,186,177.5,227,263,193,179,260.5,186,183,178.5,182,188.5,179,158,242,170,158.5,161,225,249,264.5,325.5,260,224.5,NA,80,"for"
"81","00000000000000000050_0",258,203.5,178,238,178,235,255,185,156.5,192,176,174.5,221,196.5,171.5,188.5,200,206,163,204,173,140,153,197,154,156,142.5,189.5,213,254.5,267.5,257,216,NA,81,"for"
"82","00000000000000000051_0",232,227,173,218,180,218,191,216,160,190,151,162,227,209,154,211,187.5,167.5,155,200,161,108,142,250,168,124,143,183,248.5,259,304,222,214,NA,82,"for"
"83","00000000000000000052_0",321,185,232.5,269,214,300,276,253,198,220,219,182.5,254,228,230,271,243,238,197,228,162,191.5,181,260,208,215,215.5,206.5,231,260.5,347,243,226.5,NA,83,"for"
"84","00000000000000000053_0",237,206,186.5,216.5,181,224,213.5,233.5,167,208,166,174.5,221,197,182.5,214.5,232,185,193,197,206.5,154,156,258,154.5,164,153,192,234,238,289.5,219.5,204,NA,84,"for"
"85","00000000000000000054_0",305,237,186,297.5,202.5,263,251.5,244,198.5,215,193.5,203,242,201,197,236.5,205,218.5,196.5,209,178,176,190,262,193.5,196,189,202.5,267.5,251.5,342,268,215,NA,85,"for"
"86","00000000000000000055_0",280.5,230,195.5,276.5,210.5,268,253,237,204.5,212,210,222.5,251,210,198,220,239.5,198,194.5,219,182.5,133.5,161,271,151,147,142,216,290,271,361,253,225,NA,86,"for"
"87","00000000000000000056_0",245.5,225.5,193.5,266,199,266.5,251,219,200,227,211,206,260,230,199,221,219,210,177,219.5,178,158,149,226,167,148.5,166,235.5,261,232.5,345.5,274,252.5,NA,87,"for"
"88","00000000000000000057_0",354,238,214,275,231,267,239.5,258,211,221.5,225,243,311,218.5,215,236.5,225,208.5,201,238,186.5,177,180,284,189,185,183.5,227,265,268,316,286,244,NA,88,"for"
"89","00000000000000000058_0",267,183,145,241,150,221.5,220,191,158,190,166.5,168,212,188.5,195,201.5,217.5,181,148,183,144,92,130,214,118,117,112.5,185.5,215,239,293.5,223,203.5,NA,89,"for"
"90","00000000000000000059_0",284,196,156,241,213.5,262,241,222,187.5,210,195.5,197,214,186,191.5,211,189.5,196,176,190.5,185.5,157,172,262,180,173,181,170,253.5,236.5,342,242,241,NA,90,"for"
"91","0000000000000000005a_0",345.5,334,231,302.5,245,288,304,266,227,260,232,253.5,352.5,234,236,255,233,240,211,231,212,175,189,310.5,201.5,175,186,250,293,306,380.5,301.5,273,NA,91,"for"
"92","0000000000000000005b_0",298,222,219,250.5,211,288,266,228,200,226,201.5,232,259,232,210.5,253,238,227,176.5,225,184,166,177.5,272,182,174,177.5,202,257,258,330,273,241.5,NA,92,"for"
"93","0000000000000000005c_0",239,225,199,205,178,232,246,213,165,223.5,201,180,246,219,190,187,186,217,193.5,192,178,133,127,238,164,147,131,208.5,252,267,347,280.5,227,NA,93,"for"
"94","0000000000000000005d_0",238,197.5,178,209,167,213.5,222.5,172,144,199.5,178,179,182,182.5,185,175,193,193,140,172,184,132.5,125,216,142,146,133,195,217,207.5,319,229,209,NA,94,"for"
"95","0000000000000000005e_0",186,248,122,211,100,180,178,173,161,174,177.5,166,191,180,173,188.5,192,196,156,167,158.5,112,127,227,134,124,103,138,280,172.5,323.5,266,247,NA,95,"for"
"96","0000000000000000005f_0",228,208,177,216,191.5,196,246.5,168,149,187,179,180,197,195,183,169,168.5,171,168,173.5,176,152.5,141.5,236,148.5,142.5,145,179,229,237,390.5,253,197,NA,96,"for"
"97","00000000000000000060_0",173.5,190,104,204,196,161.5,193.5,188,149,206,176.5,195,230,129,171,202.5,196,180,143.5,152,147,66,113,215,122,104,91,146,260.5,162,326,257,184,NA,97,"for"
"98","00000000000000000061_0",186,224,87.5,194,124,165,204,164,130,171,177,167.5,206,143,129,165,150,174.5,131.5,170,130,97,114,189,123.5,102,91,143.5,234,187,409,237,173,NA,98,"for"
"99","00000000000000000062_0",218,196,171.5,207,185,203,202.5,207.5,143,193,182.5,192.5,184,174.5,183,171,165,166,139,176,166,145,133.5,218.5,143,137,135,158,242.5,228,337,242,189,NA,99,"for"
"100","00000000000000000063_0",225.5,180,199,230,194.5,235,204,201.5,172.5,208,189,179,200.5,207,206,188,191,189,172,188,174,175.5,153,241.5,158.5,165,147,202,223,284,312,237,176.5,NA,100,"for"
"101","00000000000000000064_0",175.5,166,128,191,131,177.5,181.5,186.5,147,176,174,148,162.5,120,154,144.5,148,142,133,156.5,153.5,104,94,201,110,95,85,154,244,217,295,225,169,NA,101,"for"
"102","00000000000000000065_0",137,182,57,204,123,171,146.5,188,160,172.5,135.5,129,153,144,146,148.5,151.5,150,115,145.5,146.5,102,95,230,88,72.5,77.5,103,216,226,343,276,222,NA,102,"for"
"103","00000000000000000066_0",233,196.5,182.5,205,190,247.5,239.5,191,178,196.5,180,173,216.5,190,163.5,185.5,172,182,143,181,127.5,167,155,224,160,151.5,151,197,233,254,294.5,234,200.5,NA,103,"for"
"104","00000000000000000067_0",124,139.5,14,110,64.5,127,113.5,126.5,77,125,140,76,116,101,81,125,112.5,108,80,94.5,69,53,93,136,96.5,60,70,82,129,118,240.5,210.5,137,NA,104,"for"
"105","00000000000000000068_0",210.5,170,170,187,91,216,193,175,129,173.5,132,169,186,166,159.5,193,168,154.5,119,160,146.5,131,117,180.5,131,135.5,130,168,173,264.5,307,251,153,NA,105,"for"
"106","00000000000000000069_0",249,200,198.5,225,192,248,248.5,218,189,208,194,176,241.5,189,207,190,209,184,163,201.5,188,173,164.5,200.5,173,194,171,191,217,273,349,276,222.5,NA,106,"for"
"107","0000000000000000006a_0",255.5,201,163.5,197,190,228.5,213.5,196.5,149,198.5,190,171.5,195.5,190,194,185,186.5,188,163.5,182.5,161,150,142,188.5,151,150,156.5,179,177.5,238,320,212,181.5,NA,107,"for"
"108","0000000000000000006b_0",153.5,138,67.5,141,120,130,136,145,106.5,119,98,113.5,131,132.5,109.5,136,129.5,109,87,128,116,47.5,87,137.5,92,77,76,124,134,208,265.5,208,160,NA,108,"for"
"109","0000000000000000006c_0",155,178,73,131,104,144,126,162,115.5,158.5,109,127.5,167,135.5,112.5,160.5,129,120,84.5,142,103.5,51.5,96,211.5,90,65,66.5,116.5,144.5,158.5,300,223,188,NA,109,"for"
"110","0000000000000000006d_0",309,263.5,261,277,252,269,279,258,211,232,216,219,281,251.5,211,231,228,227,188,218.5,192,207,195,253.5,194.5,198,194.5,233,233.5,322,332.5,314,243,NA,110,"for"
"111","0000000000000000006e_0",291,226.5,231,251.5,181,262.5,285,214.5,184,201.5,194,196,268,201,181.5,234,206.5,200,169,185.5,163,172,192.5,260.5,198.5,208,172,220,223.5,310,336,296.5,232,NA,111,"for"
"112","0000000000000000006f_0",256.5,218,178,247,191,283,267,225,171.5,203,169,185,263,199,174,226,211,206.5,154.5,197,145,155,163,249,176,174,168,153,222,267,396,246,253,NA,112,"for"
"113","00000000000000000070_0",225,202,195,245,226,213,251,211.5,171,216,188,174,255.5,191,182,234,198,178,149,199,173,178.5,182,264,189,176.5,184,227,231.5,284,342.5,264.5,229,NA,113,"for"
"114","00000000000000000071_0",281.5,239,219,280.5,182,264.5,255,223,197,222,208,225,261,189,204,263,250,200,211,198,222,187.5,163.5,265,176,182.5,169.5,232.5,288,306,388,289.5,262,NA,114,"for"
"115","00000000000000000072_0",377,249.5,235,306,260.5,278,310,259,223,249,235.5,256.5,302.5,225,242.5,269,220,235,213,220.5,221,222,218.5,276.5,210,202.5,210,250,267,353.5,412,315,269.5,NA,115,"for"
"116","00000000000000000073_0",215,227,130,204,144.5,218.5,211,191.5,141.5,172,171,146,230.5,184,149,203.5,172.5,185,149,155,124,117,125.5,235,125.5,125.5,114,179,246,269,305,248,195,NA,116,"for"
"117","00000000000000000074_0",358,330,290,291,246,312.5,304,243,223,223.5,234.5,233,357,240,242.5,255,224,222.5,218,196.5,218,198,180.5,345.5,187,180,189,328.5,325,356,519,325,268,NA,117,"for"
"118","00000000000000000075_0",131.5,128,51.5,103,67,137,144.5,122.5,77,136.5,91,52,165,82.5,78,123.5,105.5,127,76,106,134,40.5,77,143,89,54,57,110,147.5,187,251,170,129,NA,118,"for"
"119","00000000000000000076_0",137,233,114,165,121,171,156.5,182,146.5,160.5,158,156.5,227,151,129,187,164,138,111,143.5,152.5,125,87,186,101,80,74,184,217,273,426.5,256,201,NA,119,"for"
"120","00000000000000000077_0",215,242,170,242,190,244,244.5,191,195.5,183.5,204,172.5,230.5,185.5,174,255,193.5,186,151.5,184,158,133,129,250,145,139,130,87,243.5,271.5,388,244.5,219.5,NA,120,"for"
"121","00000000000000000078_0",228,236,159,258,228.5,267.5,247,187,181,205,189,194,250,183.5,164,247,177.5,188.5,149.5,162,182,139,136,229,141.5,138,134.5,168,281,360,394,272.5,212,NA,121,"for"
"122","00000000000000000079_0",271,328,162,276,189,270,245,234,201,211,216,200.5,301,196,187.5,215.5,190.5,185,158,167,172.5,146,157,271,170,165.5,161,242,301,277,388,302,269,NA,122,"for"
"123","0000000000000000007a_0",213,241,152.5,227.5,163,235,253.5,188,171,156,180.5,162,207,173,170,261.5,172.5,190,146.5,173,116,126,126,211,146.5,149.5,140,152,192,251.5,388,239,196.5,NA,123,"for"
"124","0000000000000000007b_0",268,260,198,249.5,203,267,252.5,219.5,204.5,215,236,221.5,272.5,231,194,268.5,196.5,209,181,199.5,160.5,175,168,229,189,178,169.5,200,294,274,407,333.5,250,NA,124,"for"
"125","0000000000000000007c_0",222.5,163.5,122,245,165,235,189,168,176,188,136,166.5,195,176,158,279,177,186,144,176,116,103,125.5,204,118,133,104.5,126.5,258,273,415,259,215.5,NA,125,"for"
"126","0000000000000000007d_0",238,161.5,160,241.5,160.5,238.5,229,164,181,159,177,174.5,205.5,170,156,222.5,174,179,152,168,149.5,130,112.5,238,150,130,118,156,228,248.5,361,264,219,NA,126,"for"
"127","0000000000000000007e_0",360,266,249.5,309.5,194,314,313,238,244,208.5,233,219.5,301,235,212,260,231,219,174,186.5,219.5,193,199.5,257.5,194,196,195,235,294,333,399,329.5,259,NA,127,"for"
"128","0000000000000000007f_0",282,216,177,255,243,264,267.5,207,172.5,190,193,216,271,218,173,236,214.5,220.5,158,187.5,174.5,148.5,158,247.5,167,155,148,193,284,325,361,267,253,NA,128,"for"
"129","00000000000000000080_0",204,224,207,233,189.5,229,250,240,208.5,212.5,231,208,216,181.5,161.5,223,182,182,155,174.5,179,134,155,242,169.5,164,161.5,270,222,282.5,461,312,214.5,NA,129,"for"
"130","00000000000000000081_0",228,209,175,221.5,123.5,200,207,189,155,165,218,168,195,173,155,224,170,165,138,145,154,122.5,126,201,140,126,106,184.5,206,252,370,275,179,NA,130,"for"
"131","00000000000000000082_0",216.5,260.5,202,239,173,230,244,211,211,192.5,214.5,177,234,201,193,254,241.5,172,173,190,166,168,170,221.5,170.5,161,169,210,199,253,343,282,188.5,NA,131,"for"
"132","00000000000000000083_0",191.5,205.5,161,269,219,209.5,214,222,193.5,172.5,193,202.5,219,192,159,218.5,199,160,151,148,152,188,144,223,152.5,159,134.5,195,231.5,226.5,838,251,216.5,NA,132,"for"
"133","00000000000000000084_0",270.5,236,176,288,249,244.5,252,245,237,221,243.5,221.5,250,229.5,196,272,193,220,173,205,184,202,206,265.5,175,186.5,194,276.5,289,302,600.5,320,269,NA,133,"for"
"134","00000000000000000085_0",226.5,268,239,288,226,265,276.5,253,228,232.5,243,273.5,257,257,206,280,264,229,211,220,192,185,221,282,185,183,190,248,294,299,670.5,362.5,275,NA,134,"for"
"135","00000000000000000086_0",214.5,271,196,296.5,245.5,283,239,222,213,221,247,226.5,254.5,214,220,268.5,189,225,181,194,192.5,168,195,265.5,153,186,190,275.5,254,311,579,393,290.5,NA,135,"for"
"136","00000000000000000087_0",208,220,165,287,251,270,261,243,228.5,205.5,268.5,214,254.5,231,190,288,190,187,152,180,180,214.5,200.5,267,169,177,185,229,250,294,484.5,424,299.5,NA,136,"for"
"137","00000000000000000088_0",173,190,121,220.5,191,230,205,187,177,184,192.5,163,190,154,173.5,249,178,165,149.5,161,149,126.5,134,234,125,124,116,198,215,193,511.5,363.5,217,NA,137,"for"
"138","00000000000000000089_0",286,220,239,285,229.5,239,251,239.5,207.5,206,245,202.5,252.5,198.5,162,285,207,195.5,168,176,183,177,166,240.5,173,170,150.5,241.5,260,219,604,439,244.5,NA,138,"for"
"139","0000000000000000008a_0",106,182.5,79,215,148.5,220,178,145,147,161,209.5,140,144,190,119,178.5,169,97,126.5,128,132,51,74.5,213,118,97.5,90,167,175,193,538.5,322.5,214.5,NA,139,"for"
"140","0000000000000000008b_0",337,276,232.5,336,269,333,321,282,272,269.5,279.5,327.5,311.5,281,236,285.5,271,223,212,211,209,271.5,247,300,241,212,221.5,265,286,309.5,412.5,458.5,304,NA,140,"for"
"141","0000000000000000008c_0",227,204,224,258,222,243,255,265,214.5,240,232,289,239,227,185,272.5,224,204,171,220.5,162,283,186,279.5,185,171,158.5,264,253,291.5,395.5,373,286,NA,141,"for"
"142","0000000000000000008d_0",297.5,242,255,303,213,255.5,268.5,245,254.5,229.5,196,260.5,261,226,193,280,247.5,225,197,207.5,176,189,183,261,172.5,181.5,190.5,341.5,300,287,369,274,216,NA,142,"for"
"143","0000000000000000008e_0",364,246,209,288.5,237,281.5,310,219,267,237,245.5,247,270,220.5,221,317.5,229,248,208,242.5,219.5,217,197,251.5,209,212.5,211.5,215,288,318,409,284,257,NA,143,"for"
"144","0000000000000000008f_0",330.5,259.5,193,282,172,219,292.5,246,245,211,280,267,254.5,242.5,203.5,279,237.5,212,166,192,195.5,164,145.5,279,157,147,143,224,281,294.5,323,335,254,NA,144,"for"
"145","00000000000000000090_0",253,180,163.5,238.5,154,217,237.5,175,197,176.5,194,210,202,174,166.5,223,181,172.5,166,171,163,111,140,222,153,128,137,153,252,221.5,353,341.5,225.5,NA,145,"for"
"146","00000000000000000091_0",281,213,196.5,246.5,213,252,262,232,219.5,230,230,234,242,221,218,232,206,195,186,187.5,194,203,196,211,188.5,197,199,207,219,270,376,292.5,238.5,NA,146,"for"
"147","00000000000000000092_0",225,245.5,183.5,261,192.5,207.5,239,198,197,204,181,185.5,211,166,176,248.5,215,172,143,199.5,158,172,149,226,158,159,152,224,247,239,348,273,208.5,NA,147,"for"
"148","00000000000000000093_0",305,304.5,272,343,287,283.5,309,257,261.5,231.5,234,232,299,211,227,298,221.5,204,211.5,228,202,211.5,186,286,205,201,202,291,319,319.5,465,310,331,NA,148,"for"
"149","00000000000000000094_0",224,312,187.5,297.5,222.5,258.5,271,220.5,215,194,261,298,228,190,158.5,233,203.5,213.5,188.5,186,168,160,158,259.5,149,186,176.5,240,269,259,353,386,249,NA,149,"for"
"150","00000000000000000095_0",226.5,313,121,249,219.5,252.5,219,218,210,207,247.5,259,259,202,167,240,214,195,210,173,198,149,183,266,156.5,189.5,184.5,191,295.5,286,393,395.5,270,NA,150,"for"
"151","00000000000000000096_0",179,271.5,116.5,265.5,175.5,209,241.5,190,176,199,186,281,209.5,187.5,146.5,221,193,144,148,151,151.5,162.5,165,263,146,169,161,222,216,253,494.5,427,251,NA,151,"for"
"152","00000000000000000097_0",282,312,172,284,232,268.5,272,244,238,220,273,308,251.5,277.5,200.5,282,257,220,201,208,202,230,203.5,277,193.5,205,227.5,269,296,283,516,418,298,NA,152,"for"
"153","00000000000000000098_0",287,280,211,276,225.5,266,292,228,220,232,241,223,225,214,205,272,248,237,218.5,196,205,215,211,242,196,201.5,216.5,251,235,330,375,327.5,322,NA,153,"for"
"154","00000000000000000099_0",128,174.5,130.5,176,96,114.5,206,150.5,136,167,168,143,128,121,101,190,159,141,152,120,127,56.5,134.5,201,95,110,105,127,158,182,366,162.5,171,NA,154,"for"
"155","0000000000000000009a_0",187,216,167,207.5,197,185,257,187,167,183,192,162,165,164.5,136,190.5,189,160,171.5,178,159,155.5,178,248,136.5,147.5,169,200.5,227,277,365,160.5,215,NA,155,"for"
"156","0000000000000000009c_0",164,205.5,176.5,222,217.5,178,231,181.5,169,236.5,199,269,190.5,195,159,204,207,167,201,171.5,230,172,165,192,162,168,207,209,238,233,425,618,252.5,NA,156,"for"
"157","0000000000000000009d_0",212,208,196,209,177,240,229.5,194,169,216,187,197,201,168,163,201,211,173,189,187,176,152,134,216,135.5,145.5,161,199,190,248,390,525,250,NA,157,"for"
"158","0000000000000000009e_0",127,214,124,188,147.5,115.5,170,158,101,155,156.5,170,158,134.5,119,152.5,146,120,119,127,132,88,97,165,67.5,100,83,184.5,157,244,379.5,258,203.5,NA,158,"for"
"159","0000000000000000009f_0",179,232,204,208,220.5,231,223,172,187,175.5,188,169,202,190,156,205.5,243,182.5,181,169,178.5,163,159.5,210,130.5,140,172,206,224,292,391,264,221.5,NA,159,"for"
"160","000000000000000000a0_0",186,260,181,214,183,224,223,211,214,199,211,198,193,207,177,180,203,176,191.5,214,177,151,162,204,135,153,155,215,229,234,414.5,393,253,NA,160,"for"
"161","000000000000000000a1_0",174,262,124,197,194.5,191,228,196,166,191.5,201,200.5,198.5,179,177.5,174,217,177,187.5,194,157,133,132.5,212,132,151.5,164,182,210,264.5,855,222.5,205,NA,161,"for"
"162","000000000000000000a2_0",212,256,200,226,233,212,240.5,208,202,192,211,199,237,196,182,210.5,195,200,184,152,192.5,210,157,263,152.5,180.5,192,204,228,271,356,211,259.5,NA,162,"for"
"163","000000000000000000a3_0",128,162.5,91.5,158,100,113,183,151.5,138,136,161,145,100,132,97,170,172,112,147.5,105.5,108.5,84,104,144.5,106,107,115,131.5,126,209,297,145.5,157,NA,163,"for"
"164","000000000000000000a4_0",199,302,220,271,234,301,278,251,231.5,219.5,244,263,237,253,211.5,272.5,268,252,208,210,201,213,200,235.5,197,202.5,201,258.5,288,249,422,443,305.5,NA,164,"for"
"165","000000000000000000a5_0",312,337,244,269,238,277.5,300,263,248,212.5,254.5,239,270.5,245,240,295,255,258,210,249.5,196,248,233,285,205,245,248.5,380,298,324,546,342,264,NA,165,"for"
"166","000000000000000000a6_0",174,220,134,222,150.5,207,273,215,202.5,186.5,215.5,210.5,176.5,193,175.5,260,177,198.5,148.5,169,188,178.5,181,300,155,158,183.5,380,225,176,357.5,310,268,NA,166,"for"
"167","000000000000000000a7_0",233,264,200,286.5,223,222,238,209.5,193,194.5,181,255,204.5,181,177.5,276,213,189,179,183.5,177.5,130,117,243.5,151.5,136,131,301,215,218,368.5,315,239.5,NA,167,"for"
"168","000000000000000000a8_0",249.5,278,192,276,205,246,254,218,225,225.5,219.5,265,231.5,205,194,286,229,224,214,205,200,162,155,254.5,186.5,164,170.5,309.5,232,233,416,321,295,NA,168,"for"
"169","000000000000000000a9_0",208,280,125,252,199,211.5,234,196.5,163,215,180,180,221,172,164,235,173.5,180,189.5,163,171,166,125,255,152.5,109,118,216,255,215,352.5,352,235.5,NA,169,"for"
"170","000000000000000000aa_0",253,272.5,225,327,235,277,284,237,223.5,259,261,283,273,258,224.5,302,246,238.5,241,228,199,224,206,272.5,221.5,210.5,192,225,345,367,376.5,411,255,NA,170,"for"
"171","000000000000000000ab_0",255.5,254.5,217.5,261.5,201,243,253.5,189,203,228,219,164.5,261,176,187,231.5,221,203,190.5,203,191.5,163,160,263,182.5,161,161,182,238,290,387,342.5,262,NA,171,"for"
"172","000000000000000000ac_0",234,273,167,256,214.5,247,264,207.5,174,209,186.5,207,256,206,191,281.5,195,192.5,178.5,194,185,156,164,243,184,172,173,206,264,195,355,282,276,NA,172,"for"
"173","000000000000000000ad_0",237,317,211,271,199,233.5,222,194,182,199,193,192.5,247,185,181,226.5,209,191.5,178,185.5,181,134,155,233,168.5,153.5,142,199,232,229.5,385,250,223,NA,173,"for"
"174","000000000000000000ae_0",185,272,199,289,168,240,250,209,176.5,178,171,194.5,237,188.5,175,228.5,212,192,170.5,206,182.5,150,154.5,273,176,162,164,197,272,240,442,209,257,NA,174,"for"
"175","000000000000000000af_0",279,247,249,231.5,188,242,282,217.5,185.5,204.5,183,187,251,205,208,243,210,199,200,218,209,200,194,260,203,198.5,193,195.5,259.5,256,334.5,244,250,NA,175,"for"
"176","000000000000000000b0_0",240,182,174,196,172.5,237,245,193,170,199,174,173,193,181,167,195,213.5,177.5,159,178,174,134.5,141,205,128,127,124.5,168.5,210,241,298,263,216,NA,176,"for"
"177","000000000000000000b1_0",279,242,141,205,172,213,213,187,156.5,178,182,150,210,157,140,198,175.5,166,178,171.5,147.5,122.5,122,213.5,141.5,140,131.5,152.5,194,180,277,229,179,NA,177,"for"
"178","000000000000000000b2_0",347.5,255,219,271,215.5,271,284,233,214,237,233,185,303.5,238,219,276,239.5,219,215.5,213,226,189,172.5,259,183,181,182,233,264.5,270,330,262,252.5,NA,178,"for"
"179","000000000000000000b3_0",293,203.5,181,219,203.5,249,226,185.5,178,205,193,178,268,189,181,233,217,195.5,193.5,209.5,198.5,178,161.5,217,169,171,160,147,239.5,253,274,241.5,226.5,NA,179,"for"
"180","000000000000000000b4_0",327,263,198.5,265,213,267,287,205,195,218.5,192,206,282,206,191.5,210,209,210,181,203,187.5,148,160,280,170,168.5,157,228,284.5,289,298.5,306,224,NA,180,"for"
"181","000000000000000000b5_0",323,543,253,255,213,257.5,256,211,183.5,202,208,190,311,205,195,226,241,212,193.5,217,202,189.5,161,281,205,184.5,185,220,289.5,285,373,303,257,NA,181,"for"
"182","000000000000000000b6_0",316,250,194.5,276,217,261,259.5,196,192,212.5,201.5,214,287,205,197.5,231,224.5,209,204,200.5,202,200,183,275,190,180,184.5,220,281,259,339,256,257,NA,182,"for"
"183","000000000000000000b7_0",513,339,283,255,198,265,273,224.5,181,179,191,181.5,272.5,197.5,182.5,233,204,215.5,200,227,179,181,177,302,182.5,182,185,239,237.5,248,374,298,280.5,NA,183,"for"
"184","000000000000000000b8_0",271,213,187,256,159,240.5,212.5,203,176,190.5,179,179,230.5,190,183,187,215.5,191,175,201,175.5,133,139,243.5,138,144,144.5,191,224,233.5,290.5,231.5,229,NA,184,"for"
"185","000000000000000000b9_0",337,275,224,287,250.5,305,293,248,227,244,243.5,260,291,262,242,242,258,254,215,248.5,223.5,210,212,286.5,214,199.5,219,207,260.5,292.5,341,278,270,NA,185,"for"
"186","000000000000000000ba_0",264,176,149,191.5,169,200,200,189,167,198,178.5,178,266.5,185,189,174,189,173,153,162,144,135,142.5,226,144,164,158,196,248,226,322,233.5,203,NA,186,"for"
"187","000000000000000000bb_0",274,226,158,195,206.5,251.5,243.5,232,193,211.5,196,197,269,203,192,198,190,202,181,201.5,165,152,167,254,162.5,164.5,155,163,274,272.5,391,234,229,NA,187,"for"
"188","000000000000000000bc_0",255,192.5,156,175,177,216,203,184.5,158,191.5,163.5,162.5,217,195,143,171,180,157.5,147,158,171.5,134,132,205,134,117,111,126,235.5,250.5,331,197,204,NA,188,"for"
"189","000000000000000000bd_0",260,239.5,228,257,233.5,263,259.5,230.5,213,209,210,207,295.5,204.5,205,218,207,202.5,154.5,201,184,166,169.5,261.5,170.5,168,173,228.5,282,259,357,276.5,229,NA,189,"for"
"190","000000000000000000be_0",280,270,223,270,224,258,248,219.5,227,251.5,217,203.5,286,230,192.5,202,191,208.5,179,194,163.5,161,158,304,183,159,161.5,219,317,335,381.5,272.5,255,NA,190,"for"
"191","000000000000000000bf_0",252.5,195.5,151,188,187,213,199,169,158,195.5,172,173,222,202.5,154.5,171,204,168.5,147,171,111,123.5,142.5,235,149,132,136,186,247,267.5,291,222,191,NA,191,"for"
"192","000000000000000000c0_0",270,228,200,224,186,248.5,225,210,182,217,200.5,203,295,209,195,188,246,192,155.5,195,167,158,163,251,170,169,174.5,185,218,236.5,293.5,248,218,NA,192,"for"
"193","000000000000000000c1_0",267,212,187,260,171,284.5,223,202,180.5,190,182.5,205.5,257,210,177,186,215,176,182.5,177.5,172,119,143,241,151,136,146,202,240,259,260,262,258,NA,193,"for"
"194","000000000000000000c2_0",233,182.5,92,187,135,187,221.5,178,146,175,155,163,210,169,147.5,167.5,201,162,113,182,173,77.5,107.5,209.5,108.5,109,111,167,228,187,286,248,205.5,NA,194,"for"
"195","000000000000000000c3_0",233.5,237,162,224,192,201,226,197.5,189,181.5,193,190.5,248.5,184,179,163,201,188,157,188,181,129,142,250.5,143,142.5,136.5,162.5,267,257,345,247.5,236.5,NA,195,"for"
"196","000000000000000000c4_0",247.5,216.5,190,204,188,232,237,191.5,188,223.5,192.5,186,285,179,181,203,190.5,180,162,174,178.5,138.5,151.5,249,142,139,141.5,173,268,272,347,252,232,NA,196,"for"
"197","000000000000000000c5_0",295,239.5,203,229.5,225,231,248.5,231,200,229,194,203.5,287,192,203.5,196,190.5,191.5,175.5,201,191,177.5,165,266,172,178,172,170,258,279.5,365.5,259,238,NA,197,"for"
"198","000000000000000000c6_0",223,213.5,126,224.5,153,188,235,196,162,189,184,175.5,210,193,171.5,201.5,173,181,128,181,132,143,146,239.5,154,142.5,145,136,230.5,233,301,236,201,NA,198,"for"
"199","000000000000000000c7_0",247,173,156,163,62.5,170.5,180.5,168,146,193,153,155,174,161,153,153,176,162,137,152,144,128,120,185,133,122,124,102,216,214,297,213.5,197.5,NA,199,"for"
"200","000000000000000000c8_0",167,141,106,168,94,131,160,140,98,138,137,140.5,136,118,109.5,147.5,112.5,137,118,117,143,99.5,106,166,119,118,111,116,174.5,151.5,265,160,127.5,NA,200,"for"
"201","000000000000000000c9_0",156.5,150,83,153,141,169.5,169.5,127,132,149,127,157,234,124.5,136,162,156,143,126,155,115,97.5,107,199.5,99,91,96,93,198,178,266,227,172,NA,201,"for"
"202","000000000000000000ca_0",280,225,167,217.5,196,224,212,202,194,193,203,188,251,187.5,176,214.5,207.5,212,163,184,199,126,138.5,242,144,121,130,155,254,247,349,247,237,NA,202,"for"
"203","000000000000000000cb_0",250,212,167,213,196,228.5,204,200.5,186.5,209,192,189.5,230,177.5,165.5,171.5,188,183,160,158,188,116.5,122.5,241,128,121,119,177,262,269,300,240,261,NA,203,"for"
"204","000000000000000000cc_0",307.5,229,163,208,208,255.5,253,210,184,207.5,174,213.5,276,187,190,207,198.5,191.5,192.5,201,176,166,156.5,231,162.5,165.5,154,240.5,244,226,280,229,259,NA,204,"for"
"205","000000000000000000cd_0",284,234,212,217,213,259,270,217.5,215.5,196,215,234,267.5,223.5,212,216,211.5,194.5,212,197.5,145.5,165,160,266.5,170,172.5,169,183,254,272,314,252,271.5,NA,205,"for"
"206","000000000000000000ce_0",196,200,115,147,155,172,183,166,149.5,169.5,154.5,161.5,201,144,125.5,134.5,164,150,115,148,160,99.5,113,220,127,111,116.5,164,198,213.5,264,204,186,NA,206,"for"
"207","000000000000000000cf_0",194,218.5,154,172,196,192,198.5,181,170,189,187,171,202,191,165.5,196,196,169,123,169,149.5,130,133,203,152,128,131.5,141,224,191.5,262,214,194.5,NA,207,"for"
"208","000000000000000000d0_0",187,234,168,202,164,180,194,178.5,165,166,181,178,208,176,164,200,210,176,127,173,148.5,116,133,218,153,128,140.5,175,238,220,283,214,248,NA,208,"for"
"209","000000000000000000d1_0",187,238,165,277,166.5,233,202,190,173,180,165.5,204.5,225.5,164,180,199.5,220,180.5,174,167,179.5,146.5,147,246,165.5,154,148.5,164.5,224.5,199,388.5,220.5,227,NA,209,"for"
"210","000000000000000000d2_0",198,239,215,229,159.5,206,212.5,188,175.5,183.5,165,182,202.5,183.5,165,220.5,196,185,164,172.5,164,122,143,235,160.5,141.5,132.5,161,236,191,443,194,235,NA,210,"for"
"211","000000000000000000d3_0",158,196.5,110,190.5,124,180,186.5,157,154,141.5,145,146.5,186,145,146,142,148,138,143,152,127,88,109,242,127,106,95,115,197.5,166,298,271,194,NA,211,"for"
"212","000000000000000000d4_0",283,259.5,199,251,207,271,247,222,208.5,194,209.5,225,254.5,215,207,211,242,233,196,207.5,175.5,161.5,159,265,174,166,176,220,254,195,329,315,258,NA,212,"for"
"213","000000000000000000d5_0",225,214,153,237.5,170.5,219,205,201,173,192.5,166,200,226,162.5,159.5,192.5,188,174.5,173.5,202,162,108,118,260,129,119,113,156,244,216.5,323,327,265,NA,213,"for"
"214","000000000000000000d6_0",282,276,232,273,204,286,264,254,224,223,224,226,255,221,237.5,235,223,231,211.5,224,199.5,165,165.5,274,164,171,173,233.5,250,229,344,302,283.5,NA,214,"for"
"215","000000000000000000d7_0",237.5,246.5,171.5,223,174,208.5,209,208,186.5,216,186,182,234,198,180,198,198,172,161.5,180,179,108,118,220,130,122,119.5,220.5,223,209,342,250,257,NA,215,"for"
"216","000000000000000000d8_0",260,252.5,246.5,264,177,282,233,217.5,200,199.5,205,208.5,290,240,214,244,211,207,200,234,216.5,138,154,270,142,165.5,133.5,219,248,219,366,256.5,247,NA,216,"for"
"217","000000000000000000d9_0",248,240,211.5,293,203.5,237,275,197.5,200,214,181,175.5,283,196,179,223,180.5,200,155,169.5,169,139,160,279,165,167,168,199.5,248.5,240,404,272,250.5,NA,217,"for"
"218","000000000000000000da_0",291.5,226,233,292.5,217,270,280.5,228,236,244.5,232.5,240,293,251.5,252,262,242.5,252,236,242,234,198,195,282,199.5,207,188.5,229,271.5,260,447,310,255.5,NA,218,"for"
"219","000000000000000000db_0",252,244.5,235.5,271,227.5,262.5,267,241,199,246.5,214,185,245.5,186,152,190,158,199.5,166,183,192,126,150.5,259,160.5,159,158,198,255,257,443.5,352,282.5,NA,219,"for"
"220","000000000000000000dc_0",157,153,102,186,145.5,173.5,134,134,152,176,131,124,189,178.5,125,141,155,133,92,125,156,101.5,110.5,172,130,119,123.5,106.5,175,182,425,213,177.5,NA,220,"for"
"221","000000000000000000dd_0",236.5,232,222,267,230.5,284,275.5,251.5,212,266,252.5,200,254,212,189,208.5,202,193,169,185,174,136,168.5,220.5,184,180,185.5,157,280,247,484,387.5,225.5,NA,221,"for"
"222","000000000000000000de_0",268,253.5,219,258,230,269,263,216.5,211,220,210,210,246,221,194.5,229,196,205.5,195,229,195,175,194,257,189,189,187.5,222,267,270.5,502,297,214,NA,222,"for"
"223","000000000000000000df_0",175.5,192.5,139,217,171,253.5,186,183,163,191,171,182,185.5,158,152,189,155,150,152.5,155,165.5,110,127.5,234.5,123,100,104,164,201.5,172,454.5,238,136.5,NA,223,"for"
"224","000000000000000000e0_0",241.5,265,185,276.5,215,296,231,211,193,230,205.5,196,241,216,193,216.5,233,195.5,220,213,201,190,156,260.5,177,154,165,207,272,202,355,295.5,238,NA,224,"for"
"225","000000000000000000e1_0",246.5,305.5,169,266,189.5,266,256,227,213,258.5,209,195,237,222,197,232,223.5,214,221.5,208,237,169.5,163,278,169,136,148,221,263,263,344,294.5,188,NA,225,"for"
"226","000000000000000000e2_0",255.5,297.5,163,274,204,273.5,264.5,222,221,208.5,217,216,255,209,198,228,229,217.5,207,223.5,218,180,172,303,170,174,171,240,292,259.5,352.5,293,259,NA,226,"for"
"227","000000000000000000e3_0",273.5,274,205.5,271,237,272,248,221,216,200.5,206,225,239,202,194.5,233,258,205.5,198,215.5,194.5,202,169,272,181,177.5,170,218.5,264,263.5,406,267.5,281,NA,227,"for"
"228","000000000000000000e4_0",256,251,199,261,168.5,265,219,218.5,176,206.5,176,188,232.5,203,182.5,207.5,231,191.5,187.5,183,178,162.5,156,266,155,151,149,197,239,236,336,240,208.5,NA,228,"for"
"229","000000000000000000e5_0",179,187,128,191,159,200.5,203.5,155,140,158,135,171,203,160,138.5,163,173.5,155,157.5,176.5,137,110.5,120,185,117,110,105,165,165.5,178,293,241,163,NA,229,"for"
"230","000000000000000000e6_0",284,229.5,219,267.5,229.5,274.5,244.5,229.5,188,223,218,222,249,212,185,228,224,192.5,219,224,193,143.5,154,272,166,149,156.5,175,265,284,378.5,255.5,192,NA,230,"for"
"231","000000000000000000e7_0",304,237,213,266.5,206,265.5,247.5,240,194.5,215,205.5,236,261,203,207,259.5,211,205,202,226,225.5,154.5,143,260.5,146,145,143,196,262,264,326.5,254,231.5,NA,231,"for"
"232","000000000000000000e8_0",259,220.5,143,210.5,181.5,229.5,212,207,146,188,172,175,211,156,156,175,196,168,176,198,152,125.5,123.5,201.5,158.5,135,130.5,190,223,229,299,230,128,NA,232,"for"
"233","000000000000000000e9_0",349,272,259.5,296,232,288,281,251.5,203,232,226,228.5,297,222,249,294.5,268,240,247,244,241,194,191,300,198,196,186,249,308,296,352,265,268,NA,233,"for"
"234","000000000000000000ea_0",307,272,286.5,289,244,292,282,259,229,230,220.5,242,297,235,227,264.5,264.5,222.5,235,271,196,180,166.5,301,177,173.5,171,249,289,298,383,307,264,NA,234,"for"
"235","000000000000000000eb_0",221,217,140.5,214,111,250,194.5,182,162,165,155,165,205,173,149.5,214.5,180,170.5,163.5,190.5,153.5,100.5,111,267,119.5,121,97,163.5,223,240,308,231,216,NA,235,"for"
"236","000000000000000000ec_0",298,269.5,222,241,161,252,224.5,237,207.5,212.5,195.5,212,279,232,182.5,229,231,215,189.5,206,196.5,146.5,156,273,164.5,161,157,179.5,276,254,394,250,257.5,NA,236,"for"
"237","000000000000000000ed_0",218,172,143,187,128,222,179.5,165.5,149.5,172,148,185,190,155.5,143.5,157.5,184,148,125.5,156,147.5,92.5,92.5,218.5,112,111,100.5,154,173.5,163,252,195.5,192,NA,237,"for"
"238","000000000000000000ee_0",228,191,156,218.5,182,208,189.5,223,180.5,198.5,185,194.5,228.5,183,170,233,167,179,153,180,154,141,136,227,143,145.5,140.5,166.5,212,239,321,229,201.5,NA,238,"for"
"239","000000000000000000ef_0",244,186,155,241,157,215,230,208,187,178.5,177,184,242,188,182,194.5,208,194,181,195,183.5,170,165.5,217,167,173.5,170,184,234,225,335.5,223,223.5,NA,239,"for"
"240","000000000000000000f0_0",278.5,237,235,206,193,273,222,204,197,213,181,172,243,201,189.5,207,230,193,179,206,184,178,155,239,169,178,177,179,254.5,228.5,303,264,239.5,NA,240,"for"
"241","000000000000000000f1_0",278,177.5,136,209.5,122,227.5,251,209.5,204,187,163,175,216,222,182,216,193.5,188,153,210,199.5,145,129.5,214,135,148,139,141.5,200.5,177,337.5,234,211,NA,241,"for"
"242","000000000000000000f2_0",189,209,203,236,199,230,222,241.5,190,183,188.5,176,237,205.5,171,231,209,185.5,175.5,188,170,173,162,246,181,169,168,162,238.5,239,319,263,243,NA,242,"for"
"243","000000000000000000f3_0",251,203.5,168,243,186,239,231,214,182,171,166,190,236.5,204.5,188.5,209.5,213.5,194,181,205.5,160,152.5,171.5,242,187.5,186,173,210.5,250.5,175,336,274,256,NA,243,"for"
"244","000000000000000000f4_0",250,204,182,232,186,245,238,210.5,173,179,171.5,193,260.5,191,167,202.5,216,200,194,186,149,131,168,251,181.5,177.5,179,249.5,247.5,242.5,348.5,279,248,NA,244,"for"
"245","000000000000000000f5_0",308,255,215.5,277,227,271.5,262,257.5,215.5,207,213.5,223,286,225,215,246,229,227.5,197,249,228.5,186,174,284.5,189,193,199.5,217.5,273.5,252,324.5,248,232,NA,245,"for"
"246","000000000000000000f6_0",229.5,304,254,265,522,251,218,232,209,226,236.5,187,233,199,187,208.5,228,213,246.5,232,175,189.5,167,198,169,164,163.5,245,262.5,294.5,440.5,439,247,NA,246,"for"
"247","000000000000000000f7_0",151,243,240,238,145,201.5,194,193,180,201,203.5,184,159,174,192,181.5,234,161,191.5,193,135,211,164,196,141,147,149,168.5,213,234,389.5,355.5,221,NA,247,"for"
"248","000000000000000000f8_0",192,226,167,226,218,206,225,213,177,154,211,206,170,166,160,201,230,154,201,220,174,191,129,216,125,131,140,189,244.5,268,546,253,230,NA,248,"for"
"249","000000000000000000f9_0",263,269,259,271,198.5,256,255,244.5,228,199.5,227,216,237,200.5,225,250,240,219,208,213,190,218,181,227,177,159,172,250,284,275,529,221,259.5,NA,249,"for"
"250","000000000000000000fa_0",310,321,263,290,248,329,256,242,253,256.5,291.5,242,260,255.5,234.5,269,327,238,226,241,254,230,199.5,296,195,202,206.5,310,271,251,648,413,286.5,NA,250,"for"
"251","000000000000000000fb_0",278,306.5,295,295,334,276,261,267,240,267,298,357,324,239,218,259,322,247,232.5,234.5,223.5,214,208,260.5,201.5,201,210,332,267,303,599,512,275.5,NA,251,"for"
"252","000000000000000000fc_0",245,303,226,266,223,266.5,249,258,240,273,255,238.5,284,239,223,266.5,297.5,248.5,246,256,205.5,144,163.5,346,174,180,183,257,301,297,521,399,300,NA,252,"for"
"253","000000000000000000fd_0",263,321,292,324,231,244,262.5,256,260.5,280,242,263,269.5,237,226,275,276,220,232,247,214.5,230,204,259,201.5,198,247.5,313,269,316,537.5,555,286,NA,253,"for"
"254","000000000000000000fe_0",222,297,237,287,229.5,263,248,261.5,264,224,221,301,245,215,215,257,276,218,196,235,216,204,192,235,190,179.5,212,207.5,256,245.5,504,403.5,255,NA,254,"for"
"255","000000000000000000ff_0",223,320,307,294,228,242,243,288,277,283,242.5,282,246,234,234,304,254,252,202,240,218,223.5,225,273,214,187,216,263,252,288,448,434,277,NA,255,"for"
"256","00000000000000000100_0",212,287,300,280.5,423.5,266.5,241.5,283,283,267.5,212.5,314.5,227,227,235.5,315.5,250,246,221,229.5,205,234.5,237,256,210.5,206.5,234,223,264,334,428,470.5,275,NA,256,"for"
"257","00000000000000000000_0",188,167,115,178,107,172,233,140,129,135,152,156,159,123,129,143.5,196,132.5,149,123,137,92,133,204.5,35,91.5,52,140,175,235.5,335,433.5,225.5,NA,257,"ltr"
"258","00000000000000000001_0",133,169.5,83,187,134,165,155,144,142,145.5,150,133,186,105,92,177.5,131.5,133,159,129,151,84,85,207,78,82,60,146,177.5,149,476,207,129,NA,258,"ltr"
"259","00000000000000000002_0",236,180,143.5,175,205,219.5,221,206.5,162,184,200,205,250,189.5,201,203,193.5,187,154.5,172,193,125,129,187,182.5,159,133,192,239.5,244,482,244,239,NA,259,"ltr"
"260","00000000000000000003_0",107.5,146,53,168,27,105,153,122,93,115,125,103,153.5,75,68,115,103.5,128,93,100.5,117,-2,77,164,63,21.5,38,78,165,218,414,208,132,NA,260,"ltr"
"261","00000000000000000004_0",261.5,219,329,388.5,348,416,396,400,332,337.5,487,468,232.5,389,400,402,402.5,329.5,358,323,352,397.5,301,306,250,304,357,247,284.5,253.5,489.5,399,379,NA,261,"ltr"
"262","00000000000000000005_0",276.5,283,234.5,356,379,375,448,346,336,319,340.5,384,306.5,281.5,287.5,372,288.5,265,294.5,258,333,183,318.5,424.5,188,249.5,274.5,292,387,437.5,540.5,424.5,461,NA,262,"ltr"
"263","00000000000000000006_0",229,171.5,126,197.5,178,167,203,144,149,140,180,107,163,166.5,118,149,190,127.5,138,88.5,141.5,111,114,195,82,110,118,156,189,236.5,277,137,196.5,NA,263,"ltr"
"264","00000000000000000007_0",169,228.5,194,363,266,268,327,269,292,297,268,242,203,311,291.5,338.5,249,243,249,240.5,293,263,237,206,206,214.5,215,274,276,328,505.5,341.5,263,NA,264,"ltr"
"265","00000000000000000008_0",138.5,189.5,135,149.5,150,179,196,183,177.5,215,160.5,143,178,150,155,213,165,157,164,164,157,135,125,179.5,119,128.5,116,160,212,217.5,354.5,208,174,NA,265,"ltr"
"266","00000000000000000009_0",300.5,216,251,347,310,326,353.5,346,276,306,270,287,298,330,295,383,313.5,265,225,288,304,229,247,380.5,221,252,269,337,389,421,464,449,386,NA,266,"ltr"
"267","0000000000000000000a_0",97,75,26,87.5,-4.5,75,130,100,38,96.5,107,81.5,73,73,82,93.5,102,66.5,24,47,122,-29,-50,132,28,-38,-33,-3.5,124.5,61.5,224,105.5,114,NA,267,"ltr"
"268","0000000000000000000b_0",187,176.5,137,256,171,229,219.5,186.5,173.5,204.5,163,177,234,204,207,234,207,201,151,193,162.5,88,141,249,140.5,126,124,163,244,206,432.5,276,227,NA,268,"ltr"
"269","0000000000000000000c_0",236,210.5,212.5,363,283,381.5,350,326,305,285.5,340.5,342.5,368.5,293,282,365,339,291,266,330,291,276,338,370,277.5,234,301.5,309,301,412,626,396,387.5,NA,269,"ltr"
"270","0000000000000000000d_0",387,407.5,380,374.5,308,349,359,338.5,317.5,331,336,342.5,454,320,324,320,339,309.5,316,314,310.5,296,246,361,261,246,266,364,398,445.5,605,471,406,NA,270,"ltr"
"271","0000000000000000000e_0",263.5,210,223,250,212,270.5,276,274,220,209,200.5,202,201.5,226,199,235,260,219,182.5,209,176,181.5,187,238.5,179,199,177,169,240,285,325.5,272,257,NA,271,"ltr"
"272","0000000000000000000f_0",274.5,235,113,221,184,241,245,216,171.5,206,201,190,190,225,188,186,190,198,128,177,181,162,162,249,170,174,161,179,357,306.5,312,275,223,NA,272,"ltr"
"273","00000000000000000010_0",273,303,154,347.5,257.5,296.5,261,238,313,246,387,285,276,300,306.5,363.5,308,275,222.5,265,305,229,342,287,311,258,289,276,348,208.5,454,294,276,NA,273,"ltr"
"274","00000000000000000012_0",389.5,320,279,343,325.5,372.5,389,313.5,328,323,286,326,307,329,330,355,359,365,353.5,342,277,393,265,302.5,238,241,300,261,350,379,467.5,371.5,327,NA,274,"ltr"
"275","00000000000000000013_0",398,308,237,333.5,284,326,303,363,299.5,288,297,292.5,303,309,299,365,278,274.5,259,267,317,234,254,275,221,213.5,199,282,386,393.5,447,404,385.5,NA,275,"ltr"
"276","00000000000000000014_0",309,435,402,454,433,404,375,385.5,398.5,341,374,364,345,335.5,307,347,326,310.5,297.5,306,293.5,331,282,484,278.5,246.5,244,495.5,469,499.5,628,285,413,NA,276,"ltr"
"277","00000000000000000015_0",319.5,285,278.5,334,294,297.5,313.5,301,265.5,270,255,260.5,290,277,286,267,271.5,250.5,223,238.5,226,216,204,312,215,223,198,228,259,350,448,343,305,NA,277,"ltr"
"278","00000000000000000018_0",332,316,305.5,337,267,346,360,402,355,376,432,305.5,302.5,324,327,344,371,318.5,278,322,336,331,274,318,275,247,272,323,296,408,722.5,647,339,NA,278,"ltr"
"279","00000000000000000019_0",186,247,207,212,162,209,226,218.5,190,181.5,210,202,168,183,172,176,205,195,183.5,214.5,181,143,144,195,132,145,161,200,211,226.5,307,222.5,233.5,NA,279,"ltr"
"280","0000000000000000001a_0",332,298.5,323,308,269,321,322,365,353,301.5,344,373.5,287.5,381.5,423,494,473,400,331,371.5,355,423,355.5,350,332,263,291.5,406,376,334,596.5,492,304.5,NA,280,"ltr"
"281","0000000000000000001b_0",201,188.5,115,196.5,124,202.5,176,181,158,184,164,137.5,163,154,142.5,157,172,158,138.5,156.5,183,106,134,205,132,114,116,94,203.5,233,242.5,224.5,192.5,NA,281,"ltr"
"282","0000000000000000001c_0",378,387,460,424,344,416,408,425,400,366,386,430,355,425.5,393.5,387.5,385,400.5,411,400.5,362,321,297,343,281,230,262,341,439,467,629,494,467,NA,282,"ltr"
"283","0000000000000000001d_0",286.5,271,402,391.5,368,383,468,440,436,325,377,413,292,402,314,374,345,329,292,316,311.5,317,564,275.5,524,475,376.5,364,360,347.5,429.5,401.5,399,NA,283,"ltr"
"284","0000000000000000001f_0",252.5,387.5,481,452.5,393.5,412,408,514,394,340,423.5,470,463,443,364,403,435,362.5,304,415,349.5,362,332.5,444,318,343,361,530,460,436.5,650,674.5,493,NA,284,"ltr"
"285","00000000000000000020_0",396,487,423,460,366,378,407.5,357,424,684,540,413,490,383.5,393,456.5,394.5,383,401,382,337.5,456,221,450.5,247,162,172,388,408,496,586.5,549,387,NA,285,"ltr"
"286","00000000000000000021_0",287,207,224.5,341,247,254,315,367,329,282,295,243.5,272.5,244,229,269,253,249,216,225,238.5,150,185,371.5,206,190,172,324,336,404,478.5,404,291,NA,286,"ltr"
"287","00000000000000000022_0",402,414,355.5,408.5,368.5,432.5,355,389,348.5,287,378.5,395,373.5,315,315,357,359,322,307,314,309.5,332,255,424,313,237,280,359,384,345,529.5,532.5,393,NA,287,"ltr"
"288","00000000000000000023_0",371,373,410.5,540,460,526.5,532,623,564,488,564,517,350,499,545,529,558,420,360.5,475,488,482,456,336,509,417,433,526,459.5,503,675.5,650.5,601,NA,288,"ltr"
"289","00000000000000000025_0",254,281,220,277.5,241,316.5,231.5,280,286,242,308,303,286,200,219,310.5,224,171,242,243.5,193,219,197,276.5,135.5,166,203,225,333,281,396,431,288.5,NA,289,"ltr"
"290","00000000000000000027_0",240.5,201,353.5,323.5,280.5,331,347,287,314,266,258,275,240.5,287,275.5,284,260.5,252,227.5,292.5,312.5,267.5,274,243,305,310,279,434,394,453.5,581,456,372.5,NA,290,"ltr"
"291","00000000000000000028_0",226,284.5,239,274.5,221,294,261,287,237,263.5,235,235,293.5,252,219,234,255,222,249.5,276,221,266,183,243.5,162,188,185,204,235,329.5,488,245,279,NA,291,"ltr"
"292","00000000000000000029_0",366,369,333,391,398,367,345,353.5,393,400,380.5,325,382,267,298,497.5,439,345,346,359,409,485,358.5,450,356,334,334,410,446,396.5,556.5,385.5,384.5,NA,292,"ltr"
"293","0000000000000000002a_0",284,422,362,368,272.5,327,343,378,378,351.5,485,360,351,335,290.5,347,316.5,271,294.5,365,305.5,285,237.5,370,262.5,220,244,346,350,446.5,626,803.5,425.5,NA,293,"ltr"
"294","0000000000000000002b_0",562.5,704,368,446,378,793,1028,930,633,489,457,457.5,672,482,561,494,459,433,401.5,420.5,310,307,362,764.5,332,315.5,839,498.5,545,646,665,702,574,NA,294,"ltr"
"295","0000000000000000002c_0",318,367,266,292,240,286.5,302,257.5,230,236,221,441,411.5,395,439.5,507.5,433,382.5,433.5,417,364,405,307,307,237,258,285,237,307,314.5,354,282.5,279,NA,295,"ltr"
"296","0000000000000000002d_0",442,463.5,520,421,387.5,492,406,425.5,438,384.5,409,423,425,439,506,594,541,450,470.5,422.5,400,394,355.5,399,348.5,261,338,396,475,409.5,671.5,705,477,NA,296,"ltr"
"297","0000000000000000002e_0",373,495,477.5,538,372,449.5,508,589,685,619,603,584.5,370,504.5,373,461.5,412,389,353,393,368,186.5,298,463,312,272,303,459,440,418,774,503,560.5,NA,297,"ltr"
"298","0000000000000000002f_0",305,317,357.5,417,366.5,453.5,412,408,380,352,426,455,248,361,354,389.5,418.5,352,350,373.5,365,368,312,276,313.5,277,281.5,485.5,420.5,451.5,607.5,574.5,431,NA,298,"ltr"
"299","00000000000000000030_0",326,360,277,272,265,224,235.5,265.5,260,231.5,219,260.5,268.5,212,187,231,244,210.5,199,213,194,173.5,150.5,296,119,134,131,254,372,267,496.5,354,278.5,NA,299,"ltr"
"300","00000000000000000031_0",305.5,250,245.5,327.5,266,386,357,357,334,353.5,356,369,278,375.5,377,388,377.5,358,325,384.5,332,304,329,279,269.5,316.5,320,225,278,300.5,364,362,316,NA,300,"ltr"
"301","00000000000000000032_0",292,271.5,180.5,352,266,319.5,323,312,263,399,360,364,312,370,383.5,372.5,323,312,318.5,352,370,292.5,300,264,325,285,261,239,275,267,302.5,311,281.5,NA,301,"ltr"
"302","00000000000000000034_0",317.5,325.5,369,401.5,358,422,422,419,341.5,369,390,373,338,382,364,409,369,338,339,358,400,361,320,347,290,324.5,290.5,225,314,341,465.5,404,416,NA,302,"ltr"
"303","00000000000000000035_0",307,371,367,352,299.5,310,316,358,343,350,347,343,344,313.5,318,339,366,320,326,332,310,313.5,261.5,347,256,243,253,325,385.5,401.5,542,318,363,NA,303,"ltr"
"304","00000000000000000036_0",400,340.5,347.5,402,355,440.5,425.5,452,377,378,395.5,431,373,386,383.5,392,397.5,509,417.5,488.5,400,445,375,373,351,392.5,355,284.5,357,358,404,385.5,354,NA,304,"ltr"
"305","00000000000000000037_0",326,322.5,312,306,257,335,298,354,434,297,264,294.5,246,270.5,261,324,350,259,308,272,258.5,218.5,161,309,193.5,140,150,384,366,354,606,277,315.5,NA,305,"ltr"
"306","00000000000000000038_0",273,330,313.5,393,305.5,381,363,475,394,424,500,543.5,283,419,419,442.5,408,361,393,371,407,437,304,314,227,171.5,255,282,359,423,617,382,537.5,NA,306,"ltr"
"307","00000000000000000039_0",430,436,332.5,379,344,391,380,401,405,400.5,515,435.5,373.5,389,374.5,459.5,531.5,375,428,365,471,452,329,420,380,291.5,295,374.5,429,409,610.5,458,419.5,NA,307,"ltr"
"308","0000000000000000003a_0",231.5,315.5,262.5,350,238,281,282,312.5,285,308,293,336,256,293,284,327,339.5,250,289,309,254,247.5,198,240,240,189.5,219.5,263,280,353,627,513.5,404,NA,308,"ltr"
"309","0000000000000000003b_0",273,283,329.5,384,295.5,380.5,327.5,362,369,400.5,365,360.5,387,351,346,456,429,403,425,350,352,359.5,315,526.5,272.5,243,286,416,375,417,762,490,360,NA,309,"ltr"
"310","0000000000000000003c_0",436,254.5,334,408,347.5,399,396.5,400,365,366,383.5,360,310.5,362,356.5,375,381.5,332,327.5,344,364.5,292,233,345.5,220,277,248,296.5,423,384,470,436,368.5,NA,310,"ltr"
"311","0000000000000000003d_0",537,417,222,306,238,268,332.5,456.5,363,330.5,483.5,430,388,395.5,351.5,439,507,411,367,401,399,365,401,414.5,359,351.5,411.5,340,401,517,659,496.5,267,NA,311,"ltr"
"312","0000000000000000003e_0",244,282,252.5,291,298,280,282,290,303.5,300.5,277,367,224,270.5,262,423,491.5,286,392,455,385.5,363,297,224,296.5,298.5,308,247.5,230,245,852,299.5,233,NA,312,"ltr"
"313","0000000000000000003f_0",311.5,338.5,379,420,336,447.5,428,413,365,389,389,417,445,350,384,409,417,422.5,405,427,367,300,307,430,286,288,292,330,360,385.5,460,444.5,390,NA,313,"ltr"
"314","00000000000000000040_0",324,307.5,353.5,458,368,383,447,345.5,356,445,358,370,296.5,353.5,385,449.5,367,341.5,362,334,319,265.5,246.5,294,286,289,361,233.5,296,316,473.5,412.5,457,NA,314,"ltr"
"315","00000000000000000041_0",393.5,294,406,781,391,427,477.5,465.5,321.5,342,342.5,346.5,409,373,336,350,322.5,331,306,333,275,157,221.5,436,223.5,237,274,308.5,420.5,386.5,470,496,483,NA,315,"ltr"
"316","00000000000000000042_0",379,344,259,291,281,354.5,380,339,273,389,411,411,374,434.5,393.5,422,464.5,372.5,398,390,395,303,336,338,709,453.5,282,299.5,315.5,293,356.5,306,269,NA,316,"ltr"
"317","00000000000000000043_0",333.5,409,351,342,273,362,336,393,368,393,335.5,388,332,345.5,372,413,580.5,422,429.5,326,367,235.5,213,327,200,200,403.5,319,366,352.5,824,486,339,NA,317,"ltr"
"318","00000000000000000044_0",356,405,391,349,298,357,317,288.5,516.5,457.5,457,451,332,349.5,404,372,353,288,297,259,520.5,198,430,384,286,441.5,312.5,308,301,295.5,388,410,334,NA,318,"ltr"
"319","00000000000000000045_0",622,524,610,451.5,420,517.5,417,432.5,451,485.5,512,427,507,366,382,462,480,334,403,481.5,487,410,205,448.5,369.5,348.5,305,376,531,542,742,593,500.5,NA,319,"ltr"
"320","00000000000000000046_0",380,391,330.5,330,306,327,290,296,303,434,406,426,353.5,280.5,288.5,316,326,350,335,311,283,247.5,278,374,294,275,278.5,369,390,415,590.5,444.5,326.5,NA,320,"ltr"
"321","00000000000000000047_0",234,297,206,291,181,257,321,238,257,237,213.5,242,292,245,248,333,350,255,263,327,244.5,156,187.5,293,183,146,142.5,275,307,308,368,288.5,346,NA,321,"ltr"
"322","00000000000000000048_0",298,332,320.5,305.5,263,299,294,297,246,268,341,295,271,271,253.5,266.5,368.5,313.5,332,318.5,302.5,312,310,283,354,379,708.5,269.5,321,334,701,390.5,305,NA,322,"ltr"
"323","00000000000000000049_0",517.5,609,392,469,432,537,461,518.5,469,440,404,446,451,399,469.5,468.5,499,399,450.5,439,403.5,328,308,435,304,311,268.5,338.5,567,460,713.5,305,446,NA,323,"ltr"
"324","0000000000000000004a_0",255,333,296.5,276.5,242,266.5,274,280.5,251.5,428,417,376,277,374,335.5,649,587,336,330,498,556,579,284,296,256,268,349.5,272,303,330,742,420.5,284.5,NA,324,"ltr"
"325","0000000000000000004b_0",452.5,570,444,376,401,406.5,396,390,389,460,484,388,452,336,345,458,347.5,378,351,437,389,476,233,510,296.5,239,272,372,532,458,599.5,516,542,NA,325,"ltr"
"326","0000000000000000004c_0",266.5,227.5,244,341,267,280.5,343.5,400,324,314,281,274,376,275,289,351,344.5,302,263,343,263,155,159,324,178,183,151,471,401.5,318,524,338,354.5,NA,326,"ltr"
"327","0000000000000000004d_0",349,370.5,423,602.5,522,347.5,347,647,552.5,457,414,509,323,563,538,574.5,507,375,391,450,406.5,293,278,297,366.5,311,402.5,282.5,315.5,298.5,590,441.5,447.5,NA,327,"ltr"
"328","0000000000000000004e_0",393,344,397,472,413.5,411,411,386.5,418,351.5,457,394,294,380,412,381,347,332.5,340,357,326,252,247,319,274.5,262.5,282,308,326.5,356.5,492,441,420,NA,328,"ltr"
"329","0000000000000000004f_0",456,502,447,475.5,490,411,417,428,407,489,492,461,403.5,440,416,467.5,471.5,374,421,445.5,385.5,302,372,380,292,303,293,369,432,446.5,610,370,506,NA,329,"ltr"
"330","00000000000000000050_0",737,740,584.5,587.5,608,586.5,507.5,528,525,575.5,658,572,656,505.5,495,494,493.5,479,502,462.5,424,523.5,383,702,415,336.5,416,566,676.5,654.5,781,584,594,NA,330,"ltr"
"331","00000000000000000051_0",329,417,436,419.5,816,417.5,361,461,451.5,446,419,430,345,413,384,441,576,427.5,439,400,585,466,501,395.5,675.5,462.5,582,309.5,491.5,377.5,606,586.5,636,NA,331,"ltr"
"332","00000000000000000052_0",309,286.5,387,391.5,302,381,361,333.5,300,277.5,266,287,255,311,292,314.5,321,271.5,307,278,285.5,211.5,204,341,199,209,194,280,289,319,547.5,374,371,NA,332,"ltr"
"333","00000000000000000053_0",503,530,478,582,470.5,428,393,446,490,379,390,497,407,409,449.5,562,461,408,391.5,500,387,438,359,387,351,313,424,284,389,470.5,651.5,479,484,NA,333,"ltr"
"334","00000000000000000054_0",327,404,479,621.5,451,438,406,369,395,475.5,434,443.5,398.5,419.5,360,443,512.5,423,378.5,404,421,284,323,421.5,330,309.5,402,289,379,442,639,601.5,511.5,NA,334,"ltr"
"335","00000000000000000055_0",423,501,386,376,481,429,427,496,469,414,442.5,408,428,340,394,526,445.5,357,402,482.5,371,498,412.5,433,401,216,265,343.5,441,426.5,698,494,426,NA,335,"ltr"
"336","00000000000000000056_0",476,495.5,578,573,577.5,446,543,579,545.5,463,449,468.5,410.5,443,430.5,520,468,382.5,456,555,382,436,399,595,435.5,371,456,317,477,534,580,608,411,NA,336,"ltr"
"337","00000000000000000057_0",315,472,446,551,372,479.5,393,421.5,456,544,475,434.5,423,412.5,384,449.5,465,372,376.5,403,406,409,347.5,448.5,591,410,476,392.5,408.5,468,577.5,588.5,372,NA,337,"ltr"
"338","00000000000000000058_0",488.5,492.5,508,574.5,593.5,436.5,545,555,561.5,457,428.5,453.5,528,425,408,508.5,425,363,417,540.5,388,431,378,566,403,364,454,300,460,521,619,541,432,NA,338,"ltr"
"339","00000000000000000059_0",455,580,616,639,389,489,529,586,582,449,430,440.5,405,393,460,529.5,457,389.5,364,484,383,287,444.5,395,355.5,321.5,337,377,406,473,677,538,537.5,NA,339,"ltr"
"340","0000000000000000005a_0",645,650,590,675.5,705,727,593,587.5,599.5,589,620,606.5,640,542,515,686,585.5,441,527,512,672,725,529,653,573,616,541,716.5,616,670,847,657.5,639.5,NA,340,"ltr"
"341","0000000000000000005b_0",568,615,521,535,394,505,478.5,390,387.5,523,517.5,528,427.5,496,542,466,560,565,430,545.5,309.5,324,401,385,397,293,293,381,422,471,711,691,583.5,NA,341,"ltr"
"342","0000000000000000005c_0",514,606,417,458,418,475,479.5,411,427,434,470,516,427.5,501.5,544,498,520,539,444,453,293,331,355,431.5,355,259,241.5,467,432.5,471,674,731,526,NA,342,"ltr"
"343","0000000000000000005d_0",451,613,430,506,424,540,467,517,446,445,454,435,520,468,426,427,346,451,346,281,281.5,214,428,492,315,262.5,257,409,478.5,457,549.5,453,503.5,NA,343,"ltr"
"344","0000000000000000005e_0",376,503.5,450,542,462,537,514,443.5,505.5,577,428.5,530,358.5,525,526,568.5,621.5,565,559,507,362,308,413,375,436,399,354,326,374,408,726,535,683.5,NA,344,"ltr"
"345","0000000000000000005f_0",342,322,409.5,425,321,402,401,383,361,360,329.5,365,369.5,318,296,427,483,518.5,469.5,571,279.5,225.5,321,450,277,303,264.5,417,442.5,416,442,430,373,NA,345,"ltr"
"346","00000000000000000060_0",348,352.5,426,483,425,516,459.5,493,458,457,451.5,422.5,300,437.5,524,523.5,606,387,359,447,456,473,456,313,464,386.5,477,629,528.5,379,602,547,521.5,NA,346,"ltr"
"347","00000000000000000061_0",352.5,469,468,677,443,472,717,445.5,458,618,496,576.5,358,551,537,472,558,614,604,635.5,338,326,368.5,567.5,310,342,294,462,351,442.5,443,597,428,NA,347,"ltr"
"348","00000000000000000062_0",371.5,477,496,695,458,416,649,394,454.5,450,441,546.5,431,538,522,443,559.5,475.5,462,510,256.5,292,159.5,413.5,155,216.5,191,379,389,419,563,397,422,NA,348,"ltr"
"349","00000000000000000063_0",434.5,467,562,731,462,474,706,429,482.5,568.5,496,578,413,536.5,526,471.5,558.5,621,609,621,344,317,359,499,423,340,311,443,369,468,498.5,502,441.5,NA,349,"ltr"
"350","00000000000000000064_0",338,302.5,567,464,445,556,578,556,452,457,441,458,325,497,464,450,465,476.5,404,525,446,563,429,314.5,420,315,437,258,572.5,472,594,492,558.5,NA,350,"ltr"
"351","00000000000000000065_0",398,370,577,514,475,633,667,757,684,590.5,523,479,934.5,454,501,591.5,549,439.5,509,593,494,572,562,882.5,562,505,539,738,767.5,624,607,725.5,499,NA,351,"ltr"
"352","00000000000000000066_0",319,342,424.5,509,485,461,515,539,545.5,440,487.5,538.5,326.5,459,551,561,587,614.5,432,409,466.5,449.5,611,377.5,493.5,349.5,359.5,357,498,419,691,681.5,561,NA,352,"ltr"
"353","00000000000000000067_0",363.5,296,185,293,240.5,364,366.5,381.5,321.5,382.5,340.5,367,317,311.5,278,371,360.5,327,303,304.5,300.5,166.5,237,371,264,173,207,275.5,447,545,413,277,263,NA,353,"ltr"
"354","00000000000000000068_0",365,322.5,280,341,244,318,292,408.5,372.5,425,486,413.5,303,465,501.5,452,429,473,508,521,486.5,554,473,356,456,447,350,409,398,349,481,378,329,NA,354,"ltr"
"355","00000000000000000069_0",407.5,541,509.5,562,495,519.5,509,465.5,449,495.5,424,473,414,477.5,475,561,487,467,433,441,321,367,384,463,367,342,371.5,446,420,500.5,615,383,537,NA,355,"ltr"
"356","0000000000000000006a_0",352,547.5,496.5,549.5,399,443.5,434.5,460,461.5,379.5,449,466,454,390,390,450.5,424,489.5,340,625,634,468.5,434,838,450,394,405,517,505,435,562,708.5,501.5,NA,356,"ltr"
"357","0000000000000000006b_0",478.5,464.5,444.5,533.5,398.5,432,401,467,489,434,484,475,416,372,407,434.5,456,397.5,434,453,398.5,435,384,388,339,333,374,509,675,641,552,595.5,439,NA,357,"ltr"
"358","0000000000000000006c_0",510,527,449,495,432,344,360,417,427,432,436.5,340.5,399,336,340.5,369,401,334.5,374,468,448,491.5,451,472,593,731,545,571,628,409,618,755,506.5,NA,358,"ltr"
"359","0000000000000000006d_0",284.5,251,280.5,362.5,257,343,291,307,264.5,384,390,379.5,247,324,317,393.5,369,365,299,361,341,323,342,241.5,324,266,299.5,219,373,322,421,378,320,NA,359,"ltr"
"360","0000000000000000006e_0",375.5,347,670.5,587,394,431,708,444,493,582,554,554.5,433,519,632,499,617,615,582,606,386,307,327.5,642.5,404,281,352,550,359,432,421.5,335,461.5,NA,360,"ltr"
"361","0000000000000000006f_0",357,463,579.5,508,402,395,623.5,438.5,468,557,447,558,383,492,525,497.5,603.5,565,555,566,315,406,267,588.5,310,269,339,548,382,431,468,318,414.5,NA,361,"ltr"
"362","00000000000000000070_0",382.5,371,437.5,547,494,566,465.5,492.5,453,424,436,453,337,462.5,401,477.5,477,483.5,458,544.5,445,512,488,494.5,497,447.5,376,405,523.5,421,542,459,582,NA,362,"ltr"
"363","00000000000000000071_0",393,399,627.5,512.5,416,472.5,679,454,457,505,521.5,563.5,370.5,505.5,565,525,586,618,639,596.5,339,430,282,597,379,276,340,582,336,448,502,336,414.5,NA,363,"ltr"
"364","00000000000000000072_0",448.5,371,638,701,433,478,668,470,505,558,488,550.5,367.5,517,642,546,625,595,641.5,666,326,562,349,556,455,329,410.5,441,367,533,449.5,278,470,NA,364,"ltr"
"365","00000000000000000073_0",345.5,374,346,366,578,544,457,515,448,381,477,442,356,446,418.5,470,464.5,431,321,430.5,418,545.5,390.5,363,493,369,369,279,402.5,358.5,445,428,437,NA,365,"ltr"
"366","00000000000000000074_0",496.5,525,400,463,411,463,494,449,486.5,693,641,602,548,651,585,686,583,596.5,612,636,618.5,613,695,518,697.5,649,603,415,493,473,634,481,439.5,NA,366,"ltr"
"367","00000000000000000075_0",436,495,407.5,401,338,425,385,401,371.5,396,319,312,667,336,292,324.5,294.5,308,289,301,310,263,239.5,575,262,225,224.5,536,567,511,631,626,492,NA,367,"ltr"
"368","00000000000000000076_0",406,418,309,441,338,457,436.5,416,373,440,363.5,369,421.5,337,342,342,426,358.5,404,417.5,411.5,228.5,626,446,754,685,538,399,509,424,572,417,344,NA,368,"ltr"
"369","00000000000000000077_0",518,460.5,376.5,438,380,522,549.5,490,443,448,453,403,478,417,394,450,437.5,441,428,478,451,358,300.5,487.5,390.5,338.5,406,396,512,458,583,503,458,NA,369,"ltr"
"370","00000000000000000078_0",341,460,628,563,392,457,690.5,462.5,491,500,498.5,533.5,433,516,582,544,687,581.5,608,599.5,368,338,290,608.5,368,298.5,362.5,549,384,447,395.5,356,480,NA,370,"ltr"
"371","00000000000000000079_0",366.5,424,664,523,411,431.5,658.5,467,483,512.5,480,534.5,439,489,589,515,650.5,605,678,634,359,355.5,316.5,652,373,304.5,401,529,465.5,447,425,279,506,NA,371,"ltr"
"372","0000000000000000007a_0",302,299,453,509,427,502,530.5,521,518,532,554.5,491,300,438.5,494,598.5,414.5,418,364,441,400,321.5,344,691,428,401,379,425,612,458,590.5,415,496.5,NA,372,"ltr"
"373","0000000000000000007b_0",539,459,428.5,471,408,570.5,617,622,589.5,566,501.5,484,627,527,455,521,442,434.5,441,444,471.5,307,296.5,545,330.5,326,292,461,535,477.5,759,543,504.5,NA,373,"ltr"
"374","0000000000000000007c_0",388,426,464,339,276,383,650,379,295,362,365,457,400,410.5,591.5,471.5,644,536,576.5,501,210,308,195,446,283,249,260.5,438,345,298,356,296,469,NA,374,"ltr"
"375","0000000000000000007d_0",235,513,293,400.5,367,468,401,419,405,424.5,439.5,386,468,315,353,419,340,332,326,345,385.5,322,303,389,324,294,305,352,407.5,379,488,450,469.5,NA,375,"ltr"
"376","0000000000000000007e_0",363,448,295.5,619,432,442,499,580,632,489,535,493,328,496.5,563,608.5,547,541.5,507,563,519,624.5,456,336,608,398,528,292,378.5,342,510,380,313,NA,376,"ltr"
"377","0000000000000000007f_0",394,347,298,346,343,404,347.5,298,293,351,317,297,370,295,294,356.5,319,330,297,307,326.5,282,239,380.5,279,261,276,295,374.5,363,488.5,393,290,NA,377,"ltr"
"378","00000000000000000080_0",293,391,361,331.5,259,374,450.5,250,239,241,243,304,309,242,282.5,269,349,215,231,250,203,292.5,169,398,198,187.5,173,200,316,223,302,241,234,NA,378,"ltr"
"379","00000000000000000081_0",383.5,461,492,350,364,386,475,298,278,297.5,321.5,433,380,483,538,517,548,443,480,428,281,319,171,346.5,220.5,273,307,470,396,297,1272.5,315,388,NA,379,"ltr"
"380","00000000000000000082_0",318,517,399.5,460,466,550,482,510,535,525.5,407,441,553,462.5,480,521,455,466,471,485,428,411,400,553.5,376,326.5,347.5,456,489,388,477,429,354,NA,380,"ltr"
"381","00000000000000000083_0",258,396.5,242,362,304,476.5,417,373,411,452.5,343.5,350,471,367,373,400,421,346,367,419,445,236,384,537.5,340,241,267,361.5,517,420,453,458,303,NA,381,"ltr"
"382","00000000000000000084_0",437,486,495.5,374,400,435,501.5,318,306.5,292.5,299,458,417.5,477.5,522.5,489,473.5,447,408,379,349.5,312,216,400,213.5,247.5,198,527,393.5,301,1224,556,382,NA,382,"ltr"
"383","00000000000000000085_0",367,334,302,474,355.5,406,477,443,381.5,501,465,475,352,462.5,448.5,508,508,496,457,458,446,472,489,328,466.5,403,428,280,361,319,415,428,459.5,NA,383,"ltr"
"384","00000000000000000086_0",326.5,452,584,629,500,553.5,453,464.5,421.5,387,406.5,348,339.5,350,454,700,608,521,388.5,450,470,465,465,651,457.5,359,431,604,428,465.5,1018,591,553,NA,384,"ltr"
"385","00000000000000000087_0",350,389.5,339,363,377,429,433.5,427,393,413,379.5,417,440,377,377.5,413,405,344,358,332,458,339.5,343.5,491,347.5,299,314,401,513,458,622,443.5,354.5,NA,385,"ltr"
"386","00000000000000000088_0",460,457,495,474,334,359,445,426.5,260,282,283,403,246,367,513,380.5,341,301,317,295,244,286,144,323.5,197,253.5,170,342,377,383,1068.5,470,478.5,NA,386,"ltr"
"387","00000000000000000089_0",364,308,389,419,400,446,431,429,461.5,396,457,515,282,370,448.5,580,553,450,453,437,466,532.5,377.5,303,481,425.5,381,252,467,471.5,524,399,410,NA,387,"ltr"
"388","0000000000000000008a_0",445,482.5,428,431,387,434,487,332,400,301,296.5,377.5,268,351,505,383.5,406.5,292,301,381.5,427,279,287,351,221,220,297,380,455,413,435,433,627.5,NA,388,"ltr"
"389","0000000000000000008b_0",319,394,402,415.5,343.5,421.5,331,372.5,647,485,409,406.5,444,410,511,614.5,478.5,458,425,490.5,505,462.5,475,389,524,351,348.5,322,422.5,404,508,484.5,352,NA,389,"ltr"
"390","0000000000000000008c_0",212,270.5,275,411,310,346,365.5,357,339,418,348.5,384,263.5,297,285.5,398.5,421,310,365,327,360,409,245,361,332,239,228,240,328,264.5,388,257.5,246,NA,390,"ltr"
"391","0000000000000000008d_0",256,240,298,448.5,337,418,419,388,361,343,301.5,278,250,306,299,386.5,328,326,302,332,337.5,261,313,274,306,268.5,291,370,459,533,515,429,386.5,NA,391,"ltr"
"392","0000000000000000008e_0",458,536,438,524,524.5,501,489,460,525.5,570,536.5,564,431,445,420.5,705,511,492,417,520,347,334,364,468,362.5,332.5,595,396.5,496.5,521,452,446.5,658,NA,392,"ltr"
"393","0000000000000000008f_0",312,362,259,343,298,400,402,387,367,373,305,325.5,409,320,293.5,330.5,321.5,279,305,289,299,235,207,449,220,184,202,334,465,364,439,390,408,NA,393,"ltr"
"394","00000000000000000090_0",402.5,443,400,434,402,415,424,420,416,422,375.5,400,428.5,360,351,428.5,364,372,345.5,392,394,257,285.5,405,284.5,197.5,205,374,427,355,499.5,340,371.5,NA,394,"ltr"
"395","00000000000000000091_0",339,346,506,539,505,604,663,753,578,626,632,589,334,462,477,637,464,477,428,534,662,555,575,474.5,482.5,397.5,471,461,505.5,488,567,508,728,NA,395,"ltr"
"396","00000000000000000092_0",374.5,324,442,463,388,432,386,401,352.5,369,356,332,330,369,466,570,464,483.5,466.5,456,470,436,438.5,449,454.5,375,443,517,529.5,492,541,542,485.5,NA,396,"ltr"
"397","00000000000000000093_0",356,438,409,412,337,389,503.5,310,355.5,291,294,444.5,356,364,333.5,356.5,354,328,321,315,341,271.5,265,377,256,240,236.5,331,397,369,453,434,513,NA,397,"ltr"
"398","00000000000000000094_0",353.5,401,365,438,457,428,459,398,441,430,406.5,449,443,447,471,536.5,459,449,402,386.5,485,416,419,506,462,424,435,435.5,473,553,558.5,399,487.5,NA,398,"ltr"
"399","00000000000000000095_0",254,316.5,474.5,510,412.5,498,479,488,461,415,465,452.5,357.5,420,400.5,516,481,400,436,458.5,481.5,558,381,482,497.5,325,318,361,491,430,591,447,491,NA,399,"ltr"
"400","00000000000000000096_0",339,388,524,522.5,519,578,538.5,549,561,513.5,518,456.5,262,473.5,524,512,560,437,426,423,421.5,546,476,282,440,367.5,490,358,543,493,1448.5,554,495,NA,400,"ltr"
"401","00000000000000000097_0",282,341,361,378,370.5,427.5,400,414,413,386,449.5,318,242,317,344,339,395,314.5,319,307,314,404.5,275,315.5,321.5,259,317,332,769,488,1946,473.5,397,NA,401,"ltr"
"402","00000000000000000098_0",277,355.5,348,376,333,318,374,399,411.5,313,346,398,277,355,321,374,404,320.5,315.5,300,335,382.5,327,322,330,265,338,287.5,311,297,558.5,385.5,360,NA,402,"ltr"
"403","00000000000000000099_0",379,359,489.5,527,490.5,490,471,442,433,419,370,334,302,340,335.5,333,393,284,361,391,483,208.5,324.5,328,335,289,401,319,382,423,733,483,484.5,NA,403,"ltr"
"404","0000000000000000009a_0",296,353,298.5,308.5,263,258.5,286,268,240,348,409,368,254,276.5,308,375.5,379,305,326,293,256,315.5,245,272,270.5,227,259,290,318,305,780,304,247,NA,404,"ltr"
"405","0000000000000000009b_0",389.5,426.5,381,407,300,391,533,501,499,382,522,409.5,301,352,386,480,525,409,440,381,381,388,314,404,335,214,333.5,352.5,457,427,812,458.5,439.5,NA,405,"ltr"
"406","0000000000000000009c_0",652.5,638,780.5,719.5,764,716,731.5,666.5,720,659,655,613,612,611,678,698.5,668,625,645.5,663.5,725.5,501.5,597,637,660,675,643.5,627,734,1009,936,587,848.5,NA,406,"ltr"
"407","0000000000000000009d_0",409,496,495,442,412.5,487,608,468.5,655,332,459,480.5,334,443,362,500,488,418,386,446,454.5,307,317,419,347,357,344,339,460,514,798.5,567.5,476,NA,407,"ltr"
"408","0000000000000000009e_0",387,546,579,474,456.5,475,453,499.5,455,427,642,513.5,357,365,303,329,417,438,312,439,374.5,207,405,498,353,356,343,437,415,501,828,449,577,NA,408,"ltr"
"409","0000000000000000009f_0",330,421,377,387,373,376,384.5,391,372,363,431.5,373,329,311,356,361.5,394,348,347,328,312,258,261,421,242,170,221.5,404,380,398,776,514.5,400,NA,409,"ltr"
"410","000000000000000000a0_0",295,453,543,487,432.5,530,478,519,445,423,452.5,416,323.5,349,303,380,335,304,359.5,420,422.5,297,455,485,384.5,329,366,451.5,414,508.5,738,377,576,NA,410,"ltr"
"411","000000000000000000a1_0",394,535.5,486,483,564,434,465,481,491.5,403.5,452,387,377,335.5,417,437.5,474,361,376,400.5,338.5,284,330,527,277,278,275,361.5,436,493,737,474,525,NA,411,"ltr"
"412","000000000000000000a2_0",917,912,403.5,462.5,432.5,394.5,423,544,604,699.5,625,566,795,553.5,583,552.5,522,650.5,606,633.5,557,612,748,665,521,481,467.5,589,596,581.5,755,569,489.5,NA,412,"ltr"
"413","000000000000000000a3_0",429,508.5,442,394,316,415.5,376,447,524,410,433.5,418,347,362,374,409,420.5,357,450,499.5,375,580,438,463,315.5,337.5,315,370,391,543,791,603.5,520.5,NA,413,"ltr"
"414","000000000000000000a4_0",465,532.5,489,538.5,559.5,532.5,471,547.5,456,423.5,493.5,526.5,811.5,505,553,624,690,559,601,747,666,720,585,726,625,825.5,1123.5,594,663,558,660,766,570,NA,414,"ltr"
"415","000000000000000000a5_0",309.5,757,344,417.5,362,366,325.5,345,316.5,380.5,371,343,636,264,288,288,301,244,258,299,272,271,248,524,341,307,347.5,443,431,424,600,549.5,440.5,NA,415,"ltr"
"416","000000000000000000a6_0",371,445,443,548.5,394,529.5,485,453,480,555,494,472,371.5,353,330,432,452,377.5,415,392,460.5,403,347.5,463,513,411,456.5,415,402,411.5,589.5,622,406,NA,416,"ltr"
"417","000000000000000000a7_0",446,502,564,568,490,388,464.5,514.5,499.5,473,374,448.5,340,360,405.5,488,429,357.5,376,426,371,233.5,430,379,339.5,227,315.5,360,412,426,575,547.5,504,NA,417,"ltr"
"418","000000000000000000a8_0",367,479,474.5,456,472,411,429,438.5,443.5,494,470,471,365,453.5,446.5,490,520,411.5,409,498,427,271,295,441.5,344,259,254.5,417.5,403,447,609.5,687,475,NA,418,"ltr"
"419","000000000000000000a9_0",279,313,234,425,320.5,328,403,433,365.5,372.5,434,373,302,379,346,434,369,349,306,333,377,308,290.5,333,294.5,290,330,290,362,315,482.5,430,411.5,NA,419,"ltr"
"420","000000000000000000aa_0",176,221,135.5,216,152,235,205.5,192,153,202,161.5,189,213.5,150,146,206,207,168,141,208,170,77.5,84,207,83,81,95,190,231.5,190,285,234.5,220.5,NA,420,"ltr"
"421","000000000000000000ab_0",366.5,463,396,369,405.5,358,449,433.5,444,482.5,547,546,377,427,507,519.5,435.5,327.5,298,447,349.5,369.5,423,375,393.5,250.5,433,425.5,447,539.5,1198,531,478.5,NA,421,"ltr"
"422","000000000000000000ac_0",349,437,379,487.5,419,432,434,446,575,631,575,468,503.5,426,430,500,681,423.5,425,655,492,556,331.5,383,344,346,306,374.5,496.5,580,637.5,560,458,NA,422,"ltr"
"423","000000000000000000ad_0",349,433,534,544.5,391,385,374,459.5,517,478,477.5,429,366.5,461,448,444,438,391,388.5,378,355,391,246,410,289,230,294.5,427.5,495,791,652.5,480,503,NA,423,"ltr"
"424","000000000000000000ae_0",428,498,499,480.5,486,407,460,487,446,542,591,433,317,423,364.5,426,466,340,365,380,395,576.5,426,434,426,402,335,254,591,444,622,517,494,NA,424,"ltr"
"425","000000000000000000af_0",761,865,788,837,770,884.5,831,922.5,959,1025,939.5,862,781,785,805,817,907,540,472,472.5,469,381,719.5,813,782,571,535,639,777,576,815.5,649,792,NA,425,"ltr"
"426","000000000000000000b1_0",373,403,396,410.5,386,366,449,446.5,437,431.5,407,443,356,388,455,514,414,355,330,472,355.5,339.5,438,390,428.5,234,389,365,413,416,612,478.5,393.5,NA,426,"ltr"
"427","000000000000000000b2_0",333,312,367,530,408,487,473,378,398,472,433,453.5,313,367,379,491,430,403.5,392.5,440,409.5,310,295,291,270.5,307,261,185,573.5,543,566,519,464,NA,427,"ltr"
"428","000000000000000000b3_0",505,472,518,501,458,479,433,514.5,562.5,402,482,497,447,427,450,514,545,333,397,558,478.5,417.5,477,481,368.5,367.5,425,371,455,474,640,407,452,NA,428,"ltr"
"429","000000000000000000b4_0",471,670.5,495,711,451,411,532,524,560,640.5,589,440,468.5,415,539,464,504,401,404,391,404,371.5,294,794,316,304,364,561.5,428,531,718,618,755,NA,429,"ltr"
"430","000000000000000000b5_0",430.5,619,487,461,470,549,522,443,511,505,514,467,516.5,483.5,402.5,555.5,516,438,431.5,422.5,420,107,260,638,319,280,296,458,653,666.5,997,644,525,NA,430,"ltr"
"431","000000000000000000b6_0",386,358,375,588,381.5,383,433.5,378,418,399.5,421,453.5,320,422.5,398.5,501,423,462,359,438,413,330,314,503,263.5,385.5,267,400,533,484.5,542.5,467,384,NA,431,"ltr"
"432","000000000000000000b7_0",356.5,430,380,530,453,398,527,461.5,467.5,428,455,439,358,408.5,398,458.5,477,435,403,421,321,203.5,249.5,375,192.5,212,255,343.5,449,557,659,406,385,NA,432,"ltr"
"433","000000000000000000b8_0",397,492,439.5,471,372,399,347,422,481,449,548,425,423,358,365,414,438,358,364,374,395.5,262.5,305,503.5,270.5,292,291.5,379,432,484.5,599,503,504.5,NA,433,"ltr"
"434","000000000000000000b9_0",412,457,364,375,321,401,343,509,453,435,334,319,319,322,325,402,420.5,337,336,376,381,302.5,444,389,375.5,258,312,316.5,377,372.5,622,444,361,NA,434,"ltr"
"435","000000000000000000ba_0",230,250.5,189,289,221.5,232,305,242,220.5,223.5,274,249.5,250,229,194,256,216,218.5,216.5,229,198,239.5,192,273,206.5,203,186,223.5,297,266.5,403,335,296,NA,435,"ltr"
"436","000000000000000000bb_0",349,268,255.5,285,214.5,287.5,296.5,342.5,269,249,224,254,292.5,240,237,256,264,242,256.5,257.5,230,200,185,270,214,223,189,233,287.5,279,452,286,245,NA,436,"ltr"
"437","000000000000000000bc_0",316,492,486,450,422,408,465.5,435,552,528,508,468,399,534,461,491,517,400,388.5,472,377,420,377,403,379,382,383.5,344,427,450,570,587,500.5,NA,437,"ltr"
"438","000000000000000000bd_0",281.5,335,379,560,523.5,548,509,499.5,451,465,526,560,308.5,443,405,435.5,370.5,329.5,374,321,321.5,325,342,286,363,320,351,301,342,307,697.5,614,562.5,NA,438,"ltr"
"439","000000000000000000be_0",292.5,316,319,426,351.5,447.5,397.5,426.5,381,377,400,475,242,399,414,390,395,376,372,335,341.5,363.5,316,265,354,298.5,294.5,285,384,301,520,516,453.5,NA,439,"ltr"
"440","000000000000000000bf_0",319,452.5,488,472,460,421,405,413,506,516,496,522,416,517,428.5,496.5,473,393,379,455,304,371,370,398,302,329,291,392.5,444,496.5,529,521,608,NA,440,"ltr"
"441","000000000000000000c0_0",451.5,1125,431,379,399.5,451,506.5,483,477.5,570,483,599,542,428,447.5,546,473,417,457,523,404,394,401,575,343.5,336,331,441.5,469,420,571,445.5,464,NA,441,"ltr"
"442","000000000000000000c1_0",273,282,286,325,291.5,375,424,385,347,357,381.5,356,329,337,331,366,332,290,265.5,322,346,243,230,371.5,244.5,253,308,290,326.5,326,465.5,466.5,461,NA,442,"ltr"
"443","000000000000000000c2_0",427,457,516,425,416,404,418,439,422,421.5,420,485,362,433,387.5,424,423,307,351,392,279.5,255,254,463.5,402,299,358,490.5,352.5,430.5,698,473.5,444,NA,443,"ltr"
"444","000000000000000000c3_0",377,570,429,427,328,382,338,421,465,463,516,359.5,481,367,396,380,441,334,400.5,424.5,333,201.5,212,508,385,220,249.5,475,465,401,640,547,403,NA,444,"ltr"
"445","000000000000000000c4_0",444,464,400,390,461,410,357,419,477.5,444,349,328,391,300,317,376.5,370,358.5,366,415,401,257,479,430,357,244,344.5,374.5,428,443,564,609.5,418,NA,445,"ltr"
"446","000000000000000000c5_0",401.5,461,373,375,393,368,342,419,472.5,376,304.5,242,327,253,334,335.5,402.5,360,366,421,368,251,384,380,336,270,318,351,447,481,600,525.5,453,NA,446,"ltr"
"447","000000000000000000c6_0",396.5,456,372,393,437,375.5,401,414,441,371.5,286.5,218,328,272,316,416,386,312.5,357,401.5,382,283,377,406,330,291,303,357,447,481,581,540.5,423,NA,447,"ltr"
"448","000000000000000000c7_0",414,402,398,371,367.5,271.5,353,309.5,305,279,349,324,350.5,312,261,282.5,330,274,302,268,201,366,208,361,186,171,178,356,411.5,459,476,456,394.5,NA,448,"ltr"
"449","000000000000000000c8_0",559,427.5,301.5,358,323.5,443,579,454.5,530,480.5,382.5,368,463,434.5,528,536,417,404,414,465.5,370,498,344,383,395,416,352,323,487.5,398,429,387,366,NA,449,"ltr"
"450","000000000000000000c9_0",285,300.5,226.5,309,281,372,411,458,471.5,412.5,427,408,259,366,360.5,468.5,388,364.5,339,343,340.5,338,260.5,338.5,300,314,263,274,375,364.5,411,324,332,NA,450,"ltr"
"451","000000000000000000ca_0",387,432.5,436,452.5,342,406,398,450,506,371,456,523.5,419,466,471.5,535,548,414.5,546,523.5,455,454,368.5,509,458,462,535,516,471,476,739,515,435,NA,451,"ltr"
"452","000000000000000000cb_0",381,374.5,489,408,390,450,563,458,585,491,441,465,381,499,542.5,669.5,570.5,442.5,398,447.5,435,513,385.5,350.5,434,487,401,309.5,347,302,446,413.5,339,NA,452,"ltr"
"453","000000000000000000cc_0",337.5,383,280,402,291,376,399.5,345,311,335,295,268.5,445,309,312,379,387,374,254.5,216,193,132,125,493,186,178.5,329.5,367.5,366,338,487,378.5,456,NA,453,"ltr"
"454","000000000000000000cd_0",316.5,320,274,338,288,350,313,339,311,351,327,324,331,307,273,281,326.5,261,258.5,306,268,239,251.5,350,222.5,269.5,212,307,278.5,359,427,398,361,NA,454,"ltr"
"455","000000000000000000ce_0",540.5,440,330,442,333,487,391.5,491.5,465,454,433,595.5,497.5,470,431.5,384,440.5,437.5,359,406,389,381.5,356,481,369,337,416,475.5,455,406,511,457,383,NA,455,"ltr"
"456","000000000000000000cf_0",403,472,367,453,331,411,420.5,467,525,528,582,504,407.5,370,311,475,427.5,339,414,442,474,510,446,406,467,377,389,383.5,398,433,701,461.5,428.5,NA,456,"ltr"
"457","000000000000000000d0_0",408,451.5,472,560,460.5,461.5,508,611,539,482,591.5,562,630,545,412,599,510.5,621,582.5,553,461,510,416.5,508,305,254,256.5,410,647.5,662.5,777,676,505,NA,457,"ltr"
"458","000000000000000000d1_0",315,413,308,458,496,440,445,433,407,385,502.5,465,264,383.5,361.5,517.5,484,374.5,337,403.5,440,489,511,462,430,316,378,378.5,534,448,653,504,534,NA,458,"ltr"
"459","000000000000000000d2_0",359,466,410,403,362,450.5,417.5,360,350.5,405,348,330.5,405.5,311.5,255,272,475,290,265.5,306,200,232,194,414,227,176,198,321,421.5,364,500,464,388.5,NA,459,"ltr"
"460","000000000000000000d3_0",232,279.5,141,254.5,215,297,289,259,249.5,248,261,221,256,212,226,281.5,301,230,202.5,251,214,139,158.5,316,201,148,151,237,282,303,319,352.5,321,NA,460,"ltr"
"461","000000000000000000d4_0",273,317.5,226,308,240,294,290,235,295,256,264,285.5,269,269,242,297,319,283,385,382,354.5,421,380,249,376,343,357,288,316,263,430,381.5,293,NA,461,"ltr"
"462","000000000000000000d5_0",328,313.5,491,620.5,405,390.5,614,388,353.5,496,392,501,352,505,463.5,315.5,520,502,486,497,234,306,210,465,216,225.5,212,417,312,421,444,411,386,NA,462,"ltr"
"463","000000000000000000d6_0",405,588.5,446,462,389,484,407,504,471,507,503,501,398,440.5,424,530,452,428,392.5,454,368,310,486,465,420,277,348,363,472,427,568,564,450.5,NA,463,"ltr"
"464","000000000000000000d7_0",287.5,393,252,411.5,295,380,377,329,315,355,423,391,298,334,310.5,431.5,389,352,322,352.5,299,451,372,349,321,282.5,271,288,428,416,683,471.5,452.5,NA,464,"ltr"
"465","000000000000000000d8_0",392,558,445,483,408,456.5,440,547,485,460,458.5,474,392.5,432.5,436,457.5,489,403,358,412,410,414,467.5,437.5,377,313,464,361,521,494,601,621,454.5,NA,465,"ltr"
"466","000000000000000000d9_0",269,389,414,631,421,361.5,624,426,398,547.5,462,593,319,529.5,475,486.5,574,616,560,577,197,292,262,450,263,233,285.5,364,316.5,402,487,535,379,NA,466,"ltr"
"467","000000000000000000da_0",398.5,524,435,548,391,430,394,471,428.5,525,480,516,433,415.5,406,432,411,405,476,523.5,461,359.5,431,424,529,455,391.5,365,450.5,459,747,641.5,635,NA,467,"ltr"
"468","000000000000000000db_0",350,445,431.5,473,431,491,425,536.5,425,404.5,450.5,462,362,427.5,427,501,455.5,366,420,482.5,402,455,476,373.5,444.5,429,428,361,426.5,378,668,606.5,499.5,NA,468,"ltr"
"469","000000000000000000dc_0",392,528.5,486.5,437,332,420,360,426,412.5,400,504,535.5,432,421,489,498,478,403,459.5,432,568.5,476.5,370.5,480,355,429,423,413,577,482,505,609,574,NA,469,"ltr"
"470","000000000000000000dd_0",617,653,514.5,594,460,461,536,725,499.5,561.5,585.5,647,364,499,431,509,798,559,497,765,626,396,500,401,650,391,551.5,329,464,481,651,621,786.5,NA,470,"ltr"
"471","000000000000000000de_0",303,349,410,623.5,411,356,696.5,430.5,433,519,491,553,299.5,527,498,465,571,594,600,575.5,291.5,343,285,511,262,308,318,417,299,392,492,639,368.5,NA,471,"ltr"
"472","000000000000000000df_0",178.5,478.5,370,499,521,473,537,508,480,463,484.5,451,308.5,409,455.5,490,415,371,385.5,394,401.5,312,360,496,300.5,317.5,308,481,481,456,480.5,486.5,450.5,NA,472,"ltr"
"473","000000000000000000e0_0",412.5,381,379,638,411,350,622.5,407,394,542.5,427,540,362,516.5,467.5,459,616,589,549,563,261,355,250,483,251,273,229.5,416,334.5,451.5,440,464.5,398.5,NA,473,"ltr"
"474","000000000000000000e1_0",340,332.5,381,632.5,455,377,606,384.5,419,522.5,475,528,311,513,447.5,403,591,570,571,611,257,369,295,447.5,262,245.5,237.5,484,339,400.5,453,446,360,NA,474,"ltr"
"475","000000000000000000e2_0",383.5,309,403,646.5,430,343,614.5,406,418,542.5,427,549,336,543,521.5,442,587,595,525,596,241,368,241,411,251,283,238,443,294.5,430.5,440,411.5,370,NA,475,"ltr"
"476","000000000000000000e3_0",257,322.5,312,342,301,388,459,565,551.5,463,527,477,294.5,490,477,539,463,441,425.5,426,383,375,383,293.5,387,414,343.5,355.5,318,276,397,369.5,327,NA,476,"ltr"
"477","000000000000000000e4_0",399,470,448,507,440,410,402,683,527,409,565,419,524.5,409,538,452,440,425,481.5,732,581,513,540,424,427,502,543.5,405,527,445.5,619,613,509,NA,477,"ltr"
"478","000000000000000000e5_0",454,426,377.5,435,330,361.5,418,346,384.5,450,462,520.5,366,511,416,404,569,562,546,621.5,297.5,325,300,370,280,291,197,338,369,370,518,427,351.5,NA,478,"ltr"
"479","000000000000000000e6_0",522,475,397,468.5,373.5,516.5,474,482,415,470,468,429.5,446,485,550,597.5,571,428,391.5,408,389,186,148,563.5,152,187,167,450,500,492,533,466,458,NA,479,"ltr"
"480","000000000000000000e7_0",273,335.5,465,551,421,390,400,453.5,502,399,446,455.5,273,408,374,461,431,370,395,368,362,383,401,300,342,266,336.5,466,538,442,528,624,545.5,NA,480,"ltr"
"481","000000000000000000ea_0",254,287,169.5,291,237.5,304.5,308.5,268,235,264,257,329,272,221,244,290.5,248,223.5,233,323.5,248,260,252.5,341,274,220,232,239,341,257.5,459,378,463,NA,481,"ltr"
"482","000000000000000000eb_0",329,307,413.5,622,425,366,616.5,404.5,412.5,519,430,523.5,308,489,456.5,446,604,588,572,595,325,240.5,320,467,296,308.5,299,440,361.5,421,453,551.5,377.5,NA,482,"ltr"
"483","000000000000000000ec_0",372,470,384,457,345,422,430,348.5,402,426.5,397,474.5,404,438,463.5,453,534,601,535,547,333,310,328.5,421,256,327,249,414,353,420.5,498,400,398.5,NA,483,"ltr"
"484","000000000000000000ed_0",300.5,263.5,154,235.5,109,268,244,228.5,261,325,262,348,302,308,270,346,323,297,260,318,290,281,253,287,212,210,187.5,250,302,302.5,309,259,259,NA,484,"ltr"
"485","000000000000000000ee_0",353.5,456.5,491,463,397.5,416.5,407,541.5,461,498,495,513,437,516,528,420,481.5,344,501,577,411,384,301,447.5,337.5,338.5,308.5,426.5,377,426,718,654,467,NA,485,"ltr"
"486","000000000000000000ef_0",394,585.5,383,624,407,434,728,437,423.5,611,504,578,357.5,544,521.5,431.5,592,629,624,620,338,383,347.5,595,319,315,323,437,339,492,482,390,394,NA,486,"ltr"
"487","000000000000000000f0_0",396,273,238,270,211,267.5,267,268,360.5,422,299,369.5,350.5,359.5,410,401.5,350,344,377,348.5,331,336,307.5,297.5,253,312,292.5,232,291,368,317,279,239,NA,487,"ltr"
"488","000000000000000000f1_0",344,433.5,457.5,518,362,481,570,409.5,412,495,431,547,323,493,434,407,500,518.5,536,572,272,219,318,477.5,261,296.5,305,443,345,440,480,505,420,NA,488,"ltr"
"489","000000000000000000f2_0",269.5,229,132.5,213,211,256.5,248.5,238,273,348,227,285,235,287,249,298,314.5,255,263.5,266,238,237,242.5,255,180,148.5,135.5,177,262,328.5,317,259,162,NA,489,"ltr"
"490","000000000000000000f3_0",492.5,417.5,372,658.5,416,543,658.5,442,495,557,481,580,359,509,475,456,559,581,564.5,603,292,291.5,252.5,514,340,278.5,316,442,301,477,503,617,467.5,NA,490,"ltr"
"491","000000000000000000f4_0",445.5,472,440,665,435,483,678,460.5,438,606.5,517,589,343,539.5,514,471,561,584,582,624.5,316,345,364.5,568.5,338,359,325,443,308,492,523,365,423,NA,491,"ltr"
"492","000000000000000000f5_0",548.5,468,380,486.5,362,506,663,440,363,410,385,359.5,343,338,296.5,370,500,271.5,420,339.5,254,335.5,247,375,233,194.5,189,360,372.5,402,495,481.5,402,NA,492,"ltr"
"493","000000000000000000f6_0",386,344,414.5,621,427,283,629,400,416,504,427.5,538.5,268,490,501.5,423.5,594,595,522,563,314,302,353,481,303,334,302.5,404,363,353,471,352,356.5,NA,493,"ltr"
"494","000000000000000000f7_0",376,421,550,468,457,491.5,408,604.5,564,531,533,506,442.5,485.5,565,511,444,338,442,511,420,430,401.5,486,415.5,334,383,460,499,554.5,743,727,541,NA,494,"ltr"
"495","000000000000000000f8_0",421,489,470,644,435,524,719,460.5,438,611,519.5,602,381,570,535,506,588,600,602,592.5,310.5,336,362.5,577,336,354,328,420,328,492,505,467,412,NA,495,"ltr"
"496","000000000000000000f9_0",633,542,418,486,366,536,650,419.5,440,454.5,435,438,345,447.5,460.5,417,490.5,381.5,484,500,216.5,283,373,439.5,350,214.5,236,411,383,421,490.5,582,487.5,NA,496,"ltr"
"497","000000000000000000fa_0",568.5,532,369,449.5,393,483,624,439,409.5,398,351.5,409.5,320,422,527,510,476,370,375,426,214,396,272,427.5,264,178,197,354,434.5,362,439,524,395,NA,497,"ltr"
"498","000000000000000000fb_0",359,424.5,457,658,456,477,662,444.5,469,609,539,581,370,555,525,469.5,581.5,592,576,576.5,342,342,368,586,316,351.5,309,442,315,479,449,390,412,NA,498,"ltr"
"499","000000000000000000fc_0",438,435,493,665,487,536,694,459,458,576,482,545,371,554,521.5,449,575,601.5,603,621.5,314.5,294,350,552.5,366,362,350,471,350,460,486,536,478.5,NA,499,"ltr"
"500","000000000000000000fd_0",337.5,279,358,453,408.5,497,426,385,350,337,313,332.5,322,332,311.5,322,311,285,277,297,262,250,246.5,326,228,233,218.5,280,345,388.5,723,469.5,484,NA,500,"ltr"
"501","000000000000000000fe_0",385,429.5,522,492,356,431.5,393,544.5,585.5,435.5,510.5,452.5,319,443,597,532,490.5,434,517,520.5,532,390,466,362,517.5,476.5,705,359,398,322.5,640,670,452,NA,501,"ltr"
"502","000000000000000000ff_0",526,565,816.5,621,526,556.5,483,622,564,388,739,484.5,484,470,606,558,516.5,444,495.5,540,490,331,680,524,673,743,807.5,393,527,453,573,671,653,NA,502,"ltr"
"503","00000000000000000100_0",438.5,459,452,699,512,644,678,466,468.5,556,521,559,374.5,557,525,516.5,581.5,586,605.5,605.5,314,317,415,476,367,338,375,413,385,459,486,666,508.5,NA,503,"ltr"
