"","system.index","RED","RED_1","RED_10","RED_11","RED_12","RED_13","RED_14","RED_15","RED_16","RED_17","RED_18","RED_19","RED_2","RED_20","RED_21","RED_22","RED_23","RED_24","RED_25","RED_26","RED_27","RED_28","RED_29","RED_3","RED_30","RED_31","RED_32","RED_4","RED_5","RED_6","RED_7","RED_8","RED_9",".geo","CID","class"
"1","00000000000000000000_0",191,224,145,221,187.5,186,178,203.5,183,219,184,175,198.5,165.5,149,183,188.5,168,173,174.5,173,79.5,163.5,240,194,134,138,152,261,225,344,322,229,NA,1,"for"
"2","00000000000000000001_0",194,220,147,227,185,225,218,203.5,180,220,184,234,233,181,171,239.5,212,203.5,171,210,210,106.5,140,239.5,157,146,137,217,263,207,362,299,243,NA,2,"for"
"3","00000000000000000002_0",295.5,306,242,277,265,326,264,259.5,246,256,237,248.5,293,238,217.5,273,249.5,258,233,230,259,152,205,308,222,198,173.5,222,343,318,424,378,293,NA,3,"for"
"4","00000000000000000003_0",252,285,203,278,247,267.5,286.5,248,203.5,239,242,277,332.5,258,227,297.5,218,240.5,224,236,224,154,189,275,210.5,176,162.5,239,301,272.5,401,327.5,272,NA,4,"for"
"5","00000000000000000004_0",280,303,188,237,261.5,281,254,230,206,190.5,213,210,237,205.5,212,251,224.5,226,212,237,238.5,182.5,177.5,265,190.5,184,162,201,229,266,400,311.5,239,NA,5,"for"
"6","00000000000000000005_0",244.5,305,239.5,277,225,263,258,237.5,202.5,221.5,203,229,278,231,210,258,206,219,207,194.5,201,104,178,275,205.5,148,157,230,299.5,302,413,328,251,NA,6,"for"
"7","00000000000000000006_0",243.5,307,211,272.5,216,294.5,231,229.5,198.5,204,203,224,256,184,184,280,217,211.5,175,223,200,198,161.5,247,192.5,166.5,151,204,258,277,396,332,237.5,NA,7,"for"
"8","00000000000000000007_0",294,292.5,234,267.5,236.5,294,261,219,215,230,228,224,294,230,221,265,236.5,242,236,235,215.5,158,205,275,202,186,180,235,307,248.5,425,364,293,NA,8,"for"
"9","00000000000000000008_0",252.5,252,243,279,227,259,278,251,237.5,235,232.5,243,262,217.5,221,245.5,270,240,230,255,234.5,146,199,277,211.5,176,183.5,237,307,257,461.5,375.5,271,NA,9,"for"
"10","00000000000000000009_0",296,345.5,292,331.5,276,299,279,258,264,283,277,296,346,289,273.5,364,291,302,267,260.5,244,215.5,234,321.5,248,232,228,273,367,295,462,360,295,NA,10,"for"
"11","0000000000000000000a_0",280,326,239,277.5,253,295,282,258.5,222,249.5,239,235.5,321,215,234,285,263,229,237,234,206,150,214.5,308,218,183,182,271,347,324,442.5,328.5,296,NA,11,"for"
"12","0000000000000000000b_0",379,342,308,323,281,309,287.5,265.5,266.5,251,283,273,371.5,259,254,295,275,271,254,240,243,206,223,343,224,251.5,220,314,350,354,406,387,310.5,NA,12,"for"
"13","0000000000000000000c_0",365,373,290.5,313,278,328,268,275,259.5,237,268,266,348.5,258,247,278,269,239,245,252,243,188.5,205.5,328,202,199.5,190,302,370,388,436,377,321,NA,13,"for"
"14","0000000000000000000d_0",197,259,180.5,242.5,229,206.5,236,195,207.5,204,198,218,233.5,193,163,233.5,257,205,200,189.5,201,87.5,177,268.5,188,132,156,218,281,261,345,332,278,NA,14,"for"
"15","0000000000000000000e_0",311,271.5,228.5,302,251.5,294,260,258,243,240.5,254,218,307,210.5,232,291,253,234,237,250.5,219,166.5,178,280,208.5,184,176,265,294.5,246.5,379,362,268.5,NA,15,"for"
"16","0000000000000000000f_0",301,300.5,236,257,213,264,222,217.5,229,220.5,207,200,276,190,205,226,242,206.5,204,201,167,145.5,147,289.5,184.5,161.5,145,265,279,287.5,345,323,258,NA,16,"for"
"17","00000000000000000010_0",397,364,306,341,323,341,274,278.5,268,262,283.5,290.5,337,260,276,301.5,300,287.5,270.5,243,236,208,220,323,248,226,203,306.5,374,365.5,416,372,321.5,NA,17,"for"
"18","00000000000000000011_0",377,373,289,309,277,324,273.5,266,249,237,250,260,336,236,224.5,272.5,287,248,253,235.5,230,174,193.5,354,221,180.5,171,306,350,360,434,338.5,298.5,NA,18,"for"
"19","00000000000000000012_0",519,439,334,317.5,275,331,308.5,316,284,281,267,254,403.5,262,264.5,294,262,258,270,264,276.5,203.5,230,356,211,214,191,295,325,306,433,329,320,NA,19,"for"
"20","00000000000000000013_0",244,263.5,186.5,249.5,230,273,228,219,199,190,229,238,282,205,202.5,240.5,237,227,200,213.5,210,164.5,169.5,266,184.5,183.5,164.5,220,302,262,325,321,245,NA,20,"for"
"21","00000000000000000014_0",380,370,292.5,321.5,289,325,291,287,264,272,293,297,349,278,272,298,278,281,275,282,213.5,238.5,237,320,242.5,238,219,305.5,371,369,444,394,368,NA,21,"for"
"22","00000000000000000015_0",295,307,275,292,278.5,335,328,255.5,242,253.5,267.5,250,300,248,258.5,280,265,250,262.5,275.5,246,194,222.5,320,213,209.5,202,272,333.5,295,473,393,294,NA,22,"for"
"23","00000000000000000016_0",288.5,321,264,286.5,247,289.5,256,244,242,226,238.5,228,290,235,213,254,240,218.5,235,219,227,189,193,284,201,201,195,253,308.5,298,415.5,349,309.5,NA,23,"for"
"24","00000000000000000017_0",311.5,302.5,262.5,324,271,304,306,261,260,247.5,278,240,287,263.5,257,264,270,252,242,235,228,204,205,305,225.5,220,197,243,286,311,435,318,296,NA,24,"for"
"25","00000000000000000018_0",418,392.5,336,360,290.5,345,336,315,313,287,298,269,376.5,320,271,301.5,278,261.5,280,265,265,205.5,219.5,380.5,241,220,213,305.5,382,373,526,348,335.5,NA,25,"for"
"26","00000000000000000019_0",324,311.5,281,305.5,261,305.5,300,267.5,259,268,253,235,309.5,262,251,271,229,248,236,260.5,238,176.5,185,317,213.5,199,155,304,320,310.5,500,386,302.5,NA,26,"for"
"27","0000000000000000001a_0",330,325,296.5,322,271,324,315,277,263,256.5,267,267,288,266.5,285,303.5,286,260,262,254,245,207,208,318,239.5,209,204,271.5,297.5,297,435,363,295,NA,27,"for"
"28","0000000000000000001b_0",259,306,276.5,314.5,318.5,320,302,273.5,255,325,353,294,296,235,230,269,240,227,226.5,234,242,202,201.5,339,216,213,200,284,330.5,330.5,552,411,309.5,NA,28,"for"
"29","0000000000000000001c_0",281,266,235,283,292,270,252.5,263,243,255.5,219,237,252.5,193.5,216,254,270.5,223,226,238.5,225.5,164,190.5,270,181,189,168.5,250,324,275.5,504,392,293,NA,29,"for"
"30","0000000000000000001d_0",236,298,228,257.5,231,291,252,221,214,235,213,216.5,258.5,181.5,189,248.5,244,225.5,208.5,212,216,149,174,285,181.5,153,148,235,316,253.5,436,372,282,NA,30,"for"
"31","0000000000000000001e_0",197,166,173,233,170,166,171.5,169,157.5,174,170,160,175,184,141,193,178,180,161,163.5,170,117.5,125,176,145,122,116.5,146,219,163.5,453,256,213.5,NA,31,"for"
"32","0000000000000000001f_0",345,354,345,350,296.5,351,358.5,285,288.5,309.5,297,252,329,283.5,260,302,259,272,263,279,246.5,216,230,335,239,236,210,311,360,373,493,444,362,NA,32,"for"
"33","00000000000000000020_0",303,326,326,323,329,323,290,318,283.5,354,403,296,316,250.5,263,250.5,280.5,254,244,280,219,184,192.5,336.5,214,190,187,276,336.5,318.5,556,458.5,353,NA,33,"for"
"34","00000000000000000021_0",347.5,340,321,353,291,334,337,275,269,252,277.5,262.5,349,280.5,284,290,280,280.5,261.5,242,251,225.5,221.5,296,224.5,237,226,298,346,340,500,375,333.5,NA,34,"for"
"35","00000000000000000022_0",327,339,269.5,319.5,276,296,317,255,281,263,251,261,321,262,256,268,235,265,241,266,234.5,209.5,215,313,222,228,212.5,267,329,331,504,390,315,NA,35,"for"
"36","00000000000000000023_0",298,277.5,214,286,255,290,260,225,204,219,207,240.5,259,236.5,231,257.5,229,221,237,229,218,202,203,253,198,190.5,201,216,265,276,583,343,255,NA,36,"for"
"37","00000000000000000024_0",349,312,294,307,275,342,325,262,267.5,263,246,254,307,251,256.5,266,265,254,280,251,235,218,216,288,243,220,190,254,331.5,277,468,395,295,NA,37,"for"
"38","00000000000000000025_0",291.5,280,222,318,275.5,328.5,296,260,256.5,265,246.5,254,319.5,261,233,284,274.5,252,256,264.5,235,188,208.5,329.5,219.5,192,189,279,342,322,448.5,391,298,NA,38,"for"
"39","00000000000000000026_0",338,331,307,357,286,346,331,268.5,287,267,298.5,267,314,255,277,293,290.5,301,267.5,281,265,253,250,441,256,241,224.5,318.5,349,320,416.5,385,308.5,NA,39,"for"
"40","00000000000000000027_0",602.5,576,400,452,353,386,403,350,325,306,277.5,283,505,279,279.5,300,278,262,265,253,271,222,228.5,528.5,232,235,211,427,570.5,461.5,682,476,499,NA,40,"for"
"41","00000000000000000028_0",330,350,332,359,318.5,344,337,318,278,296.5,313,276.5,305,282.5,273,300,276,283.5,309,276,231.5,244,243,327,236,234,237.5,289,393,363.5,489,389,349,NA,41,"for"
"42","00000000000000000029_0",297,307,249,296.5,238.5,337.5,294,262,256.5,269,263,236,303,275,252,267,259,258,267.5,259,231.5,267.5,233,288.5,236,220,209,262,308,282,522.5,354,271,NA,42,"for"
"43","0000000000000000002a_0",329,338,294,328,275,343,304.5,260.5,257,275,311,271,315.5,270,261,306.5,275,295,262,258.5,267,227.5,218,320.5,223.5,241,209,280,325,330,517,390.5,294,NA,43,"for"
"44","0000000000000000002b_0",330,309,261.5,320.5,281,337,306,269,262,266,264,243,343.5,268,252,272,280,271,258,246,234,213.5,217,297,213,214.5,207,279,344,307.5,479.5,381.5,294,NA,44,"for"
"45","0000000000000000002c_0",351,307.5,246.5,306.5,285.5,343,270.5,260.5,257,278,284,279,317.5,270,239,302,276,231,257.5,269,259,239,223,277,218,214,207,273,330,292,632,348.5,322,NA,45,"for"
"46","0000000000000000002d_0",297,316,270,310,272.5,346,300,251.5,251,260,260,254,317.5,279,253,281,282.5,268,276,271.5,275,238.5,220,298.5,216,215.5,211.5,273,345,321,527,332.5,293.5,NA,46,"for"
"47","0000000000000000002e_0",297,362,249,308,257.5,309,302,255,245,264,254,290,298.5,286,261.5,306,288,283,303,303.5,246,256,237,320,237,240,230.5,273,333,326,549,353.5,290,NA,47,"for"
"48","0000000000000000002f_0",325.5,296,255,285.5,267,315,260,278.5,244,251,264,232.5,274.5,233,237.5,279,270,225,267,257.5,232.5,228,197,301.5,206,201.5,199,243,313,334,458,337,253,NA,48,"for"
"49","00000000000000000030_0",305,276,214,275,256.5,317,259,253,243.5,252.5,238,212.5,253.5,232,209.5,256.5,239,233,238.5,247,213.5,207.5,205,277,189,192,187.5,241,297,254,587,320.5,276,NA,49,"for"
"50","00000000000000000031_0",326,307,243,276.5,261.5,313,259,243,264,260,252,247,309,234,221,271.5,262,255,235,248,232,228,218,298,226,219,187,254,344,310.5,594.5,353,276,NA,50,"for"
"51","00000000000000000032_0",282,270,232,292,280,290,259,237,245,272,231,239.5,280,248,221,260,241,244,245.5,268,254,209,207,255.5,206,191,197,252,294,268,511.5,355,276.5,NA,51,"for"
"52","00000000000000000033_0",283,321,217,275,278.5,285,252.5,243,248,250,244,218.5,281,246,240.5,272,275,258,245,244.5,235,191,222.5,277.5,216.5,198,213,254,338,282.5,558.5,353,262,NA,52,"for"
"53","00000000000000000034_0",359,347.5,293,349,340,378.5,347.5,301,298,289,297.5,263,363.5,278.5,269.5,316.5,310,295,277,279,272,270,240,369.5,247,224,228.5,318,373,333,542.5,366.5,356.5,NA,53,"for"
"54","00000000000000000035_0",280.5,276,248,285.5,292.5,294,268.5,232,269,248,266,242,319,241,235.5,288,278,254,259,271,207,232,214.5,287.5,237.5,211,203,234,328,243.5,448,282.5,291.5,NA,54,"for"
"55","00000000000000000036_0",293.5,290,239,291,270,326,284,252,264,280,266,235,289,260,233,309,273,267.5,240,260.5,228,222.5,217,325,220,191.5,182,260.5,340.5,296,463,328.5,293,NA,55,"for"
"56","00000000000000000037_0",298,343,294,341,295.5,323,283,266,283.5,255.5,272,248,336,265.5,252,331,280,288,271.5,274.5,240,247,238,321,246,225.5,204.5,260,341,341.5,467.5,338,288,NA,56,"for"
"57","00000000000000000038_0",299,306,243,316,270.5,339.5,309,296,294,273,252.5,261,305,274,237.5,285,266,275,255.5,254.5,227,271.5,217,283,246,194.5,214,256,350.5,340,434,349,333,NA,57,"for"
"58","00000000000000000039_0",301,374,290,324,303,292.5,305.5,281,286,265,272,259,402,241,256.5,295,273,276,255,248.5,256,206,220,324,242,219,201,298.5,409,366,437,378,359,NA,58,"for"
"59","0000000000000000003a_0",325.5,375,318,344,327,334,306.5,290.5,288.5,303.5,310,280,336,258.5,261,344.5,298,264.5,284,273,263.5,231,213,311.5,234,215.5,204,294,382,332,554.5,344,328,NA,59,"for"
"60","0000000000000000003b_0",251,273,239,291,274,289,262,244,235,226,231.5,261,304,205.5,222,262,237.5,228,234,237,208.5,198,180,281.5,189,167,175,266,322,284,390,313,273,NA,60,"for"
"61","0000000000000000003c_0",242,283,212,290.5,250,284,280.5,250.5,242,250,300,254,290,213,204,258,254,240.5,231.5,232,205,206.5,179.5,296,213,166,168.5,227,346,319,438,329,272,NA,61,"for"
"62","0000000000000000003d_0",512,387,317,367,338.5,337.5,318,294.5,359,273,342,345,354.5,282.5,259.5,324,280,293,280,277.5,258,187,207,358,240,222.5,216.5,324,383,354,448,389.5,357,NA,62,"for"
"63","0000000000000000003e_0",328,374,291,364.5,293,356,313,286,304.5,260,276,312,359,263,282.5,323.5,255,273.5,296,278,249.5,232.5,226.5,321,251,229.5,209.5,322,331,329,491.5,406,348,NA,63,"for"
"64","0000000000000000003f_0",280,299,245,325.5,262,320,282,245,266.5,259,315,289.5,288,227,246,295,250,251,264.5,250.5,253,207,204,250,230.5,214,194,255.5,303,274,432,349,271.5,NA,64,"for"
"65","00000000000000000040_0",328,306,290,327,280,376,307,257,265,263,313,271,298,272,263,357.5,280,278.5,264,267.5,253,241,223,317.5,231,208,201.5,267,324.5,291,520.5,327,283,NA,65,"for"
"66","00000000000000000041_0",326.5,318,298,329,284.5,330,297,277,283,281,301,256,331,271,257,276,285,267.5,269,276.5,257,233,228,299,222,210,219,297,380,362,437,339,339,NA,66,"for"
"67","00000000000000000042_0",328,416,289.5,332.5,278,323,308,279,276.5,283,309,275,358,278,257,280,276,268,262,279,267,213,220,406,230,207,203,295,385.5,330,524.5,402,339,NA,67,"for"
"68","00000000000000000043_0",279,301.5,256,336,273,296,282.5,246,261.5,265,265,243,307.5,281,256,276,263,277,252.5,269,255,175,200,315,228,200,197,266,340.5,327.5,549,365,323,NA,68,"for"
"69","00000000000000000044_0",327,435,317,337.5,293,301,297,298,310.5,288,236,264,303,261,253,294,323,284,274,307,291,297.5,254,313.5,261.5,217.5,215.5,281,306.5,327,383,374,339,NA,69,"for"
"70","00000000000000000045_0",306,318.5,277,330,257,276,295.5,279,299,299,300.5,234.5,286,257,216,280,281,244,245,260,254.5,293.5,209,309.5,218,196.5,210.5,270,314.5,297,474.5,620.5,307,NA,70,"for"
"71","00000000000000000046_0",413,430.5,320,364,281,326,342,341.5,322,301.5,321,271,389,321,253,321.5,322.5,289,265,270.5,274,309,263,393,268,228,227.5,340,401.5,361,489,740.5,351,NA,71,"for"
"72","00000000000000000047_0",339,363.5,351,395.5,286,329,317,326,310,305,292,279,307,290,265.5,372,338,310.5,341,310,269,298.5,241,345,273,233,221,313,349.5,409.5,461,837.5,379,NA,72,"for"
"73","00000000000000000048_0",342,390,320.5,412,273,337,323,292,309,281.5,285.5,269,315,292,291.5,334.5,335.5,305,272,293.5,283,295,252,325,281,233,228,303,372,382.5,429,371,348,NA,73,"for"
"74","00000000000000000049_0",279,353,315,329,258.5,320,295,299,309,260,243,275.5,300,282.5,265,358.5,288,280,242,300,243,317,238,325,228,197.5,236,268,326,319,459,995.5,343.5,NA,74,"for"
"75","0000000000000000004a_0",287,322.5,285,330.5,297,331,307,325,314.5,320,288,307,300,234,274,313,276,279,266,272,253,241,212,319,249,222.5,201,274,306,321,455.5,367.5,320,NA,75,"for"
"76","0000000000000000004b_0",293.5,343,299,326,273,323,280,261,262,257,250.5,223,294,234.5,239,286.5,269.5,253,242,232,230.5,208,177.5,282,223,188.5,166.5,270,292.5,333,474,402,287,NA,76,"for"
"77","0000000000000000004c_0",223.5,263,235,261,224,271,256,233.5,239,241.5,195.5,186.5,244,216,205.5,317,251,225.5,238,244,213,162,185,246,201,192,161,209,314,216,397,355,306.5,NA,77,"for"
"78","0000000000000000004d_0",223.5,307,182,268,196,244.5,284,225,203,216,204,198,258.5,182,201.5,260.5,199.5,217,206.5,237,208,123,204,264,196,158.5,189,215.5,309,270.5,394.5,317.5,251,NA,78,"for"
"79","0000000000000000004e_0",398.5,348,268,303,274,329,304,280,274,286,289.5,245,349,263,261.5,275.5,251,278,261,261.5,209.5,195.5,208,314,218,214,207,275.5,300,323,401,343,303,NA,79,"for"
"80","0000000000000000004f_0",279,307,264,310,229.5,281,261,243,227,237,245.5,237,340,228.5,236,271,236,241.5,231,220,211.5,165,173,277,195,182.5,168,264.5,296,327,417,357,279.5,NA,80,"for"
"81","00000000000000000050_0",314,286,222,277,246.5,266.5,273,221,221.5,222,265,229.5,273,197.5,221.5,241,272,234.5,218,238.5,183.5,146,205,277,198,193,173,237,272.5,320.5,350.5,346,272,NA,81,"for"
"82","00000000000000000051_0",253,278.5,225,304,247.5,276,225,253,205,225.5,192,221,283.5,252,183,226,241,211,217,230,214,112,176,261.5,202,151,157,229,333,317,401.5,331,294,NA,82,"for"
"83","00000000000000000052_0",362.5,277.5,294,330,278,336,306,307,281.5,284,300,269,333,279,283.5,308,291,296,283.5,272,256,225,235,296,250,250,240.5,261,279.5,320.5,443,338,303.5,NA,83,"for"
"84","00000000000000000053_0",296.5,286,250,281.5,232.5,278,255,279,242.5,253,243,223,269,239,227.5,276.5,281,232,254,245.5,237,176,219.5,266,202,197,184,258,307,291,390,299,292,NA,84,"for"
"85","00000000000000000054_0",330.5,309.5,274.5,330.5,268.5,329.5,275,259,260,251,264.5,247,303.5,255.5,274,281.5,247.5,272,250,237,227,211.5,227,286,218,209.5,209,268,325.5,306.5,428,328,289,NA,85,"for"
"86","00000000000000000055_0",328.5,311,286.5,323,268.5,300,290,275.5,246.5,262,293,271.5,316,260,245,258,302,252,254.5,253,228.5,171,213,315,196,183.5,188,276.5,359.5,321,397,331,302,NA,86,"for"
"87","00000000000000000056_0",321.5,331.5,267,324,278,325,297,280,259.5,283,262,287,327,258.5,257,276,262,259,255,272,203,189,199.5,315,215.5,197.5,215,282,309,316.5,433,362,314.5,NA,87,"for"
"88","00000000000000000057_0",377,315,323,331,282,326,269.5,321,287,280,313,295,351,270.5,278,308.5,300,283.5,262,276,236.5,206,237,315,245,239,243.5,310,349,347,424.5,358,327,NA,88,"for"
"89","00000000000000000058_0",260,234,186,291,186,253,206.5,211.5,205.5,216,188,220,206,228.5,199,234.5,253,187,190,195,178,113,167,249,164,140,151,208,285,244,369.5,289,262,NA,89,"for"
"90","00000000000000000059_0",281,268.5,235,293,243,303,285,244,215.5,237,231,244,286,213,225.5,258.5,231,248,225,238,225,166.5,202,255,188.5,185,198,248.5,303,284,442,320.5,294,NA,90,"for"
"91","0000000000000000005a_0",487.5,518,319,390.5,313,408,358,390,339.5,371.5,320.5,326,471,291,322,340,319,320,298,323.5,292,195,255,384.5,265,234,244.5,452.5,370,444,538.5,474.5,417.5,NA,91,"for"
"92","0000000000000000005b_0",312,309,268.5,301.5,267,358.5,289,287.5,252,279.5,286,272.5,322,234,246,294,267,266,254,268,220,167.5,230,334,212,198,198,271.5,306,295,417,356,301,NA,92,"for"
"93","0000000000000000005c_0",314,282,282,278,292,297,290,275,245,257.5,279,276,298,271,258.5,266,255.5,282.5,248.5,267,231,207,198,298,228.5,216,197,290,310,314,444,349,310,NA,93,"for"
"94","0000000000000000005d_0",293,288.5,263,275,290,282.5,271,229,226,211.5,258,254,257,257.5,264,246,248,257,243.5,247,219.5,199.5,199,268,200,211,193,252,275.5,283,401,301,298.5,NA,94,"for"
"95","0000000000000000005e_0",204,312,193,293,186.5,225.5,225,200,218,256,241,239,235,196,177,280.5,246.5,217,197,200.5,219,103,226,271,233,145,165,233,390,279,455,357.5,322,NA,95,"for"
"96","0000000000000000005f_0",310,277,260,262,242.5,270,273.5,236,233,230.5,262,265,281,257,251,229.5,244,239,231,220,233,190,193,312,192.5,204,209,254,304,297,451,342,280.5,NA,96,"for"
"97","00000000000000000060_0",167,210,187,221.5,232,227.5,202.5,194,209.5,239,221.5,216,195,164,179.5,231,205.5,211,208.5,166,193,58,177.5,264,176,147,147.5,182,322,257,376,331,271,NA,97,"for"
"98","00000000000000000061_0",225,294,191.5,238,231,214.5,213,202.5,213.5,226,235.5,276.5,269,254,196,247,195.5,217,209,213,183,154,178.5,286,204.5,146,157,176,340,285.5,448,344.5,274,NA,98,"for"
"99","00000000000000000062_0",250,272.5,233.5,249,272,253,250,251,218,240,244.5,246.5,239,213,220,226,243.5,225,231,214,219,169,172,280.5,192,182,164,208,278,279,373,319,264,NA,99,"for"
"100","00000000000000000063_0",302,266.5,249,283,288,293,274,259.5,250,242,259,248,264,265,262,262,249,255,241.5,259,246,218,211.5,288,219.5,218,200.5,282,315,341,446,319,279.5,NA,100,"for"
"101","00000000000000000064_0",225.5,195,161,185,169.5,205,177,173.5,174,193,188,160,175,144,154,170,168,156,160,164.5,138,127,130,204,136.5,99,101,124,265,246,368,259,214.5,NA,101,"for"
"102","00000000000000000065_0",165.5,209,148,213,170,172,176.5,189.5,170,173,193.5,145,219,151,154,171.5,171.5,170,181.5,188.5,127.5,139,158,221,141.5,102.5,106.5,124,290,285,356,315,291,NA,102,"for"
"103","00000000000000000066_0",280,257.5,188.5,235.5,189,270,263.5,221,215,219.5,236.5,198,253,208,208.5,226,225,215.5,208,209,155,187,180,259,181,169.5,148,224.5,271.5,333.5,355.5,308,257.5,NA,103,"for"
"104","00000000000000000067_0",154,188,99,120,82,136.5,138,161,112,172,132,101,170,95,87,149,167,119,128.5,122,105,75.5,130,180,134,79,106,120,225,174,327,240,189,NA,104,"for"
"105","00000000000000000068_0",308.5,259,247.5,238,232,268,257.5,247,216,219,207,226,268,233.5,234.5,233.5,244,229,206,236,203.5,177,178,262,187.5,187,164.5,219,264,362.5,406,313,291,NA,105,"for"
"106","00000000000000000069_0",405,340,313,306,305,340,299,321,288,278,312,326,317,276,301,297,298,289,287,290,280,241,240,290.5,233.5,258,243,261,332.5,395,490,357,323.5,NA,106,"for"
"107","0000000000000000006a_0",284,271,253,250,240,279.5,263.5,255.5,213,233.5,244,236,251.5,235.5,240,257,239,237.5,218,229,211.5,174,189,235,200,197,187.5,233,261,304,406,290.5,255.5,NA,107,"for"
"108","0000000000000000006b_0",134.5,158,84,111,96.5,141,129,177,134,137,135,154,111.5,113.5,102,137,146,142.5,134.5,123,98,49,113.5,178,109,79,100,117,172,251.5,297,258,176,NA,108,"for"
"109","0000000000000000006c_0",136.5,190,108,169,165,177,125,162,160,170.5,157,169,173,131,124,149.5,147,150,141.5,166.5,116.5,51.5,141,245.5,143.5,79,94.5,148.5,192,228.5,357,293,247,NA,109,"for"
"110","0000000000000000006d_0",388,362,311,336,289,305,308,306,291,290,270,278,331,281.5,293,268,305,272,285.5,274.5,232.5,224,230,322.5,234,219,206.5,268,345.5,404,429,365,327,NA,110,"for"
"111","0000000000000000006e_0",345,343.5,294,329,278,333,356,278,291.5,283,294,289,342,270,292.5,295,275,277,261,260,219,207,225,331,231,229,206,298,326.5,421,424,359.5,336,NA,111,"for"
"112","0000000000000000006f_0",344.5,297,246,305,258,333.5,313,280,258.5,273,254,272,339,263,251,292,276,280,235.5,263,251,185,216,325,223,215,192,250,329.5,331,441,342.5,310,NA,112,"for"
"113","00000000000000000070_0",308,308,292.5,325,259,292,313,267,259,265,264,239.5,334.5,236.5,249,298,278,246,235,237,235,196.5,208,310,240,208,195,312,311,353,469.5,329.5,312,NA,113,"for"
"114","00000000000000000071_0",346.5,336,291,328,259,328.5,297,257,246,263,310,287,331,256,255,288,294,247,246,258,248,205,204,337,220,223,191.5,308,376,369,470,374.5,313,NA,114,"for"
"115","00000000000000000072_0",478,350,349,364,325.5,366,352.5,281,303,285,306.5,313,359.5,273.5,309,314.5,292,288,284,272,265.5,237,235,313.5,239,226,228,305,351,429,487,388,336.5,NA,115,"for"
"116","00000000000000000073_0",235.5,288,242,252,225.5,235.5,261,250.5,225,234,238,216,279,253,206.5,256.5,230.5,229,225,201,174,148.5,183,279,190,164,167,224.5,327,330,422,351,283,NA,116,"for"
"117","00000000000000000074_0",479,451,376,378.5,324,376.5,332,317,316,302,312.5,311,455.5,307.5,311.5,334,300.5,287,305.5,287,268,252,254.5,429.5,239,264.5,224.5,390.5,446,462,578,409,355,NA,117,"for"
"118","00000000000000000075_0",126.5,144,99.5,137,103,173,145,151.5,119.5,170,123,121,194.5,109,80,136.5,130,155,99,131,150,65,101,174,131,58,72.5,152,205.5,263,324,257,215,NA,118,"for"
"119","00000000000000000076_0",157,209,126,217,184,179,176,185,174.5,187.5,182,177,272,160,145,176,178,162,158,141.5,187,154.5,136.5,266,136,90,63,171.5,304,250,492,336.5,262,NA,119,"for"
"120","00000000000000000077_0",262,303,215,297,267.5,274,270,234,240,210,230,235,251.5,219,216,295,228,219.5,202.5,213,193,142,167,279,184,173.5,162,199,351.5,300,444,351,295.5,NA,120,"for"
"121","00000000000000000078_0",252.5,266,185,286,255.5,282,217,226,220.5,203,222,225,304,180,191,252.5,206.5,204.5,193.5,197,199,119,148,283,164.5,146,161.5,223,342,365,476,351,300,NA,121,"for"
"122","00000000000000000079_0",365,392,248.5,298,237,273,282.5,255,241,235,262.5,243,362,223,213,236,223.5,209,226,236,220.5,154,195,328,206,198.5,193,279,386,278.5,447,395,354,NA,122,"for"
"123","0000000000000000007a_0",256,290,216,264,246,273,220,194,212,171.5,219.5,216,248.5,194,204,268.5,235,216,187,194,160,113,137,248.5,186.5,152,140,220,264,258,416.5,338.5,260.5,NA,123,"for"
"124","0000000000000000007b_0",311,339,250.5,296.5,273,327,290.5,270.5,255,226,269,275,307,241,254,318.5,249,266,240,241.5,224,169,209,295,219.5,204.5,191,269,385,326.5,503,381,308,NA,124,"for"
"125","0000000000000000007c_0",222.5,225.5,161,259.5,175,263,219,206.5,192,207,180,187,232,208,166.5,322,198,221,214,219.5,154,107,165,240,166,146.5,117.5,153.5,313,258.5,450,319,255,NA,125,"for"
"126","0000000000000000007d_0",284,257.5,232.5,262.5,181,283,251,207.5,219,208,206,228,263,195,193,246,250,216,200,207,177,123,145.5,271.5,168,149,149,196.5,271,300,440,334,258,NA,126,"for"
"127","0000000000000000007e_0",520.5,471,403.5,409.5,352,377,408,320,355,298,356,325.5,412.5,292,311,346,286,294,282,287,281.5,241,235.5,357.5,257,243,228,340.5,414,421,577,432,434.5,NA,127,"for"
"128","0000000000000000007f_0",295,317,265,301,238,282,293.5,254,245.5,240,258,262,326,238,216,289.5,280.5,241,248,234,227,163,210,298,217.5,201,180.5,273,346.5,386,515,375.5,315,NA,128,"for"
"129","00000000000000000080_0",277,388,267,271,276,292,300.5,294,252,256.5,271,276,304,228.5,238.5,285,277.5,243,241,235.5,236,169,209,291,232.5,210,197,303,316,371,515.5,376,339.5,NA,129,"for"
"130","00000000000000000081_0",256,253,202,235,180,241,246,214,213.5,172.5,237,182,242,185,209.5,251.5,219.5,190,196,171,195,130,163.5,222,172,140,140,261,229,288,451,335,251,NA,130,"for"
"131","00000000000000000082_0",303,348.5,281,287,264,319.5,298,272.5,265,257.5,286.5,262,307,262,248,327.5,279,253,262,240,219,202,202,276.5,233,198,197,260,245,320,451,382.5,280,NA,131,"for"
"132","00000000000000000083_0",292,298.5,268,303.5,282.5,291.5,254,269,241.5,231.5,226.5,231.5,305,236,236.5,270,243,214,231,222,228,213.5,178,305,220,199,168,256,289,318.5,957,341.5,300.5,NA,132,"for"
"133","00000000000000000084_0",324,309,293,331.5,278,290.5,300,286,296,263,293,266.5,304,252.5,279,311,275,258,256.5,261,247,200,239,305,212,231.5,212,270.5,349,315,617.5,371.5,346,NA,133,"for"
"134","00000000000000000085_0",276.5,309,292,343.5,258,291,336,280.5,275.5,255.5,280,341,288,285,276,308,306,242,249,249,229,172,228,313,191.5,223.5,192,311,351,376,682.5,450.5,326,NA,134,"for"
"135","00000000000000000086_0",272.5,308,224,338,322.5,318,264,281,249,254,293,291,315.5,246.5,242,307,256,262.5,224,240,257,168,262,333,212.5,225,229,305,364,370.5,649,476,357.5,NA,135,"for"
"136","00000000000000000087_0",278,335,292,335,279,338,304,311.5,296.5,265.5,310,302,311.5,275,256,380,292,245,267,239.5,248,237.5,249.5,324.5,204.5,224,217,310,355,350,574.5,558,350,NA,136,"for"
"137","00000000000000000088_0",190,225,159,215,166,219,208,205,202,179,240,270,215,193,187.5,245.5,222,204,205,186,170,137,152,261.5,154,119,126,232.5,233,204,514.5,417,252.5,NA,137,"for"
"138","00000000000000000089_0",328,295,291,302,246.5,270,288,259,265,265,322,266,283.5,225,251,340.5,261.5,249,237,240,208,195,187.5,275,221.5,188.5,170,292.5,293,318,608,454.5,323.5,NA,138,"for"
"139","0000000000000000008a_0",125.5,189,102,223,159.5,239,213,159.5,161,168.5,203.5,159,155,165,137.5,229,192,123,145,155,156,34,104,238,140.5,98.5,101,150,260,168,580,335.5,237,NA,139,"for"
"140","0000000000000000008b_0",517,389,370.5,423.5,351,392,401.5,373,373.5,324.5,360.5,391.5,364.5,336,340,409,365,318,317,312.5,290,313.5,300,360.5,303,260,284,319,394,408,475,496,359.5,NA,140,"for"
"141","0000000000000000008c_0",276.5,305.5,289,313,285,297,288,282,243,267,283.5,295.5,301.5,267.5,235.5,323,271,251.5,253,250,231,313,229.5,318,207.5,186,178,280.5,343,318.5,424,454,345.5,NA,141,"for"
"142","0000000000000000008d_0",370,297.5,317,379,283,336.5,323.5,286,298.5,262.5,290,302,298.5,268,261,335,301.5,288,272,266.5,250,234,219,308,239,227.5,212,345.5,346,368,483,397,295,NA,142,"for"
"143","0000000000000000008e_0",447,390,334.5,360,320.5,331.5,360,299.5,327,287,313.5,303,317,276,306,394,319,313,325,300.5,273,248,250,335,265,270.5,246.5,304,345,358,527.5,369.5,343,NA,143,"for"
"144","0000000000000000008f_0",355,335,249,293,270,291.5,361,308,273.5,254,356.5,314,303.5,258,248.5,292.5,295.5,255,258,238,251.5,231,199,337,217,193,202.5,286.5,349,340.5,484,416.5,315,NA,144,"for"
"145","00000000000000000090_0",260,265,202.5,268,174.5,259.5,242.5,222.5,202,211,258,241,270.5,181,185.5,258,235,208.5,198.5,203,208.5,100,185,268,196,144,173,215,288,301,447,392.5,273,NA,145,"for"
"146","00000000000000000091_0",306,279,260,294,254.5,295,323,271.5,250.5,238,249,276,256,223,241,282,252,245,264.5,237,269,207,211,235,233.5,217,204,185,263,266.5,445,373,282.5,NA,146,"for"
"147","00000000000000000092_0",254,281.5,201.5,285,232,237,293,237,224,209,257.5,215.5,253,204.5,196,299,250,222,210,231,193,186,175,249,185.5,179,162.5,279,263,252,389,351,277.5,NA,147,"for"
"148","00000000000000000093_0",373,388.5,336,379.5,312,350.5,358.5,320,345,300.5,330,302,353,285,286,336,306,300,296,270,275,240,218,336,253,229,226,326,391,393,567.5,418,384,NA,148,"for"
"149","00000000000000000094_0",297,339.5,283.5,301,230.5,293.5,274,263,242,228,277,270.5,309,230,231,267,233,240.5,229,249,207,158.5,195,291,187,196,195.5,276,333,328,480,468,324,NA,149,"for"
"150","00000000000000000095_0",214,362,197,284,239,286.5,243,264,242,220.5,320.5,245,277,219.5,184,275,233,195,235,257,210,174,215,292,213.5,209.5,220,223,340,346.5,448,397,314,NA,150,"for"
"151","00000000000000000096_0",192.5,301,186.5,286.5,197.5,184,264.5,225.5,199,190,213.5,285,259.5,195,149.5,226,244.5,167,177,157,158.5,174.5,200,288.5,180,185.5,149,188,268,299.5,542,463.5,290,NA,151,"for"
"152","00000000000000000097_0",350,389.5,276,342,282.5,323,290,279,289,288,278,351.5,327,314,276,319,318,266.5,260,241,259,248,247.5,327.5,217,215,226,334,398,314,646,505.5,349,NA,152,"for"
"153","00000000000000000098_0",313,309,336,313,265,332,305,308.5,269,269,279.5,286,309,275.5,244,333,301,234,244.5,282,286,246,249,322.5,233,244,248.5,296,304,363,433,399,340,NA,153,"for"
"154","00000000000000000099_0",103,181,157,162,161,147.5,168,140,145,153,199,154,175,135,95,197,142,175,154,110,161,58,183,221,104,129,110,124,212,240.5,386,188.5,227,NA,154,"for"
"155","0000000000000000009a_0",231,286,225,256,243,200,282.5,211,217,210,248.5,182,244,207,167,200.5,237,210,222.5,264,193,157,235.5,292.5,171,199,211,279,308,347,451,266,290.5,NA,155,"for"
"156","0000000000000000009c_0",182,250,230,270,255.5,198,310,239.5,192,286,258,306,249.5,224,193,240.5,282,204,247,211,240,172,227,258,179,227,235,227.5,312,304,418,649,318.5,NA,156,"for"
"157","0000000000000000009d_0",261,276,221,244.5,228,281,247,226,197.5,211,246,209,248,214,206,211,240,196,221.5,199,209,159,186,228,158.5,191.5,197,261.5,257,315,419,557,286.5,NA,157,"for"
"158","0000000000000000009e_0",156,227,117,157,110,140,147,166,87,141,147.5,148,150,111.5,106,160,117,124,135.5,119.5,140,82,134,198,51,106,85,140.5,178.5,310,325.5,241.5,210,NA,158,"for"
"159","0000000000000000009f_0",182,257,199,246,162,194,217,221,192,214.5,200,164,225.5,209,174,233.5,295.5,194.5,221,205,215.5,162,213,248,141,155,190,214,259,368,404,347,310,NA,159,"for"
"160","000000000000000000a0_0",217,270,199,237,231,201,238.5,232,228,228,258,235,239,223.5,208,208,196,202,206.5,224,210,181,210,240,166.5,210,201.5,230,293,316,454,386,295,NA,160,"for"
"161","000000000000000000a1_0",154,246,155,199,199,201,212,207,188,171,212,247.5,203.5,181,161.5,171,186,187,199.5,199.5,171,122.5,150,226,128,148,168,182,228,288.5,908,265.5,252.5,NA,161,"for"
"162","000000000000000000a2_0",230,325,209,263,295,243,244.5,241,243,195,253,206,265,215.5,203,269.5,262,230,238,201,208.5,286,204,297,188.5,199.5,218.5,255.5,262,308.5,419,267.5,293.5,NA,162,"for"
"163","000000000000000000a3_0",103,152,116,138,130,147,158,153,153,139,154,128,116,151,101,189,240,147,183,111,148,82,147,184,133.5,136,154,123,175,268.5,311.5,162.5,213,NA,163,"for"
"164","000000000000000000a4_0",252,322.5,265,327,290,346,322,282,241,256,302,330,306,278,257.5,304,260,269,274,274,221,197.5,233,307.5,204,216,219,302.5,322,287,453,451,313,NA,164,"for"
"165","000000000000000000a5_0",368.5,343,295,379,274,340,323,314,298,263.5,343,259,325.5,277.5,288,363,319.5,313,303,299.5,267,257.5,259,308,247,264.5,264,386,353,359.5,552,416,324,NA,165,"for"
"166","000000000000000000a6_0",182,262,211,227,175.5,292,349,247.5,200,188,233.5,226,205.5,212,231.5,331,207,195,199.5,204,212.5,163.5,190,354,151,146,164,335,258.5,170,423,318,313,NA,166,"for"
"167","000000000000000000a7_0",272,308,183,286,254,257,255,219,222,223,237,298,257,199,232.5,279.5,222,220,218,208,195,113,177.5,289.5,188.5,158,144,264.5,287.5,256,418,365,283,NA,167,"for"
"168","000000000000000000a8_0",296,349.5,246,294,256,278,293,264,266.5,246,266,309,274.5,244,248,347,270,269,264,263,233,203,211.5,302.5,248,222,203.5,276,308,290,452,425,292,NA,168,"for"
"169","000000000000000000a9_0",195.5,287.5,202,282,253,238,263,217,189,228,215,198,225,174,168.5,241,226,193,185.5,209,184.5,179,157,296,179,132,129,181,283,254,372,396,276.5,NA,169,"for"
"170","000000000000000000aa_0",278,380,315,351,266,316,292,296,268,279,273,281,301,283,260.5,326,287,286,276,248,249,221,235,341,238.5,226.5,202,266,353,419,455,483.5,325,NA,170,"for"
"171","000000000000000000ab_0",255,266.5,239,292.5,238.5,287,262.5,216,250,229,250,218.5,253,210,214,279.5,235,241,229.5,225.5,236,150,192,302.5,216,183,163,243,286,304.5,404,394,301.5,NA,171,"for"
"172","000000000000000000ac_0",280,346,290,320,245.5,293,289,281.5,247,274,282.5,262,304,259,241,340,302,247,232.5,268,240,206,228,308,249,226,230.5,270,349,293.5,459.5,392.5,325,NA,172,"for"
"173","000000000000000000ad_0",231,331,204,292,247,283,282.5,253,222,235,251,210.5,302.5,212,209,254,246,236,218,251.5,211,140,190,265,202,182.5,170,263,312,308.5,428.5,341,280,NA,173,"for"
"174","000000000000000000ae_0",260,331,251,324,264,285,259,263,223,218,225,223.5,299,245.5,224.5,259,266,238,224,239,237.5,157,188.5,280.5,211,203,178,271,334,316,521,320,323,NA,174,"for"
"175","000000000000000000af_0",356,336.5,292,329.5,271,330,357.5,281,280.5,267.5,273,263,300,263,272,303,280,292,290,283,298,236,251,315,261,259.5,239,277,340,327,437.5,347,350,NA,175,"for"
"176","000000000000000000b0_0",261,265,205,245,206.5,274,260,221.5,211,234,209,248,247,193,200,224.5,243.5,239,205,230,233,135,173,259,180,161,155,229,308,318,351.5,321,257,NA,176,"for"
"177","000000000000000000b1_0",320,270.5,235,269,227,243,250,227,208.5,230,217,214.5,268,186.5,202,238,221,223,229,215.5,209.5,145.5,158,250,187.5,171,161.5,223,267.5,193,358,324,252.5,NA,177,"for"
"178","000000000000000000b2_0",472.5,374,294.5,354,324,348,315.5,319,296,308,312,275,396,301,296.5,355.5,307,306,274.5,284,271.5,228,230,356,246,226.5,205,341,347.5,385,455,392,367.5,NA,178,"for"
"179","000000000000000000b3_0",316,285.5,247,283,227.5,303.5,277,249,244,249,272,233,298,247,251.5,296.5,259,249.5,234.5,253.5,226,192.5,190,250,215,209,189,244.5,267,297.5,347.5,319.5,296.5,NA,179,"for"
"180","000000000000000000b4_0",398.5,350.5,292.5,328,281,333.5,322,269,256.5,269,258,264,363,266,250.5,271,280,260,253,269.5,249,165.5,207,315,216,198,188,328,373,392,421.5,382,296.5,NA,180,"for"
"181","000000000000000000b5_0",329,918,318,339,278,321.5,296,296,275,268,277,247,412.5,276,252.5,295,247.5,271.5,228,282,218,214.5,215,363,236,230.5,201,336,363,329.5,488,401,339,NA,181,"for"
"182","000000000000000000b6_0",366,349,315,348,293.5,331,304,293,283,289.5,268.5,273,309,249,262.5,302.5,271.5,286,254,275.5,255,231,228.5,326,218,234,225.5,295,345.5,327.5,452.5,403,296,NA,182,"for"
"183","000000000000000000b7_0",799,406,312,324,279,321,313,278.5,268,253,236,243,368.5,266,255.5,274,266,260,275,279,254,229,220.5,315,235,218,221,304,313,329.5,460,355,340.5,NA,183,"for"
"184","000000000000000000b8_0",298,302,239,297,240,304,264,248,251,246,258,250,294.5,207.5,234,257,241,235.5,221,232,213,164,188,279,188,187,175,260,323,263,397,363,298.5,NA,184,"for"
"185","000000000000000000b9_0",420,390,337,356,311.5,362.5,340.5,324,301.5,302,333,330,343,300,326,306,315,348.5,301,314.5,288,271,274.5,348,265,273,273,329,358.5,382,448,378,358,NA,185,"for"
"186","000000000000000000ba_0",287,255,216,251.5,227,239,219,186,205,214,208,214,254,185,208,222,218,215,200,193,174,153,145.5,248.5,166,173,166,223,327.5,256,400,285.5,261,NA,186,"for"
"187","000000000000000000bb_0",311.5,322,238,268,245,287.5,268.5,248,234.5,247,245,238,314.5,247,239,257.5,251.5,243,236,242.5,197.5,182,184,293,200,194,177,248,326,340,411,333,302,NA,187,"for"
"188","000000000000000000bc_0",285,229.5,165,220,181,210,202,193,168,202.5,177.5,192.5,258.5,187,172,193,202,189.5,197,176,185,140,138.5,233,157,121.5,119,194,279.5,263,344,272,269,NA,188,"for"
"189","000000000000000000bd_0",318,296,297,312,280.5,323,309.5,283.5,286,271,293.5,258,348,263,266,275,270,273.5,257.5,274.5,242,232.5,214.5,315.5,231.5,226,209,276.5,328.5,336,446,367,302,NA,189,"for"
"190","000000000000000000be_0",379,395,354,386.5,375,335,319,306.5,320,310,316,306.5,419,282,272.5,272,265,283,258.5,261,232,196,195,404,222,203,188.5,380,463,511,542.5,459,434.5,NA,190,"for"
"191","000000000000000000bf_0",327.5,277,212,282,229,288,255,234,214.5,216.5,244,215,270,222.5,209,222,262,207,206,198,173,142.5,177,257.5,174,163,148.5,241,326,322,395,300,270,NA,191,"for"
"192","000000000000000000c0_0",310,341,294,304,281.5,321.5,306,263,258,282,296,274,339,265,266.5,265,297,282,244.5,271,219,208,221,301.5,222,222,212,280,333.5,326,380,331,317,NA,192,"for"
"193","000000000000000000c1_0",281,291.5,252,284,233.5,304.5,255,240.5,232.5,237,256,231.5,312,200.5,238,232,258,214,219,219.5,186,134,188,281,190,176,184,250,323,310.5,369.5,331,294,NA,193,"for"
"194","000000000000000000c2_0",199,241.5,162,229,172,228,218,203.5,179.5,178,202.5,173,265,162,171,195,232,190,170,161.5,156,105.5,150,250,148.5,119,145,155.5,279.5,251.5,361.5,291,228,NA,194,"for"
"195","000000000000000000c3_0",284.5,340,268.5,293.5,234,297,264,243.5,247,237.5,247.5,236,305.5,215.5,223,226,282,231,227,233,214,144,173,308.5,196.5,187,181.5,240,355,296,400,341.5,311.5,NA,195,"for"
"196","000000000000000000c4_0",295,323.5,256,290,287,283,307.5,264,267,288,271.5,250,300,216,241,275,261,248,247,230,264.5,226.5,225,314,206,191,201,259,382,336,431,360,305,NA,196,"for"
"197","000000000000000000c5_0",333,317,294,296.5,287,322,288.5,264,247,271,266,269.5,336,252,250,270.5,257,261.5,266.5,238.5,229,203,207,284,205,216,197,282,330,351.5,437.5,333,317,NA,197,"for"
"198","000000000000000000c6_0",282,276.5,239,245,228.5,251,257,234.5,206,237.5,226,231.5,245.5,227,211,233.5,239,225,205,234,175,174.5,173,267,184,179.5,167,198,290,276,357.5,328,273,NA,198,"for"
"199","000000000000000000c7_0",235,232,218,238.5,192.5,246,236.5,209,202,228,217,198,231.5,183,203,209,239,210.5,203,199,202,174,162,252,173,163,156.5,176,264,300,384,300,244.5,NA,199,"for"
"200","000000000000000000c8_0",282,240,218,222,185,243,222,211,208,204,207,224.5,245,184,210,216.5,217.5,215,203,212,183,165.5,163,234,173,179,169.5,202.5,233,264,411,276,244.5,NA,200,"for"
"201","000000000000000000c9_0",199.5,167.5,120,173,166,185.5,171,157.5,164,170,177,173,251,141,137,182,181,169,159,175,130,130,148,227.5,132.5,100.5,124,141.5,277,283,369,302,236,NA,201,"for"
"202","000000000000000000ca_0",287,289,222,245,227,236.5,229,230,238.5,210,247,243,334,238,201,258.5,246,236,241.5,232,225,127,196,279.5,195,153,175,233,357,341,442,341,325,NA,202,"for"
"203","000000000000000000cb_0",306,296.5,269,291,259,288.5,271,253.5,248,255,251,236,299,219,224.5,242,248,249.5,241,223.5,242,184.5,199.5,317,196,184.5,181.5,232,349,344,404,353,312.5,NA,203,"for"
"204","000000000000000000cc_0",327.5,303,251,290.5,283,305,280,263,247,230.5,231,248,305,220,224,239,241,246.5,249,234,209,176,207,280,203.5,203,191,265,317,315,383,350,318,NA,204,"for"
"205","000000000000000000cd_0",346,334.5,351,334,284,320,319,276,295,270.5,299.5,303,400,291,300,298,284,290.5,276,273,254.5,216,224.5,306,224,225,214,342,346,348,430,340,332.5,NA,205,"for"
"206","000000000000000000ce_0",234,290,167,248,216.5,199,209,217,213,205,201,212.5,242,182,180,206,223,187,199.5,178,203,143.5,157,236,172,149.5,143,196,257,273,359.5,294.5,263,NA,206,"for"
"207","000000000000000000cf_0",259.5,274.5,274,283.5,236,262,259,254,225.666666666667,241,254,234,304,238,217,244,237,232.5,223.5,220.5,198.5,210,185.5,284,202.5,182,180.5,241.5,301,290.5,380,319.5,301,NA,207,"for"
"208","000000000000000000d0_0",282,328,253,293,238,248,257,231,224,208,209,215,281,191,219,228,238,236,207.5,197,199,175,186,281,208,174,175,231,325,318.5,399,323,284,NA,208,"for"
"209","000000000000000000d1_0",236,277.5,254,271,232.5,240,252,229,214,224,212.5,235,261.5,190.5,205,231.5,265.5,224.5,229,198,224.5,170,191,287,198,192,186.5,260.5,299.5,267,470,327,283.5,NA,209,"for"
"210","000000000000000000d2_0",235,253,216.5,266,221.5,241,218,213.5,206.5,203,186.5,197,252.5,189.5,185,217,224,207.5,197,204,186,130,162,282,176.5,154.5,146,211,266,248.5,525,283,296.5,NA,210,"for"
"211","000000000000000000d3_0",187,223.5,127.5,216,165,145,184,180,177,154.5,173,166.5,225,169.5,149.5,196,146,178,174.5,177,133,70,146,252,156,127,111,157,264,196,384,296,248,NA,211,"for"
"212","000000000000000000d4_0",354,338.5,299,304,281,308,289,272,259.5,242,261.5,271,320,260,257.5,262.5,295,270,246.5,247.5,207.5,193.5,203,322,203.5,198,193,310,315,305,429,351,326,NA,212,"for"
"213","000000000000000000d5_0",245.5,250,183,271.5,199.5,237,254,219,215,215,197,224.5,231.5,179.5,209.5,247,226.5,222.5,208.5,227,191,121,170,281,200,144,154,247,308,279.5,416,387,250,NA,213,"for"
"214","000000000000000000d6_0",333,333.5,323.5,324,263,346,300,308.5,278.5,270.5,256.5,265.5,303,263,278.5,278.5,268,296,266.5,267,244.5,207.5,214,307,219,213,205,274,298,288,438,389,322,NA,214,"for"
"215","000000000000000000d7_0",247,251,161.5,269,184,234.5,209,212,193.5,202,201,164,238,187,189,212,223,190,175,192,165,120.5,145,252,160,131,139,239,289,268,401,317.5,265,NA,215,"for"
"216","000000000000000000d8_0",364,308.5,307,310,265,320.5,288,272,257,242.5,262,282,346,281,279,305.5,272,291,267,279,271.5,212,218.5,318,213,208,187.5,277,345.5,323,436,351.5,294,NA,216,"for"
"217","000000000000000000d9_0",375.5,346,303,372.5,275.5,333,333.5,276.5,278,298,258,260,358,279.5,252,302,258.5,260,248,238.5,230,203.5,204,338.5,230.5,220,206.5,290.5,337.5,320,488,354,318,NA,217,"for"
"218","000000000000000000da_0",394.5,346,375,384.5,298,351,349.5,311,327,307.5,314,316,346,313.5,335,354,302,345.5,323.5,314,334,269,264,378,283.5,265,241,306.5,367.5,363,490,397,343,NA,218,"for"
"219","000000000000000000db_0",303,359,304,352,311,334.5,336.5,308,287,355.5,360,259,305.5,244,233,254,243,262,227.5,240,235.5,200,199,331,214.5,191,181,285.5,342,358.5,552,457,343.5,NA,219,"for"
"220","000000000000000000dc_0",198.5,218.5,177,249,210,233.5,214,198,205,252,233,192,241,198,189,194,204,185,171,189,217,145.5,152,209,171.5,153,150,215.5,245,223,518,342,262.5,NA,220,"for"
"221","000000000000000000dd_0",309.5,315,299,370,310,338,334,338.5,319.5,354.5,416,312,318,277,263,268.5,268,255,259,255,245,211,219.5,288,249,237,231.5,270,361.5,342,590,493,328,NA,221,"for"
"222","000000000000000000de_0",297,282.5,243,310,276,315.5,286,238,234,243,257,220,302,228,224,258,248,232,255,245,218,191,207.5,286,205.5,204,207.5,288,291.5,343,561.5,343,278,NA,222,"for"
"223","000000000000000000df_0",166.5,226,144,207,176.5,284,196.5,201,162.5,202,199,202.5,188.5,151,154.5,176.5,211,164,171.5,155,179,142,157.5,239.5,135,114,128.5,142.5,263.5,185.5,461.5,355,177,NA,223,"for"
"224","000000000000000000e0_0",240,304,253,311,248,323,256,237,214,274.5,258,229,276,218,227,253,281,235.5,246,243,201,212,205,337.5,210,186,192.5,250.5,352,293,467,367,292.5,NA,224,"for"
"225","000000000000000000e1_0",267,363.5,227,315,255,304.5,278,254,268,275.5,271,249,298,269,243,289.5,275,256,259,255,267,237,228,319.5,226,187,210,273,342,287,402,364,241.5,NA,225,"for"
"226","000000000000000000e2_0",335.5,365.5,286,337.5,308,326,284.5,284,286.5,275.5,272,282.5,333,264,240,276,272.5,279,257.5,269,252,223.5,220.5,357,225.5,221,207.5,312,346,319,452.5,392.5,330.5,NA,226,"for"
"227","000000000000000000e3_0",318,317,286,332,275,328,279,273.5,273,240,272,260,310,238,258.5,299,292,278,266,256,253,215,213,317,243,214.5,215,258,318,341,431,367.5,289,NA,227,"for"
"228","000000000000000000e4_0",254,305,234,292,263.5,320,255,278,234,244.5,213.5,237,285,231,221,266.5,280,235,235,215,207,171.5,195.5,303,212,188,172,279,319,290,429,354.5,295,NA,228,"for"
"229","000000000000000000e5_0",216,220,137.5,193,157,221,201,198.5,175.5,168.5,156,182.5,202.5,188,160,196,202,169,176,186.5,151,145,126,190,142,129,127,199,209.5,172.5,294,280.5,162,NA,229,"for"
"230","000000000000000000e6_0",279,302.5,276.5,318,283.5,321,279,283.5,249.5,253.5,258,272,294,248,237,279,295,244.5,242,251,226,197.5,204,279.5,215,191,219,272,341.5,366,485,335,262.5,NA,230,"for"
"231","000000000000000000e7_0",361,331,303,312.5,275,320.5,263.5,295,269.5,259,267,274,308.5,250,244,302,280,252,254,267,246.5,219,204,313,207,200,207,277,340.5,336,422,373,296,NA,231,"for"
"232","000000000000000000e8_0",256,236,186,239.5,170.5,238,243,212,194,189,199,191,235,189.5,181,231.5,218.5,206,204,226,176,134,151.5,251.5,179.5,144,161,205,266,262,369,327.5,242,NA,232,"for"
"233","000000000000000000e9_0",396,355,328.5,356,316,356,340,318.5,316,301,302.5,320,397.5,275,295,335,349,317,322,329,304,238,260.5,364.5,247,244.5,236,336,377,367,479,400,352,NA,233,"for"
"234","000000000000000000ea_0",414,391,327,383.5,346,355,355,337,315,331.5,333.5,306,424,279,289,334.5,331,299,295,294,273,219,248,383.5,250.5,235.5,228,361,377,422.5,480,399,357.5,NA,234,"for"
"235","000000000000000000eb_0",235,260,132,273,182,241,215,224,181,192,201.5,190.5,273.5,209.5,179.5,231,209,208,200,215,196,93.5,164.5,279,174.5,155,144,217,275.5,326,345,323,245,NA,235,"for"
"236","000000000000000000ec_0",419,320.5,327,344.5,260,325.5,283,285,285,270.5,269,266,392.5,317,263.5,308,286.5,283,265,265,263,194.5,208,389,244,224,203,286,386,347,483,341,341,NA,236,"for"
"237","000000000000000000ed_0",316,238,193,210,222,243,233.5,214.5,222,209,206,250,249,209,199,246,231.5,205.5,200.5,196,212.5,128,138.5,267.5,163,149,141.5,256,267.5,246,345,296.5,247,NA,237,"for"
"238","000000000000000000ee_0",329,293,238,294,232,289,270,277,277.5,233,271,257,318.5,244,238,268,224,235,242,238,235,192,203,278,203,204.5,186,265.5,307,335,439.5,299,313,NA,238,"for"
"239","000000000000000000ef_0",282.5,226,214,272,212,270,237,264,206,202,206,234,270,220,226,216,232,250,218,242,194,173,192,279,181,187.5,165.5,241,255,245,380.5,310,267,NA,239,"for"
"240","000000000000000000f0_0",328.5,286.5,266,295,260,341,280.5,264.5,258,251,245,253,299,241,247,257,252,247,235,263,249.5,205,213,311,215,209.5,205,272,304.5,278,428,351,282.5,NA,240,"for"
"241","000000000000000000f1_0",295.5,264,240,268.5,266,293,275,275,253,232,208,228,296,258,256,266,243,241,230,239,255.5,181,183.5,246.5,180,201,174.5,228,210.5,284.5,417,314.5,294,NA,241,"for"
"242","000000000000000000f2_0",281,267,272,293,247,314.5,260,263.5,245,230,242.5,219.5,280,239,229,256.5,226.5,244,232,240,222,190,203,268,196,190,183,257,293.5,259,394.5,337,275,NA,242,"for"
"243","000000000000000000f3_0",256,264.5,234,282,226,284,259,227,219,235,216,228,291.5,231.5,223.5,249.5,247.5,245.5,225,240,195,173.5,206,267,200,211,196,249,291,279,392,346,293.5,NA,243,"for"
"244","000000000000000000f4_0",295.5,264,234,290,231,296,264,247.5,230,205,228.5,235,284,234,234,269,253,242,212.5,236.5,193,159,191.5,273.5,196.5,191,180,237.5,301.5,293.5,427,345,277,NA,244,"for"
"245","000000000000000000f5_0",338,354.5,308,328,307,341,314,300,311,285,280,278,364,278,278,312,261,283.5,275,288,273,223,242,362.5,250,252,241,313.5,318.5,319,428,338,325,NA,245,"for"
"246","000000000000000000f6_0",282,338.5,252,276.5,561,302,280,264,272,269,302.5,268,263,271,242,275.5,275,220,265.5,278.5,243,211,227,278,192,198,198,289,329.5,353,487,471.5,312,NA,246,"for"
"247","000000000000000000f7_0",238,285.5,207,295,161,264.5,218,237,243,227,244,210,198,202,217,250,263,210,205,234,229,310,214.5,235,182,180,182,232.5,240,295.5,446,393.5,257,NA,247,"for"
"248","000000000000000000f8_0",251,266,177,230,200,209,229,202,213,174,233,213,189,186,194,210,224,168,216,238,197,183,161,244,143,151,149,226.5,279.5,364,493,338.5,268,NA,248,"for"
"249","000000000000000000f9_0",303,341,296,307,204.5,306,280,271.5,261,223.5,255,233.5,301,225,240,274,244.5,260,242,250,206,218,217,297,210,185,220,294.5,348,323,527,293,324,NA,249,"for"
"250","000000000000000000fa_0",361,371,336,341,271,366,299,316,286,273.5,376,273,308,294.5,284.5,366,350,295,286,278,295.5,251,238,305,240.5,213,253,298,307,317,691.5,497,335.5,NA,250,"for"
"251","000000000000000000fb_0",359,376,287.5,347,280,313,297,314,282,287,411,449.5,370.5,269,289,297,343,285.5,271.5,296,240,241,237,292,230,217,238,293,373,365,592,620.5,332,NA,251,"for"
"252","000000000000000000fc_0",253,343,278,317,280,324,275,297,319,296,293,261.5,362.5,277,265,295,308,252.5,266,278.5,242.5,121,209.5,418,201,193.5,210.5,310,403,357.5,552.5,392.5,319,NA,252,"for"
"253","000000000000000000fd_0",334,382,284,349,272,317,286.5,309,296.5,358,325,275.5,326,275.5,250,325,332,274,277,303,253.5,264,246.5,322,245,218,321,306,346,351,597,707,305.5,NA,253,"for"
"254","000000000000000000fe_0",273,362,269,290,249.5,281,271,306,316,263,266,264,289,264,204,288,295,233,230,250,258,193.5,223.5,287,196,179.5,230,236,286,323,544,504.5,299,NA,254,"for"
"255","000000000000000000ff_0",261,332,289,311,277,308,268,320,357,315,270,343,262,280,263,332.5,325,273.5,246,256,311,257.5,222,303,237,207,229.5,261.5,317,332,513,502,328,NA,255,"for"
"256","00000000000000000100_0",272,349,281,324,462,291,257,321,354,302.5,289,321,300,270,242,328.5,293,275,256,271.5,258,286.5,271,297,244.5,215.5,256.5,291.5,299,431,482,548.5,302,NA,256,"for"
"257","00000000000000000000_0",188.5,141,85,159,127,174,263,111,112,165,133,154,148,114.5,109.5,118,193,145,126,96,121,101,194,214.5,49,118,79,140,197,243.5,330,414,211.5,NA,257,"ltr"
"258","00000000000000000001_0",157,181.5,100,160.5,127,159,126,161.5,165,141.5,175,173,206,129,117.5,204,162.5,151,173,168.5,158.5,73,129.5,246,123,102,108,159,223,200,522,241,218,NA,258,"ltr"
"259","00000000000000000002_0",306,289,257,274,291,301,292,262,265,261.5,264.5,303,328,288,273,293,269,264,226.5,263.5,254,208,192,299.5,243,211,189,253,336.5,319,576,323,332,NA,259,"ltr"
"260","00000000000000000003_0",132.5,169,70,180,165,122,135,142.5,129,125,145,147,175.5,73,66.5,162.5,133.5,120,122,155.5,137.5,0,143,215,132,46,104.5,126,216.5,245.5,547,243,222,NA,260,"ltr"
"261","00000000000000000004_0",396,421,615.5,689,623,721,716,678,710,547.5,805,795.5,375,655,799.5,780,727.5,679,643,683.5,719.5,676.5,622,439,491.5,648,743,326,408,434.5,669.5,652.5,623,NA,261,"ltr"
"262","00000000000000000005_0",344,341.5,413.5,465,437,578,565,611,489,483.5,552.5,563.5,401,440,383,580.5,452,354.5,441.5,417,550,261,597.5,819,304,497,547,544,570,627.5,734,506.5,846,NA,262,"ltr"
"263","00000000000000000006_0",291,227,109,188.5,184,231.5,238,171,145,174,196,139,175,181,142.5,172,200,139,152,145,159,152,149,243.5,105,183,146.5,213,285,290,323,192,213,NA,263,"ltr"
"264","00000000000000000007_0",280,305.5,541,656,619,584,588.5,505,578.5,616.5,535,494,273.5,570.5,580,693.5,508,433,534,448.5,602,542,470,253,368,398.5,399,479.5,443,702,802.5,692,586,NA,264,"ltr"
"265","00000000000000000008_0",168,203.5,117,188.5,159,234,198,185,227,214,198.5,196,211.5,183,205,293,215,187,203,209,196.5,160,158,238.5,150,168.5,138,157,218,177,382.5,294,221,NA,265,"ltr"
"266","00000000000000000009_0",312,368,479.5,559,560,464,593.5,590.5,470.5,542,456,471,426,524,449,634,489.5,369,341,443,569,416,422,699,386,482,526,500,791,719,706,860.5,647,NA,266,"ltr"
"267","0000000000000000000a_0",99.5,111,87,126.5,104.5,115,137,134.5,80,109.5,138,87.5,119,97,76,103.5,104,103,75,76,122,21,13,157,54,0,25,75,150.5,105.5,300,176,172,NA,267,"ltr"
"268","0000000000000000000b_0",207,228,161,288,203,255,206,214,210.5,229.5,206,216,318,256,266,240,200,219,201,212,178.5,88,149,297,167,130,143,215,288,261,529.5,361,269.5,NA,268,"ltr"
"269","0000000000000000000c_0",288.5,293,396.5,583,594,681,564,553,508.5,512.5,649,563,562.5,508,448,663,540,507.5,464,528.5,498,454,601,476,531.5,450.5,575,485,425.5,695,812,493,654,NA,269,"ltr"
"270","0000000000000000000d_0",680,649.5,628,570.5,476,567,599,620.5,515,531,531,520,694,536,502,502,548.5,515.5,557,543,518.5,428.5,389,586,393,351,379,519,612,795.5,804.5,735.5,548,NA,270,"ltr"
"271","0000000000000000000e_0",331,267,353,347.5,270.5,359,319,315,309,269,285,268,250.5,263,277,294,324.5,276,276.5,278.5,233,194.5,214.5,296,224,214,199,294,314,349,402.5,383,372,NA,271,"ltr"
"272","0000000000000000000f_0",280.5,322,138,314,324,318,306,292,264.5,263,257,239.5,251,247,238,249.5,224,221,196,214,185,166,166.5,307.5,184,178,160,217,553,399,417,393,323,NA,272,"ltr"
"273","00000000000000000010_0",328,393,223,340,361.5,377,349,289,498,302.5,685,481,310,447.5,509.5,533.5,505,431,376,386,531,393,651,366,607,512,620.5,370,457,214.5,583,436,356,NA,273,"ltr"
"274","00000000000000000012_0",521.5,518,478,565,529.5,554,576,485.5,593,501,483.5,546,419,530.5,552.5,593,566,564,562,549,471,791.5,559.5,390.5,488,501,706,423,591,569,716,572,566,NA,274,"ltr"
"275","00000000000000000013_0",692,547,472,497.5,518,504,445,596,542.5,452,466,523,407,471,492,552,438,438.5,402,421,534,397.5,437.5,416.5,386,346,359,399,556,495.5,613,626,633.5,NA,275,"ltr"
"276","00000000000000000014_0",608,852,595,750,831,821,716,741.5,749.5,638,719,612.5,731,527.5,539,692,561.5,472,464.5,508,508,496,438.5,1197,431,415,405,1177.5,1013,906,913.5,493,725,NA,276,"ltr"
"277","00000000000000000015_0",431.5,421.5,463,582.5,560.5,496,502.5,466.5,483,417.5,457,444.5,422.5,401.5,431,415,405.5,387,367,385,383,295,301,454.5,303,317,303,399,427,480.5,779,585,481,NA,277,"ltr"
"278","00000000000000000018_0",678,473,428.5,499.5,390,608,596,616,565,514,631,485,451,542,548,583,577.5,488,483,561,637,617,536,488,468.5,423,521,434,362,554,870.5,922,514.5,NA,278,"ltr"
"279","00000000000000000019_0",207,246,154,204,199,202,195,222,184.5,199,198,205,210.5,186,163,190,224,181,172.5,242,139,135.5,168,226,133.5,151.5,166,200,229,246,361,213.5,243,NA,279,"ltr"
"280","0000000000000000001a_0",518,464,435,448.5,365,532.5,557,566,595,527,577,671,432,638,802,968,1025,790,615,699,651,770,687.5,512,650,504.5,585.5,692,555,485,797.5,754,471,NA,280,"ltr"
"281","0000000000000000001b_0",195,214.5,159,225.5,180,239,198.5,207,198,210,191,181,208,161,190.5,211,218,197.5,189.5,174,172,101,161,231.5,172,142,153,171,259,300,330,299,229.5,NA,281,"ltr"
"282","0000000000000000001c_0",470,473,616,552,514,598,589,583,619,502,600,565,445.5,628,646.5,582,632,614,574,658.5,499,513,486,476,438.5,311,349,436,570,610,795.5,716,582,NA,282,"ltr"
"283","0000000000000000001d_0",354.5,366,800,622.5,676,636.5,742,752.5,838,541,688,804,360,736,486,631,505,542,577,536,554.5,594,1056,316,1051.5,927,726,537,518,503,681,644,622,NA,283,"ltr"
"284","0000000000000000001f_0",330.5,577.5,930.5,842.5,803.5,757,686,1017,730.5,628,824.5,708,681,782.5,693,800,803,641,570,807.5,746.5,678,669.5,811,573,674,679,991,808,824,1098,1078,919,NA,284,"ltr"
"285","00000000000000000020_0",572,757.5,573,636,560,558,592.5,522,737,1382,1006,711,710,639,664,733,684,605,633,616,546,873,363,708.5,388.5,240,273,530,530,686.5,773,755,564,NA,285,"ltr"
"286","00000000000000000021_0",310,262,291.5,508.5,378.5,413,494.5,654,532,436,457.5,346.5,276.5,338,330.5,414,371,394.5,339,315,323,162,338.5,642,302,240,227,443,488,649,638,573.5,427,NA,286,"ltr"
"287","00000000000000000022_0",641,664,473.5,580.5,521.5,649.5,501.5,570,481.5,482,575.5,530,601.5,486,454,544,461,435,480,471.5,479.5,518,328,684,570.5,354,455,531,686,530,747,829,581.5,NA,287,"ltr"
"288","00000000000000000023_0",468,462,913,822,800,880,963,1190,1236,850,1126,900.5,419,790,1096,999,1004,815,611,957,966,887,862,411,946.5,840.5,868,1039,899.5,917,1096.5,1095,1109,NA,288,"ltr"
"289","00000000000000000025_0",175,301,195,303,330.5,443.5,285,341,373,397,468,356.5,372,215,231,391.5,246,191,336.5,462.5,225,317,374,310.5,191,227,296,224,416,367.5,460.5,549,368.5,NA,289,"ltr"
"290","00000000000000000027_0",323,261,572,443,381.5,521.5,487.5,403.5,473,375,401,420,277,450,392,356,337.5,338,333.5,497,548,426,405,277,511,499,451,632,593,644.5,776,700.5,688.5,NA,290,"ltr"
"291","00000000000000000028_0",310,392,246,311,233,441.5,384,400.5,338,354.5,346,274,356.5,315,286,311,303,224,268,304,276,298,232,291.5,183.5,191,233,309,348,341,502,316.5,288.5,NA,291,"ltr"
"292","00000000000000000029_0",569,529,489,504,692,544,539,524,537,597,579,408,618,379,401,770.5,672,508,429,580,654.5,710.5,631.5,767,527,540,604,627,633,554,639.5,546,530.5,NA,292,"ltr"
"293","0000000000000000002a_0",418,560,501,517,422,478.5,480,604,556,535,701,454,473,502,447,515,433.5,415,438,531.5,431,405,347,560,357,332.5,430,566,543,557,802,1046,633,NA,293,"ltr"
"294","0000000000000000002b_0",987,1243,532,661,594,1395.5,1714.5,1564.5,1053.5,824,823,692,1207,759,862,795,732.5,664,692.5,714,567,620,694.5,1391.5,601,585,1432,912,845,992,1120.5,1110,922,NA,294,"ltr"
"295","0000000000000000002c_0",348,737,384,362.5,327,360,348,327.5,331,302,316,867,566.5,535,923,1142.5,818,705,904,829,709,851,717,369,505,609,648,362.5,406,375,452,391.5,384,NA,295,"ltr"
"296","0000000000000000002d_0",723,788,828,722,592,765,736,723.5,721,640.5,697,698,701,772,1001,1039,951,846,755.5,774,655.5,781,656.5,597,632.5,474.5,656,638,790,717,918,973,768.5,NA,296,"ltr"
"297","0000000000000000002e_0",643,672,679,843.5,624.5,786.5,943,1024.5,1286,1439,1045,1022.5,595,841.5,641,761,737.5,607,540,572,519,246.5,511,780,584,511,565,695,569,694.5,1161.5,782,819,NA,297,"ltr"
"298","0000000000000000002f_0",310,369,584,634.5,570.5,721.5,608,643,578,515.5,630.5,562,332.5,561,584,587.5,614.5,541,593,599,619,644,561,316,530,498.5,470.5,737.5,569,665.5,788.5,747,694,NA,298,"ltr"
"299","00000000000000000030_0",443,572,250,253,279,236,293.5,315.5,291,269.5,273,263.5,440.5,216,198,231,249,193.5,225,295,213.5,194.5,202,462,148.5,168,189,355,478,314,578.5,418.5,360.5,NA,299,"ltr"
"300","00000000000000000031_0",338,343.5,382.5,423,459,559,538,559,537,544,579,639,316,619,608,618,587,550,569,618,511,572,510,315,457.5,536,554,267,351,380.5,529,519,479.5,NA,300,"ltr"
"301","00000000000000000032_0",327,365.5,270.5,498,413,456.5,434,434.5,358,603,515,491,365,601.5,563.5,580.5,504,468,465.5,515,561,512,490.5,315,453,361,426,265,343,334.5,398.5,371,338,NA,301,"ltr"
"302","00000000000000000034_0",544.5,451,615,651.5,610,636,715,692.5,599,616,627,614,488,627,632,652,561,530,547,609,594,630,570,474,520,585.5,526,387,419,479,707,681,657,NA,302,"ltr"
"303","00000000000000000035_0",466,470,499.5,527,448,508,490,541,523,440,633,560.5,495,444.5,488,499,543,437.5,483,510.5,465,385,416.5,526,364,358,367,510,568.5,563.5,697.5,498,552,NA,303,"ltr"
"304","00000000000000000036_0",789,549.5,693,740,591,702.5,767.5,822,707,749.5,706.5,810,608,733,772.5,775,620,1120,855,902,846,862,760,627,662.5,784,686,580,514,717,696,616,621,NA,304,"ltr"
"305","00000000000000000037_0",467.5,460.5,424,456,369,399,438,498,607,404,402,421.5,376,341,385,419,485,418,422,346.5,354.5,275,259,494,333,243,239,723,609,559,741.5,342,412.5,NA,305,"ltr"
"306","00000000000000000038_0",402,387,447.5,583,409,676.5,503.5,868,636,714,891.5,864.5,366,738,667,743.5,695,608,627,734.5,796.5,849,686,411,426,313.5,476,432,507,594,714,607,884,NA,306,"ltr"
"307","00000000000000000039_0",780,648,466,469.5,469,576,523,515,705,489,799,588.5,587.5,569,561.5,691.5,802,527,698,532.5,741,725,486,561,560,539,528,573.5,648,677,820.5,729.5,573,NA,307,"ltr"
"308","0000000000000000003a_0",314.5,336.5,398,420.5,297.5,343,351,462,354,377,408,430,320,415,388,445,419.5,344,384,420,327,361,320,272.5,378,290,326,291.5,349,369,760,576.5,545,NA,308,"ltr"
"309","0000000000000000003b_0",298,304,464,506,523.5,551.5,570.5,539.5,627,567,602,541,639,571.5,626.5,765.5,663,651.5,525,627,655,688,568,872.5,557,436,531,686,567,583,886,764,544,NA,309,"ltr"
"310","0000000000000000003c_0",732,414.5,640,623,569.5,591,613.5,663,619,546.5,605.5,564,412.5,584,607.5,620,564.5,536,539,543,580,547,452,503.5,419,582,497,526,703,609.5,751,622,683.5,NA,310,"ltr"
"311","0000000000000000003d_0",1295,595,298,351,316,398.5,356.5,787.5,602,538.5,870,658,621,590.5,639.5,878,908.5,723,742,813,794.5,660,754,737.5,673.5,669.5,750.5,581,743,857,740,520.5,360,NA,311,"ltr"
"312","0000000000000000003e_0",278,293.5,343,345.5,312,347,323,374.5,374,362,366.5,397.5,239,333.5,281,579,705.5,451.5,608,701,626.5,601,555.5,267,545.5,563.5,582,257,255,278,961,362,332,NA,312,"ltr"
"313","0000000000000000003f_0",429,427,672,702,559,646,684,688,621,623,646,722,704,580,646,695,657,731.5,678.5,735,621,476.5,536,638,467,506,476.5,556,536.5,613.5,787,740.5,628,NA,313,"ltr"
"314","00000000000000000040_0",416.5,430,636.5,711,599.5,585,660,621.5,634,665,589,636,407,564.5,646,741,649.5,568.5,619,607.5,528,451,459,399,486,512,665,317,430,427.5,740,591.5,738,NA,314,"ltr"
"315","00000000000000000041_0",590,498,691,1232,651,589,655.5,690.5,555,488.5,540,502,662,548,547,500,517.5,529,539,547,443,294,476,663,439.5,459,488,500.5,644.5,532.5,696,732,657,NA,315,"ltr"
"316","00000000000000000042_0",541,515,322,428,443.5,490,503.5,463.5,418,590,773,703,495,715,687.5,718,728.5,609,661,550,708,760,766,474,1377,899.5,676,466,474,413,464,455,373,NA,316,"ltr"
"317","00000000000000000043_0",565.5,622,454,527,417,597,530,603,608,579.5,564.5,566,497,546.5,613,626,855.5,668,642,514.5,507,380,363,496,347.5,331,670.5,484,572,487,849,632,526,NA,317,"ltr"
"318","00000000000000000044_0",524,601,749,465,391,453,414,435,860.5,779,794,765,464,528.5,683,600,503,391,419,351,1073.5,294,942.5,531,705.5,1109,518.5,498,427,397.5,518,650,463,NA,318,"ltr"
"319","00000000000000000045_0",973,828.5,914,650.5,614,879,667,640.5,714,667.5,833,686,795,548,650,781,687,519,598,700.5,956,702,502,657,712,568,551,628,775,787,1003.5,869.5,813.5,NA,319,"ltr"
"320","00000000000000000046_0",570,576,387.5,449.5,439,425,365,384,392,695.5,537,546,532,447.5,434.5,454,520,434,432,438,401,410.5,431.5,579,442,406,428,561,567,570,672,564.5,452.5,NA,320,"ltr"
"321","00000000000000000047_0",322.5,432,238,416,284,361,475.5,347,393,304,307.5,304,435.5,274,344,588,505.5,391,442,555,363.5,305.5,389.5,401,335,277,288,347,402,375,483,459.5,614,NA,321,"ltr"
"322","00000000000000000048_0",356,392,352.5,360.5,297,347.5,318.5,317,311,360.5,470,341,352,322,305,369.5,463,408.5,460,503,467,408,510.5,342.5,463,571,1193.5,311.5,345,396,709,523,358.5,NA,322,"ltr"
"323","00000000000000000049_0",825,1026,565,643,848,855,689,848.5,733,707,710,721,744,655.5,793,752,676,614.5,762,759,703.5,597,565,606,542.5,607,563.5,672.5,952,658,923,493,701,NA,323,"ltr"
"324","0000000000000000004a_0",310,389,352.5,331,298,321.5,321,316,293,652,633,541,324,569,535.5,951.5,875,478,508,791,925,1080,436,299,431,445.5,643.5,294.5,375,364,744,469.5,359,NA,324,"ltr"
"325","0000000000000000004b_0",656,769.5,670,603,614,602.5,635,626,620,670,842,582,618,514,547,761,498,616,558,716,689,765,414,880,525.5,455,603,469,783,640,705.5,772.5,727,NA,325,"ltr"
"326","0000000000000000004c_0",297,309.5,518,524,478,438,483.5,656,537,454.5,424,377,540,382,498.5,543.5,549,487,409.5,514,378,184,207,466,251,272,224,863,868,618,755,547,591,NA,326,"ltr"
"327","0000000000000000004d_0",513,436,729,1049.5,759,528.5,550,1017,975.5,618,678,761,399,894,865,995,754.5,584,667,816,640.5,588,461,340,707.5,523.5,777,349,363,375.5,675,602,695,NA,327,"ltr"
"328","0000000000000000004e_0",535.5,471,711.5,687,560,618,618,516.5,589,496.5,684,621,438,679.5,691,562.5,535,486.5,516.5,572,545,443,413,434,457.5,443,499,374,409.5,397.5,583,631,585,NA,328,"ltr"
"329","0000000000000000004f_0",730,785,611.5,632,807,628,672.5,736,596,708.5,772,648.5,597,730,707,730,597,595,641.5,681,610,507,697,517,550,544,583,588,547.5,586.5,762.5,493,707.5,NA,329,"ltr"
"330","00000000000000000050_0",1095,1013,864,819,854,837.5,767.5,792.5,813,808,1005,925,961.5,756.5,757,770.5,693,769,734,720,752,828.5,683,1039,735,579.5,669,721,1056,982.5,1020.5,816,813,NA,330,"ltr"
"331","00000000000000000051_0",443.5,556,664,559.5,1068,562,524,687,654.5,627,621,659,421,648,597,691,763.5,604,708,591,892.5,859,857,653,1289.5,857.5,970,484.5,908,580.5,699.5,731,908,NA,331,"ltr"
"332","00000000000000000052_0",367,338,616,565,513,529,507,493,403,377,388,384,354,406,403,402.5,414,391.5,394,391,368.5,377.5,351,472,362.5,374,333,309,346,325,718.5,578.5,484,NA,332,"ltr"
"333","00000000000000000053_0",924,846,735,842.5,820,655.5,586,746,837,532,570,684,692,558,789,901,658,520,612.5,856,571,653,531,633,557,564,713,381,680,602.5,817,792,621,NA,333,"ltr"
"334","00000000000000000054_0",452.5,606.5,653,921.5,880,635.5,561,516,582,622,662.5,652,722.5,612.5,558.5,695,728.5,627,573,583,661.5,469,533,620.5,692,490.5,664,406,600.5,594,719,782.5,852,NA,334,"ltr"
"335","00000000000000000055_0",802,695,576,539.5,850,637.5,565,830,734,633,724.5,656,641,483,667,871.5,638,541,574,787,544,850,670,720,645,498,567,522.5,655,630,947.5,849,613,NA,335,"ltr"
"336","00000000000000000056_0",893,842.5,830,1025,965,674,890,934,861,608,788.5,748.5,628.5,714,686.5,810,736.5,550,826.5,889,603,634,598,922,701.5,634,792,443,752,716.5,793,1050,608,NA,336,"ltr"
"337","00000000000000000057_0",416,718,501,741.5,564,731.5,593,623,709,758,698,685.5,585,632.5,616,712,670,525,587.5,626,682,781,576.5,704,935,625,720.5,640.5,725.5,577,680,732,580,NA,337,"ltr"
"338","00000000000000000058_0",864.5,808,856,995.5,948.5,691.5,889,967,915,668,739.5,699,828,617,662.5,821.5,826,472,732,897,627,633,590,864,667.5,590,731,443,683,751.5,703,946,552,NA,338,"ltr"
"339","00000000000000000059_0",750,977,831,1040,706,737.5,880,979,1001,677,640,673,737,571,752.5,919.5,814,577.5,550,789,565.5,515,707,764,565.5,500.5,528,583.5,599,839,888,997,860.5,NA,339,"ltr"
"340","0000000000000000005a_0",1044,1065,966,1155,1260,1243.5,973,978.5,1023,959,1021,961.5,991.5,883,858,1270,892.5,743,845,932,1102.5,1408,1117,1087,1064,1139,1021.5,1244.5,1088.5,1052.5,1226,889.5,1010.5,NA,340,"ltr"
"341","0000000000000000005b_0",1072,894.5,923,739,663,756,682,503.5,461.5,667,928,834,693.5,884,917,823,914,809,689,751.5,309,387,617,596.5,461,351,418,547,717.5,722,949,974,880.5,NA,341,"ltr"
"342","0000000000000000005c_0",1101,1023,793,656,655,748,718.5,602,635,658,894,811.5,717,852,955.5,857,818,724,746,718,374.5,333,409,723.5,402,332,346.5,697,682.5,722,1029,908,847,NA,342,"ltr"
"343","0000000000000000005d_0",969,1081,916,972,822,912,836,960,896,939,855.5,809,904,860,870,773.5,590,800.5,592,424,405,353,764.5,813,539,435.5,424,748,878.5,866,887.5,831.5,850.5,NA,343,"ltr"
"344","0000000000000000005e_0",573,622.5,741,840.5,774,809,669,693.5,788,899,717.5,768,488,917,911,947.5,934,927,909.5,809,516,587,791,501,666,598,672.5,502,541.5,509,950,757,976.5,NA,344,"ltr"
"345","0000000000000000005f_0",569,381,594.5,578,465,616,640,581.5,562.5,585,590,559,576.5,522,412.5,583,763,728,819.5,800,316,254,352,718.5,261,299,293,654,643,617,720,634,593,NA,345,"ltr"
"346","00000000000000000060_0",397,421,662.5,695,709,773,657.5,827.5,687,780,749,652,357.5,724.5,806,845.5,937,607,596,824,769,758,817.5,363,772,588,742,1287,761.5,546,945,826,827.5,NA,346,"ltr"
"347","00000000000000000061_0",545.5,637.5,576,1150,749,600,1161,518.5,593.5,866.5,759,890,580,865.5,793,634,916,899,916,932,345,300,418.5,882,323,420,330,726,364,616.5,558.5,748,521.5,NA,347,"ltr"
"348","00000000000000000062_0",643,631,973,989,760,689,1241,454,708,717,788,926.5,641,968.5,727,624,921.5,803.5,761,773.5,312,418,259,604.5,231,324.5,298,540,566,668,763,530,712,NA,348,"ltr"
"349","00000000000000000063_0",792,723,812.5,1224.5,781,735.5,1233,564,583,870,759,841.5,580,865.5,817,676,933,883.5,884,960,380,314,458.5,763,379,426,399.5,655,451,706,730.5,690.5,598.5,NA,349,"ltr"
"350","00000000000000000064_0",468,431,1039,896.5,868,993,1067.5,985,778,830,825,915.5,402,964,893,801,837,872.5,769,954,698,1122.5,810,360.5,755.5,608,855,346,1117.5,855,945,882,969,NA,350,"ltr"
"351","00000000000000000065_0",613,507,862.5,706,620,1032,1144.5,1357.5,1202,989.5,831,876.5,1745.5,726,982,999,805.5,674,945,1015,797,936,787,1676.5,923,804,829.5,1534,1580,1136,984,939,751,NA,351,"ltr"
"352","00000000000000000066_0",380,432,606.5,679,759,800,873,928.5,965.5,793,859.5,822.5,406.5,733.5,974.5,998,907,990,674.5,730,852,806,1172,528.5,848.5,598,701.5,436,811,619,1107,1077,931,NA,352,"ltr"
"353","00000000000000000067_0",513,501,266,373,362,609.5,642,597.5,579.5,630.5,594,596,512,442,415,691,545.5,471,487,519.5,508,236.5,446,637,470,264,362,422.5,697,997,661,473,421,NA,353,"ltr"
"354","00000000000000000068_0",616,450,347,429,341,414,373,789,637,748,854,823.5,454.5,850,974,878.5,809,854,881,1161,947,1074,937,476.5,847.5,837,658.5,707.5,586.5,541,630,536,418,NA,354,"ltr"
"355","00000000000000000069_0",769,816,792.5,924,749,771,742.5,717.5,685,718,718,728,675,738.5,692,831,803.5,684,638,697,445,442,567,719,476,473,566.5,654,710,677,828,598,811,NA,355,"ltr"
"356","0000000000000000006a_0",537.5,793,678.5,846.5,614,693.5,684.5,764.5,733.5,607.5,757,678,637,609,646,798,579,790,488,1227,1291,886.5,907,1442,792,702,611.5,923.5,963,644,731,932.5,832.5,NA,356,"ltr"
"357","0000000000000000006b_0",796.5,658,704.5,810.5,670,669,593,777,788,729,779,704,686,578,626,704.5,717,653.5,664.5,743,705.5,615.5,638,681,550,560,647,795,1207,1045,798,862,751,NA,357,"ltr"
"358","0000000000000000006c_0",763.5,817.5,672,763,707,565,500,630,647,636,660.5,492.5,657.5,452,493.5,570,599,494,546,850.5,800,745.5,752,754.5,1141,1477,960.5,900,1117,695,1031,971,751.5,NA,358,"ltr"
"359","0000000000000000006d_0",301.5,303,379.5,479,443,505,393.5,451,377.5,651,670,584,295,517,566,635.5,646.5,579,545,571,569,537,663,280.5,593,510,563.5,297,538.5,433.5,607,613,652,NA,359,"ltr"
"360","0000000000000000006e_0",551.5,382,1105.5,1018.5,619,627.5,1212,601,609,835,873,807,597,850,960,755.5,990,931,1102,922,411,290,500.5,1031,473,409,439,1042,446.5,712,558.5,346,572.5,NA,360,"ltr"
"361","0000000000000000006f_0",575.5,559,1050.5,902,703,661,1067.5,635,610,787,715,787,552,805,822,689.5,978,849,973,831.5,435,538,292.5,1017.5,318,399.5,382,1036,455,685,572,381,557,NA,361,"ltr"
"362","00000000000000000070_0",521.5,502,769,845,907,962,725.5,890,793.5,736.5,832,751,449,770,734,827.5,791,821.5,814,935,834,956.5,900,791,885,856,672,578,774,845,821,807,926,NA,362,"ltr"
"363","00000000000000000071_0",626.5,552.5,1047.5,863,654,668,1142.5,605,607,790,834.5,848,553,792,870,714,986,901,1091,875.5,395,526,295,1024,389,368,378,1068,378,722,573,379,520.5,NA,363,"ltr"
"364","00000000000000000072_0",602,522,1085,1061,607,737,1142,657,696,837,778,847,531,839,1012,747,985,962,1125,1125,388,619,484,961,529,465,456.5,567,423,774.5,587,347,637,NA,364,"ltr"
"365","00000000000000000073_0",492,509,371,499,905,927,730,821,692,481,851,711,458,660,699.5,750,747,681,488,671.5,722,989.5,631,549.5,869,708,611,436,552,454.5,607,569,588,NA,365,"ltr"
"366","00000000000000000074_0",915,903,800,771,789,803,773,834,856,1333,1380,1182,976.5,1301,1400,1467,1218,1259,1272,1306,1196,1381,1445.5,953,1334.5,1305,1155,783,841,829.5,958,862,834,NA,366,"ltr"
"367","00000000000000000075_0",587.5,651,745,648.5,609,669,627.5,726,651,592,506.5,459,1238,481,447,462,433.5,471,447,444,481,384,369,972,348,333,319.5,1050,1046,861,1210,1117,1010,NA,367,"ltr"
"368","00000000000000000076_0",703,701,539,621,562,629,631.5,615,643,666,598,556,608.5,506,571,560,673.5,565.5,585,616,655.5,485,1721,639,2077,1381,1140,575,740,689,772,677,613,NA,368,"ltr"
"369","00000000000000000077_0",806,701.5,627.5,633.5,598,850,925.5,863,699.5,718,753,607.5,649,638.5,676,678.5,716,668,717,815.5,774,652,621.5,742.5,704.5,717,877,623,686,735.5,846,711,717,NA,369,"ltr"
"370","00000000000000000078_0",540,573,914,840,685,640.5,1154.5,641.5,643,784,752,811.5,571,855,964.5,763,1016,948.5,1075,955,421,375,435.5,1026.5,399,456,420,1036,515.5,685,446.5,508,635.5,NA,370,"ltr"
"371","00000000000000000079_0",579,569.5,1189,741,657,718.5,1140.5,677.5,678,810.5,805,824.5,676,848,986.5,831,1001.5,950,1090,927,537,545.5,495.5,1007,487,465,499,943,711.5,590,440,316,651,NA,371,"ltr"
"372","0000000000000000007a_0",407,393.5,740,820,710,897,861.5,1043.5,991,940,1064.5,840,373,785.5,967,1032,740,714,644,768.5,773,583.5,686,1351,798,847,734,611,1101,655,847.5,816,841,NA,372,"ltr"
"373","0000000000000000007b_0",892.5,994,944.5,978,909,1285,1274,1210,1188,1095.5,988,949,1046.5,936.5,895.5,949.5,786,789,755.5,785,797,648.5,610,948.5,784.5,769,646,842,913.5,890.5,1122,922,946.5,NA,373,"ltr"
"374","0000000000000000007c_0",589.5,531.5,640,424,494,647,1069,601,286.5,368,429,644,558,446,892.5,693,1016,904,925,671,200.5,303.5,180,690,250,350.5,224.5,755,388,314,371,282,593,NA,374,"ltr"
"375","0000000000000000007d_0",368,976,494.5,609,613.5,751,530.5,681,691,694.5,685,581,861.5,497.5,552,631,558,476,516,540,689.5,492,539.5,654,588,510.5,545,552,630.5,657,716,827,675,NA,375,"ltr"
"376","0000000000000000007e_0",465,587.5,324.5,1042,604,771.5,841,1011.5,1151.5,814,800,773,424,876.5,956,1011,996,879.5,781,989,882,1049.5,789,405.5,996,767,854,351,434.5,422.5,594,435,374.5,NA,376,"ltr"
"377","0000000000000000007f_0",574,494.5,426,613,616,593.5,536.5,447,403,451,492.5,423,579,430,477,578.5,461.5,522,457,543.5,564.5,503,491,581.5,532,492,497.5,475,550,679.5,781.5,644,509,NA,377,"ltr"
"378","00000000000000000080_0",443.5,493,354,473,330,503.5,673,289,254,208,232,446,497.5,276.5,293,272.5,392,245,224.5,254,175,279,147,583,157,212,186,264,342,188,361,285,283,NA,378,"ltr"
"379","00000000000000000081_0",604.5,726,746,472,503,560,662,377,308.5,345,385.5,607,522,825,920,819,994,710.5,762,627,465,412,277.5,529,235,467.5,444,647,621.5,401,1372,315,592,NA,379,"ltr"
"380","00000000000000000082_0",478,918,694.5,659,861,950,856,919.5,895,897.5,771,738,936,802.5,928,968,837.5,804,776,860,794,711,776,838,714,613.5,617,793,775,641,800.5,702.5,520,NA,380,"ltr"
"381","00000000000000000083_0",307,772.5,409,528,553.5,764.5,653,689,707,729,671.5,642,977,556,668,791,768,647,639,818.5,805,526,808,1069,771,588,651,601.5,994,659,644.5,905.5,568,NA,381,"ltr"
"382","00000000000000000084_0",744,642,694.5,486,556,659,833,453,402.5,319,414,694,666.5,907.5,913,700.5,799,738,714,532,468,363.5,327,685,262,385,199,802,583.5,475,1305.5,596,614.5,NA,382,"ltr"
"383","00000000000000000085_0",464,449,427,829.5,591.5,634,840,729,595.5,852,933,777,448,758.5,884,905,906,930,748,818.5,913,887.5,945,417,826.5,725,775,360,461.5,419,527,683,645,NA,383,"ltr"
"384","00000000000000000086_0",481.5,616,1175,1091,914,859,688,698.5,667,566,563.5,445,479.5,469,668,1269,1077,844.5,614.5,740,836,732,756,977.5,729.5,573,668,1159,693,668,1296.5,892,1010,NA,384,"ltr"
"385","00000000000000000087_0",522,553,576,612.5,706,640.5,695.5,776,743,650,651,714,600,625.5,703,798,721.5,640,610,591,855.5,734.5,738.5,866,679,634,631,682,926,872,984,820.5,595.5,NA,385,"ltr"
"386","00000000000000000088_0",583,723,785.5,629,490,506,696,750,295.5,423,405,455,314,544.5,822,498.5,394,461,415,525.5,336,487,269,514.5,395,411,216,617,604,620,1171,699,643,NA,386,"ltr"
"387","00000000000000000089_0",474,432,693,630,591,686,672,775,821.5,680,738.5,949,385.5,637,880.5,1005,957,786,833,760,897,937,734.5,361.5,903,661,652.5,350,771,836,770.5,620,652,NA,387,"ltr"
"388","0000000000000000008a_0",621,693,521.5,674,539,511,703,587.5,682,326,368,450.5,332,419,913,521.5,646.5,367,424,699,721,563,533,516,392,442,608,617,737,650,598,667,895.5,NA,388,"ltr"
"389","0000000000000000008b_0",410,618,698.5,640.5,594.5,683,504,662.5,1221,762,650,713.5,632,714,936,1134.5,893,808.5,700,783,894,878.5,800,573.5,850.5,546,607,427,651,550,794,820.5,598,NA,389,"ltr"
"390","0000000000000000008c_0",305,346,400.5,626,480,469,522.5,570,560,685.5,545,661,330.5,448,468,654,669,481,621,529,566,695,451,535.5,539.5,376,391.5,332,456,345.5,511.5,412.5,361,NA,390,"ltr"
"391","0000000000000000008d_0",296,350,467,692,676,602,565.5,629,585,553,456.5,450,299,443,453,591.5,494,487,447,551,626.5,445,561,347.5,553,466.5,476,459,944,969,867,679,581,NA,391,"ltr"
"392","0000000000000000008e_0",914.5,825,803,922,937.5,837,851,953.5,864,950,1019,935,660,830,740,1246,922,911.5,858,995,668.5,623,595,786,587,510,1087,609.5,805,800,713,770,1022,NA,392,"ltr"
"393","0000000000000000008f_0",387,645.5,323,432,431,529,586,623,534,571.5,432,477.5,718,502,428,469.5,473.5,406,412,435,443,330,342,677,332.5,277,282,529,724,534,664,562,605,NA,393,"ltr"
"394","00000000000000000090_0",619,685,559,610,613,650,572,635,681.5,584,582,605,637.5,595,553,641,589,594,565.5,614.5,661,400,507,624,394.5,286.5,258,563,649,524,639.5,482,499,NA,394,"ltr"
"395","00000000000000000091_0",511,523,917.5,931,714,1069,1100,1307,1030,1047,1023,1023.5,448,774.5,879,1065,842.5,797,796,875,1209,952,1072,684.5,817,743,842,747,848,707,774.5,826,1284,NA,395,"ltr"
"396","00000000000000000092_0",520.5,474,836.5,784,647,770,598,643,566,581,580,531,453,560,836,991,916,832,767.5,795,850,753,779.5,608,765.5,667,747,1055,1032.5,801,821.5,933,836.5,NA,396,"ltr"
"397","00000000000000000093_0",654,666.5,546,500,430,545,682.5,531,502,365,456,662.5,505,599,448.5,534,482,461,498.5,504,589,478,476.5,519.5,471,385,428.5,493,460,577,615,603,694.5,NA,397,"ltr"
"398","00000000000000000094_0",379,601,658,731,809,790,704,670,763,810,763.5,864,673,797.5,915,941,851,782,722,697,883.5,758,797,766,752,796,809.5,771.5,900,948,892.5,690,839,NA,398,"ltr"
"399","00000000000000000095_0",304,369.5,587,730,621.5,834,730,814.5,669,620,813,696.5,416,659,632.5,784,749,559,759,793,699.5,798,669,603,814.5,511,538.5,543,827,505,787.5,632,697.5,NA,399,"ltr"
"400","00000000000000000096_0",361,431,853,828.5,873,983,884,964,1091,933,881,781,326,795,994,893,994.5,703,601,776,719.5,870,806,361.5,702,553.5,868,389,1253,968,1691,808.5,828,NA,400,"ltr"
"401","00000000000000000097_0",322,373,576,577.5,616,716.5,593,707,697,573,632.5,522,264,476,525,551,650,429.5,427,481,473,592,470,346.5,443,344,469,289,1247,744,2240.5,678,593,NA,401,"ltr"
"402","00000000000000000098_0",337,392,406,457,494,419,488,608,644.5,568,590.5,555,341,532,489,650.5,615,446.5,487,478,635,632.5,577,404,552,439,630.5,360,405,442,581,473.5,510,NA,402,"ltr"
"403","00000000000000000099_0",418,435,686,707,778,679.5,663,666,632,534,528,481,354,485,506.5,462.5,527,369.5,533,585,676,484,597,351,566,483,629,409.5,424,564,1022,725.5,770,NA,403,"ltr"
"404","0000000000000000009a_0",337,357,304,342.5,295,325,306,312,308,454,620,495,308,330,375,499,587,494,459,366,310,326,306,323,338.5,261,296,288,347,368,903.5,387,341.5,NA,404,"ltr"
"405","0000000000000000009b_0",567.5,548,524,459,412,781,1187,944,778.5,579,883,601.5,507,576,665,841,906,668.5,634,628,687.5,703,721,552,614,432,599.5,528,638,607.5,1054.5,631,762,NA,405,"ltr"
"406","0000000000000000009c_0",1360,1333,1636,1501.5,1496,1327.5,1346.5,1299.5,1340,1231,1198,1127,1202,1117.5,1240,1201.5,1092,1101,1091.5,1288.5,1349,904.5,1228,1177,1224,1283,1257,1180.5,1412,2286,1824,1324,1826.5,NA,406,"ltr"
"407","0000000000000000009d_0",702,683,649,670.5,617,691.5,1036,734.5,1130.5,491,693.5,793,519,628,561,650,743,603,514.5,629.5,664.5,445,550,665,543,616,617,504,713,758.5,1055.5,774,712,NA,407,"ltr"
"408","0000000000000000009e_0",702,830,855,691,803.5,826,787.5,798.5,801,733,1012,682.5,537,517,518,583,540,482,497,950.5,618,425,803,756,702,681,706,755.5,649,806,1091,517,929,NA,408,"ltr"
"409","0000000000000000009f_0",415,563,509,544,621,495.5,508,515,462,454,535.5,561,478,470,506,532.5,561,502.5,477,479.5,447,396,419,606,348.5,336,367,540,537,567.5,883,668,569,NA,409,"ltr"
"410","000000000000000000a0_0",566,744,846,706.5,784.5,921,851,870,740,667.5,562.5,526,503,486,376,522,458.5,364,688.5,916,766,523,753,885,675,589,717,776.5,608,808,802,621,897,NA,410,"ltr"
"411","000000000000000000a1_0",592,838.5,736,690,966,652,772,809,878,660,697,608,540,571,703,721,688,482,555,602,525.5,427,581,755,409.5,479,435,571,676,921,797,565,828.5,NA,411,"ltr"
"412","000000000000000000a2_0",1610,1394,548,621,720,581,635,762,938,1002,914,736,1277,788,846,821,726,868.5,860,888.5,758,984.5,1152,1056,785,754,750.5,999,929,933,882,740.5,791,NA,412,"ltr"
"413","000000000000000000a3_0",560,660.5,550,530,409,600,606,790,783,629,722.5,679.5,495,563,593,665,611.5,486,724.5,818,638,1038,633,573,520,560,527,474,540,623,928.5,716,712,NA,413,"ltr"
"414","000000000000000000a4_0",721,810,727,769,891,860,739.5,839,748,740.5,789,767,1289.5,817,906,1018,1140.5,876,958,1184.5,1162,1128,930,1111,973,1340,1657,965,1051.5,857,957,977.5,902,NA,414,"ltr"
"415","000000000000000000a5_0",368.5,1137.5,454,536,431.5,453,428.5,445,426,531.5,499,395,900,340,374,379,372,305.5,333,357,339,321,314,672,454,425,447.5,597,711,600.5,783.5,600,605.5,NA,415,"ltr"
"416","000000000000000000a6_0",467,715,632,791,555,799,737,681.5,746,828,674,766,491,524,508,634.5,636,552,591,627,695,760,537,745.5,834,617,796,687,608.5,588,659,785,548.5,NA,416,"ltr"
"417","000000000000000000a7_0",738,875.5,717,811,754,631,718,834.5,742.5,715,565,639.5,501,529,612,827,615.5,505.5,561,593,587.5,412.5,678,505,527.5,366.5,556,520.5,678,650,699.5,800,699.5,NA,417,"ltr"
"418","000000000000000000a8_0",572,725,690,627.5,684,650.5,613,617,717.5,748,668.5,700.5,576,720.5,718.5,720,825.5,623.5,675,782,667.5,473,586,630,562,438.5,498.5,611.5,607,629,709,862.5,685.5,NA,418,"ltr"
"419","000000000000000000a9_0",397.5,483,466,484,430.5,464,711,742.5,620.5,606,744,632,440,634.5,655,766,621,599,501,627,692,481.5,477.5,475,564.5,530.5,637,436,528,396,597,517,711.5,NA,419,"ltr"
"420","000000000000000000aa_0",181,220,160.5,235,165.5,276,225.5,211,194,223.5,163.5,226.5,234,160,174,244,263,205,228.5,231.5,207.5,55,126,248,127,100,123,205,277.5,186,365,359.5,260.5,NA,420,"ltr"
"421","000000000000000000ab_0",605.5,602,509,441.5,561.5,531,638,734.5,728.5,685.5,796,775,547,735,916,922,723.5,491,462,818,570.5,599.5,643,524,580.5,425,673,612.5,643,745,1458,721.5,712.5,NA,421,"ltr"
"422","000000000000000000ac_0",436,552,568,722,593,632,650,822.5,995,957,910,769,860,722.5,746,674.5,1187,752.5,708,1100,850.5,935,614,478,653,614,667.5,512,655,972,797.5,812,704.5,NA,422,"ltr"
"423","000000000000000000ad_0",514,558.5,850.5,716,626,615,598,797.5,940,727,823,722,596.5,848,822,656,842,697.5,605.5,594,607,685,433,625,508,412,518,801,702,1316,878,702,859,NA,423,"ltr"
"424","000000000000000000ae_0",705,711,776,693,661,695,736,779,696,865,928,688,449,663,541,562,618,509,471,503,578.5,989,767,718,731,640.5,546,328,959,589,740.5,714,669,NA,424,"ltr"
"425","000000000000000000af_0",1228,1316.5,1166,1231,1195,1330.5,1317,1426.5,1489,1676,1342,1405,1190,1310,1280,1270,1328,760,682,731.5,779.5,632,1238.5,1112,1322,1026,954,1073,1135,809,1109.5,950,1208.5,NA,425,"ltr"
"426","000000000000000000b1_0",657.5,570,515,538.5,621.5,517,698,729.5,669,666,570,640.5,578,654,802.5,912,685,517,561.5,794,574,557,681,644,639.5,437,681,579,645,599,713.5,694,593,NA,426,"ltr"
"427","000000000000000000b2_0",461,473,691,816,771,790,697,605,714,726,721,692.5,452,651.5,666,759,719,654.5,620,759,669,578,603,439,513,574,484,377,810.5,831.5,850,879,758,NA,427,"ltr"
"428","000000000000000000b3_0",797,683,815,681,798,737,638,783.5,954.5,622,652,783,663,698,700,896,735,459,592,969.5,812,698.5,756,693,664,597,717.5,529,579,578,847,686,685,NA,428,"ltr"
"429","000000000000000000b4_0",656,1141,743,1169,779,637,769,771,981,978,967.5,621.5,774,639,987,739,780,589,559.5,582,650,556,530,1326,509,510,587,799,566,861,920,880,1084,NA,429,"ltr"
"430","000000000000000000b5_0",729,1004,716,744.5,843,916,797,681,887,847,722.5,780,778.5,752,686,850,733,681,631,638,693,355,490,1047,567.5,489,518,828,1172,1027.5,1342.5,911,805,NA,430,"ltr"
"431","000000000000000000b6_0",571.5,595,743,939,710.5,691,723,642,698,725,834,832.5,546.5,751.5,789.5,862,716,823,660,760,776,645,629,974,528.5,827,546,824,944,758.5,911,883,763,NA,431,"ltr"
"432","000000000000000000b7_0",567.5,622,559,810,879,634,776,643.5,681.5,622.5,696,605,472,660.5,596,694,625,669,631,625,517,434.5,463.5,527,363,494,519,559.5,591,645,743,686,550,NA,432,"ltr"
"433","000000000000000000b8_0",573,751,570.5,687.5,612,551,498,594,747,626,932,715,696.5,597,585,627,654,575,556.5,589,673.5,444.5,583,718,529,497.5,538.5,588,678,698.5,718.5,895,787.5,NA,433,"ltr"
"434","000000000000000000b9_0",652,587.5,508,597.5,521,705,550,762,707,666,525.5,472,551.5,483,575,639,562,490,505,575,647,456.5,779,679,555.5,415,521,530,602,672,794,667,541,NA,434,"ltr"
"435","000000000000000000ba_0",314,351.5,238,322,258,310,296,296,287,246.5,323.5,269.5,300.5,247,261,303,285,273,281,265,218,284,252,327,224,210,201,262.5,325,273,484,424,333.5,NA,435,"ltr"
"436","000000000000000000bb_0",445,380,361.5,364,303,380,446,491,439,365,334,365,412.5,314,353,403,351,361,340.5,330.5,312,289,279,363,276,301.5,264,336,319.5,363,485,386,328,NA,436,"ltr"
"437","000000000000000000bc_0",393,627,1024,634,589,587,586,547,839,693,728,780.5,576,862,782,795,771,558,568,706,555.5,737,656,502,615,621,640,527,556.5,611.5,821,977,722.5,NA,437,"ltr"
"438","000000000000000000bd_0",396,439,742,998,945.5,1046,922,975.5,877,959.5,975,975,400.5,804.5,730.5,770,684,532,688.5,521,628.5,483,508,408,544,537,591,338,447,396,1148.5,896,1119.5,NA,438,"ltr"
"439","000000000000000000be_0",515,350,581,878,720,946.5,760,886.5,815,770,771,934.5,299,859,918.5,778,794,657,671,641.5,597.5,664,606.5,333,648,524,523,358,807,435,805,977,883,NA,439,"ltr"
"440","000000000000000000bf_0",417,427.5,711,676.5,685,628,551,536,864,756,743,884,631,860,799.5,812,808,561,570.5,721,533,672,720,565,472,652,539,609,669,648.5,821,768,1005,NA,440,"ltr"
"441","000000000000000000c0_0",760,1600,664,587,652.5,698,732.5,791,826,947,799,901.5,896,661,749,819.5,788,672.5,715,822,742,688,725,818,557,571,619,718.5,785,705,756,666,660,NA,441,"ltr"
"442","000000000000000000c1_0",333,376,443,514,490,635,627,589,580,623,634,609,397,496.5,534,569,532,460,462,450.5,538,402,395.5,527,454.5,411,572,426,493,504.5,655.5,726.5,723,NA,442,"ltr"
"443","000000000000000000c2_0",625,661.5,688,615,591,644,692,657,645,681.5,560,719,511,706,684,644,573.5,416,537,597.5,442,455,444.5,794,606,481,596,864.5,421,797.5,814,671.5,664,NA,443,"ltr"
"444","000000000000000000c3_0",657,818.5,575,585.5,463,544,456,578.5,740,690,854.5,516.5,658,501,646,555.5,707.5,492,555,692.5,478,312,358,740,603,369,446.5,637,713,553,785,722,618,NA,444,"ltr"
"445","000000000000000000c4_0",714,664,520,546,635.5,564,531,555,740,648,490,486,523,395,581,623,619,572.5,643,725.5,731,532,830,682,604,404,601,610,618,645,638,719,589,NA,445,"ltr"
"446","000000000000000000c5_0",640.5,601,520,555,612,547,524.5,584,564.5,520.5,396.5,406,515,395,546,576,619,538,623,743,680,447.5,655,560,570,539,566.5,496.5,651,626,706,692,589,NA,446,"ltr"
"447","000000000000000000c6_0",599,601,571,555,645,562,502,552,683.5,561,364.5,357.5,515,411,581,662,601,490,623,664.5,598,500,661,605,534,502,544.5,521.5,647,591,699,692,560,NA,447,"ltr"
"448","000000000000000000c7_0",673,539,618,558,570,404.5,455.5,434.5,390,334.5,519,354,448,369.5,374,395,352,330,323,286,206,452,244,536,163,165,159.5,541,582.5,645,755,712,586.5,NA,448,"ltr"
"449","000000000000000000c8_0",917.5,760.5,554.5,536,490.5,762,887,832.5,995.5,866.5,753.5,742,733.5,920.5,971,999,736,669,778.5,872.5,716,933.5,634.5,594,672,721,604,478,782.5,688,689,582,538,NA,449,"ltr"
"450","000000000000000000c9_0",366,375.5,291.5,429,424.5,539,599,768,753,619,775,671,314,667.5,652,713.5,619,602,569.5,588,570.5,564,467.5,403.5,474,499,347,322,549,534,548,462,380,NA,450,"ltr"
"451","000000000000000000ca_0",517.5,606,745,669,622,713,662,685,800,633,650,794,610.5,779,785.5,819.5,830,626,821,884,677,745,646.5,753,729,810,773,900.5,756.5,739.5,983,735,672.5,NA,451,"ltr"
"452","000000000000000000cb_0",468,562.5,924,635.5,767,816.5,949,855,1163,879,831,870,541,932,1079.5,1237.5,1073,812,737,803.5,794,1077,810,512,894,947,832.5,480,513.5,494,569,546,440,NA,452,"ltr"
"453","000000000000000000cc_0",575.5,578,450,586,508,536,549.5,556,516.5,494,496,417.5,762.5,461,508,650,684,653,426.5,251.5,259,225.5,228,791.5,339.5,295,611.5,668,559,546.5,778,632.5,813,NA,453,"ltr"
"454","000000000000000000cd_0",498,459.5,405,484,470,480,458,545,469,524,548,459,484,472,477,500,475.5,395.5,397,497,376,532,507,494,398,577.5,425,425,472,582.5,670,613,503,NA,454,"ltr"
"455","000000000000000000ce_0",970,675,557,654,518,952,568.5,905.5,824,773,798,959,774,786,713,575,681,628,549.5,656,630.5,558.5,623,778.5,568.5,471,683,716.5,745,552,685,757,508.5,NA,455,"ltr"
"456","000000000000000000cf_0",626,711.5,514,590.5,552,661,652.5,727,832.5,780,901,719.5,695,622,522,708,634.5,539,684,729.5,741,808,650,636.5,733,562,586,601.5,626,664,779,674,586,NA,456,"ltr"
"457","000000000000000000d0_0",708,665,739,870,748,789.5,827,982,837,796,869.5,999,990.5,890,643,996,808,1093.5,999.5,1048,796,807,635,691,363,267,257.5,648,1189.5,1019.5,1262,974,857.5,NA,457,"ltr"
"458","000000000000000000d1_0",448,447,572,708,838,657,684,721.5,641.5,616,884,679,366,657,646.5,848,767,637.5,486,678.5,727,790,914,653,721,528,605,485.5,960,698,950,701,832,NA,458,"ltr"
"459","000000000000000000d2_0",581,655,624,613,520,689.5,638.5,513,490,535,395,421.5,602.5,385.5,226,308,508,308,293.5,297.5,183,168,199,523,196,191.5,264,474,555,469,688,590,586,NA,459,"ltr"
"460","000000000000000000d3_0",259,350,161,314,442,419,375,391.5,351,366,417.5,391,304,269,298,395.5,456,291,329.5,408,244,188,257.5,431,297,179.5,229,298,370,372.5,487,530.5,520,NA,460,"ltr"
"461","000000000000000000d4_0",342.5,375,295,352,297,351,305,325,367,306.5,327.5,312.5,301,313,287,409,416,339,569,599,501.5,698,567.5,324,582.5,545,476,315.5,367,326,489,463,336,NA,461,"ltr"
"462","000000000000000000d5_0",461,392,758,949,659,523,1042.5,477,443,754,574,712,482,800,647,298.5,744,597,641,701,186,260,188,654,178,216,201,616,389.5,563.5,562,492.5,519,NA,462,"ltr"
"463","000000000000000000d6_0",518,692,681,584.5,561,663,598.5,696,671,776,807,701,494,611.5,621,724,672,641,583.5,690,547,472,764.5,589,553,443,569,443,633,557,883,766,651.5,NA,463,"ltr"
"464","000000000000000000d7_0",370,447,379,584,464,556,637,536,496,520,672.5,589,398,503.5,471,653,615.5,519,478,591,474,757,600,464,574.5,464.5,457,335,664,589.5,754,654.5,692,NA,464,"ltr"
"465","000000000000000000d8_0",517,621,620,631,657,747.5,609,761,775.5,763,705.5,650,507.5,634,665,524.5,732,593,572,667,603.5,542,664.5,573.5,588,491,751,494,743,789,975,764,555.5,NA,465,"ltr"
"466","000000000000000000d9_0",301,536.5,569,1088,651,478.5,1149,512.5,468,832,687,748,451,904,646,604.5,869,885,907,848,171,239,272,669,218,227,298,618,359,614,607,776,510,NA,466,"ltr"
"467","000000000000000000da_0",489,606,482,778.5,560,677,506,679,585,737,623,662.5,481,563.5,643.5,665,663.5,651,693,688.5,729.5,610,744,515,784,664,605.5,445,597.5,603,994,789,906.5,NA,467,"ltr"
"468","000000000000000000db_0",492.5,649,588,709,682,823,734.5,899,735,655,756.5,724.5,513,792,803,855,770,612,636,818,736,732,765,604.5,726.5,669,721,534,713,645,1005,881.5,853,NA,468,"ltr"
"469","000000000000000000dc_0",608.5,715.5,773,580,461,590,493.5,638,683,558,739,847.5,549,700,885,843,694,746,769.5,728,1023,885,730,771,611,792,789,620,906,651,731,819,886,NA,469,"ltr"
"470","000000000000000000dd_0",957,997,577.5,837.5,781,688,828,1270,778.5,851.5,872,920,521.5,720,640,781,1290,978,721,1290,1124.5,745,918,607,1222,675.5,982.5,432,695,578,1109,762,1194,NA,470,"ltr"
"471","000000000000000000de_0",469,482,566,1004,650,504,1186.5,506,531.5,849,740,766,427,848,685,635,860,887,906,842.5,282,326,292,822,187,266,321.5,653,357,574,600,884,464.5,NA,471,"ltr"
"472","000000000000000000df_0",277.5,792.5,636,753.5,907,742,905,862.5,821,703,844,740,452.5,623,698,795,727.5,676,589.5,609.5,663,565,688,848.5,539.5,658,534,744,947,681,652.5,764.5,663,NA,472,"ltr"
"473","000000000000000000e0_0",540,502,506,1009,683,435,1078.5,485,461,818.5,677,730,577,833,655,536,834,807.5,836,879,193,316,225,587,173,249,218,581,442,566,593,543,479,NA,473,"ltr"
"474","000000000000000000e1_0",391,466,505,1035.5,586,471,1069.5,501.5,486,775,695,769.5,487,844.5,650.5,577,872,827,888,903.5,213,339,278.5,679,189,242,164.5,830.5,395.5,593,621,572,500.5,NA,474,"ltr"
"475","000000000000000000e2_0",443.5,396,506,980,683,423,1081,471,455,830.5,689,734.5,455,840,655,571,835,816,852.5,898.5,206,328,233,566,172,260,238.5,687,371.5,584,560,543,473.5,NA,475,"ltr"
"476","000000000000000000e3_0",326,389.5,351,538,406,598.5,684,1043,1031.5,754,928,745,339.5,857,869,893,831,715,669,706,680.5,605.5,599,326.5,615.5,724,526.5,420,350,353,487,425.5,358.5,NA,476,"ltr"
"477","000000000000000000e4_0",726,649,681,767,752,655,663,1116,689,579,769,579,698.5,605,888,695,637.5,599,767,1135,953,892.5,888,576,801,867.5,934,579.5,875,704,950,946,725,NA,477,"ltr"
"478","000000000000000000e5_0",546,653,469.5,658,422,490.5,598,478,456.5,692.5,659,752.5,508.5,842,619,571,893,823,871.5,915.5,282.5,275,330,489,193,250,174,523.5,506,592,688,555,497,NA,478,"ltr"
"479","000000000000000000e6_0",943.5,803,746,754,752.5,796.5,720,793,748,806,803,734,765,801,992.5,1051.5,890.5,774,578,696,600,278,252,947,242,344,278,880,961,840,944,896,834,NA,479,"ltr"
"480","000000000000000000e7_0",364.5,463.5,661,824,683.5,655,633,714,923,649,710,632.5,363,602,588,710,629,528,450,600,560,553,581,328,562,385,536.5,932,955,783,859,932,937.5,NA,480,"ltr"
"481","000000000000000000ea_0",346,360,182.5,387.5,360,427.5,367,346,369.5,398,396.5,510,323,277,339,420,366,289,407,494,371,406.5,502.5,397,473,455,476,316,761,346.5,756,592,573,NA,481,"ltr"
"482","000000000000000000eb_0",461,409,586.5,1034,619,462,1135.5,499.5,505.5,828,683,744,503,848,668.5,632,863,869,899,886,317,297.5,365,581,247,306,305,689,369.5,596,535,719,462.5,NA,482,"ltr"
"483","000000000000000000ec_0",627,694.5,539,600.5,457,548,604.5,548,538,561.5,647,675,572.5,725,675,631.5,868,882,874,800,318,357,368,661,260,369,254,617,443,652.5,623,576,594.5,NA,483,"ltr"
"484","000000000000000000ed_0",382.5,366.5,209.5,301,226,306,307,291,374.5,468.5,359,515,440,465,464,561,518,465,464,489,429,470,531,370,423.5,410,390.5,308,368,378.5,428,377,273,NA,484,"ltr"
"485","000000000000000000ee_0",562,707,686,739,695.5,600,645.5,849,755,781.5,778.5,834.5,654,864,788,618,694,506,830,708,679,729.5,590.5,661,593.5,595.5,582,765.5,606,646,1062,922.5,743,NA,485,"ltr"
"486","000000000000000000ef_0",483.5,756,455,1042,619,551,1185.5,555,511,860,778,832,556.5,884,724,598,917,890,904,873,298,373,372.5,822.5,278,336.5,284,689,320,685,625,516,529.5,NA,486,"ltr"
"487","000000000000000000f0_0",791,418,339,345.5,312,346,307,376,541,728,478.5,697.5,502,703.5,724.5,705,664,587,589,621,571,642,637.5,377.5,485,619,555,346,347,663.5,448,407,354,NA,487,"ltr"
"488","000000000000000000f1_0",518,547,584.5,829,587,723,946.5,527.5,507,753,692,765,455,837,591,531,767,824.5,851.5,787.5,290,221,439.5,667.5,282,381.5,416,582,396,629.5,656,644,581,NA,488,"ltr"
"489","000000000000000000f2_0",320,270,183,262.5,257,316,286.5,292,447.5,460,292.5,510,297,394,398.5,488,465.5,394,446.5,458,355,460,545,280.5,381,340,316.5,244,345,406,398,348,273,NA,489,"ltr"
"490","000000000000000000f3_0",741,621,590,1073.5,740,806,1188,604,652,935,802.5,867,568.5,850,740,594,853.5,883,962,901,284,221,229,804.5,254,308,353,759,381,702,625,812,672.5,NA,490,"ltr"
"491","000000000000000000f4_0",580,753,670,1043,619,700,1225,565,539,896.5,788.5,857.5,553,871,724,646,911,915,957,879.5,340,309,439.5,846.5,275,406,440,689,382,711,722,546,493.5,NA,491,"ltr"
"492","000000000000000000f5_0",816,782,742,796,521,849,1148,613.5,423,394.5,458,331.5,544,421,238.5,339,461,256,482,357,219,355,212,538,195,157.5,158,652,386.5,475,629,616.5,619,NA,492,"ltr"
"493","000000000000000000f6_0",373,475,517,980,614,401,1114,501,512,755,648,739,264,862,646,572.5,905,905,859.5,851.5,345,311,395,644,297,368,331,535,405,579,565,506,492.5,NA,493,"ltr"
"494","000000000000000000f7_0",621,654.5,760,680,749,696.5,693,914,877,806,855,854,676,797,942,736,700,562,600.5,737,641,808,748,674,735,552,605,782,805,926,1243,977,838.5,NA,494,"ltr"
"495","000000000000000000f8_0",599.5,756,624,1043,684,649,1225,576,576,916,787,888,504,898,691,646,916,907,941,881.5,366.5,306,439,829.5,259,373,413,689,351,685,658,580,493.5,NA,495,"ltr"
"496","000000000000000000f9_0",922.5,724,708,760,563,848,1180,583,507,511,467,463,469,571.5,658,481,663.5,417,541.5,627,215,215,398,637.5,370,190.5,256,618,506,489,589.5,750,665.5,NA,496,"ltr"
"497","000000000000000000fa_0",819.5,770,646,698,586,750,1092,584.5,435.5,425,370.5,401,488,620,804,694,553,404,414,414,199,383,272,622.5,263,250,176,490,550,503,573.5,634,529,NA,497,"ltr"
"498","000000000000000000fb_0",469,636,515,1088.5,717,653,1179,563.5,559.5,869,811,849,583,946,727,604,926.5,895,866.5,921.5,315,315,438,853,236,349,415,725,365,685,660,484,492.5,NA,498,"ltr"
"499","000000000000000000fc_0",709,598.5,628,1101,717,855,1225,587,595.5,908,810,833,579,812.5,756.5,726,874,862,904,944.5,335.5,237,429,775,310,435.5,408,760,386,711,659,682,694.5,NA,499,"ltr"
"500","000000000000000000fd_0",436.5,413,855,848.5,825,925,733,696,611,557,519.5,578.5,447,538,556.5,541,530,474,480,459,414.5,404.5,383.5,448,375,372,314,361,436,1026,1463.5,1134,1036,NA,500,"ltr"
"501","000000000000000000fe_0",566,598.5,700,687,523,642.5,557,911,981.5,701.5,797,716.5,449,648,1105,959.5,710,652,682,854,908,744,913,468,927,861,1321,494,562,438.5,980,758,719,NA,501,"ltr"
"502","000000000000000000ff_0",800,934,1509,827,810,836,769,1078.5,955.5,611.5,931,767,738,720,1098,899.5,854,685.5,695,885,858,710.5,1204,837,1207,1426,1530.5,619,875,734,888,895.5,1146,NA,502,"ltr"
"503","00000000000000000100_0",681,671,670,1206,909,1092,1221,618.5,683,907,843,884,549,880,737.5,778,863,948,977,864.5,295,258,558,714,373,453,535,690,501,641.5,633,964,780.5,NA,503,"ltr"
