system:index,BLUE,BLUE_1,BLUE_10,BLUE_11,BLUE_12,BLUE_13,BLUE_14,BLUE_15,BLUE_16,BLUE_17,BLUE_18,BLUE_19,BLUE_2,BLUE_20,BLUE_21,BLUE_22,BLUE_23,BLUE_24,BLUE_25,BLUE_26,BLUE_27,BLUE_28,BLUE_29,BLUE_3,BLUE_30,BLUE_31,BLUE_32,BLUE_4,BLUE_5,BLUE_6,BLUE_7,BLUE_8,BLUE_9,.geo
00000000000000000000_0,166.5,188.5,153.0,177.5,165.0,226.0,198.0,187.5,153.0,176.0,150.0,168.0,199.5,140.0,142.0,165.0,150.0,150.0,134.0,159.0,166.0,105.0,118.0,222.0,154.0,93.0,110.5,148.0,210.0,195.0,302.0,200.0,181.0,
00000000000000000001_0,197.0,250.0,133.0,211.0,108.0,201.0,181.0,197.5,141.0,173.5,172.5,215.0,216.0,151.0,126.5,190.5,192.0,186.0,141.0,175.0,149.0,108.0,105.0,212.0,114.0,111.0,104.0,131.0,203.0,171.0,311.0,185.0,187.0,
00000000000000000002_0,211.0,221.0,142.0,242.0,190.5,252.5,273.0,203.0,168.5,208.0,176.5,178.5,231.5,166.0,172.0,240.0,201.5,199.0,149.0,199.0,214.0,138.5,143.0,275.0,167.0,152.5,133.0,178.0,249.0,243.0,327.0,262.0,257.0,
00000000000000000003_0,207.0,248.0,222.0,245.0,182.5,226.5,238.5,203.0,170.0,187.0,179.0,241.0,280.5,210.5,193.0,261.0,190.0,204.5,158.0,206.0,191.0,137.5,160.0,237.0,163.5,149.0,139.0,190.0,237.5,188.5,294.0,257.5,254.0,
00000000000000000004_0,212.0,285.0,166.0,198.0,177.0,227.0,213.0,176.5,171.0,187.5,172.0,171.0,202.0,197.5,173.5,231.5,171.5,183.0,171.0,199.0,173.5,169.0,161.0,224.0,168.0,161.0,161.0,163.0,222.0,193.0,320.0,226.5,215.0,
00000000000000000005_0,250.5,250.0,208.5,257.0,193.0,235.5,241.0,210.5,161.5,192.0,206.0,208.0,223.0,182.0,176.0,214.0,190.0,191.0,157.5,179.5,181.5,105.0,139.0,254.0,155.0,134.0,130.5,194.0,238.0,216.0,339.5,230.5,220.0,
00000000000000000006_0,218.5,243.0,186.0,224.5,162.0,234.0,230.5,190.5,166.0,190.0,159.0,199.0,222.0,183.0,172.0,289.0,171.0,186.5,151.0,210.5,183.0,138.0,143.5,216.0,156.5,144.5,143.0,197.0,249.0,215.0,334.5,239.0,225.5,
00000000000000000007_0,260.5,261.5,167.0,228.5,185.5,257.0,235.0,209.0,185.5,214.0,178.5,209.5,248.0,203.0,208.0,248.0,187.0,214.0,172.0,200.0,182.5,164.0,168.0,253.0,173.5,162.0,158.0,176.0,245.0,237.5,369.0,259.0,218.0,
00000000000000000008_0,212.0,218.0,197.0,252.0,178.0,250.0,229.0,221.0,187.5,209.0,184.5,191.0,217.0,180.0,172.0,228.5,223.0,191.5,184.5,190.0,190.5,172.0,170.0,266.0,180.0,148.0,172.5,162.5,225.0,239.0,340.0,256.0,239.0,
00000000000000000009_0,281.0,291.5,229.0,292.0,218.0,262.0,268.0,208.5,215.0,217.0,227.0,245.5,299.5,248.0,231.0,298.0,262.5,233.0,204.5,226.0,214.0,216.0,189.5,264.5,209.0,204.0,221.0,207.0,292.0,259.5,354.0,266.0,266.0,
0000000000000000000a_0,257.0,240.5,197.0,256.5,193.0,246.0,251.0,226.5,169.5,206.0,222.0,230.5,252.0,187.0,161.0,219.0,218.0,190.0,186.0,200.0,194.0,167.0,158.5,281.0,177.0,162.0,147.0,217.0,256.0,285.0,365.0,192.5,244.0,
0000000000000000000b_0,354.0,283.0,240.0,281.0,200.0,274.0,249.0,211.0,201.5,198.0,190.0,213.0,285.5,206.0,200.0,220.0,239.5,211.0,199.0,199.5,202.0,165.5,152.0,267.0,171.0,188.0,172.0,239.5,284.5,245.0,330.5,302.0,263.0,
0000000000000000000c_0,298.0,301.0,199.0,282.0,177.0,254.0,226.0,237.0,202.5,221.0,230.0,207.0,272.0,225.0,200.0,237.5,224.0,211.5,195.5,209.0,204.0,166.5,150.5,288.0,173.5,174.5,169.0,235.5,278.5,267.0,307.0,279.0,249.0,
0000000000000000000d_0,169.0,212.0,123.0,189.5,164.0,176.0,150.0,162.0,165.5,191.5,157.0,175.0,201.0,169.0,134.0,197.0,181.5,181.0,127.0,169.5,159.0,105.5,120.0,243.5,144.0,117.0,115.0,132.0,241.5,252.0,308.0,236.0,192.5,
0000000000000000000e_0,220.0,217.5,181.5,250.0,222.0,251.0,222.0,203.0,173.0,218.0,184.0,172.0,244.5,185.0,181.0,231.0,231.0,199.0,179.5,186.0,156.0,134.5,139.0,219.0,163.5,165.0,146.0,176.5,240.0,198.5,333.0,246.0,215.5,
0000000000000000000f_0,253.0,228.0,137.0,216.0,147.0,211.0,179.5,181.0,161.0,168.5,152.0,155.0,205.0,167.0,146.0,173.0,183.0,161.0,145.0,155.0,155.0,108.5,118.0,234.0,126.0,133.0,120.5,200.5,234.0,201.0,336.0,218.0,238.0,
00000000000000000010_0,320.0,278.0,212.5,252.0,190.0,271.5,217.0,243.0,198.0,201.0,224.5,224.0,278.5,222.0,227.0,239.5,216.0,226.0,210.5,214.0,192.0,192.0,162.0,278.0,189.0,180.0,172.0,220.0,287.5,291.0,343.5,254.0,241.5,
00000000000000000011_0,312.0,300.5,231.0,264.0,208.0,272.0,248.0,216.0,199.5,187.0,198.0,204.0,269.0,182.5,177.5,236.5,217.0,219.0,193.0,203.5,199.0,147.0,146.5,291.0,180.0,153.5,148.0,246.0,267.0,260.5,330.0,272.5,267.0,
00000000000000000012_0,344.0,295.5,250.0,265.5,211.0,267.0,281.5,255.0,222.0,212.0,209.0,219.0,306.5,215.0,223.0,237.0,228.0,194.0,190.0,221.0,197.5,179.0,175.0,300.0,189.0,184.0,181.0,230.0,270.0,281.0,325.0,259.0,239.0,
00000000000000000013_0,204.0,221.0,159.5,200.0,155.0,207.5,200.0,204.5,159.0,187.0,176.0,198.5,210.0,183.0,161.0,207.5,202.0,177.0,135.0,189.5,198.5,143.0,152.0,237.0,159.0,164.5,148.5,168.5,254.5,214.0,295.0,229.0,170.0,
00000000000000000014_0,315.0,265.0,219.5,258.5,242.0,261.0,243.0,227.0,195.0,187.0,211.0,228.0,260.5,231.0,196.5,227.5,225.0,212.0,176.0,235.0,188.0,165.5,169.0,249.0,173.5,176.5,168.0,200.0,272.0,264.0,335.0,278.0,260.0,
00000000000000000015_0,237.0,260.0,204.0,270.5,197.0,256.5,292.0,248.0,197.0,205.5,197.0,211.0,253.0,205.0,184.0,257.0,232.0,202.5,193.5,211.5,197.0,155.5,163.5,289.0,175.0,174.0,179.5,219.0,277.0,252.0,353.0,279.0,259.0,
00000000000000000016_0,233.0,236.0,166.0,243.5,191.0,228.0,204.0,203.5,185.0,174.0,174.5,171.0,248.0,187.0,166.0,207.0,196.0,184.5,172.5,180.0,197.0,162.5,167.0,239.0,177.5,179.0,175.0,190.0,247.0,217.0,330.5,261.0,244.5,
00000000000000000017_0,242.0,220.0,181.0,252.0,174.5,232.0,226.0,213.0,171.0,184.5,180.0,195.0,246.0,197.0,160.5,199.0,229.0,188.0,161.0,191.0,167.0,159.0,152.5,256.5,155.0,170.0,166.0,205.0,229.0,198.0,391.0,212.0,245.5,
00000000000000000018_0,262.0,261.5,225.5,292.5,188.5,254.5,257.0,215.0,224.0,195.0,206.0,207.5,273.5,226.0,193.0,242.0,221.0,188.5,167.5,195.0,178.0,158.0,156.5,273.0,154.0,166.0,163.5,232.0,277.0,283.0,359.0,226.0,263.5,
00000000000000000019_0,229.0,241.0,217.0,252.5,162.5,262.5,264.0,204.0,197.0,218.0,196.0,199.0,236.0,215.0,194.0,228.0,185.5,208.0,187.5,222.0,192.0,143.5,148.5,267.0,152.5,169.0,139.5,232.0,247.5,216.5,411.0,352.0,244.5,
0000000000000000001a_0,317.0,270.0,221.5,276.5,209.5,291.0,268.0,240.0,206.0,228.0,207.5,235.5,218.0,210.5,236.0,244.5,270.0,247.0,203.0,224.0,197.0,170.0,153.0,280.0,170.0,171.0,176.5,215.5,260.5,241.0,334.0,274.5,280.0,
0000000000000000001b_0,212.0,213.0,197.0,267.0,225.5,248.0,243.0,198.5,197.5,223.5,216.0,206.0,225.0,182.0,152.5,168.0,173.5,169.0,140.0,183.0,203.0,134.0,150.5,278.0,177.0,178.0,162.0,194.0,263.0,234.0,404.0,337.0,243.0,
0000000000000000001c_0,208.0,192.0,169.0,214.0,220.0,238.0,229.0,201.0,173.0,205.0,165.0,164.0,227.0,165.5,163.0,174.0,174.5,152.5,165.0,189.0,166.0,122.0,132.0,257.0,146.0,139.0,117.0,178.5,261.0,188.0,408.5,279.0,240.5,
0000000000000000001d_0,212.0,239.0,170.0,188.5,175.0,219.0,217.0,182.0,156.0,211.0,189.5,166.5,222.5,163.0,152.0,199.5,192.0,186.0,150.5,189.5,200.0,119.0,125.0,222.0,151.0,133.0,127.0,155.0,225.0,207.0,350.0,285.0,203.5,
0000000000000000001e_0,141.5,114.5,101.0,212.0,106.0,152.0,146.0,112.5,114.5,146.0,108.0,109.5,129.0,134.5,83.0,145.0,130.0,110.0,85.0,117.5,110.0,78.0,88.0,165.0,108.0,110.0,88.0,97.5,174.0,130.5,385.0,181.0,120.5,
0000000000000000001f_0,249.0,230.5,208.0,229.0,228.5,248.0,233.0,208.5,202.5,231.0,187.0,163.5,232.0,222.0,178.5,213.5,172.0,196.0,144.0,202.0,188.5,136.5,157.0,236.0,175.0,181.0,161.0,203.0,263.0,245.0,365.0,338.5,251.5,
00000000000000000020_0,230.0,242.0,216.0,257.0,217.0,271.5,252.0,233.0,196.5,238.0,229.0,213.0,253.0,184.5,147.0,163.5,168.5,185.5,141.0,203.0,142.0,120.5,136.5,263.0,153.0,146.0,139.0,193.5,264.0,243.5,509.0,363.0,289.0,
00000000000000000021_0,272.5,269.0,236.0,281.0,219.0,290.0,261.0,245.0,201.0,228.0,214.0,208.5,300.0,220.5,205.0,228.0,209.0,199.5,199.0,223.0,215.0,175.5,183.5,267.0,198.0,189.0,195.0,216.0,304.0,274.5,431.0,318.5,272.5,
00000000000000000022_0,223.5,227.0,175.5,250.5,184.0,250.5,237.0,205.5,192.0,218.0,179.0,153.0,235.5,211.0,184.0,200.0,190.0,202.5,171.0,206.0,168.0,127.0,163.0,278.0,170.0,166.0,149.5,171.5,246.0,252.0,398.5,320.0,249.0,
00000000000000000023_0,265.5,230.5,187.0,227.0,188.0,255.0,238.0,188.0,193.0,203.0,179.0,199.5,233.0,193.5,183.0,217.5,210.5,193.5,185.0,187.5,165.0,136.0,165.0,259.0,170.0,175.0,155.0,165.0,229.0,197.0,546.0,277.0,228.0,
00000000000000000024_0,267.0,248.0,202.0,254.0,193.0,284.0,268.0,209.0,202.0,219.0,182.0,215.0,232.0,204.0,202.5,211.0,202.0,193.0,191.0,201.5,190.0,194.5,178.0,298.0,187.0,175.0,183.0,182.0,283.0,268.0,464.0,259.0,258.0,
00000000000000000025_0,257.0,279.0,216.0,274.0,204.0,258.5,235.0,230.5,204.5,227.0,199.0,214.0,254.5,239.0,182.5,236.0,238.0,207.0,190.5,208.5,206.0,141.5,166.5,300.5,150.5,147.0,139.0,193.0,269.0,254.5,372.0,276.0,226.0,
00000000000000000026_0,290.5,253.5,253.0,299.0,233.0,296.0,291.0,245.0,233.0,229.0,213.5,230.0,287.0,226.0,226.0,228.5,256.0,242.5,213.0,231.5,222.0,196.0,189.0,355.0,202.0,196.0,193.5,210.5,296.0,274.0,377.5,309.0,253.5,
00000000000000000027_0,396.0,398.0,269.0,324.0,276.0,302.0,350.0,265.0,266.0,247.5,237.0,218.5,368.0,252.0,217.0,263.0,228.0,236.0,218.5,226.0,230.0,175.0,203.5,358.5,216.0,217.0,212.0,271.0,382.5,344.5,471.0,340.0,324.5,
00000000000000000028_0,293.0,272.0,215.0,294.0,248.0,272.0,284.0,247.0,226.0,250.5,248.0,216.5,260.0,238.0,214.0,252.0,220.0,218.5,237.0,212.5,193.5,173.0,184.5,269.0,201.0,179.0,190.5,234.0,310.0,279.5,441.0,261.0,272.5,
00000000000000000029_0,268.0,273.0,213.0,286.5,207.5,277.5,257.5,227.0,219.5,230.0,203.5,201.0,275.0,246.0,211.0,235.0,214.0,218.5,235.5,212.5,183.5,208.5,191.0,257.5,212.0,187.0,191.0,233.0,257.0,247.0,443.0,304.5,261.0,
0000000000000000002a_0,317.0,261.0,250.0,294.0,230.0,282.5,265.0,228.0,231.0,243.0,230.0,231.0,284.5,229.0,201.0,243.5,242.0,230.0,234.0,217.0,225.0,169.5,171.0,297.0,197.0,192.0,189.0,222.0,282.0,285.0,485.0,317.0,227.0,
0000000000000000002b_0,293.0,273.0,222.5,269.0,211.0,273.0,279.0,238.0,227.0,238.0,230.0,209.0,281.5,246.0,199.0,202.0,236.0,225.0,210.0,213.0,223.0,180.5,183.0,250.0,185.0,177.5,166.0,205.0,304.0,263.5,424.5,308.5,224.5,
0000000000000000002c_0,268.0,236.0,217.5,278.0,237.0,263.0,254.5,219.0,208.0,246.0,207.0,237.0,273.0,226.5,193.0,244.5,218.0,225.0,198.5,231.0,198.0,209.0,170.0,263.0,190.0,178.5,177.5,235.0,288.0,249.0,465.0,281.5,256.0,
0000000000000000002d_0,268.0,265.5,245.5,294.0,230.0,298.0,248.0,221.0,217.5,234.5,214.5,230.0,274.5,237.0,184.0,232.5,242.5,227.0,228.5,236.0,200.0,200.0,173.0,254.0,202.5,193.0,194.0,218.0,260.0,257.0,463.0,291.5,240.5,
0000000000000000002e_0,240.0,288.0,216.0,281.0,196.5,288.0,249.0,218.5,215.0,233.5,219.5,231.0,255.5,238.0,206.5,237.0,243.0,215.0,223.0,241.0,207.0,179.0,180.0,243.5,188.0,187.0,180.0,220.0,292.0,257.0,525.0,293.5,255.0,
0000000000000000002f_0,272.0,253.0,204.0,276.0,199.0,253.0,229.0,234.0,199.5,210.0,197.0,228.5,256.0,219.0,204.5,246.0,203.5,199.0,207.0,228.0,197.5,181.0,172.0,283.0,173.5,166.5,169.0,179.0,260.0,260.0,411.0,266.0,269.0,
00000000000000000030_0,263.0,251.0,177.0,245.0,218.0,237.0,221.0,246.0,198.5,230.0,172.5,189.5,219.5,206.0,170.0,201.0,204.0,208.5,210.0,199.0,196.5,159.0,148.5,244.0,161.0,151.0,150.0,195.0,241.0,243.0,484.0,272.5,251.0,
00000000000000000031_0,310.0,247.0,218.0,265.5,201.5,265.0,241.0,218.0,210.0,223.0,216.0,198.0,265.0,198.0,203.5,252.0,226.5,227.0,178.0,226.0,198.5,186.0,184.0,269.5,180.0,180.0,171.0,231.0,284.0,245.5,512.0,256.0,250.0,
00000000000000000032_0,266.0,232.0,218.5,288.0,220.5,274.0,249.0,245.0,199.0,242.5,232.5,210.5,243.0,202.5,202.0,224.0,213.0,203.0,209.0,232.0,217.0,177.0,184.0,241.0,195.0,180.0,183.0,218.0,253.0,240.0,457.5,292.0,241.5,
00000000000000000033_0,279.0,254.0,170.5,255.0,216.0,265.0,249.5,209.0,194.5,212.0,211.0,186.0,229.0,207.0,201.0,254.0,221.0,217.0,182.0,209.5,212.0,161.5,175.0,258.5,169.5,165.0,162.0,218.0,291.0,252.5,502.0,280.0,220.5,
00000000000000000034_0,316.0,296.0,276.0,277.0,256.0,321.0,283.5,244.0,231.0,239.0,220.5,239.0,303.0,256.5,221.5,245.0,248.5,239.0,231.0,234.0,242.0,231.0,194.0,310.0,212.0,191.0,207.0,266.0,256.5,307.0,392.5,265.0,310.5,
00000000000000000035_0,272.0,291.0,157.0,272.0,227.0,263.0,253.0,207.0,212.0,218.0,204.0,232.0,277.0,208.0,208.5,245.0,250.0,216.0,199.0,220.0,175.0,178.0,169.5,267.5,179.0,168.5,155.0,181.0,245.0,246.0,388.0,213.0,253.5,
00000000000000000036_0,259.5,255.0,236.0,253.0,223.0,267.0,236.0,214.0,218.0,248.0,205.0,193.0,244.0,220.5,205.0,231.0,260.0,201.0,208.0,231.0,224.0,194.0,178.0,256.0,192.0,181.0,181.0,219.0,253.5,248.0,353.5,241.5,249.5,
00000000000000000037_0,253.0,291.0,283.0,312.0,228.5,289.5,257.0,213.0,229.0,251.5,246.0,204.0,280.0,224.5,211.0,314.0,256.0,231.0,206.5,224.5,213.0,193.0,196.5,285.0,214.0,186.5,200.0,223.5,285.0,285.0,408.5,243.0,247.5,
00000000000000000038_0,248.0,282.0,171.0,277.0,235.5,265.5,275.5,219.5,251.5,233.0,213.5,213.5,250.0,242.0,193.0,249.0,211.0,222.0,208.5,209.0,194.0,211.5,195.0,252.0,209.0,192.5,191.5,214.0,299.5,294.5,355.0,273.0,286.0,
00000000000000000039_0,245.0,296.0,232.0,285.0,245.0,263.0,267.5,228.0,225.0,234.0,240.0,226.0,304.0,206.0,233.5,266.5,219.0,221.0,195.0,238.5,225.0,198.0,185.0,246.0,204.0,184.0,187.0,228.0,330.5,283.0,326.0,243.0,319.5,
0000000000000000003a_0,305.0,291.0,279.0,310.0,236.0,284.0,282.0,228.5,253.5,250.5,211.0,247.0,246.0,216.0,214.0,288.0,238.5,217.0,204.0,222.0,195.5,206.0,182.0,244.5,202.0,195.0,200.0,241.0,320.0,300.0,413.5,258.5,304.0,
0000000000000000003b_0,245.0,216.0,172.0,247.0,236.5,246.0,234.0,225.0,214.0,192.5,205.0,227.0,294.0,206.0,157.0,206.0,210.5,193.0,195.0,207.0,161.0,165.0,161.0,273.0,165.0,162.0,172.0,199.0,248.5,244.0,330.0,222.0,223.0,
0000000000000000003c_0,259.0,257.0,164.0,268.0,198.0,212.5,226.5,220.5,209.0,215.0,197.0,231.0,242.0,213.0,180.0,208.5,208.0,201.5,183.5,199.0,171.0,162.5,148.0,264.0,164.0,135.0,141.0,197.0,311.0,263.0,363.0,204.0,240.0,
0000000000000000003d_0,366.0,313.5,255.0,331.0,267.5,270.0,295.0,258.0,264.0,257.0,288.0,290.5,289.0,239.0,199.5,298.0,233.0,221.0,232.5,227.5,224.0,204.0,180.0,299.0,202.0,195.0,203.0,246.0,321.0,327.0,361.0,328.5,298.0,
0000000000000000003e_0,277.0,294.0,255.0,292.5,246.0,284.0,282.0,247.0,268.0,266.0,262.0,287.0,292.5,221.0,235.0,277.5,237.0,226.5,211.0,231.0,208.0,226.5,204.5,289.0,216.0,205.0,209.0,297.0,282.0,274.0,459.0,313.0,278.5,
0000000000000000003f_0,235.0,263.0,263.0,322.5,208.0,293.0,289.0,219.0,243.5,281.0,265.0,252.0,231.0,197.0,209.0,246.0,212.0,216.0,195.5,228.0,192.0,198.5,184.0,253.0,192.0,180.0,197.0,217.5,309.0,274.0,347.0,278.0,253.5,
00000000000000000040_0,263.0,245.0,224.0,288.0,228.0,293.0,250.0,215.0,227.0,212.0,228.0,233.5,266.0,228.0,229.0,308.0,223.0,222.0,211.0,229.5,216.0,212.0,190.0,260.0,201.0,200.0,202.0,240.0,294.5,241.0,396.0,262.0,224.5,
00000000000000000041_0,298.0,250.0,212.0,291.5,229.5,261.0,248.5,236.5,215.5,218.5,222.0,209.0,271.0,220.5,207.0,237.5,217.0,239.5,187.0,202.5,233.0,204.0,179.0,282.0,196.0,183.0,196.0,215.0,339.5,298.0,389.0,238.0,281.0,
00000000000000000042_0,261.0,305.0,234.0,322.5,241.0,247.0,258.0,242.0,215.0,233.0,214.5,217.5,284.0,212.0,209.0,232.0,205.0,190.0,216.0,243.0,196.0,169.5,175.0,307.5,180.0,167.5,170.0,231.0,330.5,261.5,432.0,303.0,258.0,
00000000000000000043_0,232.0,252.5,234.5,257.5,190.0,248.0,254.5,225.5,213.0,210.0,210.0,216.0,239.5,235.0,210.0,256.0,204.0,218.0,204.0,227.0,196.0,168.5,167.0,272.0,182.0,164.0,166.5,219.0,270.5,297.0,495.0,306.0,294.0,
00000000000000000044_0,269.0,329.0,294.0,314.0,242.0,267.0,321.5,239.0,262.5,245.0,269.0,250.0,296.0,235.0,253.5,254.0,329.5,242.0,232.0,252.0,207.0,275.5,250.0,280.5,238.0,224.5,212.5,239.0,278.0,266.0,315.0,346.0,274.0,
00000000000000000045_0,252.0,294.0,257.0,299.5,230.0,265.0,288.5,260.5,223.5,249.5,278.0,215.0,268.0,222.0,201.0,261.0,284.0,218.0,247.0,247.0,222.0,275.0,178.0,266.5,205.0,194.5,203.0,244.0,270.0,240.5,410.0,543.0,264.0,
00000000000000000046_0,368.0,368.5,245.5,374.0,258.0,289.0,316.0,276.0,269.0,245.0,270.0,286.0,327.0,287.0,248.0,291.5,312.5,263.0,232.0,241.5,243.0,280.0,243.0,321.0,244.0,228.5,228.5,273.0,320.5,311.0,403.0,643.5,285.5,
00000000000000000047_0,308.0,319.5,292.5,357.0,242.0,295.5,295.0,264.0,270.0,254.0,260.0,281.0,304.0,267.0,256.0,312.0,353.0,295.0,332.5,273.0,264.0,282.0,225.0,282.0,251.0,234.0,222.5,263.0,288.5,330.0,394.5,763.5,318.0,
00000000000000000048_0,307.0,373.0,276.5,352.0,244.0,303.0,268.0,250.0,274.0,265.0,269.5,291.0,301.0,271.0,238.5,273.0,306.5,264.0,224.5,254.5,246.0,280.0,222.5,280.5,230.0,228.0,222.5,248.0,317.5,300.5,374.0,342.0,263.0,
00000000000000000049_0,250.0,339.5,298.5,298.0,233.5,256.0,261.0,254.0,240.0,244.0,223.0,283.5,288.0,270.0,216.5,308.5,286.0,229.5,224.0,261.0,243.5,284.5,222.0,252.5,221.0,206.5,223.0,227.0,276.0,282.5,397.5,873.5,289.5,
0000000000000000004a_0,208.0,265.0,235.5,315.5,270.0,269.0,326.0,255.0,273.5,266.0,250.0,289.0,252.0,237.0,245.0,300.0,235.0,251.0,232.0,205.0,203.5,198.0,181.0,245.0,213.0,190.0,186.0,252.0,311.0,299.0,390.0,286.0,279.0,
0000000000000000004b_0,255.0,255.0,260.0,315.0,220.0,284.5,294.0,249.0,226.0,254.0,226.5,211.0,244.0,234.0,209.0,288.5,224.0,220.0,214.0,220.0,191.5,183.0,156.0,205.0,192.0,163.0,171.5,281.5,283.5,323.0,400.5,340.0,249.0,
0000000000000000004c_0,178.0,234.0,174.5,223.5,164.5,228.0,252.5,191.5,178.0,204.0,158.5,170.5,210.0,176.0,151.5,247.0,231.0,197.0,171.0,212.0,171.0,150.0,152.0,202.0,172.0,160.0,145.5,144.0,270.0,194.0,351.5,279.0,282.5,
0000000000000000004d_0,193.5,246.0,121.0,252.0,188.5,219.0,231.0,181.0,156.5,196.0,181.0,153.5,220.5,151.0,160.0,228.0,180.0,177.0,155.5,197.0,163.5,114.0,145.0,269.0,173.0,135.5,147.0,215.5,229.0,192.0,344.5,242.5,238.0,
0000000000000000004e_0,329.0,232.5,202.0,275.0,211.0,248.0,255.0,189.0,203.5,215.0,206.0,205.5,247.0,217.0,193.5,215.5,207.0,225.0,171.0,215.0,188.5,190.0,171.5,251.0,190.5,185.0,190.0,198.5,252.5,268.0,308.0,245.0,214.0,
0000000000000000004f_0,210.0,204.0,161.0,267.5,186.5,278.0,225.0,207.0,171.0,186.0,177.5,227.0,263.0,193.0,179.0,260.5,186.0,183.0,178.5,182.0,188.5,179.0,158.0,242.0,170.0,158.5,161.0,225.0,249.0,264.5,325.5,260.0,224.5,
00000000000000000050_0,258.0,203.5,178.0,238.0,178.0,235.0,255.0,185.0,156.5,192.0,176.0,174.5,221.0,196.5,171.5,188.5,200.0,206.0,163.0,204.0,173.0,140.0,153.0,197.0,154.0,156.0,142.5,189.5,213.0,254.5,267.5,257.0,216.0,
00000000000000000051_0,232.0,227.0,173.0,218.0,180.0,218.0,191.0,216.0,160.0,190.0,151.0,162.0,227.0,209.0,154.0,211.0,187.5,167.5,155.0,200.0,161.0,108.0,142.0,250.0,168.0,124.0,143.0,183.0,248.5,259.0,304.0,222.0,214.0,
00000000000000000052_0,321.0,185.0,232.5,269.0,214.0,300.0,276.0,253.0,198.0,220.0,219.0,182.5,254.0,228.0,230.0,271.0,243.0,238.0,197.0,228.0,162.0,191.5,181.0,260.0,208.0,215.0,215.5,206.5,231.0,260.5,347.0,243.0,226.5,
00000000000000000053_0,237.0,206.0,186.5,216.5,181.0,224.0,213.5,233.5,167.0,208.0,166.0,174.5,221.0,197.0,182.5,214.5,232.0,185.0,193.0,197.0,206.5,154.0,156.0,258.0,154.5,164.0,153.0,192.0,234.0,238.0,289.5,219.5,204.0,
00000000000000000054_0,305.0,237.0,186.0,297.5,202.5,263.0,251.5,244.0,198.5,215.0,193.5,203.0,242.0,201.0,197.0,236.5,205.0,218.5,196.5,209.0,178.0,176.0,190.0,262.0,193.5,196.0,189.0,202.5,267.5,251.5,342.0,268.0,215.0,
00000000000000000055_0,280.5,230.0,195.5,276.5,210.5,268.0,253.0,237.0,204.5,212.0,210.0,222.5,251.0,210.0,198.0,220.0,239.5,198.0,194.5,219.0,182.5,133.5,161.0,271.0,151.0,147.0,142.0,216.0,290.0,271.0,361.0,253.0,225.0,
00000000000000000056_0,245.5,225.5,193.5,266.0,199.0,266.5,251.0,219.0,200.0,227.0,211.0,206.0,260.0,230.0,199.0,221.0,219.0,210.0,177.0,219.5,178.0,158.0,149.0,226.0,167.0,148.5,166.0,235.5,261.0,232.5,345.5,274.0,252.5,
00000000000000000057_0,354.0,238.0,214.0,275.0,231.0,267.0,239.5,258.0,211.0,221.5,225.0,243.0,311.0,218.5,215.0,236.5,225.0,208.5,201.0,238.0,186.5,177.0,180.0,284.0,189.0,185.0,183.5,227.0,265.0,268.0,316.0,286.0,244.0,
00000000000000000058_0,267.0,183.0,145.0,241.0,150.0,221.5,220.0,191.0,158.0,190.0,166.5,168.0,212.0,188.5,195.0,201.5,217.5,181.0,148.0,183.0,144.0,92.0,130.0,214.0,118.0,117.0,112.5,185.5,215.0,239.0,293.5,223.0,203.5,
00000000000000000059_0,284.0,196.0,156.0,241.0,213.5,262.0,241.0,222.0,187.5,210.0,195.5,197.0,214.0,186.0,191.5,211.0,189.5,196.0,176.0,190.5,185.5,157.0,172.0,262.0,180.0,173.0,181.0,170.0,253.5,236.5,342.0,242.0,241.0,
0000000000000000005a_0,345.5,334.0,231.0,302.5,245.0,288.0,304.0,266.0,227.0,260.0,232.0,253.5,352.5,234.0,236.0,255.0,233.0,240.0,211.0,231.0,212.0,175.0,189.0,310.5,201.5,175.0,186.0,250.0,293.0,306.0,380.5,301.5,273.0,
0000000000000000005b_0,298.0,222.0,219.0,250.5,211.0,288.0,266.0,228.0,200.0,226.0,201.5,232.0,259.0,232.0,210.5,253.0,238.0,227.0,176.5,225.0,184.0,166.0,177.5,272.0,182.0,174.0,177.5,202.0,257.0,258.0,330.0,273.0,241.5,
0000000000000000005c_0,239.0,225.0,199.0,205.0,178.0,232.0,246.0,213.0,165.0,223.5,201.0,180.0,246.0,219.0,190.0,187.0,186.0,217.0,193.5,192.0,178.0,133.0,127.0,238.0,164.0,147.0,131.0,208.5,252.0,267.0,347.0,280.5,227.0,
0000000000000000005d_0,238.0,197.5,178.0,209.0,167.0,213.5,222.5,172.0,144.0,199.5,178.0,179.0,182.0,182.5,185.0,175.0,193.0,193.0,140.0,172.0,184.0,132.5,125.0,216.0,142.0,146.0,133.0,195.0,217.0,207.5,319.0,229.0,209.0,
0000000000000000005e_0,186.0,248.0,122.0,211.0,100.0,180.0,178.0,173.0,161.0,174.0,177.5,166.0,191.0,180.0,173.0,188.5,192.0,196.0,156.0,167.0,158.5,112.0,127.0,227.0,134.0,124.0,103.0,138.0,280.0,172.5,323.5,266.0,247.0,
0000000000000000005f_0,228.0,208.0,177.0,216.0,191.5,196.0,246.5,168.0,149.0,187.0,179.0,180.0,197.0,195.0,183.0,169.0,168.5,171.0,168.0,173.5,176.0,152.5,141.5,236.0,148.5,142.5,145.0,179.0,229.0,237.0,390.5,253.0,197.0,
00000000000000000060_0,173.5,190.0,104.0,204.0,196.0,161.5,193.5,188.0,149.0,206.0,176.5,195.0,230.0,129.0,171.0,202.5,196.0,180.0,143.5,152.0,147.0,66.0,113.0,215.0,122.0,104.0,91.0,146.0,260.5,162.0,326.0,257.0,184.0,
00000000000000000061_0,186.0,224.0,87.5,194.0,124.0,165.0,204.0,164.0,130.0,171.0,177.0,167.5,206.0,143.0,129.0,165.0,150.0,174.5,131.5,170.0,130.0,97.0,114.0,189.0,123.5,102.0,91.0,143.5,234.0,187.0,409.0,237.0,173.0,
00000000000000000062_0,218.0,196.0,171.5,207.0,185.0,203.0,202.5,207.5,143.0,193.0,182.5,192.5,184.0,174.5,183.0,171.0,165.0,166.0,139.0,176.0,166.0,145.0,133.5,218.5,143.0,137.0,135.0,158.0,242.5,228.0,337.0,242.0,189.0,
00000000000000000063_0,225.5,180.0,199.0,230.0,194.5,235.0,204.0,201.5,172.5,208.0,189.0,179.0,200.5,207.0,206.0,188.0,191.0,189.0,172.0,188.0,174.0,175.5,153.0,241.5,158.5,165.0,147.0,202.0,223.0,284.0,312.0,237.0,176.5,
00000000000000000064_0,175.5,166.0,128.0,191.0,131.0,177.5,181.5,186.5,147.0,176.0,174.0,148.0,162.5,120.0,154.0,144.5,148.0,142.0,133.0,156.5,153.5,104.0,94.0,201.0,110.0,95.0,85.0,154.0,244.0,217.0,295.0,225.0,169.0,
00000000000000000065_0,137.0,182.0,57.0,204.0,123.0,171.0,146.5,188.0,160.0,172.5,135.5,129.0,153.0,144.0,146.0,148.5,151.5,150.0,115.0,145.5,146.5,102.0,95.0,230.0,88.0,72.5,77.5,103.0,216.0,226.0,343.0,276.0,222.0,
00000000000000000066_0,233.0,196.5,182.5,205.0,190.0,247.5,239.5,191.0,178.0,196.5,180.0,173.0,216.5,190.0,163.5,185.5,172.0,182.0,143.0,181.0,127.5,167.0,155.0,224.0,160.0,151.5,151.0,197.0,233.0,254.0,294.5,234.0,200.5,
00000000000000000067_0,124.0,139.5,14.0,110.0,64.5,127.0,113.5,126.5,77.0,125.0,140.0,76.0,116.0,101.0,81.0,125.0,112.5,108.0,80.0,94.5,69.0,53.0,93.0,136.0,96.5,60.0,70.0,82.0,129.0,118.0,240.5,210.5,137.0,
00000000000000000068_0,210.5,170.0,170.0,187.0,91.0,216.0,193.0,175.0,129.0,173.5,132.0,169.0,186.0,166.0,159.5,193.0,168.0,154.5,119.0,160.0,146.5,131.0,117.0,180.5,131.0,135.5,130.0,168.0,173.0,264.5,307.0,251.0,153.0,
00000000000000000069_0,249.0,200.0,198.5,225.0,192.0,248.0,248.5,218.0,189.0,208.0,194.0,176.0,241.5,189.0,207.0,190.0,209.0,184.0,163.0,201.5,188.0,173.0,164.5,200.5,173.0,194.0,171.0,191.0,217.0,273.0,349.0,276.0,222.5,
0000000000000000006a_0,255.5,201.0,163.5,197.0,190.0,228.5,213.5,196.5,149.0,198.5,190.0,171.5,195.5,190.0,194.0,185.0,186.5,188.0,163.5,182.5,161.0,150.0,142.0,188.5,151.0,150.0,156.5,179.0,177.5,238.0,320.0,212.0,181.5,
0000000000000000006b_0,153.5,138.0,67.5,141.0,120.0,130.0,136.0,145.0,106.5,119.0,98.0,113.5,131.0,132.5,109.5,136.0,129.5,109.0,87.0,128.0,116.0,47.5,87.0,137.5,92.0,77.0,76.0,124.0,134.0,208.0,265.5,208.0,160.0,
0000000000000000006c_0,155.0,178.0,73.0,131.0,104.0,144.0,126.0,162.0,115.5,158.5,109.0,127.5,167.0,135.5,112.5,160.5,129.0,120.0,84.5,142.0,103.5,51.5,96.0,211.5,90.0,65.0,66.5,116.5,144.5,158.5,300.0,223.0,188.0,
0000000000000000006d_0,309.0,263.5,261.0,277.0,252.0,269.0,279.0,258.0,211.0,232.0,216.0,219.0,281.0,251.5,211.0,231.0,228.0,227.0,188.0,218.5,192.0,207.0,195.0,253.5,194.5,198.0,194.5,233.0,233.5,322.0,332.5,314.0,243.0,
0000000000000000006e_0,291.0,226.5,231.0,251.5,181.0,262.5,285.0,214.5,184.0,201.5,194.0,196.0,268.0,201.0,181.5,234.0,206.5,200.0,169.0,185.5,163.0,172.0,192.5,260.5,198.5,208.0,172.0,220.0,223.5,310.0,336.0,296.5,232.0,
0000000000000000006f_0,256.5,218.0,178.0,247.0,191.0,283.0,267.0,225.0,171.5,203.0,169.0,185.0,263.0,199.0,174.0,226.0,211.0,206.5,154.5,197.0,145.0,155.0,163.0,249.0,176.0,174.0,168.0,153.0,222.0,267.0,396.0,246.0,253.0,
00000000000000000070_0,225.0,202.0,195.0,245.0,226.0,213.0,251.0,211.5,171.0,216.0,188.0,174.0,255.5,191.0,182.0,234.0,198.0,178.0,149.0,199.0,173.0,178.5,182.0,264.0,189.0,176.5,184.0,227.0,231.5,284.0,342.5,264.5,229.0,
00000000000000000071_0,281.5,239.0,219.0,280.5,182.0,264.5,255.0,223.0,197.0,222.0,208.0,225.0,261.0,189.0,204.0,263.0,250.0,200.0,211.0,198.0,222.0,187.5,163.5,265.0,176.0,182.5,169.5,232.5,288.0,306.0,388.0,289.5,262.0,
00000000000000000072_0,377.0,249.5,235.0,306.0,260.5,278.0,310.0,259.0,223.0,249.0,235.5,256.5,302.5,225.0,242.5,269.0,220.0,235.0,213.0,220.5,221.0,222.0,218.5,276.5,210.0,202.5,210.0,250.0,267.0,353.5,412.0,315.0,269.5,
00000000000000000073_0,215.0,227.0,130.0,204.0,144.5,218.5,211.0,191.5,141.5,172.0,171.0,146.0,230.5,184.0,149.0,203.5,172.5,185.0,149.0,155.0,124.0,117.0,125.5,235.0,125.5,125.5,114.0,179.0,246.0,269.0,305.0,248.0,195.0,
00000000000000000074_0,358.0,330.0,290.0,291.0,246.0,312.5,304.0,243.0,223.0,223.5,234.5,233.0,357.0,240.0,242.5,255.0,224.0,222.5,218.0,196.5,218.0,198.0,180.5,345.5,187.0,180.0,189.0,328.5,325.0,356.0,519.0,325.0,268.0,
00000000000000000075_0,131.5,128.0,51.5,103.0,67.0,137.0,144.5,122.5,77.0,136.5,91.0,52.0,165.0,82.5,78.0,123.5,105.5,127.0,76.0,106.0,134.0,40.5,77.0,143.0,89.0,54.0,57.0,110.0,147.5,187.0,251.0,170.0,129.0,
00000000000000000076_0,137.0,233.0,114.0,165.0,121.0,171.0,156.5,182.0,146.5,160.5,158.0,156.5,227.0,151.0,129.0,187.0,164.0,138.0,111.0,143.5,152.5,125.0,87.0,186.0,101.0,80.0,74.0,184.0,217.0,273.0,426.5,256.0,201.0,
00000000000000000077_0,215.0,242.0,170.0,242.0,190.0,244.0,244.5,191.0,195.5,183.5,204.0,172.5,230.5,185.5,174.0,255.0,193.5,186.0,151.5,184.0,158.0,133.0,129.0,250.0,145.0,139.0,130.0,87.0,243.5,271.5,388.0,244.5,219.5,
00000000000000000078_0,228.0,236.0,159.0,258.0,228.5,267.5,247.0,187.0,181.0,205.0,189.0,194.0,250.0,183.5,164.0,247.0,177.5,188.5,149.5,162.0,182.0,139.0,136.0,229.0,141.5,138.0,134.5,168.0,281.0,360.0,394.0,272.5,212.0,
00000000000000000079_0,271.0,328.0,162.0,276.0,189.0,270.0,245.0,234.0,201.0,211.0,216.0,200.5,301.0,196.0,187.5,215.5,190.5,185.0,158.0,167.0,172.5,146.0,157.0,271.0,170.0,165.5,161.0,242.0,301.0,277.0,388.0,302.0,269.0,
0000000000000000007a_0,213.0,241.0,152.5,227.5,163.0,235.0,253.5,188.0,171.0,156.0,180.5,162.0,207.0,173.0,170.0,261.5,172.5,190.0,146.5,173.0,116.0,126.0,126.0,211.0,146.5,149.5,140.0,152.0,192.0,251.5,388.0,239.0,196.5,
0000000000000000007b_0,268.0,260.0,198.0,249.5,203.0,267.0,252.5,219.5,204.5,215.0,236.0,221.5,272.5,231.0,194.0,268.5,196.5,209.0,181.0,199.5,160.5,175.0,168.0,229.0,189.0,178.0,169.5,200.0,294.0,274.0,407.0,333.5,250.0,
0000000000000000007c_0,222.5,163.5,122.0,245.0,165.0,235.0,189.0,168.0,176.0,188.0,136.0,166.5,195.0,176.0,158.0,279.0,177.0,186.0,144.0,176.0,116.0,103.0,125.5,204.0,118.0,133.0,104.5,126.5,258.0,273.0,415.0,259.0,215.5,
0000000000000000007d_0,238.0,161.5,160.0,241.5,160.5,238.5,229.0,164.0,181.0,159.0,177.0,174.5,205.5,170.0,156.0,222.5,174.0,179.0,152.0,168.0,149.5,130.0,112.5,238.0,150.0,130.0,118.0,156.0,228.0,248.5,361.0,264.0,219.0,
0000000000000000007e_0,360.0,266.0,249.5,309.5,194.0,314.0,313.0,238.0,244.0,208.5,233.0,219.5,301.0,235.0,212.0,260.0,231.0,219.0,174.0,186.5,219.5,193.0,199.5,257.5,194.0,196.0,195.0,235.0,294.0,333.0,399.0,329.5,259.0,
0000000000000000007f_0,282.0,216.0,177.0,255.0,243.0,264.0,267.5,207.0,172.5,190.0,193.0,216.0,271.0,218.0,173.0,236.0,214.5,220.5,158.0,187.5,174.5,148.5,158.0,247.5,167.0,155.0,148.0,193.0,284.0,325.0,361.0,267.0,253.0,
00000000000000000080_0,204.0,224.0,207.0,233.0,189.5,229.0,250.0,240.0,208.5,212.5,231.0,208.0,216.0,181.5,161.5,223.0,182.0,182.0,155.0,174.5,179.0,134.0,155.0,242.0,169.5,164.0,161.5,270.0,222.0,282.5,461.0,312.0,214.5,
00000000000000000081_0,228.0,209.0,175.0,221.5,123.5,200.0,207.0,189.0,155.0,165.0,218.0,168.0,195.0,173.0,155.0,224.0,170.0,165.0,138.0,145.0,154.0,122.5,126.0,201.0,140.0,126.0,106.0,184.5,206.0,252.0,370.0,275.0,179.0,
00000000000000000082_0,216.5,260.5,202.0,239.0,173.0,230.0,244.0,211.0,211.0,192.5,214.5,177.0,234.0,201.0,193.0,254.0,241.5,172.0,173.0,190.0,166.0,168.0,170.0,221.5,170.5,161.0,169.0,210.0,199.0,253.0,343.0,282.0,188.5,
00000000000000000083_0,191.5,205.5,161.0,269.0,219.0,209.5,214.0,222.0,193.5,172.5,193.0,202.5,219.0,192.0,159.0,218.5,199.0,160.0,151.0,148.0,152.0,188.0,144.0,223.0,152.5,159.0,134.5,195.0,231.5,226.5,838.0,251.0,216.5,
00000000000000000084_0,270.5,236.0,176.0,288.0,249.0,244.5,252.0,245.0,237.0,221.0,243.5,221.5,250.0,229.5,196.0,272.0,193.0,220.0,173.0,205.0,184.0,202.0,206.0,265.5,175.0,186.5,194.0,276.5,289.0,302.0,600.5,320.0,269.0,
00000000000000000085_0,226.5,268.0,239.0,288.0,226.0,265.0,276.5,253.0,228.0,232.5,243.0,273.5,257.0,257.0,206.0,280.0,264.0,229.0,211.0,220.0,192.0,185.0,221.0,282.0,185.0,183.0,190.0,248.0,294.0,299.0,670.5,362.5,275.0,
00000000000000000086_0,214.5,271.0,196.0,296.5,245.5,283.0,239.0,222.0,213.0,221.0,247.0,226.5,254.5,214.0,220.0,268.5,189.0,225.0,181.0,194.0,192.5,168.0,195.0,265.5,153.0,186.0,190.0,275.5,254.0,311.0,579.0,393.0,290.5,
00000000000000000087_0,208.0,220.0,165.0,287.0,251.0,270.0,261.0,243.0,228.5,205.5,268.5,214.0,254.5,231.0,190.0,288.0,190.0,187.0,152.0,180.0,180.0,214.5,200.5,267.0,169.0,177.0,185.0,229.0,250.0,294.0,484.5,424.0,299.5,
00000000000000000088_0,173.0,190.0,121.0,220.5,191.0,230.0,205.0,187.0,177.0,184.0,192.5,163.0,190.0,154.0,173.5,249.0,178.0,165.0,149.5,161.0,149.0,126.5,134.0,234.0,125.0,124.0,116.0,198.0,215.0,193.0,511.5,363.5,217.0,
00000000000000000089_0,286.0,220.0,239.0,285.0,229.5,239.0,251.0,239.5,207.5,206.0,245.0,202.5,252.5,198.5,162.0,285.0,207.0,195.5,168.0,176.0,183.0,177.0,166.0,240.5,173.0,170.0,150.5,241.5,260.0,219.0,604.0,439.0,244.5,
0000000000000000008a_0,106.0,182.5,79.0,215.0,148.5,220.0,178.0,145.0,147.0,161.0,209.5,140.0,144.0,190.0,119.0,178.5,169.0,97.0,126.5,128.0,132.0,51.0,74.5,213.0,118.0,97.5,90.0,167.0,175.0,193.0,538.5,322.5,214.5,
0000000000000000008b_0,337.0,276.0,232.5,336.0,269.0,333.0,321.0,282.0,272.0,269.5,279.5,327.5,311.5,281.0,236.0,285.5,271.0,223.0,212.0,211.0,209.0,271.5,247.0,300.0,241.0,212.0,221.5,265.0,286.0,309.5,412.5,458.5,304.0,
0000000000000000008c_0,227.0,204.0,224.0,258.0,222.0,243.0,255.0,265.0,214.5,240.0,232.0,289.0,239.0,227.0,185.0,272.5,224.0,204.0,171.0,220.5,162.0,283.0,186.0,279.5,185.0,171.0,158.5,264.0,253.0,291.5,395.5,373.0,286.0,
0000000000000000008d_0,297.5,242.0,255.0,303.0,213.0,255.5,268.5,245.0,254.5,229.5,196.0,260.5,261.0,226.0,193.0,280.0,247.5,225.0,197.0,207.5,176.0,189.0,183.0,261.0,172.5,181.5,190.5,341.5,300.0,287.0,369.0,274.0,216.0,
0000000000000000008e_0,364.0,246.0,209.0,288.5,237.0,281.5,310.0,219.0,267.0,237.0,245.5,247.0,270.0,220.5,221.0,317.5,229.0,248.0,208.0,242.5,219.5,217.0,197.0,251.5,209.0,212.5,211.5,215.0,288.0,318.0,409.0,284.0,257.0,
0000000000000000008f_0,330.5,259.5,193.0,282.0,172.0,219.0,292.5,246.0,245.0,211.0,280.0,267.0,254.5,242.5,203.5,279.0,237.5,212.0,166.0,192.0,195.5,164.0,145.5,279.0,157.0,147.0,143.0,224.0,281.0,294.5,323.0,335.0,254.0,
00000000000000000090_0,253.0,180.0,163.5,238.5,154.0,217.0,237.5,175.0,197.0,176.5,194.0,210.0,202.0,174.0,166.5,223.0,181.0,172.5,166.0,171.0,163.0,111.0,140.0,222.0,153.0,128.0,137.0,153.0,252.0,221.5,353.0,341.5,225.5,
00000000000000000091_0,281.0,213.0,196.5,246.5,213.0,252.0,262.0,232.0,219.5,230.0,230.0,234.0,242.0,221.0,218.0,232.0,206.0,195.0,186.0,187.5,194.0,203.0,196.0,211.0,188.5,197.0,199.0,207.0,219.0,270.0,376.0,292.5,238.5,
00000000000000000092_0,225.0,245.5,183.5,261.0,192.5,207.5,239.0,198.0,197.0,204.0,181.0,185.5,211.0,166.0,176.0,248.5,215.0,172.0,143.0,199.5,158.0,172.0,149.0,226.0,158.0,159.0,152.0,224.0,247.0,239.0,348.0,273.0,208.5,
00000000000000000093_0,305.0,304.5,272.0,343.0,287.0,283.5,309.0,257.0,261.5,231.5,234.0,232.0,299.0,211.0,227.0,298.0,221.5,204.0,211.5,228.0,202.0,211.5,186.0,286.0,205.0,201.0,202.0,291.0,319.0,319.5,465.0,310.0,331.0,
00000000000000000094_0,224.0,312.0,187.5,297.5,222.5,258.5,271.0,220.5,215.0,194.0,261.0,298.0,228.0,190.0,158.5,233.0,203.5,213.5,188.5,186.0,168.0,160.0,158.0,259.5,149.0,186.0,176.5,240.0,269.0,259.0,353.0,386.0,249.0,
00000000000000000095_0,226.5,313.0,121.0,249.0,219.5,252.5,219.0,218.0,210.0,207.0,247.5,259.0,259.0,202.0,167.0,240.0,214.0,195.0,210.0,173.0,198.0,149.0,183.0,266.0,156.5,189.5,184.5,191.0,295.5,286.0,393.0,395.5,270.0,
00000000000000000096_0,179.0,271.5,116.5,265.5,175.5,209.0,241.5,190.0,176.0,199.0,186.0,281.0,209.5,187.5,146.5,221.0,193.0,144.0,148.0,151.0,151.5,162.5,165.0,263.0,146.0,169.0,161.0,222.0,216.0,253.0,494.5,427.0,251.0,
00000000000000000097_0,282.0,312.0,172.0,284.0,232.0,268.5,272.0,244.0,238.0,220.0,273.0,308.0,251.5,277.5,200.5,282.0,257.0,220.0,201.0,208.0,202.0,230.0,203.5,277.0,193.5,205.0,227.5,269.0,296.0,283.0,516.0,418.0,298.0,
00000000000000000098_0,287.0,280.0,211.0,276.0,225.5,266.0,292.0,228.0,220.0,232.0,241.0,223.0,225.0,214.0,205.0,272.0,248.0,237.0,218.5,196.0,205.0,215.0,211.0,242.0,196.0,201.5,216.5,251.0,235.0,330.0,375.0,327.5,322.0,
00000000000000000099_0,128.0,174.5,130.5,176.0,96.0,114.5,206.0,150.5,136.0,167.0,168.0,143.0,128.0,121.0,101.0,190.0,159.0,141.0,152.0,120.0,127.0,56.5,134.5,201.0,95.0,110.0,105.0,127.0,158.0,182.0,366.0,162.5,171.0,
0000000000000000009a_0,187.0,216.0,167.0,207.5,197.0,185.0,257.0,187.0,167.0,183.0,192.0,162.0,165.0,164.5,136.0,190.5,189.0,160.0,171.5,178.0,159.0,155.5,178.0,248.0,136.5,147.5,169.0,200.5,227.0,277.0,365.0,160.5,215.0,
0000000000000000009c_0,164.0,205.5,176.5,222.0,217.5,178.0,231.0,181.5,169.0,236.5,199.0,269.0,190.5,195.0,159.0,204.0,207.0,167.0,201.0,171.5,230.0,172.0,165.0,192.0,162.0,168.0,207.0,209.0,238.0,233.0,425.0,618.0,252.5,
0000000000000000009d_0,212.0,208.0,196.0,209.0,177.0,240.0,229.5,194.0,169.0,216.0,187.0,197.0,201.0,168.0,163.0,201.0,211.0,173.0,189.0,187.0,176.0,152.0,134.0,216.0,135.5,145.5,161.0,199.0,190.0,248.0,390.0,525.0,250.0,
0000000000000000009e_0,127.0,214.0,124.0,188.0,147.5,115.5,170.0,158.0,101.0,155.0,156.5,170.0,158.0,134.5,119.0,152.5,146.0,120.0,119.0,127.0,132.0,88.0,97.0,165.0,67.5,100.0,83.0,184.5,157.0,244.0,379.5,258.0,203.5,
0000000000000000009f_0,179.0,232.0,204.0,208.0,220.5,231.0,223.0,172.0,187.0,175.5,188.0,169.0,202.0,190.0,156.0,205.5,243.0,182.5,181.0,169.0,178.5,163.0,159.5,210.0,130.5,140.0,172.0,206.0,224.0,292.0,391.0,264.0,221.5,
000000000000000000a0_0,186.0,260.0,181.0,214.0,183.0,224.0,223.0,211.0,214.0,199.0,211.0,198.0,193.0,207.0,177.0,180.0,203.0,176.0,191.5,214.0,177.0,151.0,162.0,204.0,135.0,153.0,155.0,215.0,229.0,234.0,414.5,393.0,253.0,
000000000000000000a1_0,174.0,262.0,124.0,197.0,194.5,191.0,228.0,196.0,166.0,191.5,201.0,200.5,198.5,179.0,177.5,174.0,217.0,177.0,187.5,194.0,157.0,133.0,132.5,212.0,132.0,151.5,164.0,182.0,210.0,264.5,855.0,222.5,205.0,
000000000000000000a2_0,212.0,256.0,200.0,226.0,233.0,212.0,240.5,208.0,202.0,192.0,211.0,199.0,237.0,196.0,182.0,210.5,195.0,200.0,184.0,152.0,192.5,210.0,157.0,263.0,152.5,180.5,192.0,204.0,228.0,271.0,356.0,211.0,259.5,
000000000000000000a3_0,128.0,162.5,91.5,158.0,100.0,113.0,183.0,151.5,138.0,136.0,161.0,145.0,100.0,132.0,97.0,170.0,172.0,112.0,147.5,105.5,108.5,84.0,104.0,144.5,106.0,107.0,115.0,131.5,126.0,209.0,297.0,145.5,157.0,
000000000000000000a4_0,199.0,302.0,220.0,271.0,234.0,301.0,278.0,251.0,231.5,219.5,244.0,263.0,237.0,253.0,211.5,272.5,268.0,252.0,208.0,210.0,201.0,213.0,200.0,235.5,197.0,202.5,201.0,258.5,288.0,249.0,422.0,443.0,305.5,
000000000000000000a5_0,312.0,337.0,244.0,269.0,238.0,277.5,300.0,263.0,248.0,212.5,254.5,239.0,270.5,245.0,240.0,295.0,255.0,258.0,210.0,249.5,196.0,248.0,233.0,285.0,205.0,245.0,248.5,380.0,298.0,324.0,546.0,342.0,264.0,
000000000000000000a6_0,174.0,220.0,134.0,222.0,150.5,207.0,273.0,215.0,202.5,186.5,215.5,210.5,176.5,193.0,175.5,260.0,177.0,198.5,148.5,169.0,188.0,178.5,181.0,300.0,155.0,158.0,183.5,380.0,225.0,176.0,357.5,310.0,268.0,
000000000000000000a7_0,233.0,264.0,200.0,286.5,223.0,222.0,238.0,209.5,193.0,194.5,181.0,255.0,204.5,181.0,177.5,276.0,213.0,189.0,179.0,183.5,177.5,130.0,117.0,243.5,151.5,136.0,131.0,301.0,215.0,218.0,368.5,315.0,239.5,
000000000000000000a8_0,249.5,278.0,192.0,276.0,205.0,246.0,254.0,218.0,225.0,225.5,219.5,265.0,231.5,205.0,194.0,286.0,229.0,224.0,214.0,205.0,200.0,162.0,155.0,254.5,186.5,164.0,170.5,309.5,232.0,233.0,416.0,321.0,295.0,
000000000000000000a9_0,208.0,280.0,125.0,252.0,199.0,211.5,234.0,196.5,163.0,215.0,180.0,180.0,221.0,172.0,164.0,235.0,173.5,180.0,189.5,163.0,171.0,166.0,125.0,255.0,152.5,109.0,118.0,216.0,255.0,215.0,352.5,352.0,235.5,
000000000000000000aa_0,253.0,272.5,225.0,327.0,235.0,277.0,284.0,237.0,223.5,259.0,261.0,283.0,273.0,258.0,224.5,302.0,246.0,238.5,241.0,228.0,199.0,224.0,206.0,272.5,221.5,210.5,192.0,225.0,345.0,367.0,376.5,411.0,255.0,
000000000000000000ab_0,255.5,254.5,217.5,261.5,201.0,243.0,253.5,189.0,203.0,228.0,219.0,164.5,261.0,176.0,187.0,231.5,221.0,203.0,190.5,203.0,191.5,163.0,160.0,263.0,182.5,161.0,161.0,182.0,238.0,290.0,387.0,342.5,262.0,
000000000000000000ac_0,234.0,273.0,167.0,256.0,214.5,247.0,264.0,207.5,174.0,209.0,186.5,207.0,256.0,206.0,191.0,281.5,195.0,192.5,178.5,194.0,185.0,156.0,164.0,243.0,184.0,172.0,173.0,206.0,264.0,195.0,355.0,282.0,276.0,
000000000000000000ad_0,237.0,317.0,211.0,271.0,199.0,233.5,222.0,194.0,182.0,199.0,193.0,192.5,247.0,185.0,181.0,226.5,209.0,191.5,178.0,185.5,181.0,134.0,155.0,233.0,168.5,153.5,142.0,199.0,232.0,229.5,385.0,250.0,223.0,
000000000000000000ae_0,185.0,272.0,199.0,289.0,168.0,240.0,250.0,209.0,176.5,178.0,171.0,194.5,237.0,188.5,175.0,228.5,212.0,192.0,170.5,206.0,182.5,150.0,154.5,273.0,176.0,162.0,164.0,197.0,272.0,240.0,442.0,209.0,257.0,
000000000000000000af_0,279.0,247.0,249.0,231.5,188.0,242.0,282.0,217.5,185.5,204.5,183.0,187.0,251.0,205.0,208.0,243.0,210.0,199.0,200.0,218.0,209.0,200.0,194.0,260.0,203.0,198.5,193.0,195.5,259.5,256.0,334.5,244.0,250.0,
000000000000000000b0_0,240.0,182.0,174.0,196.0,172.5,237.0,245.0,193.0,170.0,199.0,174.0,173.0,193.0,181.0,167.0,195.0,213.5,177.5,159.0,178.0,174.0,134.5,141.0,205.0,128.0,127.0,124.5,168.5,210.0,241.0,298.0,263.0,216.0,
000000000000000000b1_0,279.0,242.0,141.0,205.0,172.0,213.0,213.0,187.0,156.5,178.0,182.0,150.0,210.0,157.0,140.0,198.0,175.5,166.0,178.0,171.5,147.5,122.5,122.0,213.5,141.5,140.0,131.5,152.5,194.0,180.0,277.0,229.0,179.0,
000000000000000000b2_0,347.5,255.0,219.0,271.0,215.5,271.0,284.0,233.0,214.0,237.0,233.0,185.0,303.5,238.0,219.0,276.0,239.5,219.0,215.5,213.0,226.0,189.0,172.5,259.0,183.0,181.0,182.0,233.0,264.5,270.0,330.0,262.0,252.5,
000000000000000000b3_0,293.0,203.5,181.0,219.0,203.5,249.0,226.0,185.5,178.0,205.0,193.0,178.0,268.0,189.0,181.0,233.0,217.0,195.5,193.5,209.5,198.5,178.0,161.5,217.0,169.0,171.0,160.0,147.0,239.5,253.0,274.0,241.5,226.5,
000000000000000000b4_0,327.0,263.0,198.5,265.0,213.0,267.0,287.0,205.0,195.0,218.5,192.0,206.0,282.0,206.0,191.5,210.0,209.0,210.0,181.0,203.0,187.5,148.0,160.0,280.0,170.0,168.5,157.0,228.0,284.5,289.0,298.5,306.0,224.0,
000000000000000000b5_0,323.0,543.0,253.0,255.0,213.0,257.5,256.0,211.0,183.5,202.0,208.0,190.0,311.0,205.0,195.0,226.0,241.0,212.0,193.5,217.0,202.0,189.5,161.0,281.0,205.0,184.5,185.0,220.0,289.5,285.0,373.0,303.0,257.0,
000000000000000000b6_0,316.0,250.0,194.5,276.0,217.0,261.0,259.5,196.0,192.0,212.5,201.5,214.0,287.0,205.0,197.5,231.0,224.5,209.0,204.0,200.5,202.0,200.0,183.0,275.0,190.0,180.0,184.5,220.0,281.0,259.0,339.0,256.0,257.0,
000000000000000000b7_0,513.0,339.0,283.0,255.0,198.0,265.0,273.0,224.5,181.0,179.0,191.0,181.5,272.5,197.5,182.5,233.0,204.0,215.5,200.0,227.0,179.0,181.0,177.0,302.0,182.5,182.0,185.0,239.0,237.5,248.0,374.0,298.0,280.5,
000000000000000000b8_0,271.0,213.0,187.0,256.0,159.0,240.5,212.5,203.0,176.0,190.5,179.0,179.0,230.5,190.0,183.0,187.0,215.5,191.0,175.0,201.0,175.5,133.0,139.0,243.5,138.0,144.0,144.5,191.0,224.0,233.5,290.5,231.5,229.0,
000000000000000000b9_0,337.0,275.0,224.0,287.0,250.5,305.0,293.0,248.0,227.0,244.0,243.5,260.0,291.0,262.0,242.0,242.0,258.0,254.0,215.0,248.5,223.5,210.0,212.0,286.5,214.0,199.5,219.0,207.0,260.5,292.5,341.0,278.0,270.0,
000000000000000000ba_0,264.0,176.0,149.0,191.5,169.0,200.0,200.0,189.0,167.0,198.0,178.5,178.0,266.5,185.0,189.0,174.0,189.0,173.0,153.0,162.0,144.0,135.0,142.5,226.0,144.0,164.0,158.0,196.0,248.0,226.0,322.0,233.5,203.0,
000000000000000000bb_0,274.0,226.0,158.0,195.0,206.5,251.5,243.5,232.0,193.0,211.5,196.0,197.0,269.0,203.0,192.0,198.0,190.0,202.0,181.0,201.5,165.0,152.0,167.0,254.0,162.5,164.5,155.0,163.0,274.0,272.5,391.0,234.0,229.0,
000000000000000000bc_0,255.0,192.5,156.0,175.0,177.0,216.0,203.0,184.5,158.0,191.5,163.5,162.5,217.0,195.0,143.0,171.0,180.0,157.5,147.0,158.0,171.5,134.0,132.0,205.0,134.0,117.0,111.0,126.0,235.5,250.5,331.0,197.0,204.0,
000000000000000000bd_0,260.0,239.5,228.0,257.0,233.5,263.0,259.5,230.5,213.0,209.0,210.0,207.0,295.5,204.5,205.0,218.0,207.0,202.5,154.5,201.0,184.0,166.0,169.5,261.5,170.5,168.0,173.0,228.5,282.0,259.0,357.0,276.5,229.0,
000000000000000000be_0,280.0,270.0,223.0,270.0,224.0,258.0,248.0,219.5,227.0,251.5,217.0,203.5,286.0,230.0,192.5,202.0,191.0,208.5,179.0,194.0,163.5,161.0,158.0,304.0,183.0,159.0,161.5,219.0,317.0,335.0,381.5,272.5,255.0,
000000000000000000bf_0,252.5,195.5,151.0,188.0,187.0,213.0,199.0,169.0,158.0,195.5,172.0,173.0,222.0,202.5,154.5,171.0,204.0,168.5,147.0,171.0,111.0,123.5,142.5,235.0,149.0,132.0,136.0,186.0,247.0,267.5,291.0,222.0,191.0,
000000000000000000c0_0,270.0,228.0,200.0,224.0,186.0,248.5,225.0,210.0,182.0,217.0,200.5,203.0,295.0,209.0,195.0,188.0,246.0,192.0,155.5,195.0,167.0,158.0,163.0,251.0,170.0,169.0,174.5,185.0,218.0,236.5,293.5,248.0,218.0,
000000000000000000c1_0,267.0,212.0,187.0,260.0,171.0,284.5,223.0,202.0,180.5,190.0,182.5,205.5,257.0,210.0,177.0,186.0,215.0,176.0,182.5,177.5,172.0,119.0,143.0,241.0,151.0,136.0,146.0,202.0,240.0,259.0,260.0,262.0,258.0,
000000000000000000c2_0,233.0,182.5,92.0,187.0,135.0,187.0,221.5,178.0,146.0,175.0,155.0,163.0,210.0,169.0,147.5,167.5,201.0,162.0,113.0,182.0,173.0,77.5,107.5,209.5,108.5,109.0,111.0,167.0,228.0,187.0,286.0,248.0,205.5,
000000000000000000c3_0,233.5,237.0,162.0,224.0,192.0,201.0,226.0,197.5,189.0,181.5,193.0,190.5,248.5,184.0,179.0,163.0,201.0,188.0,157.0,188.0,181.0,129.0,142.0,250.5,143.0,142.5,136.5,162.5,267.0,257.0,345.0,247.5,236.5,
000000000000000000c4_0,247.5,216.5,190.0,204.0,188.0,232.0,237.0,191.5,188.0,223.5,192.5,186.0,285.0,179.0,181.0,203.0,190.5,180.0,162.0,174.0,178.5,138.5,151.5,249.0,142.0,139.0,141.5,173.0,268.0,272.0,347.0,252.0,232.0,
000000000000000000c5_0,295.0,239.5,203.0,229.5,225.0,231.0,248.5,231.0,200.0,229.0,194.0,203.5,287.0,192.0,203.5,196.0,190.5,191.5,175.5,201.0,191.0,177.5,165.0,266.0,172.0,178.0,172.0,170.0,258.0,279.5,365.5,259.0,238.0,
000000000000000000c6_0,223.0,213.5,126.0,224.5,153.0,188.0,235.0,196.0,162.0,189.0,184.0,175.5,210.0,193.0,171.5,201.5,173.0,181.0,128.0,181.0,132.0,143.0,146.0,239.5,154.0,142.5,145.0,136.0,230.5,233.0,301.0,236.0,201.0,
000000000000000000c7_0,247.0,173.0,156.0,163.0,62.5,170.5,180.5,168.0,146.0,193.0,153.0,155.0,174.0,161.0,153.0,153.0,176.0,162.0,137.0,152.0,144.0,128.0,120.0,185.0,133.0,122.0,124.0,102.0,216.0,214.0,297.0,213.5,197.5,
000000000000000000c8_0,167.0,141.0,106.0,168.0,94.0,131.0,160.0,140.0,98.0,138.0,137.0,140.5,136.0,118.0,109.5,147.5,112.5,137.0,118.0,117.0,143.0,99.5,106.0,166.0,119.0,118.0,111.0,116.0,174.5,151.5,265.0,160.0,127.5,
000000000000000000c9_0,156.5,150.0,83.0,153.0,141.0,169.5,169.5,127.0,132.0,149.0,127.0,157.0,234.0,124.5,136.0,162.0,156.0,143.0,126.0,155.0,115.0,97.5,107.0,199.5,99.0,91.0,96.0,93.0,198.0,178.0,266.0,227.0,172.0,
000000000000000000ca_0,280.0,225.0,167.0,217.5,196.0,224.0,212.0,202.0,194.0,193.0,203.0,188.0,251.0,187.5,176.0,214.5,207.5,212.0,163.0,184.0,199.0,126.0,138.5,242.0,144.0,121.0,130.0,155.0,254.0,247.0,349.0,247.0,237.0,
000000000000000000cb_0,250.0,212.0,167.0,213.0,196.0,228.5,204.0,200.5,186.5,209.0,192.0,189.5,230.0,177.5,165.5,171.5,188.0,183.0,160.0,158.0,188.0,116.5,122.5,241.0,128.0,121.0,119.0,177.0,262.0,269.0,300.0,240.0,261.0,
000000000000000000cc_0,307.5,229.0,163.0,208.0,208.0,255.5,253.0,210.0,184.0,207.5,174.0,213.5,276.0,187.0,190.0,207.0,198.5,191.5,192.5,201.0,176.0,166.0,156.5,231.0,162.5,165.5,154.0,240.5,244.0,226.0,280.0,229.0,259.0,
000000000000000000cd_0,284.0,234.0,212.0,217.0,213.0,259.0,270.0,217.5,215.5,196.0,215.0,234.0,267.5,223.5,212.0,216.0,211.5,194.5,212.0,197.5,145.5,165.0,160.0,266.5,170.0,172.5,169.0,183.0,254.0,272.0,314.0,252.0,271.5,
000000000000000000ce_0,196.0,200.0,115.0,147.0,155.0,172.0,183.0,166.0,149.5,169.5,154.5,161.5,201.0,144.0,125.5,134.5,164.0,150.0,115.0,148.0,160.0,99.5,113.0,220.0,127.0,111.0,116.5,164.0,198.0,213.5,264.0,204.0,186.0,
000000000000000000cf_0,194.0,218.5,154.0,172.0,196.0,192.0,198.5,181.0,170.0,189.0,187.0,171.0,202.0,191.0,165.5,196.0,196.0,169.0,123.0,169.0,149.5,130.0,133.0,203.0,152.0,128.0,131.5,141.0,224.0,191.5,262.0,214.0,194.5,
000000000000000000d0_0,187.0,234.0,168.0,202.0,164.0,180.0,194.0,178.5,165.0,166.0,181.0,178.0,208.0,176.0,164.0,200.0,210.0,176.0,127.0,173.0,148.5,116.0,133.0,218.0,153.0,128.0,140.5,175.0,238.0,220.0,283.0,214.0,248.0,
000000000000000000d1_0,187.0,238.0,165.0,277.0,166.5,233.0,202.0,190.0,173.0,180.0,165.5,204.5,225.5,164.0,180.0,199.5,220.0,180.5,174.0,167.0,179.5,146.5,147.0,246.0,165.5,154.0,148.5,164.5,224.5,199.0,388.5,220.5,227.0,
000000000000000000d2_0,198.0,239.0,215.0,229.0,159.5,206.0,212.5,188.0,175.5,183.5,165.0,182.0,202.5,183.5,165.0,220.5,196.0,185.0,164.0,172.5,164.0,122.0,143.0,235.0,160.5,141.5,132.5,161.0,236.0,191.0,443.0,194.0,235.0,
000000000000000000d3_0,158.0,196.5,110.0,190.5,124.0,180.0,186.5,157.0,154.0,141.5,145.0,146.5,186.0,145.0,146.0,142.0,148.0,138.0,143.0,152.0,127.0,88.0,109.0,242.0,127.0,106.0,95.0,115.0,197.5,166.0,298.0,271.0,194.0,
000000000000000000d4_0,283.0,259.5,199.0,251.0,207.0,271.0,247.0,222.0,208.5,194.0,209.5,225.0,254.5,215.0,207.0,211.0,242.0,233.0,196.0,207.5,175.5,161.5,159.0,265.0,174.0,166.0,176.0,220.0,254.0,195.0,329.0,315.0,258.0,
000000000000000000d5_0,225.0,214.0,153.0,237.5,170.5,219.0,205.0,201.0,173.0,192.5,166.0,200.0,226.0,162.5,159.5,192.5,188.0,174.5,173.5,202.0,162.0,108.0,118.0,260.0,129.0,119.0,113.0,156.0,244.0,216.5,323.0,327.0,265.0,
000000000000000000d6_0,282.0,276.0,232.0,273.0,204.0,286.0,264.0,254.0,224.0,223.0,224.0,226.0,255.0,221.0,237.5,235.0,223.0,231.0,211.5,224.0,199.5,165.0,165.5,274.0,164.0,171.0,173.0,233.5,250.0,229.0,344.0,302.0,283.5,
000000000000000000d7_0,237.5,246.5,171.5,223.0,174.0,208.5,209.0,208.0,186.5,216.0,186.0,182.0,234.0,198.0,180.0,198.0,198.0,172.0,161.5,180.0,179.0,108.0,118.0,220.0,130.0,122.0,119.5,220.5,223.0,209.0,342.0,250.0,257.0,
000000000000000000d8_0,260.0,252.5,246.5,264.0,177.0,282.0,233.0,217.5,200.0,199.5,205.0,208.5,290.0,240.0,214.0,244.0,211.0,207.0,200.0,234.0,216.5,138.0,154.0,270.0,142.0,165.5,133.5,219.0,248.0,219.0,366.0,256.5,247.0,
000000000000000000d9_0,248.0,240.0,211.5,293.0,203.5,237.0,275.0,197.5,200.0,214.0,181.0,175.5,283.0,196.0,179.0,223.0,180.5,200.0,155.0,169.5,169.0,139.0,160.0,279.0,165.0,167.0,168.0,199.5,248.5,240.0,404.0,272.0,250.5,
000000000000000000da_0,291.5,226.0,233.0,292.5,217.0,270.0,280.5,228.0,236.0,244.5,232.5,240.0,293.0,251.5,252.0,262.0,242.5,252.0,236.0,242.0,234.0,198.0,195.0,282.0,199.5,207.0,188.5,229.0,271.5,260.0,447.0,310.0,255.5,
000000000000000000db_0,252.0,244.5,235.5,271.0,227.5,262.5,267.0,241.0,199.0,246.5,214.0,185.0,245.5,186.0,152.0,190.0,158.0,199.5,166.0,183.0,192.0,126.0,150.5,259.0,160.5,159.0,158.0,198.0,255.0,257.0,443.5,352.0,282.5,
000000000000000000dc_0,157.0,153.0,102.0,186.0,145.5,173.5,134.0,134.0,152.0,176.0,131.0,124.0,189.0,178.5,125.0,141.0,155.0,133.0,92.0,125.0,156.0,101.5,110.5,172.0,130.0,119.0,123.5,106.5,175.0,182.0,425.0,213.0,177.5,
000000000000000000dd_0,236.5,232.0,222.0,267.0,230.5,284.0,275.5,251.5,212.0,266.0,252.5,200.0,254.0,212.0,189.0,208.5,202.0,193.0,169.0,185.0,174.0,136.0,168.5,220.5,184.0,180.0,185.5,157.0,280.0,247.0,484.0,387.5,225.5,
000000000000000000de_0,268.0,253.5,219.0,258.0,230.0,269.0,263.0,216.5,211.0,220.0,210.0,210.0,246.0,221.0,194.5,229.0,196.0,205.5,195.0,229.0,195.0,175.0,194.0,257.0,189.0,189.0,187.5,222.0,267.0,270.5,502.0,297.0,214.0,
000000000000000000df_0,175.5,192.5,139.0,217.0,171.0,253.5,186.0,183.0,163.0,191.0,171.0,182.0,185.5,158.0,152.0,189.0,155.0,150.0,152.5,155.0,165.5,110.0,127.5,234.5,123.0,100.0,104.0,164.0,201.5,172.0,454.5,238.0,136.5,
000000000000000000e0_0,241.5,265.0,185.0,276.5,215.0,296.0,231.0,211.0,193.0,230.0,205.5,196.0,241.0,216.0,193.0,216.5,233.0,195.5,220.0,213.0,201.0,190.0,156.0,260.5,177.0,154.0,165.0,207.0,272.0,202.0,355.0,295.5,238.0,
000000000000000000e1_0,246.5,305.5,169.0,266.0,189.5,266.0,256.0,227.0,213.0,258.5,209.0,195.0,237.0,222.0,197.0,232.0,223.5,214.0,221.5,208.0,237.0,169.5,163.0,278.0,169.0,136.0,148.0,221.0,263.0,263.0,344.0,294.5,188.0,
000000000000000000e2_0,255.5,297.5,163.0,274.0,204.0,273.5,264.5,222.0,221.0,208.5,217.0,216.0,255.0,209.0,198.0,228.0,229.0,217.5,207.0,223.5,218.0,180.0,172.0,303.0,170.0,174.0,171.0,240.0,292.0,259.5,352.5,293.0,259.0,
000000000000000000e3_0,273.5,274.0,205.5,271.0,237.0,272.0,248.0,221.0,216.0,200.5,206.0,225.0,239.0,202.0,194.5,233.0,258.0,205.5,198.0,215.5,194.5,202.0,169.0,272.0,181.0,177.5,170.0,218.5,264.0,263.5,406.0,267.5,281.0,
000000000000000000e4_0,256.0,251.0,199.0,261.0,168.5,265.0,219.0,218.5,176.0,206.5,176.0,188.0,232.5,203.0,182.5,207.5,231.0,191.5,187.5,183.0,178.0,162.5,156.0,266.0,155.0,151.0,149.0,197.0,239.0,236.0,336.0,240.0,208.5,
000000000000000000e5_0,179.0,187.0,128.0,191.0,159.0,200.5,203.5,155.0,140.0,158.0,135.0,171.0,203.0,160.0,138.5,163.0,173.5,155.0,157.5,176.5,137.0,110.5,120.0,185.0,117.0,110.0,105.0,165.0,165.5,178.0,293.0,241.0,163.0,
000000000000000000e6_0,284.0,229.5,219.0,267.5,229.5,274.5,244.5,229.5,188.0,223.0,218.0,222.0,249.0,212.0,185.0,228.0,224.0,192.5,219.0,224.0,193.0,143.5,154.0,272.0,166.0,149.0,156.5,175.0,265.0,284.0,378.5,255.5,192.0,
000000000000000000e7_0,304.0,237.0,213.0,266.5,206.0,265.5,247.5,240.0,194.5,215.0,205.5,236.0,261.0,203.0,207.0,259.5,211.0,205.0,202.0,226.0,225.5,154.5,143.0,260.5,146.0,145.0,143.0,196.0,262.0,264.0,326.5,254.0,231.5,
000000000000000000e8_0,259.0,220.5,143.0,210.5,181.5,229.5,212.0,207.0,146.0,188.0,172.0,175.0,211.0,156.0,156.0,175.0,196.0,168.0,176.0,198.0,152.0,125.5,123.5,201.5,158.5,135.0,130.5,190.0,223.0,229.0,299.0,230.0,128.0,
000000000000000000e9_0,349.0,272.0,259.5,296.0,232.0,288.0,281.0,251.5,203.0,232.0,226.0,228.5,297.0,222.0,249.0,294.5,268.0,240.0,247.0,244.0,241.0,194.0,191.0,300.0,198.0,196.0,186.0,249.0,308.0,296.0,352.0,265.0,268.0,
000000000000000000ea_0,307.0,272.0,286.5,289.0,244.0,292.0,282.0,259.0,229.0,230.0,220.5,242.0,297.0,235.0,227.0,264.5,264.5,222.5,235.0,271.0,196.0,180.0,166.5,301.0,177.0,173.5,171.0,249.0,289.0,298.0,383.0,307.0,264.0,
000000000000000000eb_0,221.0,217.0,140.5,214.0,111.0,250.0,194.5,182.0,162.0,165.0,155.0,165.0,205.0,173.0,149.5,214.5,180.0,170.5,163.5,190.5,153.5,100.5,111.0,267.0,119.5,121.0,97.0,163.5,223.0,240.0,308.0,231.0,216.0,
000000000000000000ec_0,298.0,269.5,222.0,241.0,161.0,252.0,224.5,237.0,207.5,212.5,195.5,212.0,279.0,232.0,182.5,229.0,231.0,215.0,189.5,206.0,196.5,146.5,156.0,273.0,164.5,161.0,157.0,179.5,276.0,254.0,394.0,250.0,257.5,
000000000000000000ed_0,218.0,172.0,143.0,187.0,128.0,222.0,179.5,165.5,149.5,172.0,148.0,185.0,190.0,155.5,143.5,157.5,184.0,148.0,125.5,156.0,147.5,92.5,92.5,218.5,112.0,111.0,100.5,154.0,173.5,163.0,252.0,195.5,192.0,
000000000000000000ee_0,228.0,191.0,156.0,218.5,182.0,208.0,189.5,223.0,180.5,198.5,185.0,194.5,228.5,183.0,170.0,233.0,167.0,179.0,153.0,180.0,154.0,141.0,136.0,227.0,143.0,145.5,140.5,166.5,212.0,239.0,321.0,229.0,201.5,
000000000000000000ef_0,244.0,186.0,155.0,241.0,157.0,215.0,230.0,208.0,187.0,178.5,177.0,184.0,242.0,188.0,182.0,194.5,208.0,194.0,181.0,195.0,183.5,170.0,165.5,217.0,167.0,173.5,170.0,184.0,234.0,225.0,335.5,223.0,223.5,
000000000000000000f0_0,278.5,237.0,235.0,206.0,193.0,273.0,222.0,204.0,197.0,213.0,181.0,172.0,243.0,201.0,189.5,207.0,230.0,193.0,179.0,206.0,184.0,178.0,155.0,239.0,169.0,178.0,177.0,179.0,254.5,228.5,303.0,264.0,239.5,
000000000000000000f1_0,278.0,177.5,136.0,209.5,122.0,227.5,251.0,209.5,204.0,187.0,163.0,175.0,216.0,222.0,182.0,216.0,193.5,188.0,153.0,210.0,199.5,145.0,129.5,214.0,135.0,148.0,139.0,141.5,200.5,177.0,337.5,234.0,211.0,
000000000000000000f2_0,189.0,209.0,203.0,236.0,199.0,230.0,222.0,241.5,190.0,183.0,188.5,176.0,237.0,205.5,171.0,231.0,209.0,185.5,175.5,188.0,170.0,173.0,162.0,246.0,181.0,169.0,168.0,162.0,238.5,239.0,319.0,263.0,243.0,
000000000000000000f3_0,251.0,203.5,168.0,243.0,186.0,239.0,231.0,214.0,182.0,171.0,166.0,190.0,236.5,204.5,188.5,209.5,213.5,194.0,181.0,205.5,160.0,152.5,171.5,242.0,187.5,186.0,173.0,210.5,250.5,175.0,336.0,274.0,256.0,
000000000000000000f4_0,250.0,204.0,182.0,232.0,186.0,245.0,238.0,210.5,173.0,179.0,171.5,193.0,260.5,191.0,167.0,202.5,216.0,200.0,194.0,186.0,149.0,131.0,168.0,251.0,181.5,177.5,179.0,249.5,247.5,242.5,348.5,279.0,248.0,
000000000000000000f5_0,308.0,255.0,215.5,277.0,227.0,271.5,262.0,257.5,215.5,207.0,213.5,223.0,286.0,225.0,215.0,246.0,229.0,227.5,197.0,249.0,228.5,186.0,174.0,284.5,189.0,193.0,199.5,217.5,273.5,252.0,324.5,248.0,232.0,
000000000000000000f6_0,229.5,304.0,254.0,265.0,522.0,251.0,218.0,232.0,209.0,226.0,236.5,187.0,233.0,199.0,187.0,208.5,228.0,213.0,246.5,232.0,175.0,189.5,167.0,198.0,169.0,164.0,163.5,245.0,262.5,294.5,440.5,439.0,247.0,
000000000000000000f7_0,151.0,243.0,240.0,238.0,145.0,201.5,194.0,193.0,180.0,201.0,203.5,184.0,159.0,174.0,192.0,181.5,234.0,161.0,191.5,193.0,135.0,211.0,164.0,196.0,141.0,147.0,149.0,168.5,213.0,234.0,389.5,355.5,221.0,
000000000000000000f8_0,192.0,226.0,167.0,226.0,218.0,206.0,225.0,213.0,177.0,154.0,211.0,206.0,170.0,166.0,160.0,201.0,230.0,154.0,201.0,220.0,174.0,191.0,129.0,216.0,125.0,131.0,140.0,189.0,244.5,268.0,546.0,253.0,230.0,
000000000000000000f9_0,263.0,269.0,259.0,271.0,198.5,256.0,255.0,244.5,228.0,199.5,227.0,216.0,237.0,200.5,225.0,250.0,240.0,219.0,208.0,213.0,190.0,218.0,181.0,227.0,177.0,159.0,172.0,250.0,284.0,275.0,529.0,221.0,259.5,
000000000000000000fa_0,310.0,321.0,263.0,290.0,248.0,329.0,256.0,242.0,253.0,256.5,291.5,242.0,260.0,255.5,234.5,269.0,327.0,238.0,226.0,241.0,254.0,230.0,199.5,296.0,195.0,202.0,206.5,310.0,271.0,251.0,648.0,413.0,286.5,
000000000000000000fb_0,278.0,306.5,295.0,295.0,334.0,276.0,261.0,267.0,240.0,267.0,298.0,357.0,324.0,239.0,218.0,259.0,322.0,247.0,232.5,234.5,223.5,214.0,208.0,260.5,201.5,201.0,210.0,332.0,267.0,303.0,599.0,512.0,275.5,
000000000000000000fc_0,245.0,303.0,226.0,266.0,223.0,266.5,249.0,258.0,240.0,273.0,255.0,238.5,284.0,239.0,223.0,266.5,297.5,248.5,246.0,256.0,205.5,144.0,163.5,346.0,174.0,180.0,183.0,257.0,301.0,297.0,521.0,399.0,300.0,
000000000000000000fd_0,263.0,321.0,292.0,324.0,231.0,244.0,262.5,256.0,260.5,280.0,242.0,263.0,269.5,237.0,226.0,275.0,276.0,220.0,232.0,247.0,214.5,230.0,204.0,259.0,201.5,198.0,247.5,313.0,269.0,316.0,537.5,555.0,286.0,
000000000000000000fe_0,222.0,297.0,237.0,287.0,229.5,263.0,248.0,261.5,264.0,224.0,221.0,301.0,245.0,215.0,215.0,257.0,276.0,218.0,196.0,235.0,216.0,204.0,192.0,235.0,190.0,179.5,212.0,207.5,256.0,245.5,504.0,403.5,255.0,
000000000000000000ff_0,223.0,320.0,307.0,294.0,228.0,242.0,243.0,288.0,277.0,283.0,242.5,282.0,246.0,234.0,234.0,304.0,254.0,252.0,202.0,240.0,218.0,223.5,225.0,273.0,214.0,187.0,216.0,263.0,252.0,288.0,448.0,434.0,277.0,
00000000000000000100_0,212.0,287.0,300.0,280.5,423.5,266.5,241.5,283.0,283.0,267.5,212.5,314.5,227.0,227.0,235.5,315.5,250.0,246.0,221.0,229.5,205.0,234.5,237.0,256.0,210.5,206.5,234.0,223.0,264.0,334.0,428.0,470.5,275.0,
