system:index,RED,RED_1,RED_10,RED_11,RED_12,RED_13,RED_14,RED_15,RED_16,RED_17,RED_18,RED_19,RED_2,RED_20,RED_21,RED_22,RED_23,RED_24,RED_25,RED_26,RED_27,RED_28,RED_29,RED_3,RED_30,RED_31,RED_32,RED_4,RED_5,RED_6,RED_7,RED_8,RED_9,.geo
00000000000000000000_0,191.0,224.0,145.0,221.0,187.5,186.0,178.0,203.5,183.0,219.0,184.0,175.0,198.5,165.5,149.0,183.0,188.5,168.0,173.0,174.5,173.0,79.5,163.5,240.0,194.0,134.0,138.0,152.0,261.0,225.0,344.0,322.0,229.0,
00000000000000000001_0,194.0,220.0,147.0,227.0,185.0,225.0,218.0,203.5,180.0,220.0,184.0,234.0,233.0,181.0,171.0,239.5,212.0,203.5,171.0,210.0,210.0,106.5,140.0,239.5,157.0,146.0,137.0,217.0,263.0,207.0,362.0,299.0,243.0,
00000000000000000002_0,295.5,306.0,242.0,277.0,265.0,326.0,264.0,259.5,246.0,256.0,237.0,248.5,293.0,238.0,217.5,273.0,249.5,258.0,233.0,230.0,259.0,152.0,205.0,308.0,222.0,198.0,173.5,222.0,343.0,318.0,424.0,378.0,293.0,
00000000000000000003_0,252.0,285.0,203.0,278.0,247.0,267.5,286.5,248.0,203.5,239.0,242.0,277.0,332.5,258.0,227.0,297.5,218.0,240.5,224.0,236.0,224.0,154.0,189.0,275.0,210.5,176.0,162.5,239.0,301.0,272.5,401.0,327.5,272.0,
00000000000000000004_0,280.0,303.0,188.0,237.0,261.5,281.0,254.0,230.0,206.0,190.5,213.0,210.0,237.0,205.5,212.0,251.0,224.5,226.0,212.0,237.0,238.5,182.5,177.5,265.0,190.5,184.0,162.0,201.0,229.0,266.0,400.0,311.5,239.0,
00000000000000000005_0,244.5,305.0,239.5,277.0,225.0,263.0,258.0,237.5,202.5,221.5,203.0,229.0,278.0,231.0,210.0,258.0,206.0,219.0,207.0,194.5,201.0,104.0,178.0,275.0,205.5,148.0,157.0,230.0,299.5,302.0,413.0,328.0,251.0,
00000000000000000006_0,243.5,307.0,211.0,272.5,216.0,294.5,231.0,229.5,198.5,204.0,203.0,224.0,256.0,184.0,184.0,280.0,217.0,211.5,175.0,223.0,200.0,198.0,161.5,247.0,192.5,166.5,151.0,204.0,258.0,277.0,396.0,332.0,237.5,
00000000000000000007_0,294.0,292.5,234.0,267.5,236.5,294.0,261.0,219.0,215.0,230.0,228.0,224.0,294.0,230.0,221.0,265.0,236.5,242.0,236.0,235.0,215.5,158.0,205.0,275.0,202.0,186.0,180.0,235.0,307.0,248.5,425.0,364.0,293.0,
00000000000000000008_0,252.5,252.0,243.0,279.0,227.0,259.0,278.0,251.0,237.5,235.0,232.5,243.0,262.0,217.5,221.0,245.5,270.0,240.0,230.0,255.0,234.5,146.0,199.0,277.0,211.5,176.0,183.5,237.0,307.0,257.0,461.5,375.5,271.0,
00000000000000000009_0,296.0,345.5,292.0,331.5,276.0,299.0,279.0,258.0,264.0,283.0,277.0,296.0,346.0,289.0,273.5,364.0,291.0,302.0,267.0,260.5,244.0,215.5,234.0,321.5,248.0,232.0,228.0,273.0,367.0,295.0,462.0,360.0,295.0,
0000000000000000000a_0,280.0,326.0,239.0,277.5,253.0,295.0,282.0,258.5,222.0,249.5,239.0,235.5,321.0,215.0,234.0,285.0,263.0,229.0,237.0,234.0,206.0,150.0,214.5,308.0,218.0,183.0,182.0,271.0,347.0,324.0,442.5,328.5,296.0,
0000000000000000000b_0,379.0,342.0,308.0,323.0,281.0,309.0,287.5,265.5,266.5,251.0,283.0,273.0,371.5,259.0,254.0,295.0,275.0,271.0,254.0,240.0,243.0,206.0,223.0,343.0,224.0,251.5,220.0,314.0,350.0,354.0,406.0,387.0,310.5,
0000000000000000000c_0,365.0,373.0,290.5,313.0,278.0,328.0,268.0,275.0,259.5,237.0,268.0,266.0,348.5,258.0,247.0,278.0,269.0,239.0,245.0,252.0,243.0,188.5,205.5,328.0,202.0,199.5,190.0,302.0,370.0,388.0,436.0,377.0,321.0,
0000000000000000000d_0,197.0,259.0,180.5,242.5,229.0,206.5,236.0,195.0,207.5,204.0,198.0,218.0,233.5,193.0,163.0,233.5,257.0,205.0,200.0,189.5,201.0,87.5,177.0,268.5,188.0,132.0,156.0,218.0,281.0,261.0,345.0,332.0,278.0,
0000000000000000000e_0,311.0,271.5,228.5,302.0,251.5,294.0,260.0,258.0,243.0,240.5,254.0,218.0,307.0,210.5,232.0,291.0,253.0,234.0,237.0,250.5,219.0,166.5,178.0,280.0,208.5,184.0,176.0,265.0,294.5,246.5,379.0,362.0,268.5,
0000000000000000000f_0,301.0,300.5,236.0,257.0,213.0,264.0,222.0,217.5,229.0,220.5,207.0,200.0,276.0,190.0,205.0,226.0,242.0,206.5,204.0,201.0,167.0,145.5,147.0,289.5,184.5,161.5,145.0,265.0,279.0,287.5,345.0,323.0,258.0,
00000000000000000010_0,397.0,364.0,306.0,341.0,323.0,341.0,274.0,278.5,268.0,262.0,283.5,290.5,337.0,260.0,276.0,301.5,300.0,287.5,270.5,243.0,236.0,208.0,220.0,323.0,248.0,226.0,203.0,306.5,374.0,365.5,416.0,372.0,321.5,
00000000000000000011_0,377.0,373.0,289.0,309.0,277.0,324.0,273.5,266.0,249.0,237.0,250.0,260.0,336.0,236.0,224.5,272.5,287.0,248.0,253.0,235.5,230.0,174.0,193.5,354.0,221.0,180.5,171.0,306.0,350.0,360.0,434.0,338.5,298.5,
00000000000000000012_0,519.0,439.0,334.0,317.5,275.0,331.0,308.5,316.0,284.0,281.0,267.0,254.0,403.5,262.0,264.5,294.0,262.0,258.0,270.0,264.0,276.5,203.5,230.0,356.0,211.0,214.0,191.0,295.0,325.0,306.0,433.0,329.0,320.0,
00000000000000000013_0,244.0,263.5,186.5,249.5,230.0,273.0,228.0,219.0,199.0,190.0,229.0,238.0,282.0,205.0,202.5,240.5,237.0,227.0,200.0,213.5,210.0,164.5,169.5,266.0,184.5,183.5,164.5,220.0,302.0,262.0,325.0,321.0,245.0,
00000000000000000014_0,380.0,370.0,292.5,321.5,289.0,325.0,291.0,287.0,264.0,272.0,293.0,297.0,349.0,278.0,272.0,298.0,278.0,281.0,275.0,282.0,213.5,238.5,237.0,320.0,242.5,238.0,219.0,305.5,371.0,369.0,444.0,394.0,368.0,
00000000000000000015_0,295.0,307.0,275.0,292.0,278.5,335.0,328.0,255.5,242.0,253.5,267.5,250.0,300.0,248.0,258.5,280.0,265.0,250.0,262.5,275.5,246.0,194.0,222.5,320.0,213.0,209.5,202.0,272.0,333.5,295.0,473.0,393.0,294.0,
00000000000000000016_0,288.5,321.0,264.0,286.5,247.0,289.5,256.0,244.0,242.0,226.0,238.5,228.0,290.0,235.0,213.0,254.0,240.0,218.5,235.0,219.0,227.0,189.0,193.0,284.0,201.0,201.0,195.0,253.0,308.5,298.0,415.5,349.0,309.5,
00000000000000000017_0,311.5,302.5,262.5,324.0,271.0,304.0,306.0,261.0,260.0,247.5,278.0,240.0,287.0,263.5,257.0,264.0,270.0,252.0,242.0,235.0,228.0,204.0,205.0,305.0,225.5,220.0,197.0,243.0,286.0,311.0,435.0,318.0,296.0,
00000000000000000018_0,418.0,392.5,336.0,360.0,290.5,345.0,336.0,315.0,313.0,287.0,298.0,269.0,376.5,320.0,271.0,301.5,278.0,261.5,280.0,265.0,265.0,205.5,219.5,380.5,241.0,220.0,213.0,305.5,382.0,373.0,526.0,348.0,335.5,
00000000000000000019_0,324.0,311.5,281.0,305.5,261.0,305.5,300.0,267.5,259.0,268.0,253.0,235.0,309.5,262.0,251.0,271.0,229.0,248.0,236.0,260.5,238.0,176.5,185.0,317.0,213.5,199.0,155.0,304.0,320.0,310.5,500.0,386.0,302.5,
0000000000000000001a_0,330.0,325.0,296.5,322.0,271.0,324.0,315.0,277.0,263.0,256.5,267.0,267.0,288.0,266.5,285.0,303.5,286.0,260.0,262.0,254.0,245.0,207.0,208.0,318.0,239.5,209.0,204.0,271.5,297.5,297.0,435.0,363.0,295.0,
0000000000000000001b_0,259.0,306.0,276.5,314.5,318.5,320.0,302.0,273.5,255.0,325.0,353.0,294.0,296.0,235.0,230.0,269.0,240.0,227.0,226.5,234.0,242.0,202.0,201.5,339.0,216.0,213.0,200.0,284.0,330.5,330.5,552.0,411.0,309.5,
0000000000000000001c_0,281.0,266.0,235.0,283.0,292.0,270.0,252.5,263.0,243.0,255.5,219.0,237.0,252.5,193.5,216.0,254.0,270.5,223.0,226.0,238.5,225.5,164.0,190.5,270.0,181.0,189.0,168.5,250.0,324.0,275.5,504.0,392.0,293.0,
0000000000000000001d_0,236.0,298.0,228.0,257.5,231.0,291.0,252.0,221.0,214.0,235.0,213.0,216.5,258.5,181.5,189.0,248.5,244.0,225.5,208.5,212.0,216.0,149.0,174.0,285.0,181.5,153.0,148.0,235.0,316.0,253.5,436.0,372.0,282.0,
0000000000000000001e_0,197.0,166.0,173.0,233.0,170.0,166.0,171.5,169.0,157.5,174.0,170.0,160.0,175.0,184.0,141.0,193.0,178.0,180.0,161.0,163.5,170.0,117.5,125.0,176.0,145.0,122.0,116.5,146.0,219.0,163.5,453.0,256.0,213.5,
0000000000000000001f_0,345.0,354.0,345.0,350.0,296.5,351.0,358.5,285.0,288.5,309.5,297.0,252.0,329.0,283.5,260.0,302.0,259.0,272.0,263.0,279.0,246.5,216.0,230.0,335.0,239.0,236.0,210.0,311.0,360.0,373.0,493.0,444.0,362.0,
00000000000000000020_0,303.0,326.0,326.0,323.0,329.0,323.0,290.0,318.0,283.5,354.0,403.0,296.0,316.0,250.5,263.0,250.5,280.5,254.0,244.0,280.0,219.0,184.0,192.5,336.5,214.0,190.0,187.0,276.0,336.5,318.5,556.0,458.5,353.0,
00000000000000000021_0,347.5,340.0,321.0,353.0,291.0,334.0,337.0,275.0,269.0,252.0,277.5,262.5,349.0,280.5,284.0,290.0,280.0,280.5,261.5,242.0,251.0,225.5,221.5,296.0,224.5,237.0,226.0,298.0,346.0,340.0,500.0,375.0,333.5,
00000000000000000022_0,327.0,339.0,269.5,319.5,276.0,296.0,317.0,255.0,281.0,263.0,251.0,261.0,321.0,262.0,256.0,268.0,235.0,265.0,241.0,266.0,234.5,209.5,215.0,313.0,222.0,228.0,212.5,267.0,329.0,331.0,504.0,390.0,315.0,
00000000000000000023_0,298.0,277.5,214.0,286.0,255.0,290.0,260.0,225.0,204.0,219.0,207.0,240.5,259.0,236.5,231.0,257.5,229.0,221.0,237.0,229.0,218.0,202.0,203.0,253.0,198.0,190.5,201.0,216.0,265.0,276.0,583.0,343.0,255.0,
00000000000000000024_0,349.0,312.0,294.0,307.0,275.0,342.0,325.0,262.0,267.5,263.0,246.0,254.0,307.0,251.0,256.5,266.0,265.0,254.0,280.0,251.0,235.0,218.0,216.0,288.0,243.0,220.0,190.0,254.0,331.5,277.0,468.0,395.0,295.0,
00000000000000000025_0,291.5,280.0,222.0,318.0,275.5,328.5,296.0,260.0,256.5,265.0,246.5,254.0,319.5,261.0,233.0,284.0,274.5,252.0,256.0,264.5,235.0,188.0,208.5,329.5,219.5,192.0,189.0,279.0,342.0,322.0,448.5,391.0,298.0,
00000000000000000026_0,338.0,331.0,307.0,357.0,286.0,346.0,331.0,268.5,287.0,267.0,298.5,267.0,314.0,255.0,277.0,293.0,290.5,301.0,267.5,281.0,265.0,253.0,250.0,441.0,256.0,241.0,224.5,318.5,349.0,320.0,416.5,385.0,308.5,
00000000000000000027_0,602.5,576.0,400.0,452.0,353.0,386.0,403.0,350.0,325.0,306.0,277.5,283.0,505.0,279.0,279.5,300.0,278.0,262.0,265.0,253.0,271.0,222.0,228.5,528.5,232.0,235.0,211.0,427.0,570.5,461.5,682.0,476.0,499.0,
00000000000000000028_0,330.0,350.0,332.0,359.0,318.5,344.0,337.0,318.0,278.0,296.5,313.0,276.5,305.0,282.5,273.0,300.0,276.0,283.5,309.0,276.0,231.5,244.0,243.0,327.0,236.0,234.0,237.5,289.0,393.0,363.5,489.0,389.0,349.0,
00000000000000000029_0,297.0,307.0,249.0,296.5,238.5,337.5,294.0,262.0,256.5,269.0,263.0,236.0,303.0,275.0,252.0,267.0,259.0,258.0,267.5,259.0,231.5,267.5,233.0,288.5,236.0,220.0,209.0,262.0,308.0,282.0,522.5,354.0,271.0,
0000000000000000002a_0,329.0,338.0,294.0,328.0,275.0,343.0,304.5,260.5,257.0,275.0,311.0,271.0,315.5,270.0,261.0,306.5,275.0,295.0,262.0,258.5,267.0,227.5,218.0,320.5,223.5,241.0,209.0,280.0,325.0,330.0,517.0,390.5,294.0,
0000000000000000002b_0,330.0,309.0,261.5,320.5,281.0,337.0,306.0,269.0,262.0,266.0,264.0,243.0,343.5,268.0,252.0,272.0,280.0,271.0,258.0,246.0,234.0,213.5,217.0,297.0,213.0,214.5,207.0,279.0,344.0,307.5,479.5,381.5,294.0,
0000000000000000002c_0,351.0,307.5,246.5,306.5,285.5,343.0,270.5,260.5,257.0,278.0,284.0,279.0,317.5,270.0,239.0,302.0,276.0,231.0,257.5,269.0,259.0,239.0,223.0,277.0,218.0,214.0,207.0,273.0,330.0,292.0,632.0,348.5,322.0,
0000000000000000002d_0,297.0,316.0,270.0,310.0,272.5,346.0,300.0,251.5,251.0,260.0,260.0,254.0,317.5,279.0,253.0,281.0,282.5,268.0,276.0,271.5,275.0,238.5,220.0,298.5,216.0,215.5,211.5,273.0,345.0,321.0,527.0,332.5,293.5,
0000000000000000002e_0,297.0,362.0,249.0,308.0,257.5,309.0,302.0,255.0,245.0,264.0,254.0,290.0,298.5,286.0,261.5,306.0,288.0,283.0,303.0,303.5,246.0,256.0,237.0,320.0,237.0,240.0,230.5,273.0,333.0,326.0,549.0,353.5,290.0,
0000000000000000002f_0,325.5,296.0,255.0,285.5,267.0,315.0,260.0,278.5,244.0,251.0,264.0,232.5,274.5,233.0,237.5,279.0,270.0,225.0,267.0,257.5,232.5,228.0,197.0,301.5,206.0,201.5,199.0,243.0,313.0,334.0,458.0,337.0,253.0,
00000000000000000030_0,305.0,276.0,214.0,275.0,256.5,317.0,259.0,253.0,243.5,252.5,238.0,212.5,253.5,232.0,209.5,256.5,239.0,233.0,238.5,247.0,213.5,207.5,205.0,277.0,189.0,192.0,187.5,241.0,297.0,254.0,587.0,320.5,276.0,
00000000000000000031_0,326.0,307.0,243.0,276.5,261.5,313.0,259.0,243.0,264.0,260.0,252.0,247.0,309.0,234.0,221.0,271.5,262.0,255.0,235.0,248.0,232.0,228.0,218.0,298.0,226.0,219.0,187.0,254.0,344.0,310.5,594.5,353.0,276.0,
00000000000000000032_0,282.0,270.0,232.0,292.0,280.0,290.0,259.0,237.0,245.0,272.0,231.0,239.5,280.0,248.0,221.0,260.0,241.0,244.0,245.5,268.0,254.0,209.0,207.0,255.5,206.0,191.0,197.0,252.0,294.0,268.0,511.5,355.0,276.5,
00000000000000000033_0,283.0,321.0,217.0,275.0,278.5,285.0,252.5,243.0,248.0,250.0,244.0,218.5,281.0,246.0,240.5,272.0,275.0,258.0,245.0,244.5,235.0,191.0,222.5,277.5,216.5,198.0,213.0,254.0,338.0,282.5,558.5,353.0,262.0,
00000000000000000034_0,359.0,347.5,293.0,349.0,340.0,378.5,347.5,301.0,298.0,289.0,297.5,263.0,363.5,278.5,269.5,316.5,310.0,295.0,277.0,279.0,272.0,270.0,240.0,369.5,247.0,224.0,228.5,318.0,373.0,333.0,542.5,366.5,356.5,
00000000000000000035_0,280.5,276.0,248.0,285.5,292.5,294.0,268.5,232.0,269.0,248.0,266.0,242.0,319.0,241.0,235.5,288.0,278.0,254.0,259.0,271.0,207.0,232.0,214.5,287.5,237.5,211.0,203.0,234.0,328.0,243.5,448.0,282.5,291.5,
00000000000000000036_0,293.5,290.0,239.0,291.0,270.0,326.0,284.0,252.0,264.0,280.0,266.0,235.0,289.0,260.0,233.0,309.0,273.0,267.5,240.0,260.5,228.0,222.5,217.0,325.0,220.0,191.5,182.0,260.5,340.5,296.0,463.0,328.5,293.0,
00000000000000000037_0,298.0,343.0,294.0,341.0,295.5,323.0,283.0,266.0,283.5,255.5,272.0,248.0,336.0,265.5,252.0,331.0,280.0,288.0,271.5,274.5,240.0,247.0,238.0,321.0,246.0,225.5,204.5,260.0,341.0,341.5,467.5,338.0,288.0,
00000000000000000038_0,299.0,306.0,243.0,316.0,270.5,339.5,309.0,296.0,294.0,273.0,252.5,261.0,305.0,274.0,237.5,285.0,266.0,275.0,255.5,254.5,227.0,271.5,217.0,283.0,246.0,194.5,214.0,256.0,350.5,340.0,434.0,349.0,333.0,
00000000000000000039_0,301.0,374.0,290.0,324.0,303.0,292.5,305.5,281.0,286.0,265.0,272.0,259.0,402.0,241.0,256.5,295.0,273.0,276.0,255.0,248.5,256.0,206.0,220.0,324.0,242.0,219.0,201.0,298.5,409.0,366.0,437.0,378.0,359.0,
0000000000000000003a_0,325.5,375.0,318.0,344.0,327.0,334.0,306.5,290.5,288.5,303.5,310.0,280.0,336.0,258.5,261.0,344.5,298.0,264.5,284.0,273.0,263.5,231.0,213.0,311.5,234.0,215.5,204.0,294.0,382.0,332.0,554.5,344.0,328.0,
0000000000000000003b_0,251.0,273.0,239.0,291.0,274.0,289.0,262.0,244.0,235.0,226.0,231.5,261.0,304.0,205.5,222.0,262.0,237.5,228.0,234.0,237.0,208.5,198.0,180.0,281.5,189.0,167.0,175.0,266.0,322.0,284.0,390.0,313.0,273.0,
0000000000000000003c_0,242.0,283.0,212.0,290.5,250.0,284.0,280.5,250.5,242.0,250.0,300.0,254.0,290.0,213.0,204.0,258.0,254.0,240.5,231.5,232.0,205.0,206.5,179.5,296.0,213.0,166.0,168.5,227.0,346.0,319.0,438.0,329.0,272.0,
0000000000000000003d_0,512.0,387.0,317.0,367.0,338.5,337.5,318.0,294.5,359.0,273.0,342.0,345.0,354.5,282.5,259.5,324.0,280.0,293.0,280.0,277.5,258.0,187.0,207.0,358.0,240.0,222.5,216.5,324.0,383.0,354.0,448.0,389.5,357.0,
0000000000000000003e_0,328.0,374.0,291.0,364.5,293.0,356.0,313.0,286.0,304.5,260.0,276.0,312.0,359.0,263.0,282.5,323.5,255.0,273.5,296.0,278.0,249.5,232.5,226.5,321.0,251.0,229.5,209.5,322.0,331.0,329.0,491.5,406.0,348.0,
0000000000000000003f_0,280.0,299.0,245.0,325.5,262.0,320.0,282.0,245.0,266.5,259.0,315.0,289.5,288.0,227.0,246.0,295.0,250.0,251.0,264.5,250.5,253.0,207.0,204.0,250.0,230.5,214.0,194.0,255.5,303.0,274.0,432.0,349.0,271.5,
00000000000000000040_0,328.0,306.0,290.0,327.0,280.0,376.0,307.0,257.0,265.0,263.0,313.0,271.0,298.0,272.0,263.0,357.5,280.0,278.5,264.0,267.5,253.0,241.0,223.0,317.5,231.0,208.0,201.5,267.0,324.5,291.0,520.5,327.0,283.0,
00000000000000000041_0,326.5,318.0,298.0,329.0,284.5,330.0,297.0,277.0,283.0,281.0,301.0,256.0,331.0,271.0,257.0,276.0,285.0,267.5,269.0,276.5,257.0,233.0,228.0,299.0,222.0,210.0,219.0,297.0,380.0,362.0,437.0,339.0,339.0,
00000000000000000042_0,328.0,416.0,289.5,332.5,278.0,323.0,308.0,279.0,276.5,283.0,309.0,275.0,358.0,278.0,257.0,280.0,276.0,268.0,262.0,279.0,267.0,213.0,220.0,406.0,230.0,207.0,203.0,295.0,385.5,330.0,524.5,402.0,339.0,
00000000000000000043_0,279.0,301.5,256.0,336.0,273.0,296.0,282.5,246.0,261.5,265.0,265.0,243.0,307.5,281.0,256.0,276.0,263.0,277.0,252.5,269.0,255.0,175.0,200.0,315.0,228.0,200.0,197.0,266.0,340.5,327.5,549.0,365.0,323.0,
00000000000000000044_0,327.0,435.0,317.0,337.5,293.0,301.0,297.0,298.0,310.5,288.0,236.0,264.0,303.0,261.0,253.0,294.0,323.0,284.0,274.0,307.0,291.0,297.5,254.0,313.5,261.5,217.5,215.5,281.0,306.5,327.0,383.0,374.0,339.0,
00000000000000000045_0,306.0,318.5,277.0,330.0,257.0,276.0,295.5,279.0,299.0,299.0,300.5,234.5,286.0,257.0,216.0,280.0,281.0,244.0,245.0,260.0,254.5,293.5,209.0,309.5,218.0,196.5,210.5,270.0,314.5,297.0,474.5,620.5,307.0,
00000000000000000046_0,413.0,430.5,320.0,364.0,281.0,326.0,342.0,341.5,322.0,301.5,321.0,271.0,389.0,321.0,253.0,321.5,322.5,289.0,265.0,270.5,274.0,309.0,263.0,393.0,268.0,228.0,227.5,340.0,401.5,361.0,489.0,740.5,351.0,
00000000000000000047_0,339.0,363.5,351.0,395.5,286.0,329.0,317.0,326.0,310.0,305.0,292.0,279.0,307.0,290.0,265.5,372.0,338.0,310.5,341.0,310.0,269.0,298.5,241.0,345.0,273.0,233.0,221.0,313.0,349.5,409.5,461.0,837.5,379.0,
00000000000000000048_0,342.0,390.0,320.5,412.0,273.0,337.0,323.0,292.0,309.0,281.5,285.5,269.0,315.0,292.0,291.5,334.5,335.5,305.0,272.0,293.5,283.0,295.0,252.0,325.0,281.0,233.0,228.0,303.0,372.0,382.5,429.0,371.0,348.0,
00000000000000000049_0,279.0,353.0,315.0,329.0,258.5,320.0,295.0,299.0,309.0,260.0,243.0,275.5,300.0,282.5,265.0,358.5,288.0,280.0,242.0,300.0,243.0,317.0,238.0,325.0,228.0,197.5,236.0,268.0,326.0,319.0,459.0,995.5,343.5,
0000000000000000004a_0,287.0,322.5,285.0,330.5,297.0,331.0,307.0,325.0,314.5,320.0,288.0,307.0,300.0,234.0,274.0,313.0,276.0,279.0,266.0,272.0,253.0,241.0,212.0,319.0,249.0,222.5,201.0,274.0,306.0,321.0,455.5,367.5,320.0,
0000000000000000004b_0,293.5,343.0,299.0,326.0,273.0,323.0,280.0,261.0,262.0,257.0,250.5,223.0,294.0,234.5,239.0,286.5,269.5,253.0,242.0,232.0,230.5,208.0,177.5,282.0,223.0,188.5,166.5,270.0,292.5,333.0,474.0,402.0,287.0,
0000000000000000004c_0,223.5,263.0,235.0,261.0,224.0,271.0,256.0,233.5,239.0,241.5,195.5,186.5,244.0,216.0,205.5,317.0,251.0,225.5,238.0,244.0,213.0,162.0,185.0,246.0,201.0,192.0,161.0,209.0,314.0,216.0,397.0,355.0,306.5,
0000000000000000004d_0,223.5,307.0,182.0,268.0,196.0,244.5,284.0,225.0,203.0,216.0,204.0,198.0,258.5,182.0,201.5,260.5,199.5,217.0,206.5,237.0,208.0,123.0,204.0,264.0,196.0,158.5,189.0,215.5,309.0,270.5,394.5,317.5,251.0,
0000000000000000004e_0,398.5,348.0,268.0,303.0,274.0,329.0,304.0,280.0,274.0,286.0,289.5,245.0,349.0,263.0,261.5,275.5,251.0,278.0,261.0,261.5,209.5,195.5,208.0,314.0,218.0,214.0,207.0,275.5,300.0,323.0,401.0,343.0,303.0,
0000000000000000004f_0,279.0,307.0,264.0,310.0,229.5,281.0,261.0,243.0,227.0,237.0,245.5,237.0,340.0,228.5,236.0,271.0,236.0,241.5,231.0,220.0,211.5,165.0,173.0,277.0,195.0,182.5,168.0,264.5,296.0,327.0,417.0,357.0,279.5,
00000000000000000050_0,314.0,286.0,222.0,277.0,246.5,266.5,273.0,221.0,221.5,222.0,265.0,229.5,273.0,197.5,221.5,241.0,272.0,234.5,218.0,238.5,183.5,146.0,205.0,277.0,198.0,193.0,173.0,237.0,272.5,320.5,350.5,346.0,272.0,
00000000000000000051_0,253.0,278.5,225.0,304.0,247.5,276.0,225.0,253.0,205.0,225.5,192.0,221.0,283.5,252.0,183.0,226.0,241.0,211.0,217.0,230.0,214.0,112.0,176.0,261.5,202.0,151.0,157.0,229.0,333.0,317.0,401.5,331.0,294.0,
00000000000000000052_0,362.5,277.5,294.0,330.0,278.0,336.0,306.0,307.0,281.5,284.0,300.0,269.0,333.0,279.0,283.5,308.0,291.0,296.0,283.5,272.0,256.0,225.0,235.0,296.0,250.0,250.0,240.5,261.0,279.5,320.5,443.0,338.0,303.5,
00000000000000000053_0,296.5,286.0,250.0,281.5,232.5,278.0,255.0,279.0,242.5,253.0,243.0,223.0,269.0,239.0,227.5,276.5,281.0,232.0,254.0,245.5,237.0,176.0,219.5,266.0,202.0,197.0,184.0,258.0,307.0,291.0,390.0,299.0,292.0,
00000000000000000054_0,330.5,309.5,274.5,330.5,268.5,329.5,275.0,259.0,260.0,251.0,264.5,247.0,303.5,255.5,274.0,281.5,247.5,272.0,250.0,237.0,227.0,211.5,227.0,286.0,218.0,209.5,209.0,268.0,325.5,306.5,428.0,328.0,289.0,
00000000000000000055_0,328.5,311.0,286.5,323.0,268.5,300.0,290.0,275.5,246.5,262.0,293.0,271.5,316.0,260.0,245.0,258.0,302.0,252.0,254.5,253.0,228.5,171.0,213.0,315.0,196.0,183.5,188.0,276.5,359.5,321.0,397.0,331.0,302.0,
00000000000000000056_0,321.5,331.5,267.0,324.0,278.0,325.0,297.0,280.0,259.5,283.0,262.0,287.0,327.0,258.5,257.0,276.0,262.0,259.0,255.0,272.0,203.0,189.0,199.5,315.0,215.5,197.5,215.0,282.0,309.0,316.5,433.0,362.0,314.5,
00000000000000000057_0,377.0,315.0,323.0,331.0,282.0,326.0,269.5,321.0,287.0,280.0,313.0,295.0,351.0,270.5,278.0,308.5,300.0,283.5,262.0,276.0,236.5,206.0,237.0,315.0,245.0,239.0,243.5,310.0,349.0,347.0,424.5,358.0,327.0,
00000000000000000058_0,260.0,234.0,186.0,291.0,186.0,253.0,206.5,211.5,205.5,216.0,188.0,220.0,206.0,228.5,199.0,234.5,253.0,187.0,190.0,195.0,178.0,113.0,167.0,249.0,164.0,140.0,151.0,208.0,285.0,244.0,369.5,289.0,262.0,
00000000000000000059_0,281.0,268.5,235.0,293.0,243.0,303.0,285.0,244.0,215.5,237.0,231.0,244.0,286.0,213.0,225.5,258.5,231.0,248.0,225.0,238.0,225.0,166.5,202.0,255.0,188.5,185.0,198.0,248.5,303.0,284.0,442.0,320.5,294.0,
0000000000000000005a_0,487.5,518.0,319.0,390.5,313.0,408.0,358.0,390.0,339.5,371.5,320.5,326.0,471.0,291.0,322.0,340.0,319.0,320.0,298.0,323.5,292.0,195.0,255.0,384.5,265.0,234.0,244.5,452.5,370.0,444.0,538.5,474.5,417.5,
0000000000000000005b_0,312.0,309.0,268.5,301.5,267.0,358.5,289.0,287.5,252.0,279.5,286.0,272.5,322.0,234.0,246.0,294.0,267.0,266.0,254.0,268.0,220.0,167.5,230.0,334.0,212.0,198.0,198.0,271.5,306.0,295.0,417.0,356.0,301.0,
0000000000000000005c_0,314.0,282.0,282.0,278.0,292.0,297.0,290.0,275.0,245.0,257.5,279.0,276.0,298.0,271.0,258.5,266.0,255.5,282.5,248.5,267.0,231.0,207.0,198.0,298.0,228.5,216.0,197.0,290.0,310.0,314.0,444.0,349.0,310.0,
0000000000000000005d_0,293.0,288.5,263.0,275.0,290.0,282.5,271.0,229.0,226.0,211.5,258.0,254.0,257.0,257.5,264.0,246.0,248.0,257.0,243.5,247.0,219.5,199.5,199.0,268.0,200.0,211.0,193.0,252.0,275.5,283.0,401.0,301.0,298.5,
0000000000000000005e_0,204.0,312.0,193.0,293.0,186.5,225.5,225.0,200.0,218.0,256.0,241.0,239.0,235.0,196.0,177.0,280.5,246.5,217.0,197.0,200.5,219.0,103.0,226.0,271.0,233.0,145.0,165.0,233.0,390.0,279.0,455.0,357.5,322.0,
0000000000000000005f_0,310.0,277.0,260.0,262.0,242.5,270.0,273.5,236.0,233.0,230.5,262.0,265.0,281.0,257.0,251.0,229.5,244.0,239.0,231.0,220.0,233.0,190.0,193.0,312.0,192.5,204.0,209.0,254.0,304.0,297.0,451.0,342.0,280.5,
00000000000000000060_0,167.0,210.0,187.0,221.5,232.0,227.5,202.5,194.0,209.5,239.0,221.5,216.0,195.0,164.0,179.5,231.0,205.5,211.0,208.5,166.0,193.0,58.0,177.5,264.0,176.0,147.0,147.5,182.0,322.0,257.0,376.0,331.0,271.0,
00000000000000000061_0,225.0,294.0,191.5,238.0,231.0,214.5,213.0,202.5,213.5,226.0,235.5,276.5,269.0,254.0,196.0,247.0,195.5,217.0,209.0,213.0,183.0,154.0,178.5,286.0,204.5,146.0,157.0,176.0,340.0,285.5,448.0,344.5,274.0,
00000000000000000062_0,250.0,272.5,233.5,249.0,272.0,253.0,250.0,251.0,218.0,240.0,244.5,246.5,239.0,213.0,220.0,226.0,243.5,225.0,231.0,214.0,219.0,169.0,172.0,280.5,192.0,182.0,164.0,208.0,278.0,279.0,373.0,319.0,264.0,
00000000000000000063_0,302.0,266.5,249.0,283.0,288.0,293.0,274.0,259.5,250.0,242.0,259.0,248.0,264.0,265.0,262.0,262.0,249.0,255.0,241.5,259.0,246.0,218.0,211.5,288.0,219.5,218.0,200.5,282.0,315.0,341.0,446.0,319.0,279.5,
00000000000000000064_0,225.5,195.0,161.0,185.0,169.5,205.0,177.0,173.5,174.0,193.0,188.0,160.0,175.0,144.0,154.0,170.0,168.0,156.0,160.0,164.5,138.0,127.0,130.0,204.0,136.5,99.0,101.0,124.0,265.0,246.0,368.0,259.0,214.5,
00000000000000000065_0,165.5,209.0,148.0,213.0,170.0,172.0,176.5,189.5,170.0,173.0,193.5,145.0,219.0,151.0,154.0,171.5,171.5,170.0,181.5,188.5,127.5,139.0,158.0,221.0,141.5,102.5,106.5,124.0,290.0,285.0,356.0,315.0,291.0,
00000000000000000066_0,280.0,257.5,188.5,235.5,189.0,270.0,263.5,221.0,215.0,219.5,236.5,198.0,253.0,208.0,208.5,226.0,225.0,215.5,208.0,209.0,155.0,187.0,180.0,259.0,181.0,169.5,148.0,224.5,271.5,333.5,355.5,308.0,257.5,
00000000000000000067_0,154.0,188.0,99.0,120.0,82.0,136.5,138.0,161.0,112.0,172.0,132.0,101.0,170.0,95.0,87.0,149.0,167.0,119.0,128.5,122.0,105.0,75.5,130.0,180.0,134.0,79.0,106.0,120.0,225.0,174.0,327.0,240.0,189.0,
00000000000000000068_0,308.5,259.0,247.5,238.0,232.0,268.0,257.5,247.0,216.0,219.0,207.0,226.0,268.0,233.5,234.5,233.5,244.0,229.0,206.0,236.0,203.5,177.0,178.0,262.0,187.5,187.0,164.5,219.0,264.0,362.5,406.0,313.0,291.0,
00000000000000000069_0,405.0,340.0,313.0,306.0,305.0,340.0,299.0,321.0,288.0,278.0,312.0,326.0,317.0,276.0,301.0,297.0,298.0,289.0,287.0,290.0,280.0,241.0,240.0,290.5,233.5,258.0,243.0,261.0,332.5,395.0,490.0,357.0,323.5,
0000000000000000006a_0,284.0,271.0,253.0,250.0,240.0,279.5,263.5,255.5,213.0,233.5,244.0,236.0,251.5,235.5,240.0,257.0,239.0,237.5,218.0,229.0,211.5,174.0,189.0,235.0,200.0,197.0,187.5,233.0,261.0,304.0,406.0,290.5,255.5,
0000000000000000006b_0,134.5,158.0,84.0,111.0,96.5,141.0,129.0,177.0,134.0,137.0,135.0,154.0,111.5,113.5,102.0,137.0,146.0,142.5,134.5,123.0,98.0,49.0,113.5,178.0,109.0,79.0,100.0,117.0,172.0,251.5,297.0,258.0,176.0,
0000000000000000006c_0,136.5,190.0,108.0,169.0,165.0,177.0,125.0,162.0,160.0,170.5,157.0,169.0,173.0,131.0,124.0,149.5,147.0,150.0,141.5,166.5,116.5,51.5,141.0,245.5,143.5,79.0,94.5,148.5,192.0,228.5,357.0,293.0,247.0,
0000000000000000006d_0,388.0,362.0,311.0,336.0,289.0,305.0,308.0,306.0,291.0,290.0,270.0,278.0,331.0,281.5,293.0,268.0,305.0,272.0,285.5,274.5,232.5,224.0,230.0,322.5,234.0,219.0,206.5,268.0,345.5,404.0,429.0,365.0,327.0,
0000000000000000006e_0,345.0,343.5,294.0,329.0,278.0,333.0,356.0,278.0,291.5,283.0,294.0,289.0,342.0,270.0,292.5,295.0,275.0,277.0,261.0,260.0,219.0,207.0,225.0,331.0,231.0,229.0,206.0,298.0,326.5,421.0,424.0,359.5,336.0,
0000000000000000006f_0,344.5,297.0,246.0,305.0,258.0,333.5,313.0,280.0,258.5,273.0,254.0,272.0,339.0,263.0,251.0,292.0,276.0,280.0,235.5,263.0,251.0,185.0,216.0,325.0,223.0,215.0,192.0,250.0,329.5,331.0,441.0,342.5,310.0,
00000000000000000070_0,308.0,308.0,292.5,325.0,259.0,292.0,313.0,267.0,259.0,265.0,264.0,239.5,334.5,236.5,249.0,298.0,278.0,246.0,235.0,237.0,235.0,196.5,208.0,310.0,240.0,208.0,195.0,312.0,311.0,353.0,469.5,329.5,312.0,
00000000000000000071_0,346.5,336.0,291.0,328.0,259.0,328.5,297.0,257.0,246.0,263.0,310.0,287.0,331.0,256.0,255.0,288.0,294.0,247.0,246.0,258.0,248.0,205.0,204.0,337.0,220.0,223.0,191.5,308.0,376.0,369.0,470.0,374.5,313.0,
00000000000000000072_0,478.0,350.0,349.0,364.0,325.5,366.0,352.5,281.0,303.0,285.0,306.5,313.0,359.5,273.5,309.0,314.5,292.0,288.0,284.0,272.0,265.5,237.0,235.0,313.5,239.0,226.0,228.0,305.0,351.0,429.0,487.0,388.0,336.5,
00000000000000000073_0,235.5,288.0,242.0,252.0,225.5,235.5,261.0,250.5,225.0,234.0,238.0,216.0,279.0,253.0,206.5,256.5,230.5,229.0,225.0,201.0,174.0,148.5,183.0,279.0,190.0,164.0,167.0,224.5,327.0,330.0,422.0,351.0,283.0,
00000000000000000074_0,479.0,451.0,376.0,378.5,324.0,376.5,332.0,317.0,316.0,302.0,312.5,311.0,455.5,307.5,311.5,334.0,300.5,287.0,305.5,287.0,268.0,252.0,254.5,429.5,239.0,264.5,224.5,390.5,446.0,462.0,578.0,409.0,355.0,
00000000000000000075_0,126.5,144.0,99.5,137.0,103.0,173.0,145.0,151.5,119.5,170.0,123.0,121.0,194.5,109.0,80.0,136.5,130.0,155.0,99.0,131.0,150.0,65.0,101.0,174.0,131.0,58.0,72.5,152.0,205.5,263.0,324.0,257.0,215.0,
00000000000000000076_0,157.0,209.0,126.0,217.0,184.0,179.0,176.0,185.0,174.5,187.5,182.0,177.0,272.0,160.0,145.0,176.0,178.0,162.0,158.0,141.5,187.0,154.5,136.5,266.0,136.0,90.0,63.0,171.5,304.0,250.0,492.0,336.5,262.0,
00000000000000000077_0,262.0,303.0,215.0,297.0,267.5,274.0,270.0,234.0,240.0,210.0,230.0,235.0,251.5,219.0,216.0,295.0,228.0,219.5,202.5,213.0,193.0,142.0,167.0,279.0,184.0,173.5,162.0,199.0,351.5,300.0,444.0,351.0,295.5,
00000000000000000078_0,252.5,266.0,185.0,286.0,255.5,282.0,217.0,226.0,220.5,203.0,222.0,225.0,304.0,180.0,191.0,252.5,206.5,204.5,193.5,197.0,199.0,119.0,148.0,283.0,164.5,146.0,161.5,223.0,342.0,365.0,476.0,351.0,300.0,
00000000000000000079_0,365.0,392.0,248.5,298.0,237.0,273.0,282.5,255.0,241.0,235.0,262.5,243.0,362.0,223.0,213.0,236.0,223.5,209.0,226.0,236.0,220.5,154.0,195.0,328.0,206.0,198.5,193.0,279.0,386.0,278.5,447.0,395.0,354.0,
0000000000000000007a_0,256.0,290.0,216.0,264.0,246.0,273.0,220.0,194.0,212.0,171.5,219.5,216.0,248.5,194.0,204.0,268.5,235.0,216.0,187.0,194.0,160.0,113.0,137.0,248.5,186.5,152.0,140.0,220.0,264.0,258.0,416.5,338.5,260.5,
0000000000000000007b_0,311.0,339.0,250.5,296.5,273.0,327.0,290.5,270.5,255.0,226.0,269.0,275.0,307.0,241.0,254.0,318.5,249.0,266.0,240.0,241.5,224.0,169.0,209.0,295.0,219.5,204.5,191.0,269.0,385.0,326.5,503.0,381.0,308.0,
0000000000000000007c_0,222.5,225.5,161.0,259.5,175.0,263.0,219.0,206.5,192.0,207.0,180.0,187.0,232.0,208.0,166.5,322.0,198.0,221.0,214.0,219.5,154.0,107.0,165.0,240.0,166.0,146.5,117.5,153.5,313.0,258.5,450.0,319.0,255.0,
0000000000000000007d_0,284.0,257.5,232.5,262.5,181.0,283.0,251.0,207.5,219.0,208.0,206.0,228.0,263.0,195.0,193.0,246.0,250.0,216.0,200.0,207.0,177.0,123.0,145.5,271.5,168.0,149.0,149.0,196.5,271.0,300.0,440.0,334.0,258.0,
0000000000000000007e_0,520.5,471.0,403.5,409.5,352.0,377.0,408.0,320.0,355.0,298.0,356.0,325.5,412.5,292.0,311.0,346.0,286.0,294.0,282.0,287.0,281.5,241.0,235.5,357.5,257.0,243.0,228.0,340.5,414.0,421.0,577.0,432.0,434.5,
0000000000000000007f_0,295.0,317.0,265.0,301.0,238.0,282.0,293.5,254.0,245.5,240.0,258.0,262.0,326.0,238.0,216.0,289.5,280.5,241.0,248.0,234.0,227.0,163.0,210.0,298.0,217.5,201.0,180.5,273.0,346.5,386.0,515.0,375.5,315.0,
00000000000000000080_0,277.0,388.0,267.0,271.0,276.0,292.0,300.5,294.0,252.0,256.5,271.0,276.0,304.0,228.5,238.5,285.0,277.5,243.0,241.0,235.5,236.0,169.0,209.0,291.0,232.5,210.0,197.0,303.0,316.0,371.0,515.5,376.0,339.5,
00000000000000000081_0,256.0,253.0,202.0,235.0,180.0,241.0,246.0,214.0,213.5,172.5,237.0,182.0,242.0,185.0,209.5,251.5,219.5,190.0,196.0,171.0,195.0,130.0,163.5,222.0,172.0,140.0,140.0,261.0,229.0,288.0,451.0,335.0,251.0,
00000000000000000082_0,303.0,348.5,281.0,287.0,264.0,319.5,298.0,272.5,265.0,257.5,286.5,262.0,307.0,262.0,248.0,327.5,279.0,253.0,262.0,240.0,219.0,202.0,202.0,276.5,233.0,198.0,197.0,260.0,245.0,320.0,451.0,382.5,280.0,
00000000000000000083_0,292.0,298.5,268.0,303.5,282.5,291.5,254.0,269.0,241.5,231.5,226.5,231.5,305.0,236.0,236.5,270.0,243.0,214.0,231.0,222.0,228.0,213.5,178.0,305.0,220.0,199.0,168.0,256.0,289.0,318.5,957.0,341.5,300.5,
00000000000000000084_0,324.0,309.0,293.0,331.5,278.0,290.5,300.0,286.0,296.0,263.0,293.0,266.5,304.0,252.5,279.0,311.0,275.0,258.0,256.5,261.0,247.0,200.0,239.0,305.0,212.0,231.5,212.0,270.5,349.0,315.0,617.5,371.5,346.0,
00000000000000000085_0,276.5,309.0,292.0,343.5,258.0,291.0,336.0,280.5,275.5,255.5,280.0,341.0,288.0,285.0,276.0,308.0,306.0,242.0,249.0,249.0,229.0,172.0,228.0,313.0,191.5,223.5,192.0,311.0,351.0,376.0,682.5,450.5,326.0,
00000000000000000086_0,272.5,308.0,224.0,338.0,322.5,318.0,264.0,281.0,249.0,254.0,293.0,291.0,315.5,246.5,242.0,307.0,256.0,262.5,224.0,240.0,257.0,168.0,262.0,333.0,212.5,225.0,229.0,305.0,364.0,370.5,649.0,476.0,357.5,
00000000000000000087_0,278.0,335.0,292.0,335.0,279.0,338.0,304.0,311.5,296.5,265.5,310.0,302.0,311.5,275.0,256.0,380.0,292.0,245.0,267.0,239.5,248.0,237.5,249.5,324.5,204.5,224.0,217.0,310.0,355.0,350.0,574.5,558.0,350.0,
00000000000000000088_0,190.0,225.0,159.0,215.0,166.0,219.0,208.0,205.0,202.0,179.0,240.0,270.0,215.0,193.0,187.5,245.5,222.0,204.0,205.0,186.0,170.0,137.0,152.0,261.5,154.0,119.0,126.0,232.5,233.0,204.0,514.5,417.0,252.5,
00000000000000000089_0,328.0,295.0,291.0,302.0,246.5,270.0,288.0,259.0,265.0,265.0,322.0,266.0,283.5,225.0,251.0,340.5,261.5,249.0,237.0,240.0,208.0,195.0,187.5,275.0,221.5,188.5,170.0,292.5,293.0,318.0,608.0,454.5,323.5,
0000000000000000008a_0,125.5,189.0,102.0,223.0,159.5,239.0,213.0,159.5,161.0,168.5,203.5,159.0,155.0,165.0,137.5,229.0,192.0,123.0,145.0,155.0,156.0,34.0,104.0,238.0,140.5,98.5,101.0,150.0,260.0,168.0,580.0,335.5,237.0,
0000000000000000008b_0,517.0,389.0,370.5,423.5,351.0,392.0,401.5,373.0,373.5,324.5,360.5,391.5,364.5,336.0,340.0,409.0,365.0,318.0,317.0,312.5,290.0,313.5,300.0,360.5,303.0,260.0,284.0,319.0,394.0,408.0,475.0,496.0,359.5,
0000000000000000008c_0,276.5,305.5,289.0,313.0,285.0,297.0,288.0,282.0,243.0,267.0,283.5,295.5,301.5,267.5,235.5,323.0,271.0,251.5,253.0,250.0,231.0,313.0,229.5,318.0,207.5,186.0,178.0,280.5,343.0,318.5,424.0,454.0,345.5,
0000000000000000008d_0,370.0,297.5,317.0,379.0,283.0,336.5,323.5,286.0,298.5,262.5,290.0,302.0,298.5,268.0,261.0,335.0,301.5,288.0,272.0,266.5,250.0,234.0,219.0,308.0,239.0,227.5,212.0,345.5,346.0,368.0,483.0,397.0,295.0,
0000000000000000008e_0,447.0,390.0,334.5,360.0,320.5,331.5,360.0,299.5,327.0,287.0,313.5,303.0,317.0,276.0,306.0,394.0,319.0,313.0,325.0,300.5,273.0,248.0,250.0,335.0,265.0,270.5,246.5,304.0,345.0,358.0,527.5,369.5,343.0,
0000000000000000008f_0,355.0,335.0,249.0,293.0,270.0,291.5,361.0,308.0,273.5,254.0,356.5,314.0,303.5,258.0,248.5,292.5,295.5,255.0,258.0,238.0,251.5,231.0,199.0,337.0,217.0,193.0,202.5,286.5,349.0,340.5,484.0,416.5,315.0,
00000000000000000090_0,260.0,265.0,202.5,268.0,174.5,259.5,242.5,222.5,202.0,211.0,258.0,241.0,270.5,181.0,185.5,258.0,235.0,208.5,198.5,203.0,208.5,100.0,185.0,268.0,196.0,144.0,173.0,215.0,288.0,301.0,447.0,392.5,273.0,
00000000000000000091_0,306.0,279.0,260.0,294.0,254.5,295.0,323.0,271.5,250.5,238.0,249.0,276.0,256.0,223.0,241.0,282.0,252.0,245.0,264.5,237.0,269.0,207.0,211.0,235.0,233.5,217.0,204.0,185.0,263.0,266.5,445.0,373.0,282.5,
00000000000000000092_0,254.0,281.5,201.5,285.0,232.0,237.0,293.0,237.0,224.0,209.0,257.5,215.5,253.0,204.5,196.0,299.0,250.0,222.0,210.0,231.0,193.0,186.0,175.0,249.0,185.5,179.0,162.5,279.0,263.0,252.0,389.0,351.0,277.5,
00000000000000000093_0,373.0,388.5,336.0,379.5,312.0,350.5,358.5,320.0,345.0,300.5,330.0,302.0,353.0,285.0,286.0,336.0,306.0,300.0,296.0,270.0,275.0,240.0,218.0,336.0,253.0,229.0,226.0,326.0,391.0,393.0,567.5,418.0,384.0,
00000000000000000094_0,297.0,339.5,283.5,301.0,230.5,293.5,274.0,263.0,242.0,228.0,277.0,270.5,309.0,230.0,231.0,267.0,233.0,240.5,229.0,249.0,207.0,158.5,195.0,291.0,187.0,196.0,195.5,276.0,333.0,328.0,480.0,468.0,324.0,
00000000000000000095_0,214.0,362.0,197.0,284.0,239.0,286.5,243.0,264.0,242.0,220.5,320.5,245.0,277.0,219.5,184.0,275.0,233.0,195.0,235.0,257.0,210.0,174.0,215.0,292.0,213.5,209.5,220.0,223.0,340.0,346.5,448.0,397.0,314.0,
00000000000000000096_0,192.5,301.0,186.5,286.5,197.5,184.0,264.5,225.5,199.0,190.0,213.5,285.0,259.5,195.0,149.5,226.0,244.5,167.0,177.0,157.0,158.5,174.5,200.0,288.5,180.0,185.5,149.0,188.0,268.0,299.5,542.0,463.5,290.0,
00000000000000000097_0,350.0,389.5,276.0,342.0,282.5,323.0,290.0,279.0,289.0,288.0,278.0,351.5,327.0,314.0,276.0,319.0,318.0,266.5,260.0,241.0,259.0,248.0,247.5,327.5,217.0,215.0,226.0,334.0,398.0,314.0,646.0,505.5,349.0,
00000000000000000098_0,313.0,309.0,336.0,313.0,265.0,332.0,305.0,308.5,269.0,269.0,279.5,286.0,309.0,275.5,244.0,333.0,301.0,234.0,244.5,282.0,286.0,246.0,249.0,322.5,233.0,244.0,248.5,296.0,304.0,363.0,433.0,399.0,340.0,
00000000000000000099_0,103.0,181.0,157.0,162.0,161.0,147.5,168.0,140.0,145.0,153.0,199.0,154.0,175.0,135.0,95.0,197.0,142.0,175.0,154.0,110.0,161.0,58.0,183.0,221.0,104.0,129.0,110.0,124.0,212.0,240.5,386.0,188.5,227.0,
0000000000000000009a_0,231.0,286.0,225.0,256.0,243.0,200.0,282.5,211.0,217.0,210.0,248.5,182.0,244.0,207.0,167.0,200.5,237.0,210.0,222.5,264.0,193.0,157.0,235.5,292.5,171.0,199.0,211.0,279.0,308.0,347.0,451.0,266.0,290.5,
0000000000000000009c_0,182.0,250.0,230.0,270.0,255.5,198.0,310.0,239.5,192.0,286.0,258.0,306.0,249.5,224.0,193.0,240.5,282.0,204.0,247.0,211.0,240.0,172.0,227.0,258.0,179.0,227.0,235.0,227.5,312.0,304.0,418.0,649.0,318.5,
0000000000000000009d_0,261.0,276.0,221.0,244.5,228.0,281.0,247.0,226.0,197.5,211.0,246.0,209.0,248.0,214.0,206.0,211.0,240.0,196.0,221.5,199.0,209.0,159.0,186.0,228.0,158.5,191.5,197.0,261.5,257.0,315.0,419.0,557.0,286.5,
0000000000000000009e_0,156.0,227.0,117.0,157.0,110.0,140.0,147.0,166.0,87.0,141.0,147.5,148.0,150.0,111.5,106.0,160.0,117.0,124.0,135.5,119.5,140.0,82.0,134.0,198.0,51.0,106.0,85.0,140.5,178.5,310.0,325.5,241.5,210.0,
0000000000000000009f_0,182.0,257.0,199.0,246.0,162.0,194.0,217.0,221.0,192.0,214.5,200.0,164.0,225.5,209.0,174.0,233.5,295.5,194.5,221.0,205.0,215.5,162.0,213.0,248.0,141.0,155.0,190.0,214.0,259.0,368.0,404.0,347.0,310.0,
000000000000000000a0_0,217.0,270.0,199.0,237.0,231.0,201.0,238.5,232.0,228.0,228.0,258.0,235.0,239.0,223.5,208.0,208.0,196.0,202.0,206.5,224.0,210.0,181.0,210.0,240.0,166.5,210.0,201.5,230.0,293.0,316.0,454.0,386.0,295.0,
000000000000000000a1_0,154.0,246.0,155.0,199.0,199.0,201.0,212.0,207.0,188.0,171.0,212.0,247.5,203.5,181.0,161.5,171.0,186.0,187.0,199.5,199.5,171.0,122.5,150.0,226.0,128.0,148.0,168.0,182.0,228.0,288.5,908.0,265.5,252.5,
000000000000000000a2_0,230.0,325.0,209.0,263.0,295.0,243.0,244.5,241.0,243.0,195.0,253.0,206.0,265.0,215.5,203.0,269.5,262.0,230.0,238.0,201.0,208.5,286.0,204.0,297.0,188.5,199.5,218.5,255.5,262.0,308.5,419.0,267.5,293.5,
000000000000000000a3_0,103.0,152.0,116.0,138.0,130.0,147.0,158.0,153.0,153.0,139.0,154.0,128.0,116.0,151.0,101.0,189.0,240.0,147.0,183.0,111.0,148.0,82.0,147.0,184.0,133.5,136.0,154.0,123.0,175.0,268.5,311.5,162.5,213.0,
000000000000000000a4_0,252.0,322.5,265.0,327.0,290.0,346.0,322.0,282.0,241.0,256.0,302.0,330.0,306.0,278.0,257.5,304.0,260.0,269.0,274.0,274.0,221.0,197.5,233.0,307.5,204.0,216.0,219.0,302.5,322.0,287.0,453.0,451.0,313.0,
000000000000000000a5_0,368.5,343.0,295.0,379.0,274.0,340.0,323.0,314.0,298.0,263.5,343.0,259.0,325.5,277.5,288.0,363.0,319.5,313.0,303.0,299.5,267.0,257.5,259.0,308.0,247.0,264.5,264.0,386.0,353.0,359.5,552.0,416.0,324.0,
000000000000000000a6_0,182.0,262.0,211.0,227.0,175.5,292.0,349.0,247.5,200.0,188.0,233.5,226.0,205.5,212.0,231.5,331.0,207.0,195.0,199.5,204.0,212.5,163.5,190.0,354.0,151.0,146.0,164.0,335.0,258.5,170.0,423.0,318.0,313.0,
000000000000000000a7_0,272.0,308.0,183.0,286.0,254.0,257.0,255.0,219.0,222.0,223.0,237.0,298.0,257.0,199.0,232.5,279.5,222.0,220.0,218.0,208.0,195.0,113.0,177.5,289.5,188.5,158.0,144.0,264.5,287.5,256.0,418.0,365.0,283.0,
000000000000000000a8_0,296.0,349.5,246.0,294.0,256.0,278.0,293.0,264.0,266.5,246.0,266.0,309.0,274.5,244.0,248.0,347.0,270.0,269.0,264.0,263.0,233.0,203.0,211.5,302.5,248.0,222.0,203.5,276.0,308.0,290.0,452.0,425.0,292.0,
000000000000000000a9_0,195.5,287.5,202.0,282.0,253.0,238.0,263.0,217.0,189.0,228.0,215.0,198.0,225.0,174.0,168.5,241.0,226.0,193.0,185.5,209.0,184.5,179.0,157.0,296.0,179.0,132.0,129.0,181.0,283.0,254.0,372.0,396.0,276.5,
000000000000000000aa_0,278.0,380.0,315.0,351.0,266.0,316.0,292.0,296.0,268.0,279.0,273.0,281.0,301.0,283.0,260.5,326.0,287.0,286.0,276.0,248.0,249.0,221.0,235.0,341.0,238.5,226.5,202.0,266.0,353.0,419.0,455.0,483.5,325.0,
000000000000000000ab_0,255.0,266.5,239.0,292.5,238.5,287.0,262.5,216.0,250.0,229.0,250.0,218.5,253.0,210.0,214.0,279.5,235.0,241.0,229.5,225.5,236.0,150.0,192.0,302.5,216.0,183.0,163.0,243.0,286.0,304.5,404.0,394.0,301.5,
000000000000000000ac_0,280.0,346.0,290.0,320.0,245.5,293.0,289.0,281.5,247.0,274.0,282.5,262.0,304.0,259.0,241.0,340.0,302.0,247.0,232.5,268.0,240.0,206.0,228.0,308.0,249.0,226.0,230.5,270.0,349.0,293.5,459.5,392.5,325.0,
000000000000000000ad_0,231.0,331.0,204.0,292.0,247.0,283.0,282.5,253.0,222.0,235.0,251.0,210.5,302.5,212.0,209.0,254.0,246.0,236.0,218.0,251.5,211.0,140.0,190.0,265.0,202.0,182.5,170.0,263.0,312.0,308.5,428.5,341.0,280.0,
000000000000000000ae_0,260.0,331.0,251.0,324.0,264.0,285.0,259.0,263.0,223.0,218.0,225.0,223.5,299.0,245.5,224.5,259.0,266.0,238.0,224.0,239.0,237.5,157.0,188.5,280.5,211.0,203.0,178.0,271.0,334.0,316.0,521.0,320.0,323.0,
000000000000000000af_0,356.0,336.5,292.0,329.5,271.0,330.0,357.5,281.0,280.5,267.5,273.0,263.0,300.0,263.0,272.0,303.0,280.0,292.0,290.0,283.0,298.0,236.0,251.0,315.0,261.0,259.5,239.0,277.0,340.0,327.0,437.5,347.0,350.0,
000000000000000000b0_0,261.0,265.0,205.0,245.0,206.5,274.0,260.0,221.5,211.0,234.0,209.0,248.0,247.0,193.0,200.0,224.5,243.5,239.0,205.0,230.0,233.0,135.0,173.0,259.0,180.0,161.0,155.0,229.0,308.0,318.0,351.5,321.0,257.0,
000000000000000000b1_0,320.0,270.5,235.0,269.0,227.0,243.0,250.0,227.0,208.5,230.0,217.0,214.5,268.0,186.5,202.0,238.0,221.0,223.0,229.0,215.5,209.5,145.5,158.0,250.0,187.5,171.0,161.5,223.0,267.5,193.0,358.0,324.0,252.5,
000000000000000000b2_0,472.5,374.0,294.5,354.0,324.0,348.0,315.5,319.0,296.0,308.0,312.0,275.0,396.0,301.0,296.5,355.5,307.0,306.0,274.5,284.0,271.5,228.0,230.0,356.0,246.0,226.5,205.0,341.0,347.5,385.0,455.0,392.0,367.5,
000000000000000000b3_0,316.0,285.5,247.0,283.0,227.5,303.5,277.0,249.0,244.0,249.0,272.0,233.0,298.0,247.0,251.5,296.5,259.0,249.5,234.5,253.5,226.0,192.5,190.0,250.0,215.0,209.0,189.0,244.5,267.0,297.5,347.5,319.5,296.5,
000000000000000000b4_0,398.5,350.5,292.5,328.0,281.0,333.5,322.0,269.0,256.5,269.0,258.0,264.0,363.0,266.0,250.5,271.0,280.0,260.0,253.0,269.5,249.0,165.5,207.0,315.0,216.0,198.0,188.0,328.0,373.0,392.0,421.5,382.0,296.5,
000000000000000000b5_0,329.0,918.0,318.0,339.0,278.0,321.5,296.0,296.0,275.0,268.0,277.0,247.0,412.5,276.0,252.5,295.0,247.5,271.5,228.0,282.0,218.0,214.5,215.0,363.0,236.0,230.5,201.0,336.0,363.0,329.5,488.0,401.0,339.0,
000000000000000000b6_0,366.0,349.0,315.0,348.0,293.5,331.0,304.0,293.0,283.0,289.5,268.5,273.0,309.0,249.0,262.5,302.5,271.5,286.0,254.0,275.5,255.0,231.0,228.5,326.0,218.0,234.0,225.5,295.0,345.5,327.5,452.5,403.0,296.0,
000000000000000000b7_0,799.0,406.0,312.0,324.0,279.0,321.0,313.0,278.5,268.0,253.0,236.0,243.0,368.5,266.0,255.5,274.0,266.0,260.0,275.0,279.0,254.0,229.0,220.5,315.0,235.0,218.0,221.0,304.0,313.0,329.5,460.0,355.0,340.5,
000000000000000000b8_0,298.0,302.0,239.0,297.0,240.0,304.0,264.0,248.0,251.0,246.0,258.0,250.0,294.5,207.5,234.0,257.0,241.0,235.5,221.0,232.0,213.0,164.0,188.0,279.0,188.0,187.0,175.0,260.0,323.0,263.0,397.0,363.0,298.5,
000000000000000000b9_0,420.0,390.0,337.0,356.0,311.5,362.5,340.5,324.0,301.5,302.0,333.0,330.0,343.0,300.0,326.0,306.0,315.0,348.5,301.0,314.5,288.0,271.0,274.5,348.0,265.0,273.0,273.0,329.0,358.5,382.0,448.0,378.0,358.0,
000000000000000000ba_0,287.0,255.0,216.0,251.5,227.0,239.0,219.0,186.0,205.0,214.0,208.0,214.0,254.0,185.0,208.0,222.0,218.0,215.0,200.0,193.0,174.0,153.0,145.5,248.5,166.0,173.0,166.0,223.0,327.5,256.0,400.0,285.5,261.0,
000000000000000000bb_0,311.5,322.0,238.0,268.0,245.0,287.5,268.5,248.0,234.5,247.0,245.0,238.0,314.5,247.0,239.0,257.5,251.5,243.0,236.0,242.5,197.5,182.0,184.0,293.0,200.0,194.0,177.0,248.0,326.0,340.0,411.0,333.0,302.0,
000000000000000000bc_0,285.0,229.5,165.0,220.0,181.0,210.0,202.0,193.0,168.0,202.5,177.5,192.5,258.5,187.0,172.0,193.0,202.0,189.5,197.0,176.0,185.0,140.0,138.5,233.0,157.0,121.5,119.0,194.0,279.5,263.0,344.0,272.0,269.0,
000000000000000000bd_0,318.0,296.0,297.0,312.0,280.5,323.0,309.5,283.5,286.0,271.0,293.5,258.0,348.0,263.0,266.0,275.0,270.0,273.5,257.5,274.5,242.0,232.5,214.5,315.5,231.5,226.0,209.0,276.5,328.5,336.0,446.0,367.0,302.0,
000000000000000000be_0,379.0,395.0,354.0,386.5,375.0,335.0,319.0,306.5,320.0,310.0,316.0,306.5,419.0,282.0,272.5,272.0,265.0,283.0,258.5,261.0,232.0,196.0,195.0,404.0,222.0,203.0,188.5,380.0,463.0,511.0,542.5,459.0,434.5,
000000000000000000bf_0,327.5,277.0,212.0,282.0,229.0,288.0,255.0,234.0,214.5,216.5,244.0,215.0,270.0,222.5,209.0,222.0,262.0,207.0,206.0,198.0,173.0,142.5,177.0,257.5,174.0,163.0,148.5,241.0,326.0,322.0,395.0,300.0,270.0,
000000000000000000c0_0,310.0,341.0,294.0,304.0,281.5,321.5,306.0,263.0,258.0,282.0,296.0,274.0,339.0,265.0,266.5,265.0,297.0,282.0,244.5,271.0,219.0,208.0,221.0,301.5,222.0,222.0,212.0,280.0,333.5,326.0,380.0,331.0,317.0,
000000000000000000c1_0,281.0,291.5,252.0,284.0,233.5,304.5,255.0,240.5,232.5,237.0,256.0,231.5,312.0,200.5,238.0,232.0,258.0,214.0,219.0,219.5,186.0,134.0,188.0,281.0,190.0,176.0,184.0,250.0,323.0,310.5,369.5,331.0,294.0,
000000000000000000c2_0,199.0,241.5,162.0,229.0,172.0,228.0,218.0,203.5,179.5,178.0,202.5,173.0,265.0,162.0,171.0,195.0,232.0,190.0,170.0,161.5,156.0,105.5,150.0,250.0,148.5,119.0,145.0,155.5,279.5,251.5,361.5,291.0,228.0,
000000000000000000c3_0,284.5,340.0,268.5,293.5,234.0,297.0,264.0,243.5,247.0,237.5,247.5,236.0,305.5,215.5,223.0,226.0,282.0,231.0,227.0,233.0,214.0,144.0,173.0,308.5,196.5,187.0,181.5,240.0,355.0,296.0,400.0,341.5,311.5,
000000000000000000c4_0,295.0,323.5,256.0,290.0,287.0,283.0,307.5,264.0,267.0,288.0,271.5,250.0,300.0,216.0,241.0,275.0,261.0,248.0,247.0,230.0,264.5,226.5,225.0,314.0,206.0,191.0,201.0,259.0,382.0,336.0,431.0,360.0,305.0,
000000000000000000c5_0,333.0,317.0,294.0,296.5,287.0,322.0,288.5,264.0,247.0,271.0,266.0,269.5,336.0,252.0,250.0,270.5,257.0,261.5,266.5,238.5,229.0,203.0,207.0,284.0,205.0,216.0,197.0,282.0,330.0,351.5,437.5,333.0,317.0,
000000000000000000c6_0,282.0,276.5,239.0,245.0,228.5,251.0,257.0,234.5,206.0,237.5,226.0,231.5,245.5,227.0,211.0,233.5,239.0,225.0,205.0,234.0,175.0,174.5,173.0,267.0,184.0,179.5,167.0,198.0,290.0,276.0,357.5,328.0,273.0,
000000000000000000c7_0,235.0,232.0,218.0,238.5,192.5,246.0,236.5,209.0,202.0,228.0,217.0,198.0,231.5,183.0,203.0,209.0,239.0,210.5,203.0,199.0,202.0,174.0,162.0,252.0,173.0,163.0,156.5,176.0,264.0,300.0,384.0,300.0,244.5,
000000000000000000c8_0,282.0,240.0,218.0,222.0,185.0,243.0,222.0,211.0,208.0,204.0,207.0,224.5,245.0,184.0,210.0,216.5,217.5,215.0,203.0,212.0,183.0,165.5,163.0,234.0,173.0,179.0,169.5,202.5,233.0,264.0,411.0,276.0,244.5,
000000000000000000c9_0,199.5,167.5,120.0,173.0,166.0,185.5,171.0,157.5,164.0,170.0,177.0,173.0,251.0,141.0,137.0,182.0,181.0,169.0,159.0,175.0,130.0,130.0,148.0,227.5,132.5,100.5,124.0,141.5,277.0,283.0,369.0,302.0,236.0,
000000000000000000ca_0,287.0,289.0,222.0,245.0,227.0,236.5,229.0,230.0,238.5,210.0,247.0,243.0,334.0,238.0,201.0,258.5,246.0,236.0,241.5,232.0,225.0,127.0,196.0,279.5,195.0,153.0,175.0,233.0,357.0,341.0,442.0,341.0,325.0,
000000000000000000cb_0,306.0,296.5,269.0,291.0,259.0,288.5,271.0,253.5,248.0,255.0,251.0,236.0,299.0,219.0,224.5,242.0,248.0,249.5,241.0,223.5,242.0,184.5,199.5,317.0,196.0,184.5,181.5,232.0,349.0,344.0,404.0,353.0,312.5,
000000000000000000cc_0,327.5,303.0,251.0,290.5,283.0,305.0,280.0,263.0,247.0,230.5,231.0,248.0,305.0,220.0,224.0,239.0,241.0,246.5,249.0,234.0,209.0,176.0,207.0,280.0,203.5,203.0,191.0,265.0,317.0,315.0,383.0,350.0,318.0,
000000000000000000cd_0,346.0,334.5,351.0,334.0,284.0,320.0,319.0,276.0,295.0,270.5,299.5,303.0,400.0,291.0,300.0,298.0,284.0,290.5,276.0,273.0,254.5,216.0,224.5,306.0,224.0,225.0,214.0,342.0,346.0,348.0,430.0,340.0,332.5,
000000000000000000ce_0,234.0,290.0,167.0,248.0,216.5,199.0,209.0,217.0,213.0,205.0,201.0,212.5,242.0,182.0,180.0,206.0,223.0,187.0,199.5,178.0,203.0,143.5,157.0,236.0,172.0,149.5,143.0,196.0,257.0,273.0,359.5,294.5,263.0,
000000000000000000cf_0,259.5,274.5,274.0,283.5,236.0,262.0,259.0,254.0,225.66666666666666,241.0,254.0,234.0,304.0,238.0,217.0,244.0,237.0,232.5,223.5,220.5,198.5,210.0,185.5,284.0,202.5,182.0,180.5,241.5,301.0,290.5,380.0,319.5,301.0,
000000000000000000d0_0,282.0,328.0,253.0,293.0,238.0,248.0,257.0,231.0,224.0,208.0,209.0,215.0,281.0,191.0,219.0,228.0,238.0,236.0,207.5,197.0,199.0,175.0,186.0,281.0,208.0,174.0,175.0,231.0,325.0,318.5,399.0,323.0,284.0,
000000000000000000d1_0,236.0,277.5,254.0,271.0,232.5,240.0,252.0,229.0,214.0,224.0,212.5,235.0,261.5,190.5,205.0,231.5,265.5,224.5,229.0,198.0,224.5,170.0,191.0,287.0,198.0,192.0,186.5,260.5,299.5,267.0,470.0,327.0,283.5,
000000000000000000d2_0,235.0,253.0,216.5,266.0,221.5,241.0,218.0,213.5,206.5,203.0,186.5,197.0,252.5,189.5,185.0,217.0,224.0,207.5,197.0,204.0,186.0,130.0,162.0,282.0,176.5,154.5,146.0,211.0,266.0,248.5,525.0,283.0,296.5,
000000000000000000d3_0,187.0,223.5,127.5,216.0,165.0,145.0,184.0,180.0,177.0,154.5,173.0,166.5,225.0,169.5,149.5,196.0,146.0,178.0,174.5,177.0,133.0,70.0,146.0,252.0,156.0,127.0,111.0,157.0,264.0,196.0,384.0,296.0,248.0,
000000000000000000d4_0,354.0,338.5,299.0,304.0,281.0,308.0,289.0,272.0,259.5,242.0,261.5,271.0,320.0,260.0,257.5,262.5,295.0,270.0,246.5,247.5,207.5,193.5,203.0,322.0,203.5,198.0,193.0,310.0,315.0,305.0,429.0,351.0,326.0,
000000000000000000d5_0,245.5,250.0,183.0,271.5,199.5,237.0,254.0,219.0,215.0,215.0,197.0,224.5,231.5,179.5,209.5,247.0,226.5,222.5,208.5,227.0,191.0,121.0,170.0,281.0,200.0,144.0,154.0,247.0,308.0,279.5,416.0,387.0,250.0,
000000000000000000d6_0,333.0,333.5,323.5,324.0,263.0,346.0,300.0,308.5,278.5,270.5,256.5,265.5,303.0,263.0,278.5,278.5,268.0,296.0,266.5,267.0,244.5,207.5,214.0,307.0,219.0,213.0,205.0,274.0,298.0,288.0,438.0,389.0,322.0,
000000000000000000d7_0,247.0,251.0,161.5,269.0,184.0,234.5,209.0,212.0,193.5,202.0,201.0,164.0,238.0,187.0,189.0,212.0,223.0,190.0,175.0,192.0,165.0,120.5,145.0,252.0,160.0,131.0,139.0,239.0,289.0,268.0,401.0,317.5,265.0,
000000000000000000d8_0,364.0,308.5,307.0,310.0,265.0,320.5,288.0,272.0,257.0,242.5,262.0,282.0,346.0,281.0,279.0,305.5,272.0,291.0,267.0,279.0,271.5,212.0,218.5,318.0,213.0,208.0,187.5,277.0,345.5,323.0,436.0,351.5,294.0,
000000000000000000d9_0,375.5,346.0,303.0,372.5,275.5,333.0,333.5,276.5,278.0,298.0,258.0,260.0,358.0,279.5,252.0,302.0,258.5,260.0,248.0,238.5,230.0,203.5,204.0,338.5,230.5,220.0,206.5,290.5,337.5,320.0,488.0,354.0,318.0,
000000000000000000da_0,394.5,346.0,375.0,384.5,298.0,351.0,349.5,311.0,327.0,307.5,314.0,316.0,346.0,313.5,335.0,354.0,302.0,345.5,323.5,314.0,334.0,269.0,264.0,378.0,283.5,265.0,241.0,306.5,367.5,363.0,490.0,397.0,343.0,
000000000000000000db_0,303.0,359.0,304.0,352.0,311.0,334.5,336.5,308.0,287.0,355.5,360.0,259.0,305.5,244.0,233.0,254.0,243.0,262.0,227.5,240.0,235.5,200.0,199.0,331.0,214.5,191.0,181.0,285.5,342.0,358.5,552.0,457.0,343.5,
000000000000000000dc_0,198.5,218.5,177.0,249.0,210.0,233.5,214.0,198.0,205.0,252.0,233.0,192.0,241.0,198.0,189.0,194.0,204.0,185.0,171.0,189.0,217.0,145.5,152.0,209.0,171.5,153.0,150.0,215.5,245.0,223.0,518.0,342.0,262.5,
000000000000000000dd_0,309.5,315.0,299.0,370.0,310.0,338.0,334.0,338.5,319.5,354.5,416.0,312.0,318.0,277.0,263.0,268.5,268.0,255.0,259.0,255.0,245.0,211.0,219.5,288.0,249.0,237.0,231.5,270.0,361.5,342.0,590.0,493.0,328.0,
000000000000000000de_0,297.0,282.5,243.0,310.0,276.0,315.5,286.0,238.0,234.0,243.0,257.0,220.0,302.0,228.0,224.0,258.0,248.0,232.0,255.0,245.0,218.0,191.0,207.5,286.0,205.5,204.0,207.5,288.0,291.5,343.0,561.5,343.0,278.0,
000000000000000000df_0,166.5,226.0,144.0,207.0,176.5,284.0,196.5,201.0,162.5,202.0,199.0,202.5,188.5,151.0,154.5,176.5,211.0,164.0,171.5,155.0,179.0,142.0,157.5,239.5,135.0,114.0,128.5,142.5,263.5,185.5,461.5,355.0,177.0,
000000000000000000e0_0,240.0,304.0,253.0,311.0,248.0,323.0,256.0,237.0,214.0,274.5,258.0,229.0,276.0,218.0,227.0,253.0,281.0,235.5,246.0,243.0,201.0,212.0,205.0,337.5,210.0,186.0,192.5,250.5,352.0,293.0,467.0,367.0,292.5,
000000000000000000e1_0,267.0,363.5,227.0,315.0,255.0,304.5,278.0,254.0,268.0,275.5,271.0,249.0,298.0,269.0,243.0,289.5,275.0,256.0,259.0,255.0,267.0,237.0,228.0,319.5,226.0,187.0,210.0,273.0,342.0,287.0,402.0,364.0,241.5,
000000000000000000e2_0,335.5,365.5,286.0,337.5,308.0,326.0,284.5,284.0,286.5,275.5,272.0,282.5,333.0,264.0,240.0,276.0,272.5,279.0,257.5,269.0,252.0,223.5,220.5,357.0,225.5,221.0,207.5,312.0,346.0,319.0,452.5,392.5,330.5,
000000000000000000e3_0,318.0,317.0,286.0,332.0,275.0,328.0,279.0,273.5,273.0,240.0,272.0,260.0,310.0,238.0,258.5,299.0,292.0,278.0,266.0,256.0,253.0,215.0,213.0,317.0,243.0,214.5,215.0,258.0,318.0,341.0,431.0,367.5,289.0,
000000000000000000e4_0,254.0,305.0,234.0,292.0,263.5,320.0,255.0,278.0,234.0,244.5,213.5,237.0,285.0,231.0,221.0,266.5,280.0,235.0,235.0,215.0,207.0,171.5,195.5,303.0,212.0,188.0,172.0,279.0,319.0,290.0,429.0,354.5,295.0,
000000000000000000e5_0,216.0,220.0,137.5,193.0,157.0,221.0,201.0,198.5,175.5,168.5,156.0,182.5,202.5,188.0,160.0,196.0,202.0,169.0,176.0,186.5,151.0,145.0,126.0,190.0,142.0,129.0,127.0,199.0,209.5,172.5,294.0,280.5,162.0,
000000000000000000e6_0,279.0,302.5,276.5,318.0,283.5,321.0,279.0,283.5,249.5,253.5,258.0,272.0,294.0,248.0,237.0,279.0,295.0,244.5,242.0,251.0,226.0,197.5,204.0,279.5,215.0,191.0,219.0,272.0,341.5,366.0,485.0,335.0,262.5,
000000000000000000e7_0,361.0,331.0,303.0,312.5,275.0,320.5,263.5,295.0,269.5,259.0,267.0,274.0,308.5,250.0,244.0,302.0,280.0,252.0,254.0,267.0,246.5,219.0,204.0,313.0,207.0,200.0,207.0,277.0,340.5,336.0,422.0,373.0,296.0,
000000000000000000e8_0,256.0,236.0,186.0,239.5,170.5,238.0,243.0,212.0,194.0,189.0,199.0,191.0,235.0,189.5,181.0,231.5,218.5,206.0,204.0,226.0,176.0,134.0,151.5,251.5,179.5,144.0,161.0,205.0,266.0,262.0,369.0,327.5,242.0,
000000000000000000e9_0,396.0,355.0,328.5,356.0,316.0,356.0,340.0,318.5,316.0,301.0,302.5,320.0,397.5,275.0,295.0,335.0,349.0,317.0,322.0,329.0,304.0,238.0,260.5,364.5,247.0,244.5,236.0,336.0,377.0,367.0,479.0,400.0,352.0,
000000000000000000ea_0,414.0,391.0,327.0,383.5,346.0,355.0,355.0,337.0,315.0,331.5,333.5,306.0,424.0,279.0,289.0,334.5,331.0,299.0,295.0,294.0,273.0,219.0,248.0,383.5,250.5,235.5,228.0,361.0,377.0,422.5,480.0,399.0,357.5,
000000000000000000eb_0,235.0,260.0,132.0,273.0,182.0,241.0,215.0,224.0,181.0,192.0,201.5,190.5,273.5,209.5,179.5,231.0,209.0,208.0,200.0,215.0,196.0,93.5,164.5,279.0,174.5,155.0,144.0,217.0,275.5,326.0,345.0,323.0,245.0,
000000000000000000ec_0,419.0,320.5,327.0,344.5,260.0,325.5,283.0,285.0,285.0,270.5,269.0,266.0,392.5,317.0,263.5,308.0,286.5,283.0,265.0,265.0,263.0,194.5,208.0,389.0,244.0,224.0,203.0,286.0,386.0,347.0,483.0,341.0,341.0,
000000000000000000ed_0,316.0,238.0,193.0,210.0,222.0,243.0,233.5,214.5,222.0,209.0,206.0,250.0,249.0,209.0,199.0,246.0,231.5,205.5,200.5,196.0,212.5,128.0,138.5,267.5,163.0,149.0,141.5,256.0,267.5,246.0,345.0,296.5,247.0,
000000000000000000ee_0,329.0,293.0,238.0,294.0,232.0,289.0,270.0,277.0,277.5,233.0,271.0,257.0,318.5,244.0,238.0,268.0,224.0,235.0,242.0,238.0,235.0,192.0,203.0,278.0,203.0,204.5,186.0,265.5,307.0,335.0,439.5,299.0,313.0,
000000000000000000ef_0,282.5,226.0,214.0,272.0,212.0,270.0,237.0,264.0,206.0,202.0,206.0,234.0,270.0,220.0,226.0,216.0,232.0,250.0,218.0,242.0,194.0,173.0,192.0,279.0,181.0,187.5,165.5,241.0,255.0,245.0,380.5,310.0,267.0,
000000000000000000f0_0,328.5,286.5,266.0,295.0,260.0,341.0,280.5,264.5,258.0,251.0,245.0,253.0,299.0,241.0,247.0,257.0,252.0,247.0,235.0,263.0,249.5,205.0,213.0,311.0,215.0,209.5,205.0,272.0,304.5,278.0,428.0,351.0,282.5,
000000000000000000f1_0,295.5,264.0,240.0,268.5,266.0,293.0,275.0,275.0,253.0,232.0,208.0,228.0,296.0,258.0,256.0,266.0,243.0,241.0,230.0,239.0,255.5,181.0,183.5,246.5,180.0,201.0,174.5,228.0,210.5,284.5,417.0,314.5,294.0,
000000000000000000f2_0,281.0,267.0,272.0,293.0,247.0,314.5,260.0,263.5,245.0,230.0,242.5,219.5,280.0,239.0,229.0,256.5,226.5,244.0,232.0,240.0,222.0,190.0,203.0,268.0,196.0,190.0,183.0,257.0,293.5,259.0,394.5,337.0,275.0,
000000000000000000f3_0,256.0,264.5,234.0,282.0,226.0,284.0,259.0,227.0,219.0,235.0,216.0,228.0,291.5,231.5,223.5,249.5,247.5,245.5,225.0,240.0,195.0,173.5,206.0,267.0,200.0,211.0,196.0,249.0,291.0,279.0,392.0,346.0,293.5,
000000000000000000f4_0,295.5,264.0,234.0,290.0,231.0,296.0,264.0,247.5,230.0,205.0,228.5,235.0,284.0,234.0,234.0,269.0,253.0,242.0,212.5,236.5,193.0,159.0,191.5,273.5,196.5,191.0,180.0,237.5,301.5,293.5,427.0,345.0,277.0,
000000000000000000f5_0,338.0,354.5,308.0,328.0,307.0,341.0,314.0,300.0,311.0,285.0,280.0,278.0,364.0,278.0,278.0,312.0,261.0,283.5,275.0,288.0,273.0,223.0,242.0,362.5,250.0,252.0,241.0,313.5,318.5,319.0,428.0,338.0,325.0,
000000000000000000f6_0,282.0,338.5,252.0,276.5,561.0,302.0,280.0,264.0,272.0,269.0,302.5,268.0,263.0,271.0,242.0,275.5,275.0,220.0,265.5,278.5,243.0,211.0,227.0,278.0,192.0,198.0,198.0,289.0,329.5,353.0,487.0,471.5,312.0,
000000000000000000f7_0,238.0,285.5,207.0,295.0,161.0,264.5,218.0,237.0,243.0,227.0,244.0,210.0,198.0,202.0,217.0,250.0,263.0,210.0,205.0,234.0,229.0,310.0,214.5,235.0,182.0,180.0,182.0,232.5,240.0,295.5,446.0,393.5,257.0,
000000000000000000f8_0,251.0,266.0,177.0,230.0,200.0,209.0,229.0,202.0,213.0,174.0,233.0,213.0,189.0,186.0,194.0,210.0,224.0,168.0,216.0,238.0,197.0,183.0,161.0,244.0,143.0,151.0,149.0,226.5,279.5,364.0,493.0,338.5,268.0,
000000000000000000f9_0,303.0,341.0,296.0,307.0,204.5,306.0,280.0,271.5,261.0,223.5,255.0,233.5,301.0,225.0,240.0,274.0,244.5,260.0,242.0,250.0,206.0,218.0,217.0,297.0,210.0,185.0,220.0,294.5,348.0,323.0,527.0,293.0,324.0,
000000000000000000fa_0,361.0,371.0,336.0,341.0,271.0,366.0,299.0,316.0,286.0,273.5,376.0,273.0,308.0,294.5,284.5,366.0,350.0,295.0,286.0,278.0,295.5,251.0,238.0,305.0,240.5,213.0,253.0,298.0,307.0,317.0,691.5,497.0,335.5,
000000000000000000fb_0,359.0,376.0,287.5,347.0,280.0,313.0,297.0,314.0,282.0,287.0,411.0,449.5,370.5,269.0,289.0,297.0,343.0,285.5,271.5,296.0,240.0,241.0,237.0,292.0,230.0,217.0,238.0,293.0,373.0,365.0,592.0,620.5,332.0,
000000000000000000fc_0,253.0,343.0,278.0,317.0,280.0,324.0,275.0,297.0,319.0,296.0,293.0,261.5,362.5,277.0,265.0,295.0,308.0,252.5,266.0,278.5,242.5,121.0,209.5,418.0,201.0,193.5,210.5,310.0,403.0,357.5,552.5,392.5,319.0,
000000000000000000fd_0,334.0,382.0,284.0,349.0,272.0,317.0,286.5,309.0,296.5,358.0,325.0,275.5,326.0,275.5,250.0,325.0,332.0,274.0,277.0,303.0,253.5,264.0,246.5,322.0,245.0,218.0,321.0,306.0,346.0,351.0,597.0,707.0,305.5,
000000000000000000fe_0,273.0,362.0,269.0,290.0,249.5,281.0,271.0,306.0,316.0,263.0,266.0,264.0,289.0,264.0,204.0,288.0,295.0,233.0,230.0,250.0,258.0,193.5,223.5,287.0,196.0,179.5,230.0,236.0,286.0,323.0,544.0,504.5,299.0,
000000000000000000ff_0,261.0,332.0,289.0,311.0,277.0,308.0,268.0,320.0,357.0,315.0,270.0,343.0,262.0,280.0,263.0,332.5,325.0,273.5,246.0,256.0,311.0,257.5,222.0,303.0,237.0,207.0,229.5,261.5,317.0,332.0,513.0,502.0,328.0,
00000000000000000100_0,272.0,349.0,281.0,324.0,462.0,291.0,257.0,321.0,354.0,302.5,289.0,321.0,300.0,270.0,242.0,328.5,293.0,275.0,256.0,271.5,258.0,286.5,271.0,297.0,244.5,215.5,256.5,291.5,299.0,431.0,482.0,548.5,302.0,
